election_year,election_district_std_raw,election_block_std_raw,canonical_district_name,canonical_block_name,lgd_block_code,match_method,gp_overlap,overlap_margin,block_name_similarity,status,reviewer,reviewed_at,notes
2021,agra,achnera,Agra,Achhnera,1386,unique_gp_overlap,12,11,0.875,approved,gp-overlap-contract,2026-09-01,Top LGD block candidate within reviewed district; 12 exact normalized GP overlaps; runner-up margin 11
2021,agra,akolaa,Agra,Akola,1387,unique_gp_overlap,9,8,0.833333,approved,gp-overlap-contract,2026-09-01,Top LGD block candidate within reviewed district; 9 exact normalized GP overlaps; runner-up margin 8
2021,agra,bah,Agra,Bah,1388,exact_block_name_plus_gp_overlap,11,10,1,approved,gp-overlap-contract,2026-09-01,Top LGD block candidate within reviewed district; 11 exact normalized GP overlaps; runner-up margin 10
2021,agra,baroli ahir,Agra,Barauli Ahir,1389,unique_gp_overlap,16,16,0.833333,approved,gp-overlap-contract,2026-09-01,Top LGD block candidate within reviewed district; 16 exact normalized GP overlaps; runner-up margin 16
2021,agra,bichpuri,Agra,Bichpuri,1390,exact_block_name_plus_gp_overlap,13,12,1,approved,gp-overlap-contract,2026-09-01,Top LGD block candidate within reviewed district; 13 exact normalized GP overlaps; runner-up margin 12
2021,agra,fatehabad,Agra,Fatehabad,1392,exact_block_name_plus_gp_overlap,19,18,1,approved,gp-overlap-contract,2026-09-01,Top LGD block candidate within reviewed district; 19 exact normalized GP overlaps; runner-up margin 18
2021,agra,fatehpur seekri,Agra,Fatehpur Sikri,1393,unique_gp_overlap,24,23,0.866667,approved,gp-overlap-contract,2026-09-01,Top LGD block candidate within reviewed district; 24 exact normalized GP overlaps; runner-up margin 23
2021,agra,jagner,Agra,Jagner,1394,exact_block_name_plus_gp_overlap,5,5,1,approved,gp-overlap-contract,2026-09-01,Top LGD block candidate within reviewed district; 5 exact normalized GP overlaps; runner-up margin 5
2021,agra,jautpur kalan,Agra,Jaitpur Kalan,1395,unique_gp_overlap,8,7,0.923077,approved,gp-overlap-contract,2026-09-01,Top LGD block candidate within reviewed district; 8 exact normalized GP overlaps; runner-up margin 7
2021,agra,khandoli,Agra,Khandauli,1396,unique_gp_overlap,21,20,0.777778,approved,gp-overlap-contract,2026-09-01,Top LGD block candidate within reviewed district; 21 exact normalized GP overlaps; runner-up margin 20
2021,agra,kheragarh,Agra,Kheragarh,1397,exact_block_name_plus_gp_overlap,8,7,1,approved,gp-overlap-contract,2026-09-01,Top LGD block candidate within reviewed district; 8 exact normalized GP overlaps; runner-up margin 7
2021,agra,pinahat,Agra,Pinahat,1398,exact_block_name_plus_gp_overlap,9,9,1,approved,gp-overlap-contract,2026-09-01,Top LGD block candidate within reviewed district; 9 exact normalized GP overlaps; runner-up margin 9
2021,agra,saunya,Agra,Saiyan,1399,unique_gp_overlap,11,10,0.5,approved,gp-overlap-contract,2026-09-01,Top LGD block candidate within reviewed district; 11 exact normalized GP overlaps; runner-up margin 10
2021,agra,shamshabaad,Agra,Shamsabad,1400,unique_gp_overlap,10,9,0.818182,approved,gp-overlap-contract,2026-09-01,Top LGD block candidate within reviewed district; 10 exact normalized GP overlaps; runner-up margin 9
2021,aligarh,bijoili,Aligarh,Bijauli,1403,unique_gp_overlap,20,19,0.714286,approved,gp-overlap-contract,2026-09-01,Top LGD block candidate within reviewed district; 20 exact normalized GP overlaps; runner-up margin 19
2021,aligarh,gangeeri,Aligarh,Gangiri,1406,unique_gp_overlap,26,25,0.75,approved,gp-overlap-contract,2026-09-01,Top LGD block candidate within reviewed district; 26 exact normalized GP overlaps; runner-up margin 25
2021,aligarh,gonda,Aligarh,Gonda,1407,exact_block_name_plus_gp_overlap,19,18,1,approved,gp-overlap-contract,2026-09-01,Top LGD block candidate within reviewed district; 19 exact normalized GP overlaps; runner-up margin 18
2021,aligarh,iglas,Aligarh,Iglas,1408,exact_block_name_plus_gp_overlap,5,4,1,approved,gp-overlap-contract,2026-09-01,Top LGD block candidate within reviewed district; 5 exact normalized GP overlaps; runner-up margin 4
2021,aligarh,khair,Aligarh,Khair,1410,exact_block_name_plus_gp_overlap,28,26,1,approved,gp-overlap-contract,2026-09-01,Top LGD block candidate within reviewed district; 28 exact normalized GP overlaps; runner-up margin 26
2021,aligarh,lodha,Aligarh,Lodha,1411,exact_block_name_plus_gp_overlap,22,21,1,approved,gp-overlap-contract,2026-09-01,Top LGD block candidate within reviewed district; 22 exact normalized GP overlaps; runner-up margin 21
2021,aligarh,tappal,Aligarh,Tappal,1412,exact_block_name_plus_gp_overlap,30,28,1,approved,gp-overlap-contract,2026-09-01,Top LGD block candidate within reviewed district; 30 exact normalized GP overlaps; runner-up margin 28
2021,ambedkar nagar,akbarpur,Ambedkar Nagar,Akbarpur,1433,exact_block_name_plus_gp_overlap,62,58,1,approved,gp-overlap-contract,2026-09-01,Top LGD block candidate within reviewed district; 62 exact normalized GP overlaps; runner-up margin 58
2021,ambedkar nagar,basakhari,Ambedkar Nagar,Baskhari,1434,unique_gp_overlap,29,27,0.888889,approved,gp-overlap-contract,2026-09-01,Top LGD block candidate within reviewed district; 29 exact normalized GP overlaps; runner-up margin 27
2021,ambedkar nagar,bhiti,Ambedkar Nagar,Bhiti,1435,exact_block_name_plus_gp_overlap,43,40,1,approved,gp-overlap-contract,2026-09-01,Top LGD block candidate within reviewed district; 43 exact normalized GP overlaps; runner-up margin 40
2021,ambedkar nagar,bhiyanv,Ambedkar Nagar,Bhiyawan,1436,unique_gp_overlap,33,32,0.625,approved,gp-overlap-contract,2026-09-01,Top LGD block candidate within reviewed district; 33 exact normalized GP overlaps; runner-up margin 32
2021,ambedkar nagar,jahanirganj,Ambedkar Nagar,Jahangir Ganj,1437,unique_gp_overlap,33,32,0.846154,approved,gp-overlap-contract,2026-09-01,Top LGD block candidate within reviewed district; 33 exact normalized GP overlaps; runner-up margin 32
2021,ambedkar nagar,jalalpur,Ambedkar Nagar,Jalal Pur,1438,unique_gp_overlap,38,36,0.888889,approved,gp-overlap-contract,2026-09-01,Top LGD block candidate within reviewed district; 38 exact normalized GP overlaps; runner-up margin 36
2021,ambedkar nagar,katehri,Ambedkar Nagar,Katehari,1439,unique_gp_overlap,45,42,0.875,approved,gp-overlap-contract,2026-09-01,Top LGD block candidate within reviewed district; 45 exact normalized GP overlaps; runner-up margin 42
2021,ambedkar nagar,ramnagar,Ambedkar Nagar,Ram Nagar,1440,unique_gp_overlap,31,29,0.888889,approved,gp-overlap-contract,2026-09-01,Top LGD block candidate within reviewed district; 31 exact normalized GP overlaps; runner-up margin 29
2021,ambedkar nagar,tanda,Ambedkar Nagar,Tanda,1441,exact_block_name_plus_gp_overlap,56,52,1,approved,gp-overlap-contract,2026-09-01,Top LGD block candidate within reviewed district; 56 exact normalized GP overlaps; runner-up margin 52
2021,amethi,amethi,Amethi,Amethi,2160,exact_block_name_plus_gp_overlap,15,13,1,approved,gp-overlap-contract,2026-09-01,Top LGD block candidate within reviewed district; 15 exact normalized GP overlaps; runner-up margin 13
2021,amethi,bahadurpur,Amethi,Bahadurpur,2047,exact_block_name_plus_gp_overlap,8,7,1,approved,gp-overlap-contract,2026-09-01,Top LGD block candidate within reviewed district; 8 exact normalized GP overlaps; runner-up margin 7
2021,amethi,bajar shukla,Amethi,Shukul Bazar,2181,unique_gp_overlap,14,14,0,approved,gp-overlap-contract,2026-09-01,Top LGD block candidate within reviewed district; 14 exact normalized GP overlaps; runner-up margin 14
2021,amethi,bhaddar,Amethi,Bhadar,2163,unique_gp_overlap,13,12,0.857143,approved,gp-overlap-contract,2026-09-01,Top LGD block candidate within reviewed district; 13 exact normalized GP overlaps; runner-up margin 12
2021,amethi,bhetua,Amethi,Bhetua,2164,exact_block_name_plus_gp_overlap,18,17,1,approved,gp-overlap-contract,2026-09-01,Top LGD block candidate within reviewed district; 18 exact normalized GP overlaps; runner-up margin 17
2021,amethi,gauri ganj,Amethi,Gauriganj,2168,unique_gp_overlap,12,11,0.9,approved,gp-overlap-contract,2026-09-01,Top LGD block candidate within reviewed district; 12 exact normalized GP overlaps; runner-up margin 11
2021,amethi,jagdishpur,Amethi,Jagdishpur,2169,exact_block_name_plus_gp_overlap,21,19,1,approved,gp-overlap-contract,2026-09-01,Top LGD block candidate within reviewed district; 21 exact normalized GP overlaps; runner-up margin 19
2021,amethi,jamo,Amethi,Jamo,2171,exact_block_name_plus_gp_overlap,32,31,1,approved,gp-overlap-contract,2026-09-01,Top LGD block candidate within reviewed district; 32 exact normalized GP overlaps; runner-up margin 31
2021,amethi,musafirkhana,Amethi,Musafir Khana,2177,unique_gp_overlap,15,14,0.923077,approved,gp-overlap-contract,2026-09-01,Top LGD block candidate within reviewed district; 15 exact normalized GP overlaps; runner-up margin 14
2021,amethi,sangrampur,Amethi,Sangrampur,2179,exact_block_name_plus_gp_overlap,6,5,1,approved,gp-overlap-contract,2026-09-01,Top LGD block candidate within reviewed district; 6 exact normalized GP overlaps; runner-up margin 5
2021,amethi,shahgarh,Amethi,Shahgarh,2180,exact_block_name_plus_gp_overlap,20,19,1,approved,gp-overlap-contract,2026-09-01,Top LGD block candidate within reviewed district; 20 exact normalized GP overlaps; runner-up margin 19
2021,amethi,singhpur,Amethi,Singhpur,2063,exact_block_name_plus_gp_overlap,21,20,1,approved,gp-overlap-contract,2026-09-01,Top LGD block candidate within reviewed district; 21 exact normalized GP overlaps; runner-up margin 20
2021,amethi,tiloi,Amethi,Tiloi,2064,exact_block_name_plus_gp_overlap,23,20,1,approved,gp-overlap-contract,2026-09-01,Top LGD block candidate within reviewed district; 23 exact normalized GP overlaps; runner-up margin 20
2021,amroha,amroha,Amroha,Amroha,1834,exact_block_name_plus_gp_overlap,32,31,1,approved,gp-overlap-contract,2026-09-01,Top LGD block candidate within reviewed district; 32 exact normalized GP overlaps; runner-up margin 31
2021,amroha,dhanaura,Amroha,Dhanaura,1835,exact_block_name_plus_gp_overlap,26,25,1,approved,gp-overlap-contract,2026-09-01,Top LGD block candidate within reviewed district; 26 exact normalized GP overlaps; runner-up margin 25
2021,amroha,gajraula,Amroha,Gajraula,1836,exact_block_name_plus_gp_overlap,19,18,1,approved,gp-overlap-contract,2026-09-01,Top LGD block candidate within reviewed district; 19 exact normalized GP overlaps; runner-up margin 18
2021,amroha,gangeshwari,Amroha,Gangeshwari,1837,exact_block_name_plus_gp_overlap,19,19,1,approved,gp-overlap-contract,2026-09-01,Top LGD block candidate within reviewed district; 19 exact normalized GP overlaps; runner-up margin 19
2021,amroha,hasanpur,Amroha,Hasanpur,1838,exact_block_name_plus_gp_overlap,27,25,1,approved,gp-overlap-contract,2026-09-01,Top LGD block candidate within reviewed district; 27 exact normalized GP overlaps; runner-up margin 25
2021,amroha,joya,Amroha,Joya,1839,exact_block_name_plus_gp_overlap,27,26,1,approved,gp-overlap-contract,2026-09-01,Top LGD block candidate within reviewed district; 27 exact normalized GP overlaps; runner-up margin 26
2021,azamgarh,azmatgarh,Azamgarh,Azmatgarh,1451,exact_block_name_plus_gp_overlap,42,40,1,approved,gp-overlap-contract,2026-09-01,Top LGD block candidate within reviewed district; 42 exact normalized GP overlaps; runner-up margin 40
2021,azamgarh,bilriaganj,Azamgarh,Bilariyaganj,1452,unique_gp_overlap,28,25,0.833333,approved,gp-overlap-contract,2026-09-01,Top LGD block candidate within reviewed district; 28 exact normalized GP overlaps; runner-up margin 25
2021,azamgarh,hareya,Azamgarh,Haraiya,1453,unique_gp_overlap,36,34,0.714286,approved,gp-overlap-contract,2026-09-01,Top LGD block candidate within reviewed district; 36 exact normalized GP overlaps; runner-up margin 34
2021,azamgarh,jahangirabad,Azamgarh,Jahanaganj,1454,unique_gp_overlap,33,31,0.5,approved,gp-overlap-contract,2026-09-01,Top LGD block candidate within reviewed district; 33 exact normalized GP overlaps; runner-up margin 31
2021,azamgarh,koyalsa,Azamgarh,Koilsa,1455,unique_gp_overlap,8,7,0.714286,approved,gp-overlap-contract,2026-09-01,Top LGD block candidate within reviewed district; 8 exact normalized GP overlaps; runner-up margin 7
2021,azamgarh,lalganj,Azamgarh,Lalganj,1456,exact_block_name_plus_gp_overlap,23,22,1,approved,gp-overlap-contract,2026-09-01,Top LGD block candidate within reviewed district; 23 exact normalized GP overlaps; runner-up margin 22
2021,azamgarh,maharajganj,Azamgarh,Mahrajganj,1457,unique_gp_overlap,23,21,0.909091,approved,gp-overlap-contract,2026-09-01,Top LGD block candidate within reviewed district; 23 exact normalized GP overlaps; runner-up margin 21
2021,azamgarh,martinganj,Azamgarh,Martinganj,1458,exact_block_name_plus_gp_overlap,19,18,1,approved,gp-overlap-contract,2026-09-01,Top LGD block candidate within reviewed district; 19 exact normalized GP overlaps; runner-up margin 18
2021,azamgarh,mehnagar,Azamgarh,Mehnagar,1459,exact_block_name_plus_gp_overlap,34,30,1,approved,gp-overlap-contract,2026-09-01,Top LGD block candidate within reviewed district; 34 exact normalized GP overlaps; runner-up margin 30
2021,azamgarh,mirzapur,Azamgarh,Mirzapur,1460,exact_block_name_plus_gp_overlap,23,21,1,approved,gp-overlap-contract,2026-09-01,Top LGD block candidate within reviewed district; 23 exact normalized GP overlaps; runner-up margin 21
2021,azamgarh,muhammedpur,Azamgarh,Mohammadpur,1461,unique_gp_overlap,25,22,0.818182,approved,gp-overlap-contract,2026-09-01,Top LGD block candidate within reviewed district; 25 exact normalized GP overlaps; runner-up margin 22
2021,azamgarh,palhani,Azamgarh,Palhani,1463,exact_block_name_plus_gp_overlap,42,39,1,approved,gp-overlap-contract,2026-09-01,Top LGD block candidate within reviewed district; 42 exact normalized GP overlaps; runner-up margin 39
2021,azamgarh,pawai,Azamgarh,Pawai,1464,exact_block_name_plus_gp_overlap,29,27,1,approved,gp-overlap-contract,2026-09-01,Top LGD block candidate within reviewed district; 29 exact normalized GP overlaps; runner-up margin 27
2021,azamgarh,phoolpur,Azamgarh,Phulpur,1465,unique_gp_overlap,26,23,0.75,approved,gp-overlap-contract,2026-09-01,Top LGD block candidate within reviewed district; 26 exact normalized GP overlaps; runner-up margin 23
2021,azamgarh,rani ki sarai,Azamgarh,Rani Ki Sarai,1466,exact_block_name_plus_gp_overlap,31,28,1,approved,gp-overlap-contract,2026-09-01,Top LGD block candidate within reviewed district; 31 exact normalized GP overlaps; runner-up margin 28
2021,azamgarh,sathiyav,Azamgarh,Sathiyaon,1467,unique_gp_overlap,28,25,0.777778,approved,gp-overlap-contract,2026-09-01,Top LGD block candidate within reviewed district; 28 exact normalized GP overlaps; runner-up margin 25
2021,azamgarh,tahbarpur,Azamgarh,Tahbarpur,1468,exact_block_name_plus_gp_overlap,27,25,1,approved,gp-overlap-contract,2026-09-01,Top LGD block candidate within reviewed district; 27 exact normalized GP overlaps; runner-up margin 25
2021,azamgarh,tarwan,Azamgarh,Tarwa,1469,unique_gp_overlap,37,35,0.833333,approved,gp-overlap-contract,2026-09-01,Top LGD block candidate within reviewed district; 37 exact normalized GP overlaps; runner-up margin 35
2021,azamgarh,thekma,Azamgarh,Thekma,1470,exact_block_name_plus_gp_overlap,32,31,1,approved,gp-overlap-contract,2026-09-01,Top LGD block candidate within reviewed district; 32 exact normalized GP overlaps; runner-up margin 31
2021,bagpat,bagpat,Baghpat,Baghpat,1471,unique_gp_overlap,11,11,0.857143,approved,gp-overlap-contract,2026-09-01,Top LGD block candidate within reviewed district; 11 exact normalized GP overlaps; runner-up margin 11
2021,bagpat,baraut,Baghpat,Baraut,1472,exact_block_name_plus_gp_overlap,15,14,1,approved,gp-overlap-contract,2026-09-01,Top LGD block candidate within reviewed district; 15 exact normalized GP overlaps; runner-up margin 14
2021,bagpat,binauli,Baghpat,Binauli,1473,exact_block_name_plus_gp_overlap,17,16,1,approved,gp-overlap-contract,2026-09-01,Top LGD block candidate within reviewed district; 17 exact normalized GP overlaps; runner-up margin 16
2021,bagpat,chhaparauli,Baghpat,Chhaprauli,1474,unique_gp_overlap,8,8,0.909091,approved,gp-overlap-contract,2026-09-01,Top LGD block candidate within reviewed district; 8 exact normalized GP overlaps; runner-up margin 8
2021,bagpat,khekhada,Baghpat,Khekra,1475,unique_gp_overlap,10,10,0.625,approved,gp-overlap-contract,2026-09-01,Top LGD block candidate within reviewed district; 10 exact normalized GP overlaps; runner-up margin 10
2021,bagpat,pilana,Baghpat,Pilana,1476,exact_block_name_plus_gp_overlap,10,10,1,approved,gp-overlap-contract,2026-09-01,Top LGD block candidate within reviewed district; 10 exact normalized GP overlaps; runner-up margin 10
2021,bahraich,balha,Bahraich,Balaha,1477,unique_gp_overlap,25,24,0.833333,approved,gp-overlap-contract,2026-09-01,Top LGD block candidate within reviewed district; 25 exact normalized GP overlaps; runner-up margin 24
2021,bahraich,chittaura,Bahraich,Chitaura,1478,unique_gp_overlap,19,17,0.888889,approved,gp-overlap-contract,2026-09-01,Top LGD block candidate within reviewed district; 19 exact normalized GP overlaps; runner-up margin 17
2021,bahraich,fakhrpur,Bahraich,Phakharpur,1485,unique_gp_overlap,24,23,0.7,approved,gp-overlap-contract,2026-09-01,Top LGD block candidate within reviewed district; 24 exact normalized GP overlaps; runner-up margin 23
2021,bahraich,huzurpur,Bahraich,Huzoorpur,1479,unique_gp_overlap,27,25,0.777778,approved,gp-overlap-contract,2026-09-01,Top LGD block candidate within reviewed district; 27 exact normalized GP overlaps; runner-up margin 25
2021,bahraich,jarwal,Bahraich,Jarwal,1480,exact_block_name_plus_gp_overlap,18,18,1,approved,gp-overlap-contract,2026-09-01,Top LGD block candidate within reviewed district; 18 exact normalized GP overlaps; runner-up margin 18
2021,bahraich,kaiserganj,Bahraich,Kaisarganj,1481,unique_gp_overlap,19,18,0.9,approved,gp-overlap-contract,2026-09-01,Top LGD block candidate within reviewed district; 19 exact normalized GP overlaps; runner-up margin 18
2021,bahraich,mahsi,Bahraich,Mahasi,1482,unique_gp_overlap,29,28,0.833333,approved,gp-overlap-contract,2026-09-01,Top LGD block candidate within reviewed district; 29 exact normalized GP overlaps; runner-up margin 28
2021,bahraich,mihipurwa,Bahraich,Mihinpurwa,1483,unique_gp_overlap,30,27,0.9,approved,gp-overlap-contract,2026-09-01,Top LGD block candidate within reviewed district; 30 exact normalized GP overlaps; runner-up margin 27
2021,bahraich,nawabganj,Bahraich,Nawabganj,1484,exact_block_name_plus_gp_overlap,24,21,1,approved,gp-overlap-contract,2026-09-01,Top LGD block candidate within reviewed district; 24 exact normalized GP overlaps; runner-up margin 21
2021,bahraich,prayagpur,Bahraich,Prayagpur,1486,exact_block_name_plus_gp_overlap,11,10,1,approved,gp-overlap-contract,2026-09-01,Top LGD block candidate within reviewed district; 11 exact normalized GP overlaps; runner-up margin 10
2021,bahraich,risia,Bahraich,Risia,1487,exact_block_name_plus_gp_overlap,22,20,1,approved,gp-overlap-contract,2026-09-01,Top LGD block candidate within reviewed district; 22 exact normalized GP overlaps; runner-up margin 20
2021,bahraich,shivpur,Bahraich,Shivpur,1488,exact_block_name_plus_gp_overlap,15,13,1,approved,gp-overlap-contract,2026-09-01,Top LGD block candidate within reviewed district; 15 exact normalized GP overlaps; runner-up margin 13
2021,bahraich,tajwapur,Bahraich,Tajwapur,1489,exact_block_name_plus_gp_overlap,21,20,1,approved,gp-overlap-contract,2026-09-01,Top LGD block candidate within reviewed district; 21 exact normalized GP overlaps; runner-up margin 20
2021,bahraich,visheshwarganj,Bahraich,Visheshwarganj,1490,exact_block_name_plus_gp_overlap,19,18,1,approved,gp-overlap-contract,2026-09-01,Top LGD block candidate within reviewed district; 19 exact normalized GP overlaps; runner-up margin 18
2021,baliya,baasadeeh,Ballia,Bansdih,1492,unique_gp_overlap,12,11,0.555556,approved,gp-overlap-contract,2026-09-01,Top LGD block candidate within reviewed district; 12 exact normalized GP overlaps; runner-up margin 11
2021,baliya,bairiya,Ballia,Bairia,1491,unique_gp_overlap,14,13,0.857143,approved,gp-overlap-contract,2026-09-01,Top LGD block candidate within reviewed district; 14 exact normalized GP overlaps; runner-up margin 13
2021,baliya,belhari,Ballia,Belhari,1493,exact_block_name_plus_gp_overlap,13,12,1,approved,gp-overlap-contract,2026-09-01,Top LGD block candidate within reviewed district; 13 exact normalized GP overlaps; runner-up margin 12
2021,baliya,berurwari,Ballia,Beruarbari,1494,unique_gp_overlap,15,12,0.8,approved,gp-overlap-contract,2026-09-01,Top LGD block candidate within reviewed district; 15 exact normalized GP overlaps; runner-up margin 12
2021,baliya,chilakhar,Ballia,Chilkahar,1495,unique_gp_overlap,30,28,0.777778,approved,gp-overlap-contract,2026-09-01,Top LGD block candidate within reviewed district; 30 exact normalized GP overlaps; runner-up margin 28
2021,baliya,dubhad,Ballia,Dubhar,1496,unique_gp_overlap,17,15,0.833333,approved,gp-overlap-contract,2026-09-01,Top LGD block candidate within reviewed district; 17 exact normalized GP overlaps; runner-up margin 15
2021,baliya,gadwar,Ballia,Garwar,1497,unique_gp_overlap,11,10,0.833333,approved,gp-overlap-contract,2026-09-01,Top LGD block candidate within reviewed district; 11 exact normalized GP overlaps; runner-up margin 10
2021,baliya,hanumanganj,Ballia,Hanumanganj,1498,exact_block_name_plus_gp_overlap,24,22,1,approved,gp-overlap-contract,2026-09-01,Top LGD block candidate within reviewed district; 24 exact normalized GP overlaps; runner-up margin 22
2021,baliya,maniyar,Ballia,Maniar,1499,unique_gp_overlap,14,12,0.857143,approved,gp-overlap-contract,2026-09-01,Top LGD block candidate within reviewed district; 14 exact normalized GP overlaps; runner-up margin 12
2021,baliya,murli chappa,Ballia,Murlichhapra,1500,unique_gp_overlap,6,5,0.75,approved,gp-overlap-contract,2026-09-01,Top LGD block candidate within reviewed district; 6 exact normalized GP overlaps; runner-up margin 5
2021,baliya,nagra,Ballia,Nagra,1501,exact_block_name_plus_gp_overlap,16,14,1,approved,gp-overlap-contract,2026-09-01,Top LGD block candidate within reviewed district; 16 exact normalized GP overlaps; runner-up margin 14
2021,baliya,nawanagar,Ballia,Navanagar,1502,unique_gp_overlap,11,10,0.888889,approved,gp-overlap-contract,2026-09-01,Top LGD block candidate within reviewed district; 11 exact normalized GP overlaps; runner-up margin 10
2021,baliya,pandah,Ballia,Pandah,1503,exact_block_name_plus_gp_overlap,16,14,1,approved,gp-overlap-contract,2026-09-01,Top LGD block candidate within reviewed district; 16 exact normalized GP overlaps; runner-up margin 14
2021,baliya,rasra,Ballia,Rasra,1504,exact_block_name_plus_gp_overlap,34,32,1,approved,gp-overlap-contract,2026-09-01,Top LGD block candidate within reviewed district; 34 exact normalized GP overlaps; runner-up margin 32
2021,baliya,revti,Ballia,Reoti,1505,unique_gp_overlap,20,18,0.8,approved,gp-overlap-contract,2026-09-01,Top LGD block candidate within reviewed district; 20 exact normalized GP overlaps; runner-up margin 18
2021,baliya,sier,Ballia,Siar,1506,unique_gp_overlap,26,25,0.75,approved,gp-overlap-contract,2026-09-01,Top LGD block candidate within reviewed district; 26 exact normalized GP overlaps; runner-up margin 25
2021,baliya,sohaon,Ballia,Sohanv,1507,unique_gp_overlap,22,21,0.666667,approved,gp-overlap-contract,2026-09-01,Top LGD block candidate within reviewed district; 22 exact normalized GP overlaps; runner-up margin 21
2021,balrampur,balrampur,Balrampur,Balrampur,1508,exact_block_name_plus_gp_overlap,41,36,1,approved,gp-overlap-contract,2026-09-01,Top LGD block candidate within reviewed district; 41 exact normalized GP overlaps; runner-up margin 36
2021,balrampur,gaidas buzurg,Balrampur,Gaindas Bujurg,1509,unique_gp_overlap,9,8,0.857143,approved,gp-overlap-contract,2026-09-01,Top LGD block candidate within reviewed district; 9 exact normalized GP overlaps; runner-up margin 8
2021,balrampur,gainsadi,Balrampur,Gaisri,1510,unique_gp_overlap,31,28,0.625,approved,gp-overlap-contract,2026-09-01,Top LGD block candidate within reviewed district; 31 exact normalized GP overlaps; runner-up margin 28
2021,balrampur,hariya satgharwa,Balrampur,Harriya Satgharwa,1511,unique_gp_overlap,26,20,0.941176,approved,gp-overlap-contract,2026-09-01,Top LGD block candidate within reviewed district; 26 exact normalized GP overlaps; runner-up margin 20
2021,balrampur,pachpedwa,Balrampur,Pachpedwa,1512,exact_block_name_plus_gp_overlap,18,14,1,approved,gp-overlap-contract,2026-09-01,Top LGD block candidate within reviewed district; 18 exact normalized GP overlaps; runner-up margin 14
2021,balrampur,rahrabazar,Balrampur,Rehera Bazaar,1513,unique_gp_overlap,20,19,0.692308,approved,gp-overlap-contract,2026-09-01,Top LGD block candidate within reviewed district; 20 exact normalized GP overlaps; runner-up margin 19
2021,balrampur,shridattganj,Balrampur,Shriduttganj,1514,unique_gp_overlap,13,12,0.916667,approved,gp-overlap-contract,2026-09-01,Top LGD block candidate within reviewed district; 13 exact normalized GP overlaps; runner-up margin 12
2021,balrampur,tulsipur,Balrampur,Tulsipur,1515,exact_block_name_plus_gp_overlap,24,21,1,approved,gp-overlap-contract,2026-09-01,Top LGD block candidate within reviewed district; 24 exact normalized GP overlaps; runner-up margin 21
2021,balrampur,utraula,Balrampur,Utraula,1516,exact_block_name_plus_gp_overlap,12,11,1,approved,gp-overlap-contract,2026-09-01,Top LGD block candidate within reviewed district; 12 exact normalized GP overlaps; runner-up margin 11
2021,banda,baberu,Banda,Baberu,1517,exact_block_name_plus_gp_overlap,22,21,1,approved,gp-overlap-contract,2026-09-01,Top LGD block candidate within reviewed district; 22 exact normalized GP overlaps; runner-up margin 21
2021,banda,baedokhar khurd,Banda,Badokhar Khurd,1518,unique_gp_overlap,26,26,0.933333,approved,gp-overlap-contract,2026-09-01,Top LGD block candidate within reviewed district; 26 exact normalized GP overlaps; runner-up margin 26
2021,banda,bissanda,Banda,Bisanda,1519,unique_gp_overlap,9,8,0.875,approved,gp-overlap-contract,2026-09-01,Top LGD block candidate within reviewed district; 9 exact normalized GP overlaps; runner-up margin 8
2021,banda,jaspura,Banda,Jaspura,1520,exact_block_name_plus_gp_overlap,16,16,1,approved,gp-overlap-contract,2026-09-01,Top LGD block candidate within reviewed district; 16 exact normalized GP overlaps; runner-up margin 16
2021,banda,kamasin,Banda,Kamasin,1521,exact_block_name_plus_gp_overlap,8,8,1,approved,gp-overlap-contract,2026-09-01,Top LGD block candidate within reviewed district; 8 exact normalized GP overlaps; runner-up margin 8
2021,banda,mahua,Banda,Mahuva,1522,unique_gp_overlap,23,23,0.833333,approved,gp-overlap-contract,2026-09-01,Top LGD block candidate within reviewed district; 23 exact normalized GP overlaps; runner-up margin 23
2021,banda,narani,Banda,Naraini,1523,unique_gp_overlap,30,29,0.857143,approved,gp-overlap-contract,2026-09-01,Top LGD block candidate within reviewed district; 30 exact normalized GP overlaps; runner-up margin 29
2021,banda,tindwaari,Banda,Tindwari,1524,unique_gp_overlap,22,21,0.888889,approved,gp-overlap-contract,2026-09-01,Top LGD block candidate within reviewed district; 22 exact normalized GP overlaps; runner-up margin 21
2021,bareilly,alampur jafrabaad,Bareilly,Aalampur Jafarabad,1541,unique_gp_overlap,33,30,0.833333,approved,gp-overlap-contract,2026-09-01,Top LGD block candidate within reviewed district; 33 exact normalized GP overlaps; runner-up margin 30
2021,bareilly,bahedi,Bareilly,Baheri,1542,unique_gp_overlap,40,38,0.833333,approved,gp-overlap-contract,2026-09-01,Top LGD block candidate within reviewed district; 40 exact normalized GP overlaps; runner-up margin 38
2021,bareilly,bhadpura,Bareilly,Bhadpura,1543,exact_block_name_plus_gp_overlap,22,21,1,approved,gp-overlap-contract,2026-09-01,Top LGD block candidate within reviewed district; 22 exact normalized GP overlaps; runner-up margin 21
2021,bareilly,bhojipura,Bareilly,Bhojipura,1544,exact_block_name_plus_gp_overlap,16,15,1,approved,gp-overlap-contract,2026-09-01,Top LGD block candidate within reviewed district; 16 exact normalized GP overlaps; runner-up margin 15
2021,bareilly,bhuta,Bareilly,Bhuta,1545,exact_block_name_plus_gp_overlap,28,27,1,approved,gp-overlap-contract,2026-09-01,Top LGD block candidate within reviewed district; 28 exact normalized GP overlaps; runner-up margin 27
2021,bareilly,bithri chainpur,Bareilly,Bithiri Chainpur,1546,unique_gp_overlap,25,23,0.9375,approved,gp-overlap-contract,2026-09-01,Top LGD block candidate within reviewed district; 25 exact normalized GP overlaps; runner-up margin 23
2021,bareilly,damkhoda,Bareilly,Damkhauda,1547,unique_gp_overlap,23,21,0.777778,approved,gp-overlap-contract,2026-09-01,Top LGD block candidate within reviewed district; 23 exact normalized GP overlaps; runner-up margin 21
2021,bareilly,faridpur,Bareilly,Faridpur,1548,exact_block_name_plus_gp_overlap,24,22,1,approved,gp-overlap-contract,2026-09-01,Top LGD block candidate within reviewed district; 24 exact normalized GP overlaps; runner-up margin 22
2021,bareilly,fatehganj p0,Bareilly,Fatehganj West,1549,unique_gp_overlap,22,21,0.714286,approved,gp-overlap-contract,2026-09-01,Top LGD block candidate within reviewed district; 22 exact normalized GP overlaps; runner-up margin 21
2021,bareilly,kyara,Bareilly,Kyara,1550,exact_block_name_plus_gp_overlap,7,6,1,approved,gp-overlap-contract,2026-09-01,Top LGD block candidate within reviewed district; 7 exact normalized GP overlaps; runner-up margin 6
2021,bareilly,majhgawan,Bareilly,Majhgawan,1551,exact_block_name_plus_gp_overlap,15,13,1,approved,gp-overlap-contract,2026-09-01,Top LGD block candidate within reviewed district; 15 exact normalized GP overlaps; runner-up margin 13
2021,bareilly,mirganj,Bareilly,Mirganj,1552,exact_block_name_plus_gp_overlap,25,23,1,approved,gp-overlap-contract,2026-09-01,Top LGD block candidate within reviewed district; 25 exact normalized GP overlaps; runner-up margin 23
2021,bareilly,nawabganj,Bareilly,Nawabganj,1553,exact_block_name_plus_gp_overlap,23,22,1,approved,gp-overlap-contract,2026-09-01,Top LGD block candidate within reviewed district; 23 exact normalized GP overlaps; runner-up margin 22
2021,bareilly,ramnagar,Bareilly,Ramnagar,1554,exact_block_name_plus_gp_overlap,11,10,1,approved,gp-overlap-contract,2026-09-01,Top LGD block candidate within reviewed district; 11 exact normalized GP overlaps; runner-up margin 10
2021,bareilly,shergarh,Bareilly,Shergarh,1555,exact_block_name_plus_gp_overlap,32,30,1,approved,gp-overlap-contract,2026-09-01,Top LGD block candidate within reviewed district; 32 exact normalized GP overlaps; runner-up margin 30
2021,basti,bahadurpur,Basti,Bahadurpur,1556,exact_block_name_plus_gp_overlap,31,29,1,approved,gp-overlap-contract,2026-09-01,Top LGD block candidate within reviewed district; 31 exact normalized GP overlaps; runner-up margin 29
2021,basti,bankati,Basti,Bankati,1557,exact_block_name_plus_gp_overlap,24,23,1,approved,gp-overlap-contract,2026-09-01,Top LGD block candidate within reviewed district; 24 exact normalized GP overlaps; runner-up margin 23
2021,basti,basti sadar,Basti,Basti,1558,unique_gp_overlap,31,29,0.454545,approved,gp-overlap-contract,2026-09-01,Top LGD block candidate within reviewed district; 31 exact normalized GP overlaps; runner-up margin 29
2021,basti,bikramjot,Basti,Vikram Jot,1569,unique_gp_overlap,24,22,0.8,approved,gp-overlap-contract,2026-09-01,Top LGD block candidate within reviewed district; 24 exact normalized GP overlaps; runner-up margin 22
2021,basti,dubaulia,Basti,Dubauliya,1559,unique_gp_overlap,25,24,0.888889,approved,gp-overlap-contract,2026-09-01,Top LGD block candidate within reviewed district; 25 exact normalized GP overlaps; runner-up margin 24
2021,basti,gour,Basti,Gaur,1560,unique_gp_overlap,33,29,0.75,approved,gp-overlap-contract,2026-09-01,Top LGD block candidate within reviewed district; 33 exact normalized GP overlaps; runner-up margin 29
2021,basti,hargaiya,Basti,Harraiya,1561,unique_gp_overlap,29,25,0.875,approved,gp-overlap-contract,2026-09-01,Top LGD block candidate within reviewed district; 29 exact normalized GP overlaps; runner-up margin 25
2021,basti,kaptaiganj,Basti,Kaptanganj,1562,unique_gp_overlap,19,16,0.9,approved,gp-overlap-contract,2026-09-01,Top LGD block candidate within reviewed district; 19 exact normalized GP overlaps; runner-up margin 16
2021,basti,kudrah,Basti,Kudaraha,1563,unique_gp_overlap,23,21,0.75,approved,gp-overlap-contract,2026-09-01,Top LGD block candidate within reviewed district; 23 exact normalized GP overlaps; runner-up margin 21
2021,basti,parsrampur,Basti,Paras Rampur,1564,unique_gp_overlap,38,35,0.833333,approved,gp-overlap-contract,2026-09-01,Top LGD block candidate within reviewed district; 38 exact normalized GP overlaps; runner-up margin 35
2021,basti,ramnagar,Basti,Ramnagar,1565,exact_block_name_plus_gp_overlap,18,16,1,approved,gp-overlap-contract,2026-09-01,Top LGD block candidate within reviewed district; 18 exact normalized GP overlaps; runner-up margin 16
2021,basti,raudhauli,Basti,Rudauli,1566,unique_gp_overlap,21,19,0.777778,approved,gp-overlap-contract,2026-09-01,Top LGD block candidate within reviewed district; 21 exact normalized GP overlaps; runner-up margin 19
2021,basti,saltoya gopalpur,Basti,Saltaua Gopal Pur,1567,unique_gp_overlap,25,23,0.823529,approved,gp-overlap-contract,2026-09-01,Top LGD block candidate within reviewed district; 25 exact normalized GP overlaps; runner-up margin 23
2021,basti,saoraghat,Basti,Sau Ghat,1568,unique_gp_overlap,16,13,0.666667,approved,gp-overlap-contract,2026-09-01,Top LGD block candidate within reviewed district; 16 exact normalized GP overlaps; runner-up margin 13
2021,budaun,aasfpur,Budaun,Asafpur,1582,unique_gp_overlap,27,25,0.714286,approved,gp-overlap-contract,2026-09-01,Top LGD block candidate within reviewed district; 27 exact normalized GP overlaps; runner-up margin 25
2021,budaun,ambiyapur,Budaun,Ambiapur,1581,unique_gp_overlap,29,27,0.888889,approved,gp-overlap-contract,2026-09-01,Top LGD block candidate within reviewed district; 29 exact normalized GP overlaps; runner-up margin 27
2021,budaun,bisauli,Budaun,Bisauli,1583,exact_block_name_plus_gp_overlap,24,23,1,approved,gp-overlap-contract,2026-09-01,Top LGD block candidate within reviewed district; 24 exact normalized GP overlaps; runner-up margin 23
2021,budaun,dahagawa,Budaun,Dahgavan,1584,unique_gp_overlap,25,24,0.625,approved,gp-overlap-contract,2026-09-01,Top LGD block candidate within reviewed district; 25 exact normalized GP overlaps; runner-up margin 24
2021,budaun,dataganj,Budaun,Dataganj,1585,exact_block_name_plus_gp_overlap,21,20,1,approved,gp-overlap-contract,2026-09-01,Top LGD block candidate within reviewed district; 21 exact normalized GP overlaps; runner-up margin 20
2021,budaun,islamnagar,Budaun,Islamnagar,1587,exact_block_name_plus_gp_overlap,34,32,1,approved,gp-overlap-contract,2026-09-01,Top LGD block candidate within reviewed district; 34 exact normalized GP overlaps; runner-up margin 32
2021,budaun,jagat,Budaun,Jagat,1588,exact_block_name_plus_gp_overlap,18,17,1,approved,gp-overlap-contract,2026-09-01,Top LGD block candidate within reviewed district; 18 exact normalized GP overlaps; runner-up margin 17
2021,budaun,kadarchauk,Budaun,Qadar Chowk,1591,unique_gp_overlap,24,23,0.636364,approved,gp-overlap-contract,2026-09-01,Top LGD block candidate within reviewed district; 24 exact normalized GP overlaps; runner-up margin 23
2021,budaun,myau,Budaun,Mion,1590,unique_gp_overlap,30,28,0.25,approved,gp-overlap-contract,2026-09-01,Top LGD block candidate within reviewed district; 30 exact normalized GP overlaps; runner-up margin 28
2021,budaun,sahaswan,Budaun,Sahaswan,1593,exact_block_name_plus_gp_overlap,31,30,1,approved,gp-overlap-contract,2026-09-01,Top LGD block candidate within reviewed district; 31 exact normalized GP overlaps; runner-up margin 30
2021,budaun,salarpur,Budaun,Salarpur,1594,exact_block_name_plus_gp_overlap,32,31,1,approved,gp-overlap-contract,2026-09-01,Top LGD block candidate within reviewed district; 32 exact normalized GP overlaps; runner-up margin 31
2021,budaun,samarer,Budaun,Samrer,1595,unique_gp_overlap,23,21,0.857143,approved,gp-overlap-contract,2026-09-01,Top LGD block candidate within reviewed district; 23 exact normalized GP overlaps; runner-up margin 21
2021,budaun,ujhani,Budaun,Ujhani,1596,exact_block_name_plus_gp_overlap,20,19,1,approved,gp-overlap-contract,2026-09-01,Top LGD block candidate within reviewed district; 20 exact normalized GP overlaps; runner-up margin 19
2021,budaun,usao,Budaun,Usawan,1597,unique_gp_overlap,12,11,0.5,approved,gp-overlap-contract,2026-09-01,Top LGD block candidate within reviewed district; 12 exact normalized GP overlaps; runner-up margin 11
2021,budaun,wazirganj,Budaun,Wazirganj,1598,exact_block_name_plus_gp_overlap,21,19,1,approved,gp-overlap-contract,2026-09-01,Top LGD block candidate within reviewed district; 21 exact normalized GP overlaps; runner-up margin 19
2021,bulandshahr,agauta,Bulandshahr,Agauta,1599,exact_block_name_plus_gp_overlap,5,4,1,approved,gp-overlap-contract,2026-09-01,Top LGD block candidate within reviewed district; 5 exact normalized GP overlaps; runner-up margin 4
2021,bulandshahr,anupshahr,Bulandshahr,Anupshahr,1600,exact_block_name_plus_gp_overlap,18,17,1,approved,gp-overlap-contract,2026-09-01,Top LGD block candidate within reviewed district; 18 exact normalized GP overlaps; runner-up margin 17
2021,bulandshahr,arniyaan,Bulandshahr,Araniya,1601,unique_gp_overlap,18,18,0.625,approved,gp-overlap-contract,2026-09-01,Top LGD block candidate within reviewed district; 18 exact normalized GP overlaps; runner-up margin 18
2021,bulandshahr,bb nagar,Bulandshahr,Bhawan Bahadur Nagar,1602,unique_gp_overlap,12,11,0.4,approved,gp-overlap-contract,2026-09-01,Top LGD block candidate within reviewed district; 12 exact normalized GP overlaps; runner-up margin 11
2021,bulandshahr,bulandshahr,Bulandshahr,Bulandshahr,1603,exact_block_name_plus_gp_overlap,19,18,1,approved,gp-overlap-contract,2026-09-01,Top LGD block candidate within reviewed district; 19 exact normalized GP overlaps; runner-up margin 18
2021,bulandshahr,danpur,Bulandshahr,Danpur,1604,exact_block_name_plus_gp_overlap,25,23,1,approved,gp-overlap-contract,2026-09-01,Top LGD block candidate within reviewed district; 25 exact normalized GP overlaps; runner-up margin 23
2021,bulandshahr,dibai,Bulandshahr,Dibai,1605,exact_block_name_plus_gp_overlap,18,17,1,approved,gp-overlap-contract,2026-09-01,Top LGD block candidate within reviewed district; 18 exact normalized GP overlaps; runner-up margin 17
2021,bulandshahr,jahangirabad,Bulandshahr,Jahangirabad,1607,exact_block_name_plus_gp_overlap,23,22,1,approved,gp-overlap-contract,2026-09-01,Top LGD block candidate within reviewed district; 23 exact normalized GP overlaps; runner-up margin 22
2021,bulandshahr,khujra,Bulandshahr,Khurja,1608,unique_gp_overlap,24,22,0.666667,approved,gp-overlap-contract,2026-09-01,Top LGD block candidate within reviewed district; 24 exact normalized GP overlaps; runner-up margin 22
2021,bulandshahr,lakhauti,Bulandshahr,Lakhaothi,1609,unique_gp_overlap,20,19,0.777778,approved,gp-overlap-contract,2026-09-01,Top LGD block candidate within reviewed district; 20 exact normalized GP overlaps; runner-up margin 19
2021,bulandshahr,pahasu,Bulandshahr,Pahasu,1610,exact_block_name_plus_gp_overlap,25,23,1,approved,gp-overlap-contract,2026-09-01,Top LGD block candidate within reviewed district; 25 exact normalized GP overlaps; runner-up margin 23
2021,bulandshahr,shikarpur,Bulandshahr,Shikarpur,1611,exact_block_name_plus_gp_overlap,19,17,1,approved,gp-overlap-contract,2026-09-01,Top LGD block candidate within reviewed district; 19 exact normalized GP overlaps; runner-up margin 17
2021,bulandshahr,sikandrabad,Bulandshahr,Sikandrabad,1612,exact_block_name_plus_gp_overlap,26,25,1,approved,gp-overlap-contract,2026-09-01,Top LGD block candidate within reviewed district; 26 exact normalized GP overlaps; runner-up margin 25
2021,bulandshahr,siyana,Bulandshahr,Syana,1613,unique_gp_overlap,10,10,0.833333,approved,gp-overlap-contract,2026-09-01,Top LGD block candidate within reviewed district; 10 exact normalized GP overlaps; runner-up margin 10
2021,bulandshahr,unchagaon,Bulandshahr,Unchagaon,1614,exact_block_name_plus_gp_overlap,26,24,1,approved,gp-overlap-contract,2026-09-01,Top LGD block candidate within reviewed district; 26 exact normalized GP overlaps; runner-up margin 24
2021,chandauli,barhani,Chandauli,Berahani,1615,unique_gp_overlap,21,17,0.75,approved,gp-overlap-contract,2026-09-01,Top LGD block candidate within reviewed district; 21 exact normalized GP overlaps; runner-up margin 17
2021,chandauli,chahniya,Chandauli,Chahniya,1616,exact_block_name_plus_gp_overlap,36,34,1,approved,gp-overlap-contract,2026-09-01,Top LGD block candidate within reviewed district; 36 exact normalized GP overlaps; runner-up margin 34
2021,chandauli,chakia,Chandauli,Chakiya,1617,unique_gp_overlap,29,28,0.857143,approved,gp-overlap-contract,2026-09-01,Top LGD block candidate within reviewed district; 29 exact normalized GP overlaps; runner-up margin 28
2021,chandauli,chandauli,Chandauli,Chandauli,1618,exact_block_name_plus_gp_overlap,26,23,1,approved,gp-overlap-contract,2026-09-01,Top LGD block candidate within reviewed district; 26 exact normalized GP overlaps; runner-up margin 23
2021,chandauli,dhanapur,Chandauli,Dhanapur,1619,exact_block_name_plus_gp_overlap,22,20,1,approved,gp-overlap-contract,2026-09-01,Top LGD block candidate within reviewed district; 22 exact normalized GP overlaps; runner-up margin 20
2021,chandauli,naugarh,Chandauli,Naugarh,1620,exact_block_name_plus_gp_overlap,10,9,1,approved,gp-overlap-contract,2026-09-01,Top LGD block candidate within reviewed district; 10 exact normalized GP overlaps; runner-up margin 9
2021,chandauli,niyamatabad,Chandauli,Niyamatabad,1621,exact_block_name_plus_gp_overlap,23,21,1,approved,gp-overlap-contract,2026-09-01,Top LGD block candidate within reviewed district; 23 exact normalized GP overlaps; runner-up margin 21
2021,chandauli,sakaldeeha,Chandauli,Sakaldiha,1623,unique_gp_overlap,36,34,0.8,approved,gp-overlap-contract,2026-09-01,Top LGD block candidate within reviewed district; 36 exact normalized GP overlaps; runner-up margin 34
2021,chandauli,shahababganj,Chandauli,Sahabganj,1622,unique_gp_overlap,22,21,0.75,approved,gp-overlap-contract,2026-09-01,Top LGD block candidate within reviewed district; 22 exact normalized GP overlaps; runner-up margin 21
2021,chitrakoot,karvi chitrakoot,Chitrakoot,Karwi,1624,unique_gp_overlap,37,37,0.25,approved,gp-overlap-contract,2026-09-01,Top LGD block candidate within reviewed district; 37 exact normalized GP overlaps; runner-up margin 37
2021,chitrakoot,manikpur,Chitrakoot,Manikpur,1625,exact_block_name_plus_gp_overlap,22,21,1,approved,gp-overlap-contract,2026-09-01,Top LGD block candidate within reviewed district; 22 exact normalized GP overlaps; runner-up margin 21
2021,chitrakoot,mau,Chitrakoot,Mau,1626,exact_block_name_plus_gp_overlap,12,11,1,approved,gp-overlap-contract,2026-09-01,Top LGD block candidate within reviewed district; 12 exact normalized GP overlaps; runner-up margin 11
2021,chitrakoot,pahadi,Chitrakoot,Pahari,1627,unique_gp_overlap,21,21,0.833333,approved,gp-overlap-contract,2026-09-01,Top LGD block candidate within reviewed district; 21 exact normalized GP overlaps; runner-up margin 21
2021,chitrakoot,ramnagar,Chitrakoot,Ramnagar,1628,exact_block_name_plus_gp_overlap,11,11,1,approved,gp-overlap-contract,2026-09-01,Top LGD block candidate within reviewed district; 11 exact normalized GP overlaps; runner-up margin 11
2021,devaria,baitaalpur,Deoria,Baitalpur,1629,unique_gp_overlap,26,24,0.9,approved,gp-overlap-contract,2026-09-01,Top LGD block candidate within reviewed district; 26 exact normalized GP overlaps; runner-up margin 24
2021,devaria,bankata,Deoria,Bankata,1630,exact_block_name_plus_gp_overlap,21,19,1,approved,gp-overlap-contract,2026-09-01,Top LGD block candidate within reviewed district; 21 exact normalized GP overlaps; runner-up margin 19
2021,devaria,barhaj,Deoria,Barhaj,1631,exact_block_name_plus_gp_overlap,14,12,1,approved,gp-overlap-contract,2026-09-01,Top LGD block candidate within reviewed district; 14 exact normalized GP overlaps; runner-up margin 12
2021,devaria,bhagalpur,Deoria,Bhagalpur,1632,exact_block_name_plus_gp_overlap,24,22,1,approved,gp-overlap-contract,2026-09-01,Top LGD block candidate within reviewed district; 24 exact normalized GP overlaps; runner-up margin 22
2021,devaria,bhaluani,Deoria,Bhaluani,1633,exact_block_name_plus_gp_overlap,17,15,1,approved,gp-overlap-contract,2026-09-01,Top LGD block candidate within reviewed district; 17 exact normalized GP overlaps; runner-up margin 15
2021,devaria,bhatni,Deoria,Bhatni,1634,exact_block_name_plus_gp_overlap,18,16,1,approved,gp-overlap-contract,2026-09-01,Top LGD block candidate within reviewed district; 18 exact normalized GP overlaps; runner-up margin 16
2021,devaria,bhatpar rani,Deoria,Bhatpar Rani,1635,exact_block_name_plus_gp_overlap,22,19,1,approved,gp-overlap-contract,2026-09-01,Top LGD block candidate within reviewed district; 22 exact normalized GP overlaps; runner-up margin 19
2021,devaria,deoria sadar,Deoria,Deoria Sadar,1636,exact_block_name_plus_gp_overlap,21,18,1,approved,gp-overlap-contract,2026-09-01,Top LGD block candidate within reviewed district; 21 exact normalized GP overlaps; runner-up margin 18
2021,devaria,deshi deoria,Deoria,Desai Deoria,1637,unique_gp_overlap,12,10,0.916667,approved,gp-overlap-contract,2026-09-01,Top LGD block candidate within reviewed district; 12 exact normalized GP overlaps; runner-up margin 10
2021,devaria,gauribazar,Deoria,Gauri Bazar,1638,unique_gp_overlap,34,32,0.909091,approved,gp-overlap-contract,2026-09-01,Top LGD block candidate within reviewed district; 34 exact normalized GP overlaps; runner-up margin 32
2021,devaria,lar,Deoria,Lar,1639,exact_block_name_plus_gp_overlap,21,19,1,approved,gp-overlap-contract,2026-09-01,Top LGD block candidate within reviewed district; 21 exact normalized GP overlaps; runner-up margin 19
2021,devaria,pathardevaa,Deoria,Pathar Dewa,1640,unique_gp_overlap,20,18,0.727273,approved,gp-overlap-contract,2026-09-01,Top LGD block candidate within reviewed district; 20 exact normalized GP overlaps; runner-up margin 18
2021,devaria,rampur kaarkhana,Deoria,Rampur Karkhana,1641,unique_gp_overlap,18,17,0.9375,approved,gp-overlap-contract,2026-09-01,Top LGD block candidate within reviewed district; 18 exact normalized GP overlaps; runner-up margin 17
2021,devaria,roodrapur,Deoria,Rudrapur,1642,unique_gp_overlap,28,27,0.777778,approved,gp-overlap-contract,2026-09-01,Top LGD block candidate within reviewed district; 28 exact normalized GP overlaps; runner-up margin 27
2021,devaria,salempur,Deoria,Salempur,1643,exact_block_name_plus_gp_overlap,34,31,1,approved,gp-overlap-contract,2026-09-01,Top LGD block candidate within reviewed district; 34 exact normalized GP overlaps; runner-up margin 31
2021,devaria,tarkulwa,Deoria,Tarkalua,1644,unique_gp_overlap,12,9,0.75,approved,gp-overlap-contract,2026-09-01,Top LGD block candidate within reviewed district; 12 exact normalized GP overlaps; runner-up margin 9
2021,eta,aligunj,Etah,Aliganj,1645,unique_gp_overlap,30,29,0.857143,approved,gp-overlap-contract,2026-09-01,Top LGD block candidate within reviewed district; 30 exact normalized GP overlaps; runner-up margin 29
2021,eta,awagarh,Etah,Awagarh,1647,exact_block_name_plus_gp_overlap,22,21,1,approved,gp-overlap-contract,2026-09-01,Top LGD block candidate within reviewed district; 22 exact normalized GP overlaps; runner-up margin 21
2021,eta,jaithara,Etah,Jaithara,1649,exact_block_name_plus_gp_overlap,22,21,1,approved,gp-overlap-contract,2026-09-01,Top LGD block candidate within reviewed district; 22 exact normalized GP overlaps; runner-up margin 21
2021,eta,jalesr,Etah,Jalesar,1650,unique_gp_overlap,22,21,0.857143,approved,gp-overlap-contract,2026-09-01,Top LGD block candidate within reviewed district; 22 exact normalized GP overlaps; runner-up margin 21
2021,eta,marhara,Etah,Marehra,1652,unique_gp_overlap,19,18,0.714286,approved,gp-overlap-contract,2026-09-01,Top LGD block candidate within reviewed district; 19 exact normalized GP overlaps; runner-up margin 18
2021,eta,nidhauli kala,Etah,Nidhauli Kalan,1653,unique_gp_overlap,33,32,0.928571,approved,gp-overlap-contract,2026-09-01,Top LGD block candidate within reviewed district; 33 exact normalized GP overlaps; runner-up margin 32
2021,eta,sakit,Etah,Sakit,1656,exact_block_name_plus_gp_overlap,28,27,1,approved,gp-overlap-contract,2026-09-01,Top LGD block candidate within reviewed district; 28 exact normalized GP overlaps; runner-up margin 27
2021,eta,sheetalpur,Etah,Shitalpur,1657,unique_gp_overlap,36,35,0.8,approved,gp-overlap-contract,2026-09-01,Top LGD block candidate within reviewed district; 36 exact normalized GP overlaps; runner-up margin 35
2021,farrukhabad,badhpur,Farrukhabad,Barhpur,1678,unique_gp_overlap,14,13,0.857143,approved,gp-overlap-contract,2026-09-01,Top LGD block candidate within reviewed district; 14 exact normalized GP overlaps; runner-up margin 13
2021,farrukhabad,kamalganj,Farrukhabad,Kamalganj,1680,exact_block_name_plus_gp_overlap,29,28,1,approved,gp-overlap-contract,2026-09-01,Top LGD block candidate within reviewed district; 29 exact normalized GP overlaps; runner-up margin 28
2021,farrukhabad,kayamganj,Farrukhabad,Kaimganj,1679,unique_gp_overlap,29,28,0.777778,approved,gp-overlap-contract,2026-09-01,Top LGD block candidate within reviewed district; 29 exact normalized GP overlaps; runner-up margin 28
2021,farrukhabad,mohammadabad,Farrukhabad,Mohamdabad,1681,unique_gp_overlap,18,17,0.833333,approved,gp-overlap-contract,2026-09-01,Top LGD block candidate within reviewed district; 18 exact normalized GP overlaps; runner-up margin 17
2021,farrukhabad,nawabganj,Farrukhabad,Nawabganj,1682,exact_block_name_plus_gp_overlap,19,18,1,approved,gp-overlap-contract,2026-09-01,Top LGD block candidate within reviewed district; 19 exact normalized GP overlaps; runner-up margin 18
2021,farrukhabad,raajepur,Farrukhabad,Rajepur,1683,unique_gp_overlap,20,20,0.875,approved,gp-overlap-contract,2026-09-01,Top LGD block candidate within reviewed district; 20 exact normalized GP overlaps; runner-up margin 20
2021,farrukhabad,shamshabaad,Farrukhabad,Shamsabad,1684,unique_gp_overlap,37,36,0.818182,approved,gp-overlap-contract,2026-09-01,Top LGD block candidate within reviewed district; 37 exact normalized GP overlaps; runner-up margin 36
2021,fatehpur,airayan,Fatehpur,Airayan,1685,exact_block_name_plus_gp_overlap,19,19,1,approved,gp-overlap-contract,2026-09-01,Top LGD block candidate within reviewed district; 19 exact normalized GP overlaps; runner-up margin 19
2021,fatehpur,amauli,Fatehpur,Amauli,1686,exact_block_name_plus_gp_overlap,24,23,1,approved,gp-overlap-contract,2026-09-01,Top LGD block candidate within reviewed district; 24 exact normalized GP overlaps; runner-up margin 23
2021,fatehpur,asothar,Fatehpur,Asothar,1687,exact_block_name_plus_gp_overlap,18,15,1,approved,gp-overlap-contract,2026-09-01,Top LGD block candidate within reviewed district; 18 exact normalized GP overlaps; runner-up margin 15
2021,fatehpur,bahua,Fatehpur,Bahua,1688,exact_block_name_plus_gp_overlap,28,26,1,approved,gp-overlap-contract,2026-09-01,Top LGD block candidate within reviewed district; 28 exact normalized GP overlaps; runner-up margin 26
2021,fatehpur,bhitaura,Fatehpur,Bhitaura,1689,exact_block_name_plus_gp_overlap,33,31,1,approved,gp-overlap-contract,2026-09-01,Top LGD block candidate within reviewed district; 33 exact normalized GP overlaps; runner-up margin 31
2021,fatehpur,devmai,Fatehpur,Devmai,1690,exact_block_name_plus_gp_overlap,26,25,1,approved,gp-overlap-contract,2026-09-01,Top LGD block candidate within reviewed district; 26 exact normalized GP overlaps; runner-up margin 25
2021,fatehpur,dhata,Fatehpur,Dhata,1691,exact_block_name_plus_gp_overlap,26,25,1,approved,gp-overlap-contract,2026-09-01,Top LGD block candidate within reviewed district; 26 exact normalized GP overlaps; runner-up margin 25
2021,fatehpur,haswa,Fatehpur,Haswa,1692,exact_block_name_plus_gp_overlap,22,21,1,approved,gp-overlap-contract,2026-09-01,Top LGD block candidate within reviewed district; 22 exact normalized GP overlaps; runner-up margin 21
2021,fatehpur,hatgham,Fatehpur,Hathgaon,1693,unique_gp_overlap,35,33,0.5,approved,gp-overlap-contract,2026-09-01,Top LGD block candidate within reviewed district; 35 exact normalized GP overlaps; runner-up margin 33
2021,fatehpur,khajooha,Fatehpur,Khajuha,1694,unique_gp_overlap,38,35,0.75,approved,gp-overlap-contract,2026-09-01,Top LGD block candidate within reviewed district; 38 exact normalized GP overlaps; runner-up margin 35
2021,fatehpur,malwan,Fatehpur,Malwan,1695,exact_block_name_plus_gp_overlap,25,24,1,approved,gp-overlap-contract,2026-09-01,Top LGD block candidate within reviewed district; 25 exact normalized GP overlaps; runner-up margin 24
2021,fatehpur,teliani,Fatehpur,Telyani,1696,unique_gp_overlap,23,21,0.857143,approved,gp-overlap-contract,2026-09-01,Top LGD block candidate within reviewed district; 23 exact normalized GP overlaps; runner-up margin 21
2021,fatehpur,vijayipur,Fatehpur,Vijayipur,1697,exact_block_name_plus_gp_overlap,23,22,1,approved,gp-overlap-contract,2026-09-01,Top LGD block candidate within reviewed district; 23 exact normalized GP overlaps; runner-up margin 22
2021,firozabad,aaraon,Firozabad,Araon,1698,unique_gp_overlap,19,19,0.833333,approved,gp-overlap-contract,2026-09-01,Top LGD block candidate within reviewed district; 19 exact normalized GP overlaps; runner-up margin 19
2021,firozabad,eka,Firozabad,Eka,1699,exact_block_name_plus_gp_overlap,23,22,1,approved,gp-overlap-contract,2026-09-01,Top LGD block candidate within reviewed district; 23 exact normalized GP overlaps; runner-up margin 22
2021,firozabad,firozabad,Firozabad,Firozabad,1700,exact_block_name_plus_gp_overlap,16,14,1,approved,gp-overlap-contract,2026-09-01,Top LGD block candidate within reviewed district; 16 exact normalized GP overlaps; runner-up margin 14
2021,firozabad,hathwant,Firozabad,Hathwant,1701,exact_block_name_plus_gp_overlap,23,22,1,approved,gp-overlap-contract,2026-09-01,Top LGD block candidate within reviewed district; 23 exact normalized GP overlaps; runner-up margin 22
2021,firozabad,jasrana,Firozabad,Jasrana,1702,exact_block_name_plus_gp_overlap,16,16,1,approved,gp-overlap-contract,2026-09-01,Top LGD block candidate within reviewed district; 16 exact normalized GP overlaps; runner-up margin 16
2021,firozabad,madanpur,Firozabad,Madanpur,1703,exact_block_name_plus_gp_overlap,17,15,1,approved,gp-overlap-contract,2026-09-01,Top LGD block candidate within reviewed district; 17 exact normalized GP overlaps; runner-up margin 15
2021,firozabad,narkhi,Firozabad,Narkhi,1704,exact_block_name_plus_gp_overlap,24,23,1,approved,gp-overlap-contract,2026-09-01,Top LGD block candidate within reviewed district; 24 exact normalized GP overlaps; runner-up margin 23
2021,firozabad,shikohabad,Firozabad,Shikohabad,1705,exact_block_name_plus_gp_overlap,30,29,1,approved,gp-overlap-contract,2026-09-01,Top LGD block candidate within reviewed district; 30 exact normalized GP overlaps; runner-up margin 29
2021,firozabad,tundla,Firozabad,Tundla,1706,exact_block_name_plus_gp_overlap,23,22,1,approved,gp-overlap-contract,2026-09-01,Top LGD block candidate within reviewed district; 23 exact normalized GP overlaps; runner-up margin 22
2021,gautam buddha nagar,dadri,Gautam Buddha Nagar,Dadri,1708,exact_block_name_plus_gp_overlap,11,10,1,approved,gp-overlap-contract,2026-09-01,Top LGD block candidate within reviewed district; 11 exact normalized GP overlaps; runner-up margin 10
2021,gautam buddha nagar,jewar,Gautam Buddha Nagar,Jewar,1710,exact_block_name_plus_gp_overlap,9,8,1,approved,gp-overlap-contract,2026-09-01,Top LGD block candidate within reviewed district; 9 exact normalized GP overlaps; runner-up margin 8
2021,gautam buddha nagar,visarkh,Gautam Buddha Nagar,Bisrakh,1707,unique_gp_overlap,7,7,0.571429,approved,gp-overlap-contract,2026-09-01,Top LGD block candidate within reviewed district; 7 exact normalized GP overlaps; runner-up margin 7
2021,ghaziabad,bhojpur,Ghaziabad,Bhojpur,1711,exact_block_name_plus_gp_overlap,16,16,1,approved,gp-overlap-contract,2026-09-01,Top LGD block candidate within reviewed district; 16 exact normalized GP overlaps; runner-up margin 16
2021,ghaziabad,loni,Ghaziabad,Loni,1715,exact_block_name_plus_gp_overlap,7,7,1,approved,gp-overlap-contract,2026-09-01,Top LGD block candidate within reviewed district; 7 exact normalized GP overlaps; runner-up margin 7
2021,ghaziabad,muradnagar,Ghaziabad,Muradnagar,1716,exact_block_name_plus_gp_overlap,15,15,1,approved,gp-overlap-contract,2026-09-01,Top LGD block candidate within reviewed district; 15 exact normalized GP overlaps; runner-up margin 15
2021,ghaziabad,rajapur,Ghaziabad,Rajapur,1717,exact_block_name_plus_gp_overlap,17,17,1,approved,gp-overlap-contract,2026-09-01,Top LGD block candidate within reviewed district; 17 exact normalized GP overlaps; runner-up margin 17
2021,ghazipur,barachwar,Ghazipur,Varachakwar,1732,unique_gp_overlap,24,22,0.727273,approved,gp-overlap-contract,2026-09-01,Top LGD block candidate within reviewed district; 24 exact normalized GP overlaps; runner-up margin 22
2021,ghazipur,bhadaura,Ghazipur,Bhadaura,1719,exact_block_name_plus_gp_overlap,20,17,1,approved,gp-overlap-contract,2026-09-01,Top LGD block candidate within reviewed district; 20 exact normalized GP overlaps; runner-up margin 17
2021,ghazipur,bhawar kol,Ghazipur,Bhanwarkol,1720,unique_gp_overlap,21,19,0.8,approved,gp-overlap-contract,2026-09-01,Top LGD block candidate within reviewed district; 21 exact normalized GP overlaps; runner-up margin 19
2021,ghazipur,devkali,Ghazipur,Devkali,1721,exact_block_name_plus_gp_overlap,25,23,1,approved,gp-overlap-contract,2026-09-01,Top LGD block candidate within reviewed district; 25 exact normalized GP overlaps; runner-up margin 23
2021,ghazipur,jakhniya,Ghazipur,Jakhania,1723,unique_gp_overlap,24,22,0.75,approved,gp-overlap-contract,2026-09-01,Top LGD block candidate within reviewed district; 24 exact normalized GP overlaps; runner-up margin 22
2021,ghazipur,jamaniya,Ghazipur,Zamania,1734,unique_gp_overlap,25,23,0.75,approved,gp-overlap-contract,2026-09-01,Top LGD block candidate within reviewed district; 25 exact normalized GP overlaps; runner-up margin 23
2021,ghazipur,karanda,Ghazipur,Karanda,1724,exact_block_name_plus_gp_overlap,12,10,1,approved,gp-overlap-contract,2026-09-01,Top LGD block candidate within reviewed district; 12 exact normalized GP overlaps; runner-up margin 10
2021,ghazipur,kasimabad,Ghazipur,Kasimabad,1725,exact_block_name_plus_gp_overlap,34,33,1,approved,gp-overlap-contract,2026-09-01,Top LGD block candidate within reviewed district; 34 exact normalized GP overlaps; runner-up margin 33
2021,ghazipur,manihari,Ghazipur,Manihari,1726,exact_block_name_plus_gp_overlap,18,15,1,approved,gp-overlap-contract,2026-09-01,Top LGD block candidate within reviewed district; 18 exact normalized GP overlaps; runner-up margin 15
2021,ghazipur,mardan,Ghazipur,Mardah,1727,unique_gp_overlap,20,19,0.833333,approved,gp-overlap-contract,2026-09-01,Top LGD block candidate within reviewed district; 20 exact normalized GP overlaps; runner-up margin 19
2021,ghazipur,muhammadabad,Ghazipur,Mohammadabad,1728,unique_gp_overlap,25,24,0.916667,approved,gp-overlap-contract,2026-09-01,Top LGD block candidate within reviewed district; 25 exact normalized GP overlaps; runner-up margin 24
2021,ghazipur,revatipur,Ghazipur,Revatipur,1729,exact_block_name_plus_gp_overlap,10,8,1,approved,gp-overlap-contract,2026-09-01,Top LGD block candidate within reviewed district; 10 exact normalized GP overlaps; runner-up margin 8
2021,ghazipur,sadaat,Ghazipur,Sadat,1730,unique_gp_overlap,17,15,0.833333,approved,gp-overlap-contract,2026-09-01,Top LGD block candidate within reviewed district; 17 exact normalized GP overlaps; runner-up margin 15
2021,ghazipur,sadar,Ghazipur,Ghazipur,1722,unique_gp_overlap,21,19,0.25,approved,gp-overlap-contract,2026-09-01,Top LGD block candidate within reviewed district; 21 exact normalized GP overlaps; runner-up margin 19
2021,ghazipur,saidpur,Ghazipur,Saidpur,1731,exact_block_name_plus_gp_overlap,23,20,1,approved,gp-overlap-contract,2026-09-01,Top LGD block candidate within reviewed district; 23 exact normalized GP overlaps; runner-up margin 20
2021,ghazipur,virano,Ghazipur,Virno,1733,unique_gp_overlap,24,22,0.833333,approved,gp-overlap-contract,2026-09-01,Top LGD block candidate within reviewed district; 24 exact normalized GP overlaps; runner-up margin 22
2021,gonda,belasar,Gonda,Belsar,1736,unique_gp_overlap,15,12,0.857143,approved,gp-overlap-contract,2026-09-01,Top LGD block candidate within reviewed district; 15 exact normalized GP overlaps; runner-up margin 12
2021,gonda,bhabha njot,Gonda,Babhanjot,1735,unique_gp_overlap,20,19,0.818182,approved,gp-overlap-contract,2026-09-01,Top LGD block candidate within reviewed district; 20 exact normalized GP overlaps; runner-up margin 19
2021,gonda,chhapia,Gonda,Chhapia,1737,exact_block_name_plus_gp_overlap,24,22,1,approved,gp-overlap-contract,2026-09-01,Top LGD block candidate within reviewed district; 24 exact normalized GP overlaps; runner-up margin 22
2021,gonda,colonelganj,Gonda,Colonelganj,1738,exact_block_name_plus_gp_overlap,24,22,1,approved,gp-overlap-contract,2026-09-01,Top LGD block candidate within reviewed district; 24 exact normalized GP overlaps; runner-up margin 22
2021,gonda,etiyathok,Gonda,Itiathok,1740,unique_gp_overlap,22,20,0.777778,approved,gp-overlap-contract,2026-09-01,Top LGD block candidate within reviewed district; 22 exact normalized GP overlaps; runner-up margin 20
2021,gonda,haladharamuu,Gonda,Haldharmau,1739,unique_gp_overlap,19,17,0.75,approved,gp-overlap-contract,2026-09-01,Top LGD block candidate within reviewed district; 19 exact normalized GP overlaps; runner-up margin 17
2021,gonda,jhanjhari,Gonda,Jhanjhari,1741,exact_block_name_plus_gp_overlap,29,28,1,approved,gp-overlap-contract,2026-09-01,Top LGD block candidate within reviewed district; 29 exact normalized GP overlaps; runner-up margin 28
2021,gonda,katra bazar,Gonda,Katra Bazar,1742,exact_block_name_plus_gp_overlap,16,14,1,approved,gp-overlap-contract,2026-09-01,Top LGD block candidate within reviewed district; 16 exact normalized GP overlaps; runner-up margin 14
2021,gonda,manakapur,Gonda,Mankapur,1743,unique_gp_overlap,35,32,0.888889,approved,gp-overlap-contract,2026-09-01,Top LGD block candidate within reviewed district; 35 exact normalized GP overlaps; runner-up margin 32
2021,gonda,mujehana,Gonda,Mujehana,1744,exact_block_name_plus_gp_overlap,14,11,1,approved,gp-overlap-contract,2026-09-01,Top LGD block candidate within reviewed district; 14 exact normalized GP overlaps; runner-up margin 11
2021,gonda,nawabganj,Gonda,Nawabganj,1745,exact_block_name_plus_gp_overlap,28,26,1,approved,gp-overlap-contract,2026-09-01,Top LGD block candidate within reviewed district; 28 exact normalized GP overlaps; runner-up margin 26
2021,gonda,pandri kripal,Gonda,Pandri Kripal,1746,exact_block_name_plus_gp_overlap,16,15,1,approved,gp-overlap-contract,2026-09-01,Top LGD block candidate within reviewed district; 16 exact normalized GP overlaps; runner-up margin 15
2021,gonda,parsapur,Gonda,Paraspur,1747,unique_gp_overlap,30,28,0.75,approved,gp-overlap-contract,2026-09-01,Top LGD block candidate within reviewed district; 30 exact normalized GP overlaps; runner-up margin 28
2021,gonda,rupaidih,Gonda,Rupaideeh,1748,unique_gp_overlap,35,33,0.777778,approved,gp-overlap-contract,2026-09-01,Top LGD block candidate within reviewed district; 35 exact normalized GP overlaps; runner-up margin 33
2021,gonda,tarabganj,Gonda,Tarabganj,1749,exact_block_name_plus_gp_overlap,18,15,1,approved,gp-overlap-contract,2026-09-01,Top LGD block candidate within reviewed district; 18 exact normalized GP overlaps; runner-up margin 15
2021,gonda,wazirganj,Gonda,Wazirganj,1750,exact_block_name_plus_gp_overlap,25,23,1,approved,gp-overlap-contract,2026-09-01,Top LGD block candidate within reviewed district; 25 exact normalized GP overlaps; runner-up margin 23
2021,gorakhpur,badhalganj,Gorakhpur,Barhalganj,1752,unique_gp_overlap,14,12,0.9,approved,gp-overlap-contract,2026-09-01,Top LGD block candidate within reviewed district; 14 exact normalized GP overlaps; runner-up margin 12
2021,gorakhpur,belghat,Gorakhpur,Belghat,1753,exact_block_name_plus_gp_overlap,34,31,1,approved,gp-overlap-contract,2026-09-01,Top LGD block candidate within reviewed district; 34 exact normalized GP overlaps; runner-up margin 31
2021,gorakhpur,bhathat,Gorakhpur,Bhathat,1754,exact_block_name_plus_gp_overlap,16,15,1,approved,gp-overlap-contract,2026-09-01,Top LGD block candidate within reviewed district; 16 exact normalized GP overlaps; runner-up margin 15
2021,gorakhpur,bhorohiya,Gorakhpur,Bharohiya,277620,unique_gp_overlap,13,11,0.888889,approved,gp-overlap-contract,2026-09-01,Top LGD block candidate within reviewed district; 13 exact normalized GP overlaps; runner-up margin 11
2021,gorakhpur,bosagaon,Gorakhpur,Bansgaon,1751,unique_gp_overlap,20,19,0.625,approved,gp-overlap-contract,2026-09-01,Top LGD block candidate within reviewed district; 20 exact normalized GP overlaps; runner-up margin 19
2021,gorakhpur,brahmpur,Gorakhpur,Brahmpur,1755,exact_block_name_plus_gp_overlap,15,13,1,approved,gp-overlap-contract,2026-09-01,Top LGD block candidate within reviewed district; 15 exact normalized GP overlaps; runner-up margin 13
2021,gorakhpur,chargaawon,Gorakhpur,Chargawan,1757,unique_gp_overlap,10,8,0.8,approved,gp-overlap-contract,2026-09-01,Top LGD block candidate within reviewed district; 10 exact normalized GP overlaps; runner-up margin 8
2021,gorakhpur,gagaha,Gorakhpur,Gagaha,1758,exact_block_name_plus_gp_overlap,18,16,1,approved,gp-overlap-contract,2026-09-01,Top LGD block candidate within reviewed district; 18 exact normalized GP overlaps; runner-up margin 16
2021,gorakhpur,gola,Gorakhpur,Gola,1759,exact_block_name_plus_gp_overlap,14,13,1,approved,gp-overlap-contract,2026-09-01,Top LGD block candidate within reviewed district; 14 exact normalized GP overlaps; runner-up margin 13
2021,gorakhpur,jungle kaudia,Gorakhpur,Jangal Kaudia,1760,unique_gp_overlap,14,12,0.769231,approved,gp-overlap-contract,2026-09-01,Top LGD block candidate within reviewed district; 14 exact normalized GP overlaps; runner-up margin 12
2021,gorakhpur,kaimpiyarganj,Gorakhpur,Campierganj,1756,unique_gp_overlap,31,28,0.692308,approved,gp-overlap-contract,2026-09-01,Top LGD block candidate within reviewed district; 31 exact normalized GP overlaps; runner-up margin 28
2021,gorakhpur,kauriram,Gorakhpur,Kauri Ram,1761,unique_gp_overlap,24,22,0.888889,approved,gp-overlap-contract,2026-09-01,Top LGD block candidate within reviewed district; 24 exact normalized GP overlaps; runner-up margin 22
2021,gorakhpur,khorabaar,Gorakhpur,Khorabar,1763,unique_gp_overlap,8,7,0.888889,approved,gp-overlap-contract,2026-09-01,Top LGD block candidate within reviewed district; 8 exact normalized GP overlaps; runner-up margin 7
2021,gorakhpur,pali,Gorakhpur,Pali,1764,exact_block_name_plus_gp_overlap,15,12,1,approved,gp-overlap-contract,2026-09-01,Top LGD block candidate within reviewed district; 15 exact normalized GP overlaps; runner-up margin 12
2021,gorakhpur,piparoli,Gorakhpur,Piprauli,1766,unique_gp_overlap,13,12,0.625,approved,gp-overlap-contract,2026-09-01,Top LGD block candidate within reviewed district; 13 exact normalized GP overlaps; runner-up margin 12
2021,gorakhpur,pipraich,Gorakhpur,Pipraich,1765,exact_block_name_plus_gp_overlap,16,12,1,approved,gp-overlap-contract,2026-09-01,Top LGD block candidate within reviewed district; 16 exact normalized GP overlaps; runner-up margin 12
2021,gorakhpur,sahjanwao,Gorakhpur,Sahjanawa,1767,unique_gp_overlap,21,17,0.777778,approved,gp-overlap-contract,2026-09-01,Top LGD block candidate within reviewed district; 21 exact normalized GP overlaps; runner-up margin 17
2021,gorakhpur,sardarnagar,Gorakhpur,Sardarnagar,1768,exact_block_name_plus_gp_overlap,9,7,1,approved,gp-overlap-contract,2026-09-01,Top LGD block candidate within reviewed district; 9 exact normalized GP overlaps; runner-up margin 7
2021,gorakhpur,uruvaon,Gorakhpur,Uruwa,1769,unique_gp_overlap,31,29,0.571429,approved,gp-overlap-contract,2026-09-01,Top LGD block candidate within reviewed district; 31 exact normalized GP overlaps; runner-up margin 29
2021,hamirpur,gohand,Hamirpur,Gohand,1770,exact_block_name_plus_gp_overlap,21,19,1,approved,gp-overlap-contract,2026-09-01,Top LGD block candidate within reviewed district; 21 exact normalized GP overlaps; runner-up margin 19
2021,hamirpur,kurara,Hamirpur,Kurara,1771,exact_block_name_plus_gp_overlap,16,14,1,approved,gp-overlap-contract,2026-09-01,Top LGD block candidate within reviewed district; 16 exact normalized GP overlaps; runner-up margin 14
2021,hamirpur,maudha,Hamirpur,Maudaha,1772,unique_gp_overlap,23,22,0.857143,approved,gp-overlap-contract,2026-09-01,Top LGD block candidate within reviewed district; 23 exact normalized GP overlaps; runner-up margin 22
2021,hamirpur,muskra,Hamirpur,Muskara,1773,unique_gp_overlap,16,15,0.857143,approved,gp-overlap-contract,2026-09-01,Top LGD block candidate within reviewed district; 16 exact normalized GP overlaps; runner-up margin 15
2021,hamirpur,raath,Hamirpur,Rath,1774,unique_gp_overlap,19,18,0.8,approved,gp-overlap-contract,2026-09-01,Top LGD block candidate within reviewed district; 19 exact normalized GP overlaps; runner-up margin 18
2021,hamirpur,sarila,Hamirpur,Sarila,1775,exact_block_name_plus_gp_overlap,17,16,1,approved,gp-overlap-contract,2026-09-01,Top LGD block candidate within reviewed district; 17 exact normalized GP overlaps; runner-up margin 16
2021,hamirpur,sumerpur,Hamirpur,Sumerpur,1776,exact_block_name_plus_gp_overlap,21,20,1,approved,gp-overlap-contract,2026-09-01,Top LGD block candidate within reviewed district; 21 exact normalized GP overlaps; runner-up margin 20
2021,hapur,dhaulana,Hapur,Dhaulana,1712,exact_block_name_plus_gp_overlap,18,16,1,approved,gp-overlap-contract,2026-09-01,Top LGD block candidate within reviewed district; 18 exact normalized GP overlaps; runner-up margin 16
2021,hapur,garhmukteshwar,Hapur,Garh Mukteshwar,1713,unique_gp_overlap,25,24,0.933333,approved,gp-overlap-contract,2026-09-01,Top LGD block candidate within reviewed district; 25 exact normalized GP overlaps; runner-up margin 24
2021,hapur,hapur,Hapur,Hapur,1714,exact_block_name_plus_gp_overlap,31,31,1,approved,gp-overlap-contract,2026-09-01,Top LGD block candidate within reviewed district; 31 exact normalized GP overlaps; runner-up margin 31
2021,hapur,simbhavli,Hapur,Simbhawali,1718,unique_gp_overlap,24,23,0.8,approved,gp-overlap-contract,2026-09-01,Top LGD block candidate within reviewed district; 24 exact normalized GP overlaps; runner-up margin 23
2021,hardoi,ahirorhi,Hardoi,Ahirori,1777,unique_gp_overlap,24,22,0.875,approved,gp-overlap-contract,2026-09-01,Top LGD block candidate within reviewed district; 24 exact normalized GP overlaps; runner-up margin 22
2021,hardoi,barkhani,Hardoi,Bharkhani,1781,unique_gp_overlap,28,26,0.888889,approved,gp-overlap-contract,2026-09-01,Top LGD block candidate within reviewed district; 28 exact normalized GP overlaps; runner-up margin 26
2021,hardoi,bawan,Hardoi,Bawan,1778,exact_block_name_plus_gp_overlap,21,20,1,approved,gp-overlap-contract,2026-09-01,Top LGD block candidate within reviewed district; 21 exact normalized GP overlaps; runner-up margin 20
2021,hardoi,benhadar,Hardoi,Behendar,1779,unique_gp_overlap,28,26,0.625,approved,gp-overlap-contract,2026-09-01,Top LGD block candidate within reviewed district; 28 exact normalized GP overlaps; runner-up margin 26
2021,hardoi,bharawan,Hardoi,Bharawan,1780,exact_block_name_plus_gp_overlap,19,18,1,approved,gp-overlap-contract,2026-09-01,Top LGD block candidate within reviewed district; 19 exact normalized GP overlaps; runner-up margin 18
2021,hardoi,bilgraam,Hardoi,Bilgram,1782,unique_gp_overlap,15,14,0.875,approved,gp-overlap-contract,2026-09-01,Top LGD block candidate within reviewed district; 15 exact normalized GP overlaps; runner-up margin 14
2021,hardoi,hariyawan,Hardoi,Hariyawan,1783,exact_block_name_plus_gp_overlap,22,21,1,approved,gp-overlap-contract,2026-09-01,Top LGD block candidate within reviewed district; 22 exact normalized GP overlaps; runner-up margin 21
2021,hardoi,harpalpur,Hardoi,Harpalpur,1784,exact_block_name_plus_gp_overlap,22,21,1,approved,gp-overlap-contract,2026-09-01,Top LGD block candidate within reviewed district; 22 exact normalized GP overlaps; runner-up margin 21
2021,hardoi,kachauna,Hardoi,Kachauna,1785,exact_block_name_plus_gp_overlap,11,10,1,approved,gp-overlap-contract,2026-09-01,Top LGD block candidate within reviewed district; 11 exact normalized GP overlaps; runner-up margin 10
2021,hardoi,kothawan,Hardoi,Kothawan,1786,exact_block_name_plus_gp_overlap,20,18,1,approved,gp-overlap-contract,2026-09-01,Top LGD block candidate within reviewed district; 20 exact normalized GP overlaps; runner-up margin 18
2021,hardoi,madhauganj,Hardoi,Madhoganj,1787,unique_gp_overlap,26,24,0.8,approved,gp-overlap-contract,2026-09-01,Top LGD block candidate within reviewed district; 26 exact normalized GP overlaps; runner-up margin 24
2021,hardoi,mallawan,Hardoi,Mallawan,1788,exact_block_name_plus_gp_overlap,22,21,1,approved,gp-overlap-contract,2026-09-01,Top LGD block candidate within reviewed district; 22 exact normalized GP overlaps; runner-up margin 21
2021,hardoi,pihani,Hardoi,Pihani,1789,exact_block_name_plus_gp_overlap,22,20,1,approved,gp-overlap-contract,2026-09-01,Top LGD block candidate within reviewed district; 22 exact normalized GP overlaps; runner-up margin 20
2021,hardoi,sandi,Hardoi,Sandi,1790,exact_block_name_plus_gp_overlap,16,15,1,approved,gp-overlap-contract,2026-09-01,Top LGD block candidate within reviewed district; 16 exact normalized GP overlaps; runner-up margin 15
2021,hardoi,sandila,Hardoi,Sandila,1791,exact_block_name_plus_gp_overlap,20,18,1,approved,gp-overlap-contract,2026-09-01,Top LGD block candidate within reviewed district; 20 exact normalized GP overlaps; runner-up margin 18
2021,hardoi,shahabaad,Hardoi,Shahabad,1792,unique_gp_overlap,22,22,0.888889,approved,gp-overlap-contract,2026-09-01,Top LGD block candidate within reviewed district; 22 exact normalized GP overlaps; runner-up margin 22
2021,hardoi,surusa,Hardoi,Sursa,1793,unique_gp_overlap,24,22,0.833333,approved,gp-overlap-contract,2026-09-01,Top LGD block candidate within reviewed district; 24 exact normalized GP overlaps; runner-up margin 22
2021,hardoi,tadiyawan,Hardoi,Tandiyawan,1794,unique_gp_overlap,18,16,0.9,approved,gp-overlap-contract,2026-09-01,Top LGD block candidate within reviewed district; 18 exact normalized GP overlaps; runner-up margin 16
2021,hardoi,todarpur,Hardoi,Todarpur,1795,exact_block_name_plus_gp_overlap,26,24,1,approved,gp-overlap-contract,2026-09-01,Top LGD block candidate within reviewed district; 26 exact normalized GP overlaps; runner-up margin 24
2021,hathras,hasayan,Hathras,Hasayan,1919,exact_block_name_plus_gp_overlap,16,16,1,approved,gp-overlap-contract,2026-09-01,Top LGD block candidate within reviewed district; 16 exact normalized GP overlaps; runner-up margin 16
2021,hathras,hathras,Hathras,Hathras,1920,exact_block_name_plus_gp_overlap,16,15,1,approved,gp-overlap-contract,2026-09-01,Top LGD block candidate within reviewed district; 16 exact normalized GP overlaps; runner-up margin 15
2021,hathras,mursan,Hathras,Mursan,1921,exact_block_name_plus_gp_overlap,31,29,1,approved,gp-overlap-contract,2026-09-01,Top LGD block candidate within reviewed district; 31 exact normalized GP overlaps; runner-up margin 29
2021,hathras,sadabad,Hathras,Sadabad,1922,exact_block_name_plus_gp_overlap,24,22,1,approved,gp-overlap-contract,2026-09-01,Top LGD block candidate within reviewed district; 24 exact normalized GP overlaps; runner-up margin 22
2021,hathras,sahpau,Hathras,Sehpau,1924,unique_gp_overlap,18,16,0.833333,approved,gp-overlap-contract,2026-09-01,Top LGD block candidate within reviewed district; 18 exact normalized GP overlaps; runner-up margin 16
2021,hathras,sasni,Hathras,Sasni,1923,exact_block_name_plus_gp_overlap,24,21,1,approved,gp-overlap-contract,2026-09-01,Top LGD block candidate within reviewed district; 24 exact normalized GP overlaps; runner-up margin 21
2021,hathras,sikandra rao,Hathras,Sikandrarao,1925,unique_gp_overlap,15,14,0.916667,approved,gp-overlap-contract,2026-09-01,Top LGD block candidate within reviewed district; 15 exact normalized GP overlaps; runner-up margin 14
2021,itawah,badh pura,Etawah,Barhpura,1660,unique_gp_overlap,15,15,0.777778,approved,gp-overlap-contract,2026-09-01,Top LGD block candidate within reviewed district; 15 exact normalized GP overlaps; runner-up margin 15
2021,itawah,basrehar,Etawah,Basrehar,1661,exact_block_name_plus_gp_overlap,23,23,1,approved,gp-overlap-contract,2026-09-01,Top LGD block candidate within reviewed district; 23 exact normalized GP overlaps; runner-up margin 23
2021,itawah,bharathana,Etawah,Bharthana,1662,unique_gp_overlap,19,18,0.9,approved,gp-overlap-contract,2026-09-01,Top LGD block candidate within reviewed district; 19 exact normalized GP overlaps; runner-up margin 18
2021,itawah,chakarnagar,Etawah,Chakarnagar,1663,exact_block_name_plus_gp_overlap,10,10,1,approved,gp-overlap-contract,2026-09-01,Top LGD block candidate within reviewed district; 10 exact normalized GP overlaps; runner-up margin 10
2021,itawah,jaswantnagar,Etawah,Jaswantnagar,1664,exact_block_name_plus_gp_overlap,16,16,1,approved,gp-overlap-contract,2026-09-01,Top LGD block candidate within reviewed district; 16 exact normalized GP overlaps; runner-up margin 16
2021,itawah,mahewa,Etawah,Mahewa,1665,exact_block_name_plus_gp_overlap,27,27,1,approved,gp-overlap-contract,2026-09-01,Top LGD block candidate within reviewed district; 27 exact normalized GP overlaps; runner-up margin 27
2021,itawah,saifai,Etawah,Sefai,1666,unique_gp_overlap,14,13,0.666667,approved,gp-overlap-contract,2026-09-01,Top LGD block candidate within reviewed district; 14 exact normalized GP overlaps; runner-up margin 13
2021,itawah,takha,Etawah,Takha,1667,exact_block_name_plus_gp_overlap,13,13,1,approved,gp-overlap-contract,2026-09-01,Top LGD block candidate within reviewed district; 13 exact normalized GP overlaps; runner-up margin 13
2021,jalaun,dakor,Jalaun,Dakore,1796,unique_gp_overlap,29,28,0.833333,approved,gp-overlap-contract,2026-09-01,Top LGD block candidate within reviewed district; 29 exact normalized GP overlaps; runner-up margin 28
2021,jalaun,jalaun,Jalaun,Jalaun,1797,exact_block_name_plus_gp_overlap,29,25,1,approved,gp-overlap-contract,2026-09-01,Top LGD block candidate within reviewed district; 29 exact normalized GP overlaps; runner-up margin 25
2021,jalaun,kadoura,Jalaun,Kadaura,1798,unique_gp_overlap,21,20,0.857143,approved,gp-overlap-contract,2026-09-01,Top LGD block candidate within reviewed district; 21 exact normalized GP overlaps; runner-up margin 20
2021,jalaun,kochan,Jalaun,Konch,1799,unique_gp_overlap,25,25,0.5,approved,gp-overlap-contract,2026-09-01,Top LGD block candidate within reviewed district; 25 exact normalized GP overlaps; runner-up margin 25
2021,jalaun,kuthound,Jalaun,Kuthaund,1800,unique_gp_overlap,21,20,0.875,approved,gp-overlap-contract,2026-09-01,Top LGD block candidate within reviewed district; 21 exact normalized GP overlaps; runner-up margin 20
2021,jalaun,madhaugadh,Jalaun,Madhogarh,1801,unique_gp_overlap,22,22,0.7,approved,gp-overlap-contract,2026-09-01,Top LGD block candidate within reviewed district; 22 exact normalized GP overlaps; runner-up margin 22
2021,jalaun,mahewa,Jalaun,Maheva,1802,unique_gp_overlap,18,16,0.833333,approved,gp-overlap-contract,2026-09-01,Top LGD block candidate within reviewed district; 18 exact normalized GP overlaps; runner-up margin 16
2021,jalaun,nadigaon,Jalaun,Nadigaon,1803,exact_block_name_plus_gp_overlap,29,26,1,approved,gp-overlap-contract,2026-09-01,Top LGD block candidate within reviewed district; 29 exact normalized GP overlaps; runner-up margin 26
2021,jalaun,rampura,Jalaun,Rampura,1804,exact_block_name_plus_gp_overlap,19,18,1,approved,gp-overlap-contract,2026-09-01,Top LGD block candidate within reviewed district; 19 exact normalized GP overlaps; runner-up margin 18
2021,jaunpur,badlapur,Jaunpur,Badla Pur,1805,unique_gp_overlap,42,38,0.888889,approved,gp-overlap-contract,2026-09-01,Top LGD block candidate within reviewed district; 42 exact normalized GP overlaps; runner-up margin 38
2021,jaunpur,barsathi,Jaunpur,Barasathi,1807,unique_gp_overlap,32,29,0.888889,approved,gp-overlap-contract,2026-09-01,Top LGD block candidate within reviewed district; 32 exact normalized GP overlaps; runner-up margin 29
2021,jaunpur,buxa,Jaunpur,Baksha,1806,unique_gp_overlap,20,17,0.333333,approved,gp-overlap-contract,2026-09-01,Top LGD block candidate within reviewed district; 20 exact normalized GP overlaps; runner-up margin 17
2021,jaunpur,dharmapur,Jaunpur,Dharma Pur,1808,unique_gp_overlap,16,14,0.9,approved,gp-overlap-contract,2026-09-01,Top LGD block candidate within reviewed district; 16 exact normalized GP overlaps; runner-up margin 14
2021,jaunpur,dobhi,Jaunpur,Dobhi,1809,exact_block_name_plus_gp_overlap,29,28,1,approved,gp-overlap-contract,2026-09-01,Top LGD block candidate within reviewed district; 29 exact normalized GP overlaps; runner-up margin 28
2021,jaunpur,jalalpur,Jaunpur,Jalal Pur,1810,unique_gp_overlap,28,26,0.888889,approved,gp-overlap-contract,2026-09-01,Top LGD block candidate within reviewed district; 28 exact normalized GP overlaps; runner-up margin 26
2021,jaunpur,karanja kala,Jaunpur,Karanja Kala,1811,exact_block_name_plus_gp_overlap,24,22,1,approved,gp-overlap-contract,2026-09-01,Top LGD block candidate within reviewed district; 24 exact normalized GP overlaps; runner-up margin 22
2021,jaunpur,kerakat,Jaunpur,Kerakat,1812,exact_block_name_plus_gp_overlap,26,24,1,approved,gp-overlap-contract,2026-09-01,Top LGD block candidate within reviewed district; 26 exact normalized GP overlaps; runner-up margin 24
2021,jaunpur,khutahan,Jaunpur,Khuthan,1813,unique_gp_overlap,33,30,0.875,approved,gp-overlap-contract,2026-09-01,Top LGD block candidate within reviewed district; 33 exact normalized GP overlaps; runner-up margin 30
2021,jaunpur,madiyahu,Jaunpur,Mariyahu,1816,unique_gp_overlap,45,41,0.875,approved,gp-overlap-contract,2026-09-01,Top LGD block candidate within reviewed district; 45 exact normalized GP overlaps; runner-up margin 41
2021,jaunpur,maharajganj,Jaunpur,Maharaj Ganj,1815,unique_gp_overlap,33,29,0.916667,approved,gp-overlap-contract,2026-09-01,Top LGD block candidate within reviewed district; 33 exact normalized GP overlaps; runner-up margin 29
2021,jaunpur,muftiganj,Jaunpur,Mufti Ganj,1817,unique_gp_overlap,24,23,0.9,approved,gp-overlap-contract,2026-09-01,Top LGD block candidate within reviewed district; 24 exact normalized GP overlaps; runner-up margin 23
2021,jaunpur,ramnagar,Jaunpur,Ram Nagar,1819,unique_gp_overlap,47,44,0.888889,approved,gp-overlap-contract,2026-09-01,Top LGD block candidate within reviewed district; 47 exact normalized GP overlaps; runner-up margin 44
2021,jaunpur,rampur,Jaunpur,Ram Pur,1820,unique_gp_overlap,41,38,0.857143,approved,gp-overlap-contract,2026-09-01,Top LGD block candidate within reviewed district; 41 exact normalized GP overlaps; runner-up margin 38
2021,jaunpur,sikarara,Jaunpur,Sikrara,1822,unique_gp_overlap,26,23,0.875,approved,gp-overlap-contract,2026-09-01,Top LGD block candidate within reviewed district; 26 exact normalized GP overlaps; runner-up margin 23
2021,jaunpur,srikoni,Jaunpur,Sirkoni,1823,unique_gp_overlap,21,18,0.714286,approved,gp-overlap-contract,2026-09-01,Top LGD block candidate within reviewed district; 21 exact normalized GP overlaps; runner-up margin 18
2021,jaunpur,suitha kala,Jaunpur,Suitha Kala,1824,exact_block_name_plus_gp_overlap,29,25,1,approved,gp-overlap-contract,2026-09-01,Top LGD block candidate within reviewed district; 29 exact normalized GP overlaps; runner-up margin 25
2021,jaunpur,sujangang,Jaunpur,Sujan Ganj,1825,unique_gp_overlap,33,30,0.8,approved,gp-overlap-contract,2026-09-01,Top LGD block candidate within reviewed district; 33 exact normalized GP overlaps; runner-up margin 30
2021,jhanshi,babina,Jhansi,Babina,1826,exact_block_name_plus_gp_overlap,22,21,1,approved,gp-overlap-contract,2026-09-01,Top LGD block candidate within reviewed district; 22 exact normalized GP overlaps; runner-up margin 21
2021,jhanshi,badagaon,Jhansi,Badagaon,1827,exact_block_name_plus_gp_overlap,12,11,1,approved,gp-overlap-contract,2026-09-01,Top LGD block candidate within reviewed district; 12 exact normalized GP overlaps; runner-up margin 11
2021,jhanshi,bamour,Jhansi,Bamaur,1828,unique_gp_overlap,28,26,0.833333,approved,gp-overlap-contract,2026-09-01,Top LGD block candidate within reviewed district; 28 exact normalized GP overlaps; runner-up margin 26
2021,jhanshi,bhangra,Jhansi,Bangra,1829,unique_gp_overlap,20,20,0.857143,approved,gp-overlap-contract,2026-09-01,Top LGD block candidate within reviewed district; 20 exact normalized GP overlaps; runner-up margin 20
2021,jhanshi,chirgaon,Jhansi,Chirgaon,1830,exact_block_name_plus_gp_overlap,16,15,1,approved,gp-overlap-contract,2026-09-01,Top LGD block candidate within reviewed district; 16 exact normalized GP overlaps; runner-up margin 15
2021,jhanshi,gursarai,Jhansi,Gursarai,1831,exact_block_name_plus_gp_overlap,24,23,1,approved,gp-overlap-contract,2026-09-01,Top LGD block candidate within reviewed district; 24 exact normalized GP overlaps; runner-up margin 23
2021,jhanshi,mauranipur,Jhansi,Mauranipur,1832,exact_block_name_plus_gp_overlap,29,27,1,approved,gp-overlap-contract,2026-09-01,Top LGD block candidate within reviewed district; 29 exact normalized GP overlaps; runner-up margin 27
2021,jhanshi,moth,Jhansi,Moth,1833,exact_block_name_plus_gp_overlap,22,20,1,approved,gp-overlap-contract,2026-09-01,Top LGD block candidate within reviewed district; 22 exact normalized GP overlaps; runner-up margin 20
2021,kannauj,chhibramau,Kannauj,Chhibramau,1840,exact_block_name_plus_gp_overlap,29,28,1,approved,gp-overlap-contract,2026-09-01,Top LGD block candidate within reviewed district; 29 exact normalized GP overlaps; runner-up margin 28
2021,kannauj,gugapur,Kannauj,Gughrapur,1841,unique_gp_overlap,6,6,0.777778,approved,gp-overlap-contract,2026-09-01,Top LGD block candidate within reviewed district; 6 exact normalized GP overlaps; runner-up margin 6
2021,kannauj,haseran,Kannauj,Haseran,1842,exact_block_name_plus_gp_overlap,11,10,1,approved,gp-overlap-contract,2026-09-01,Top LGD block candidate within reviewed district; 11 exact normalized GP overlaps; runner-up margin 10
2021,kannauj,jalalabad,Kannauj,Jalalabad,1843,exact_block_name_plus_gp_overlap,13,12,1,approved,gp-overlap-contract,2026-09-01,Top LGD block candidate within reviewed district; 13 exact normalized GP overlaps; runner-up margin 12
2021,kannauj,kannauj,Kannauj,Kannauj,1844,exact_block_name_plus_gp_overlap,3,3,1,approved,manual-low-overlap-review,2026-09-01,Top LGD block candidate within reviewed district; 3 exact normalized GP overlaps; runner-up margin 3
2021,kannauj,saurkh,Kannauj,Saurikh,1845,unique_gp_overlap,23,21,0.857143,approved,gp-overlap-contract,2026-09-01,Top LGD block candidate within reviewed district; 23 exact normalized GP overlaps; runner-up margin 21
2021,kannauj,talgram,Kannauj,Talgram,1846,exact_block_name_plus_gp_overlap,21,20,1,approved,gp-overlap-contract,2026-09-01,Top LGD block candidate within reviewed district; 21 exact normalized GP overlaps; runner-up margin 20
2021,kannauj,umarda,Kannauj,Umarda,1847,exact_block_name_plus_gp_overlap,37,35,1,approved,gp-overlap-contract,2026-09-01,Top LGD block candidate within reviewed district; 37 exact normalized GP overlaps; runner-up margin 35
2021,kanpur dehat,akbarpur,Kanpur Dehat,Akbarpur,1848,exact_block_name_plus_gp_overlap,22,21,1,approved,gp-overlap-contract,2026-09-01,Top LGD block candidate within reviewed district; 22 exact normalized GP overlaps; runner-up margin 21
2021,kanpur dehat,amraudha,Kanpur Dehat,Amrodha,1849,unique_gp_overlap,26,25,0.75,approved,gp-overlap-contract,2026-09-01,Top LGD block candidate within reviewed district; 26 exact normalized GP overlaps; runner-up margin 25
2021,kanpur dehat,derapur,Kanpur Dehat,Derapur,1850,exact_block_name_plus_gp_overlap,21,20,1,approved,gp-overlap-contract,2026-09-01,Top LGD block candidate within reviewed district; 21 exact normalized GP overlaps; runner-up margin 20
2021,kanpur dehat,jhijhak,Kanpur Dehat,Jhinjhak,1851,unique_gp_overlap,21,20,0.875,approved,gp-overlap-contract,2026-09-01,Top LGD block candidate within reviewed district; 21 exact normalized GP overlaps; runner-up margin 20
2021,kanpur dehat,maitha,Kanpur Dehat,Maitha,1852,exact_block_name_plus_gp_overlap,28,26,1,approved,gp-overlap-contract,2026-09-01,Top LGD block candidate within reviewed district; 28 exact normalized GP overlaps; runner-up margin 26
2021,kanpur dehat,malasa,Kanpur Dehat,Malasa,1853,exact_block_name_plus_gp_overlap,25,24,1,approved,gp-overlap-contract,2026-09-01,Top LGD block candidate within reviewed district; 25 exact normalized GP overlaps; runner-up margin 24
2021,kanpur dehat,raj pur,Kanpur Dehat,Rajpur,1854,unique_gp_overlap,27,27,0.857143,approved,gp-overlap-contract,2026-09-01,Top LGD block candidate within reviewed district; 27 exact normalized GP overlaps; runner-up margin 27
2021,kanpur dehat,rasulabad,Kanpur Dehat,Rasulabad,1855,exact_block_name_plus_gp_overlap,23,22,1,approved,gp-overlap-contract,2026-09-01,Top LGD block candidate within reviewed district; 23 exact normalized GP overlaps; runner-up margin 22
2021,kanpur dehat,sandalpur,Kanpur Dehat,Sandalpur,1856,exact_block_name_plus_gp_overlap,23,22,1,approved,gp-overlap-contract,2026-09-01,Top LGD block candidate within reviewed district; 23 exact normalized GP overlaps; runner-up margin 22
2021,kanpur dehat,sarwan kheda,Kanpur Dehat,Sarbankhera,1857,unique_gp_overlap,21,21,0.75,approved,gp-overlap-contract,2026-09-01,Top LGD block candidate within reviewed district; 21 exact normalized GP overlaps; runner-up margin 21
2021,kanpur nagar,bhitar gaon,Kanpur Nagar,Bhitargaon,1858,unique_gp_overlap,32,31,0.909091,approved,gp-overlap-contract,2026-09-01,Top LGD block candidate within reviewed district; 32 exact normalized GP overlaps; runner-up margin 31
2021,kanpur nagar,bilhaur,Kanpur Nagar,Bilhaur,1859,exact_block_name_plus_gp_overlap,33,32,1,approved,gp-overlap-contract,2026-09-01,Top LGD block candidate within reviewed district; 33 exact normalized GP overlaps; runner-up margin 32
2021,kanpur nagar,chaubepur,Kanpur Nagar,Chaubeypur,1860,unique_gp_overlap,25,24,0.9,approved,gp-overlap-contract,2026-09-01,Top LGD block candidate within reviewed district; 25 exact normalized GP overlaps; runner-up margin 24
2021,kanpur nagar,ghatampur,Kanpur Nagar,Ghatampur,1861,exact_block_name_plus_gp_overlap,39,38,1,approved,gp-overlap-contract,2026-09-01,Top LGD block candidate within reviewed district; 39 exact normalized GP overlaps; runner-up margin 38
2021,kanpur nagar,kakwan,Kanpur Nagar,Kakwan,1862,exact_block_name_plus_gp_overlap,8,6,1,approved,gp-overlap-contract,2026-09-01,Top LGD block candidate within reviewed district; 8 exact normalized GP overlaps; runner-up margin 6
2021,kanpur nagar,kalyanpur,Kanpur Nagar,Kalyanpur,1863,exact_block_name_plus_gp_overlap,14,12,1,approved,gp-overlap-contract,2026-09-01,Top LGD block candidate within reviewed district; 14 exact normalized GP overlaps; runner-up margin 12
2021,kanpur nagar,patara,Kanpur Nagar,Patara,1864,exact_block_name_plus_gp_overlap,24,23,1,approved,gp-overlap-contract,2026-09-01,Top LGD block candidate within reviewed district; 24 exact normalized GP overlaps; runner-up margin 23
2021,kanpur nagar,sarasaul,Kanpur Nagar,Sarsol,1865,unique_gp_overlap,16,15,0.625,approved,gp-overlap-contract,2026-09-01,Top LGD block candidate within reviewed district; 16 exact normalized GP overlaps; runner-up margin 15
2021,kanpur nagar,shivrajpur,Kanpur Nagar,Shivrajpur,1866,exact_block_name_plus_gp_overlap,34,33,1,approved,gp-overlap-contract,2026-09-01,Top LGD block candidate within reviewed district; 34 exact normalized GP overlaps; runner-up margin 33
2021,kanpur nagar,vidhnu,Kanpur Nagar,Vidhunu,1867,unique_gp_overlap,22,20,0.857143,approved,gp-overlap-contract,2026-09-01,Top LGD block candidate within reviewed district; 22 exact normalized GP overlaps; runner-up margin 20
2021,kasganj,amanpur,Kasganj,Amanpur,1646,exact_block_name_plus_gp_overlap,15,14,1,approved,gp-overlap-contract,2026-09-01,Top LGD block candidate within reviewed district; 15 exact normalized GP overlaps; runner-up margin 14
2021,kasganj,ganj dundwara,Kasganj,Ganj Dundwara,1648,exact_block_name_plus_gp_overlap,16,15,1,approved,gp-overlap-contract,2026-09-01,Top LGD block candidate within reviewed district; 16 exact normalized GP overlaps; runner-up margin 15
2021,kasganj,kasganj,Kasganj,Kasganj,1651,exact_block_name_plus_gp_overlap,21,19,1,approved,gp-overlap-contract,2026-09-01,Top LGD block candidate within reviewed district; 21 exact normalized GP overlaps; runner-up margin 19
2021,kasganj,patiyali,Kasganj,Patiyali,1654,exact_block_name_plus_gp_overlap,11,11,1,approved,gp-overlap-contract,2026-09-01,Top LGD block candidate within reviewed district; 11 exact normalized GP overlaps; runner-up margin 11
2021,kasganj,sahavar,Kasganj,Sahawar,1655,unique_gp_overlap,18,17,0.857143,approved,gp-overlap-contract,2026-09-01,Top LGD block candidate within reviewed district; 18 exact normalized GP overlaps; runner-up margin 17
2021,kasganj,sidhpura,Kasganj,Sidhpura,1658,exact_block_name_plus_gp_overlap,18,16,1,approved,gp-overlap-contract,2026-09-01,Top LGD block candidate within reviewed district; 18 exact normalized GP overlaps; runner-up margin 16
2021,kasganj,soraun,Kasganj,Soron,1659,unique_gp_overlap,14,14,0.666667,approved,gp-overlap-contract,2026-09-01,Top LGD block candidate within reviewed district; 14 exact normalized GP overlaps; runner-up margin 14
2021,kaushambi,chayal,Kaushambi,Chail,1868,unique_gp_overlap,7,7,0.666667,approved,gp-overlap-contract,2026-09-01,Top LGD block candidate within reviewed district; 7 exact normalized GP overlaps; runner-up margin 7
2021,kaushambi,kada,Kaushambi,Kara,1869,unique_gp_overlap,15,15,0.75,approved,gp-overlap-contract,2026-09-01,Top LGD block candidate within reviewed district; 15 exact normalized GP overlaps; runner-up margin 15
2021,kaushambi,kaushambi,Kaushambi,Kaushambi,1870,exact_block_name_plus_gp_overlap,17,17,1,approved,gp-overlap-contract,2026-09-01,Top LGD block candidate within reviewed district; 17 exact normalized GP overlaps; runner-up margin 17
2021,kaushambi,manjhanpur,Kaushambi,Manjhanpur,1871,exact_block_name_plus_gp_overlap,10,10,1,approved,gp-overlap-contract,2026-09-01,Top LGD block candidate within reviewed district; 10 exact normalized GP overlaps; runner-up margin 10
2021,kaushambi,muratganj,Kaushambi,Mooratganj,1872,unique_gp_overlap,13,13,0.8,approved,gp-overlap-contract,2026-09-01,Top LGD block candidate within reviewed district; 13 exact normalized GP overlaps; runner-up margin 13
2021,kaushambi,newada,Kaushambi,Nevada,1873,unique_gp_overlap,25,24,0.833333,approved,gp-overlap-contract,2026-09-01,Top LGD block candidate within reviewed district; 25 exact normalized GP overlaps; runner-up margin 24
2021,kaushambi,sarsawa,Kaushambi,Sarsawan,1874,unique_gp_overlap,16,15,0.875,approved,gp-overlap-contract,2026-09-01,Top LGD block candidate within reviewed district; 16 exact normalized GP overlaps; runner-up margin 15
2021,kaushambi,sirathu,Kaushambi,Sirathu,1875,exact_block_name_plus_gp_overlap,19,19,1,approved,gp-overlap-contract,2026-09-01,Top LGD block candidate within reviewed district; 19 exact normalized GP overlaps; runner-up margin 19
2021,kushinagar,dudhi,Kushi Nagar,Dudhahi,1891,unique_gp_overlap,10,8,0.714286,approved,gp-overlap-contract,2026-09-01,Top LGD block candidate within reviewed district; 10 exact normalized GP overlaps; runner-up margin 8
2021,kushinagar,fazilnagar,Kushi Nagar,Fazilnagar,1892,exact_block_name_plus_gp_overlap,16,14,1,approved,gp-overlap-contract,2026-09-01,Top LGD block candidate within reviewed district; 16 exact normalized GP overlaps; runner-up margin 14
2021,kushinagar,hata,Kushi Nagar,Hata,1893,exact_block_name_plus_gp_overlap,17,16,1,approved,gp-overlap-contract,2026-09-01,Top LGD block candidate within reviewed district; 17 exact normalized GP overlaps; runner-up margin 16
2021,kushinagar,kaptaiganj,Kushi Nagar,Kaptainganj,1894,unique_gp_overlap,23,20,0.909091,approved,gp-overlap-contract,2026-09-01,Top LGD block candidate within reviewed district; 23 exact normalized GP overlaps; runner-up margin 20
2021,kushinagar,kasaya,Kushi Nagar,Kasaya,1895,exact_block_name_plus_gp_overlap,6,4,1,approved,gp-overlap-contract,2026-09-01,Top LGD block candidate within reviewed district; 6 exact normalized GP overlaps; runner-up margin 4
2021,kushinagar,khadda,Kushi Nagar,Khadda,1896,exact_block_name_plus_gp_overlap,20,16,1,approved,gp-overlap-contract,2026-09-01,Top LGD block candidate within reviewed district; 20 exact normalized GP overlaps; runner-up margin 16
2021,kushinagar,moti chak,Kushi Nagar,Motichak,1897,unique_gp_overlap,13,9,0.888889,approved,gp-overlap-contract,2026-09-01,Top LGD block candidate within reviewed district; 13 exact normalized GP overlaps; runner-up margin 9
2021,kushinagar,nebua naurangia,Kushi Nagar,Nebua Naurangia,1898,exact_block_name_plus_gp_overlap,15,13,1,approved,gp-overlap-contract,2026-09-01,Top LGD block candidate within reviewed district; 15 exact normalized GP overlaps; runner-up margin 13
2021,kushinagar,padrauna,Kushi Nagar,Padrauna,1899,exact_block_name_plus_gp_overlap,27,26,1,approved,gp-overlap-contract,2026-09-01,Top LGD block candidate within reviewed district; 27 exact normalized GP overlaps; runner-up margin 26
2021,kushinagar,ramkola,Kushi Nagar,Ramkola,1900,exact_block_name_plus_gp_overlap,11,8,1,approved,gp-overlap-contract,2026-09-01,Top LGD block candidate within reviewed district; 11 exact normalized GP overlaps; runner-up margin 8
2021,kushinagar,sewarhi,Kushi Nagar,Seorahi,1901,unique_gp_overlap,18,15,0.571429,approved,gp-overlap-contract,2026-09-01,Top LGD block candidate within reviewed district; 18 exact normalized GP overlaps; runner-up margin 15
2021,kushinagar,sukaroli,Kushi Nagar,Sukrauli,1902,unique_gp_overlap,20,16,0.625,approved,gp-overlap-contract,2026-09-01,Top LGD block candidate within reviewed district; 20 exact normalized GP overlaps; runner-up margin 16
2021,kushinagar,tamkuhiraj,Kushi Nagar,Tamkuhiraj,1903,exact_block_name_plus_gp_overlap,19,17,1,approved,gp-overlap-contract,2026-09-01,Top LGD block candidate within reviewed district; 19 exact normalized GP overlaps; runner-up margin 17
2021,kushinagar,vishunpura,Kushi Nagar,Vishunpura,1904,exact_block_name_plus_gp_overlap,17,14,1,approved,gp-overlap-contract,2026-09-01,Top LGD block candidate within reviewed district; 17 exact normalized GP overlaps; runner-up margin 14
2021,lakhimpur khiri,bankeganj,Kheri,Bankeyganj,1876,unique_gp_overlap,18,17,0.9,approved,gp-overlap-contract,2026-09-01,Top LGD block candidate within reviewed district; 18 exact normalized GP overlaps; runner-up margin 17
2021,lakhimpur khiri,behjam,Kheri,Behjam,1877,exact_block_name_plus_gp_overlap,29,25,1,approved,gp-overlap-contract,2026-09-01,Top LGD block candidate within reviewed district; 29 exact normalized GP overlaps; runner-up margin 25
2021,lakhimpur khiri,bijua,Kheri,Bijuwa,1878,unique_gp_overlap,21,19,0.833333,approved,gp-overlap-contract,2026-09-01,Top LGD block candidate within reviewed district; 21 exact normalized GP overlaps; runner-up margin 19
2021,lakhimpur khiri,dhaurhara,Kheri,Dhaurhara,1879,exact_block_name_plus_gp_overlap,18,15,1,approved,gp-overlap-contract,2026-09-01,Top LGD block candidate within reviewed district; 18 exact normalized GP overlaps; runner-up margin 15
2021,lakhimpur khiri,gola kumbhi,Kheri,Kumbhigola,1881,unique_gp_overlap,24,22,0.181818,approved,gp-overlap-contract,2026-09-01,Top LGD block candidate within reviewed district; 24 exact normalized GP overlaps; runner-up margin 22
2021,lakhimpur khiri,isanagar,Kheri,Isanagar,1880,exact_block_name_plus_gp_overlap,23,19,1,approved,gp-overlap-contract,2026-09-01,Top LGD block candidate within reviewed district; 23 exact normalized GP overlaps; runner-up margin 19
2021,lakhimpur khiri,lakhimpur,Kheri,Lakhimpur,1882,exact_block_name_plus_gp_overlap,34,31,1,approved,gp-overlap-contract,2026-09-01,Top LGD block candidate within reviewed district; 34 exact normalized GP overlaps; runner-up margin 31
2021,lakhimpur khiri,mitauli,Kheri,Mitauli,1883,exact_block_name_plus_gp_overlap,33,31,1,approved,gp-overlap-contract,2026-09-01,Top LGD block candidate within reviewed district; 33 exact normalized GP overlaps; runner-up margin 31
2021,lakhimpur khiri,mohammadi,Kheri,Mohammadi,1884,exact_block_name_plus_gp_overlap,28,26,1,approved,gp-overlap-contract,2026-09-01,Top LGD block candidate within reviewed district; 28 exact normalized GP overlaps; runner-up margin 26
2021,lakhimpur khiri,nakha,Kheri,Nakaha,1885,unique_gp_overlap,24,21,0.833333,approved,gp-overlap-contract,2026-09-01,Top LGD block candidate within reviewed district; 24 exact normalized GP overlaps; runner-up margin 21
2021,lakhimpur khiri,nighasan,Kheri,Nighasan,1886,exact_block_name_plus_gp_overlap,9,7,1,approved,gp-overlap-contract,2026-09-01,Top LGD block candidate within reviewed district; 9 exact normalized GP overlaps; runner-up margin 7
2021,lakhimpur khiri,palia,Kheri,Palia,1887,exact_block_name_plus_gp_overlap,10,9,1,approved,gp-overlap-contract,2026-09-01,Top LGD block candidate within reviewed district; 10 exact normalized GP overlaps; runner-up margin 9
2021,lakhimpur khiri,pasgawan,Kheri,Pasgawan,1888,exact_block_name_plus_gp_overlap,39,36,1,approved,gp-overlap-contract,2026-09-01,Top LGD block candidate within reviewed district; 39 exact normalized GP overlaps; runner-up margin 36
2021,lakhimpur khiri,phoolbehad,Kheri,Phoolbehar,1889,unique_gp_overlap,30,27,0.9,approved,gp-overlap-contract,2026-09-01,Top LGD block candidate within reviewed district; 30 exact normalized GP overlaps; runner-up margin 27
2021,lakhimpur khiri,ramiyabehad,Kheri,Ramia Behar,1890,unique_gp_overlap,16,15,0.727273,approved,gp-overlap-contract,2026-09-01,Top LGD block candidate within reviewed district; 16 exact normalized GP overlaps; runner-up margin 15
2021,lalitpur,baar,Lalitpur,Bar,1905,unique_gp_overlap,24,23,0.75,approved,gp-overlap-contract,2026-09-01,Top LGD block candidate within reviewed district; 24 exact normalized GP overlaps; runner-up margin 23
2021,lalitpur,jakhaura,Lalitpur,Jakhaura,1907,exact_block_name_plus_gp_overlap,40,39,1,approved,gp-overlap-contract,2026-09-01,Top LGD block candidate within reviewed district; 40 exact normalized GP overlaps; runner-up margin 39
2021,lalitpur,madaora,Lalitpur,Mandawara,1908,unique_gp_overlap,22,21,0.666667,approved,gp-overlap-contract,2026-09-01,Top LGD block candidate within reviewed district; 22 exact normalized GP overlaps; runner-up margin 21
2021,lalitpur,mahrauni,Lalitpur,Mehroni,1909,unique_gp_overlap,27,26,0.625,approved,gp-overlap-contract,2026-09-01,Top LGD block candidate within reviewed district; 27 exact normalized GP overlaps; runner-up margin 26
2021,lalitpur,talbehat,Lalitpur,Talbehat,1910,exact_block_name_plus_gp_overlap,21,20,1,approved,gp-overlap-contract,2026-09-01,Top LGD block candidate within reviewed district; 21 exact normalized GP overlaps; runner-up margin 20
2021,lalitpur,virddha,Lalitpur,Birdha,1906,unique_gp_overlap,28,26,0.714286,approved,gp-overlap-contract,2026-09-01,Top LGD block candidate within reviewed district; 28 exact normalized GP overlaps; runner-up margin 26
2021,lucknow,bakshi ka talab,Lucknow,Bakshi-Ka-Talab,1911,exact_block_name_plus_gp_overlap,38,35,1,approved,gp-overlap-contract,2026-09-01,Top LGD block candidate within reviewed district; 38 exact normalized GP overlaps; runner-up margin 35
2021,lucknow,chinhat,Lucknow,Chinhat,1912,exact_block_name_plus_gp_overlap,7,7,1,approved,gp-overlap-contract,2026-09-01,Top LGD block candidate within reviewed district; 7 exact normalized GP overlaps; runner-up margin 7
2021,lucknow,gosaiganj,Lucknow,Gosaiganj,1913,exact_block_name_plus_gp_overlap,32,31,1,approved,gp-overlap-contract,2026-09-01,Top LGD block candidate within reviewed district; 32 exact normalized GP overlaps; runner-up margin 31
2021,lucknow,kakori,Lucknow,Kakori,1914,exact_block_name_plus_gp_overlap,20,19,1,approved,gp-overlap-contract,2026-09-01,Top LGD block candidate within reviewed district; 20 exact normalized GP overlaps; runner-up margin 19
2021,lucknow,maal,Lucknow,Mal,1915,unique_gp_overlap,26,25,0.75,approved,gp-overlap-contract,2026-09-01,Top LGD block candidate within reviewed district; 26 exact normalized GP overlaps; runner-up margin 25
2021,lucknow,malihabaad,Lucknow,Malihabad,1916,unique_gp_overlap,28,25,0.9,approved,gp-overlap-contract,2026-09-01,Top LGD block candidate within reviewed district; 28 exact normalized GP overlaps; runner-up margin 25
2021,lucknow,mohanlalganj,Lucknow,Mohanlalganj,1917,exact_block_name_plus_gp_overlap,4,4,1,approved,gp-overlap-contract,2026-09-01,Top LGD block candidate within reviewed district; 4 exact normalized GP overlaps; runner-up margin 4
2021,lucknow,sarojninagar,Lucknow,Sarojaninagar,1918,unique_gp_overlap,2,2,0.923077,approved,manual-low-overlap-review,2026-09-01,Top LGD block candidate within reviewed district; 2 exact normalized GP overlaps; runner-up margin 2
2021,maharajganj,brajamangnaj,Maharajganj,Bridgemanganj,1926,unique_gp_overlap,21,20,0.538462,approved,gp-overlap-contract,2026-09-01,Top LGD block candidate within reviewed district; 21 exact normalized GP overlaps; runner-up margin 20
2021,maharajganj,dhani,Maharajganj,Dhani,1927,exact_block_name_plus_gp_overlap,7,6,1,approved,gp-overlap-contract,2026-09-01,Top LGD block candidate within reviewed district; 7 exact normalized GP overlaps; runner-up margin 6
2021,maharajganj,ferenda,Maharajganj,Pharenda,1936,unique_gp_overlap,11,8,0.625,approved,gp-overlap-contract,2026-09-01,Top LGD block candidate within reviewed district; 11 exact normalized GP overlaps; runner-up margin 8
2021,maharajganj,ghughli,Maharajganj,Ghughli,1928,exact_block_name_plus_gp_overlap,26,22,1,approved,gp-overlap-contract,2026-09-01,Top LGD block candidate within reviewed district; 26 exact normalized GP overlaps; runner-up margin 22
2021,maharajganj,lakshmipur,Maharajganj,Lakshmipur,1929,exact_block_name_plus_gp_overlap,34,31,1,approved,gp-overlap-contract,2026-09-01,Top LGD block candidate within reviewed district; 34 exact normalized GP overlaps; runner-up margin 31
2021,maharajganj,maharajganj sadar,Maharajganj,Mahrajganj,1930,unique_gp_overlap,16,14,0.588235,approved,gp-overlap-contract,2026-09-01,Top LGD block candidate within reviewed district; 16 exact normalized GP overlaps; runner-up margin 14
2021,maharajganj,mithoura,Maharajganj,Mithaura,1931,unique_gp_overlap,26,22,0.875,approved,gp-overlap-contract,2026-09-01,Top LGD block candidate within reviewed district; 26 exact normalized GP overlaps; runner-up margin 22
2021,maharajganj,nautanwa,Maharajganj,Nautanwa,1932,exact_block_name_plus_gp_overlap,36,32,1,approved,gp-overlap-contract,2026-09-01,Top LGD block candidate within reviewed district; 36 exact normalized GP overlaps; runner-up margin 32
2021,maharajganj,nichlaul,Maharajganj,Nichlaul,1933,exact_block_name_plus_gp_overlap,26,23,1,approved,gp-overlap-contract,2026-09-01,Top LGD block candidate within reviewed district; 26 exact normalized GP overlaps; runner-up margin 23
2021,maharajganj,paniyara,Maharajganj,Paniyara,1934,exact_block_name_plus_gp_overlap,33,28,1,approved,gp-overlap-contract,2026-09-01,Top LGD block candidate within reviewed district; 33 exact normalized GP overlaps; runner-up margin 28
2021,maharajganj,partawal,Maharajganj,Partawal,1935,exact_block_name_plus_gp_overlap,18,15,1,approved,gp-overlap-contract,2026-09-01,Top LGD block candidate within reviewed district; 18 exact normalized GP overlaps; runner-up margin 15
2021,maharajganj,siswa bazar,Maharajganj,Siswa,1937,unique_gp_overlap,24,19,0.454545,approved,gp-overlap-contract,2026-09-01,Top LGD block candidate within reviewed district; 24 exact normalized GP overlaps; runner-up margin 19
2021,mahoba,charkhari,Mahoba,Charkhari,1938,exact_block_name_plus_gp_overlap,22,21,1,approved,gp-overlap-contract,2026-09-01,Top LGD block candidate within reviewed district; 22 exact normalized GP overlaps; runner-up margin 21
2021,mahoba,jaitpur,Mahoba,Jaitpur,1939,exact_block_name_plus_gp_overlap,31,29,1,approved,gp-overlap-contract,2026-09-01,Top LGD block candidate within reviewed district; 31 exact normalized GP overlaps; runner-up margin 29
2021,mahoba,kabrai,Mahoba,Kabrai,1940,exact_block_name_plus_gp_overlap,38,36,1,approved,gp-overlap-contract,2026-09-01,Top LGD block candidate within reviewed district; 38 exact normalized GP overlaps; runner-up margin 36
2021,mahoba,panwadi,Mahoba,Panwari,1941,unique_gp_overlap,28,27,0.857143,approved,gp-overlap-contract,2026-09-01,Top LGD block candidate within reviewed district; 28 exact normalized GP overlaps; runner-up margin 27
2021,mainpuri,barnahal,Mainpuri,Barnahal,1942,exact_block_name_plus_gp_overlap,16,16,1,approved,gp-overlap-contract,2026-09-01,Top LGD block candidate within reviewed district; 16 exact normalized GP overlaps; runner-up margin 16
2021,mainpuri,bebar,Mainpuri,Bewar,1943,unique_gp_overlap,32,28,0.8,approved,gp-overlap-contract,2026-09-01,Top LGD block candidate within reviewed district; 32 exact normalized GP overlaps; runner-up margin 28
2021,mainpuri,ghiror,Mainpuri,Ghiror,1944,exact_block_name_plus_gp_overlap,21,20,1,approved,gp-overlap-contract,2026-09-01,Top LGD block candidate within reviewed district; 21 exact normalized GP overlaps; runner-up margin 20
2021,mainpuri,jagir,Mainpuri,Jageer,1945,unique_gp_overlap,13,13,0.666667,approved,gp-overlap-contract,2026-09-01,Top LGD block candidate within reviewed district; 13 exact normalized GP overlaps; runner-up margin 13
2021,mainpuri,karhal,Mainpuri,Karhal,1946,exact_block_name_plus_gp_overlap,24,23,1,approved,gp-overlap-contract,2026-09-01,Top LGD block candidate within reviewed district; 24 exact normalized GP overlaps; runner-up margin 23
2021,mainpuri,kishni,Mainpuri,Kishni,1947,exact_block_name_plus_gp_overlap,18,17,1,approved,gp-overlap-contract,2026-09-01,Top LGD block candidate within reviewed district; 18 exact normalized GP overlaps; runner-up margin 17
2021,mainpuri,kurawli,Mainpuri,Kuraoli,1948,unique_gp_overlap,18,18,0.857143,approved,gp-overlap-contract,2026-09-01,Top LGD block candidate within reviewed district; 18 exact normalized GP overlaps; runner-up margin 18
2021,mainpuri,mainpuri,Mainpuri,Mainpuri,1949,exact_block_name_plus_gp_overlap,15,13,1,approved,gp-overlap-contract,2026-09-01,Top LGD block candidate within reviewed district; 15 exact normalized GP overlaps; runner-up margin 13
2021,mainpuri,sultanganj,Mainpuri,Sultanganj,1950,exact_block_name_plus_gp_overlap,29,28,1,approved,gp-overlap-contract,2026-09-01,Top LGD block candidate within reviewed district; 29 exact normalized GP overlaps; runner-up margin 28
2021,meerut,daurala,Meerut,Daurala,1970,exact_block_name_plus_gp_overlap,12,12,1,approved,gp-overlap-contract,2026-09-01,Top LGD block candidate within reviewed district; 12 exact normalized GP overlaps; runner-up margin 12
2021,meerut,hastinaapur,Meerut,Hastinapur,1971,unique_gp_overlap,13,12,0.909091,approved,gp-overlap-contract,2026-09-01,Top LGD block candidate within reviewed district; 13 exact normalized GP overlaps; runner-up margin 12
2021,meerut,jani khurd,Meerut,Janikhurd,1972,unique_gp_overlap,20,19,0.9,approved,gp-overlap-contract,2026-09-01,Top LGD block candidate within reviewed district; 20 exact normalized GP overlaps; runner-up margin 19
2021,meerut,kharkhauda,Meerut,Kharkhoda,1973,unique_gp_overlap,10,9,0.8,approved,gp-overlap-contract,2026-09-01,Top LGD block candidate within reviewed district; 10 exact normalized GP overlaps; runner-up margin 9
2021,meerut,machhra,Meerut,Machra,1974,unique_gp_overlap,11,10,0.857143,approved,gp-overlap-contract,2026-09-01,Top LGD block candidate within reviewed district; 11 exact normalized GP overlaps; runner-up margin 10
2021,meerut,mawana,Meerut,Mawana Kalan,1975,unique_gp_overlap,16,15,0.5,approved,gp-overlap-contract,2026-09-01,Top LGD block candidate within reviewed district; 16 exact normalized GP overlaps; runner-up margin 15
2021,meerut,meerut,Meerut,Meerut,1976,exact_block_name_plus_gp_overlap,8,7,1,approved,gp-overlap-contract,2026-09-01,Top LGD block candidate within reviewed district; 8 exact normalized GP overlaps; runner-up margin 7
2021,meerut,parikshitgarh,Meerut,Parikshitgarh,1977,exact_block_name_plus_gp_overlap,24,23,1,approved,gp-overlap-contract,2026-09-01,Top LGD block candidate within reviewed district; 24 exact normalized GP overlaps; runner-up margin 23
2021,meerut,rajpura,Meerut,Rajpura,1978,exact_block_name_plus_gp_overlap,15,14,1,approved,gp-overlap-contract,2026-09-01,Top LGD block candidate within reviewed district; 15 exact normalized GP overlaps; runner-up margin 14
2021,meerut,rohta,Meerut,Rohta,1979,exact_block_name_plus_gp_overlap,14,13,1,approved,gp-overlap-contract,2026-09-01,Top LGD block candidate within reviewed district; 14 exact normalized GP overlaps; runner-up margin 13
2021,meerut,sardhana,Meerut,Sardhana,1980,exact_block_name_plus_gp_overlap,11,10,1,approved,gp-overlap-contract,2026-09-01,Top LGD block candidate within reviewed district; 11 exact normalized GP overlaps; runner-up margin 10
2021,meerut,sarurpur khurd,Meerut,Sarurpur Khurd,1981,exact_block_name_plus_gp_overlap,12,11,1,approved,gp-overlap-contract,2026-09-01,Top LGD block candidate within reviewed district; 12 exact normalized GP overlaps; runner-up margin 11
2021,mirzapur,chhaanbe,Mirzapur,Chhanvey,1982,unique_gp_overlap,34,32,0.625,approved,gp-overlap-contract,2026-09-01,Top LGD block candidate within reviewed district; 34 exact normalized GP overlaps; runner-up margin 32
2021,mirzapur,halia,Mirzapur,Hallia,1983,unique_gp_overlap,33,32,0.833333,approved,gp-overlap-contract,2026-09-01,Top LGD block candidate within reviewed district; 33 exact normalized GP overlaps; runner-up margin 32
2021,mirzapur,jamalpur,Mirzapur,Jamalpur,1984,exact_block_name_plus_gp_overlap,26,25,1,approved,gp-overlap-contract,2026-09-01,Top LGD block candidate within reviewed district; 26 exact normalized GP overlaps; runner-up margin 25
2021,mirzapur,kon cheelha,Mirzapur,Kon,1985,unique_gp_overlap,17,14,0.272727,approved,gp-overlap-contract,2026-09-01,Top LGD block candidate within reviewed district; 17 exact normalized GP overlaps; runner-up margin 14
2021,mirzapur,lalganj,Mirzapur,Lalganj,1986,exact_block_name_plus_gp_overlap,11,11,1,approved,gp-overlap-contract,2026-09-01,Top LGD block candidate within reviewed district; 11 exact normalized GP overlaps; runner-up margin 11
2021,mirzapur,majhwan,Mirzapur,Majhawa,1987,unique_gp_overlap,19,18,0.714286,approved,gp-overlap-contract,2026-09-01,Top LGD block candidate within reviewed district; 19 exact normalized GP overlaps; runner-up margin 18
2021,mirzapur,narayanpur,Mirzapur,Narainpur,1989,unique_gp_overlap,22,21,0.8,approved,gp-overlap-contract,2026-09-01,Top LGD block candidate within reviewed district; 22 exact normalized GP overlaps; runner-up margin 21
2021,mirzapur,pahadi,Mirzapur,Pahari,1990,unique_gp_overlap,17,16,0.833333,approved,gp-overlap-contract,2026-09-01,Top LGD block candidate within reviewed district; 17 exact normalized GP overlaps; runner-up margin 16
2021,mirzapur,patehara kala,Mirzapur,Patehra,1991,unique_gp_overlap,26,24,0.538462,approved,gp-overlap-contract,2026-09-01,Top LGD block candidate within reviewed district; 26 exact normalized GP overlaps; runner-up margin 24
2021,mirzapur,rajgadh,Mirzapur,Rajgarh,1992,unique_gp_overlap,39,38,0.857143,approved,gp-overlap-contract,2026-09-01,Top LGD block candidate within reviewed district; 39 exact normalized GP overlaps; runner-up margin 38
2021,mirzapur,seekhad,Mirzapur,Shikhar,1993,unique_gp_overlap,8,7,0.571429,approved,gp-overlap-contract,2026-09-01,Top LGD block candidate within reviewed district; 8 exact normalized GP overlaps; runner-up margin 7
2021,mirzapur,seeti,Mirzapur,Nagar (City),1988,unique_gp_overlap,35,33,0.1,approved,gp-overlap-contract,2026-09-01,Top LGD block candidate within reviewed district; 35 exact normalized GP overlaps; runner-up margin 33
2021,muradabad,bhagatpur tanda,Moradabad,Bhagatpur Tanda,1997,exact_block_name_plus_gp_overlap,18,18,1,approved,gp-overlap-contract,2026-09-01,Top LGD block candidate within reviewed district; 18 exact normalized GP overlaps; runner-up margin 18
2021,muradabad,bilari,Moradabad,Bilari,1998,exact_block_name_plus_gp_overlap,31,29,1,approved,gp-overlap-contract,2026-09-01,Top LGD block candidate within reviewed district; 31 exact normalized GP overlaps; runner-up margin 29
2021,muradabad,chhajlaut,Moradabad,Chhajlet,1999,unique_gp_overlap,16,15,0.777778,approved,gp-overlap-contract,2026-09-01,Top LGD block candidate within reviewed district; 16 exact normalized GP overlaps; runner-up margin 15
2021,muradabad,dilari,Moradabad,Dilari,2000,exact_block_name_plus_gp_overlap,16,15,1,approved,gp-overlap-contract,2026-09-01,Top LGD block candidate within reviewed district; 16 exact normalized GP overlaps; runner-up margin 15
2021,muradabad,dingarpur kundarki,Moradabad,Kundarki,2001,unique_gp_overlap,30,29,0.444444,approved,gp-overlap-contract,2026-09-01,Top LGD block candidate within reviewed district; 30 exact normalized GP overlaps; runner-up margin 29
2021,muradabad,mudhaa pandey,Moradabad,Munda Pandey,2003,unique_gp_overlap,17,16,0.769231,approved,gp-overlap-contract,2026-09-01,Top LGD block candidate within reviewed district; 17 exact normalized GP overlaps; runner-up margin 16
2021,muradabad,muradabad,Moradabad,Moradabad,2002,unique_gp_overlap,15,14,0.888889,approved,gp-overlap-contract,2026-09-01,Top LGD block candidate within reviewed district; 15 exact normalized GP overlaps; runner-up margin 14
2021,muradabad,thakurdwara,Moradabad,Thakurdwara,2006,exact_block_name_plus_gp_overlap,15,15,1,approved,gp-overlap-contract,2026-09-01,Top LGD block candidate within reviewed district; 15 exact normalized GP overlaps; runner-up margin 15
2021,pilibhit,amariya,Pilibhit,Amariya,2021,exact_block_name_plus_gp_overlap,36,33,1,approved,gp-overlap-contract,2026-09-01,Top LGD block candidate within reviewed district; 36 exact normalized GP overlaps; runner-up margin 33
2021,pilibhit,barkheda,Pilibhit,Barkhera,2022,unique_gp_overlap,26,23,0.875,approved,gp-overlap-contract,2026-09-01,Top LGD block candidate within reviewed district; 26 exact normalized GP overlaps; runner-up margin 23
2021,pilibhit,bilsanda,Pilibhit,Bilsanda,2023,exact_block_name_plus_gp_overlap,18,18,1,approved,gp-overlap-contract,2026-09-01,Top LGD block candidate within reviewed district; 18 exact normalized GP overlaps; runner-up margin 18
2021,pilibhit,bisalpur,Pilibhit,Bisalpur,2024,exact_block_name_plus_gp_overlap,18,18,1,approved,gp-overlap-contract,2026-09-01,Top LGD block candidate within reviewed district; 18 exact normalized GP overlaps; runner-up margin 18
2021,pilibhit,lalauri kheda,Pilibhit,Lalaurikhera,2025,unique_gp_overlap,17,16,0.846154,approved,gp-overlap-contract,2026-09-01,Top LGD block candidate within reviewed district; 17 exact normalized GP overlaps; runner-up margin 16
2021,pilibhit,marauri,Pilibhit,Marori,2026,unique_gp_overlap,23,21,0.714286,approved,gp-overlap-contract,2026-09-01,Top LGD block candidate within reviewed district; 23 exact normalized GP overlaps; runner-up margin 21
2021,pilibhit,purnanpur,Pilibhit,Puranpur,2027,unique_gp_overlap,57,55,0.888889,approved,gp-overlap-contract,2026-09-01,Top LGD block candidate within reviewed district; 57 exact normalized GP overlaps; runner-up margin 55
2021,pratapgarh,aspur devsara,Pratapgarh,Aspur Deosara,2028,unique_gp_overlap,21,19,0.923077,approved,gp-overlap-contract,2026-09-01,Top LGD block candidate within reviewed district; 21 exact normalized GP overlaps; runner-up margin 19
2021,pratapgarh,baabaa belkharnath dhaam,Pratapgarh,Baba Belkharnath Dham,2029,unique_gp_overlap,22,20,0.875,approved,gp-overlap-contract,2026-09-01,Top LGD block candidate within reviewed district; 22 exact normalized GP overlaps; runner-up margin 20
2021,pratapgarh,baabaganj,Pratapgarh,Babaganj,2030,unique_gp_overlap,20,18,0.888889,approved,gp-overlap-contract,2026-09-01,Top LGD block candidate within reviewed district; 20 exact normalized GP overlaps; runner-up margin 18
2021,pratapgarh,bihar,Pratapgarh,Bihar,2031,exact_block_name_plus_gp_overlap,17,15,1,approved,gp-overlap-contract,2026-09-01,Top LGD block candidate within reviewed district; 17 exact normalized GP overlaps; runner-up margin 15
2021,pratapgarh,gaura,Pratapgarh,Gaura,2032,exact_block_name_plus_gp_overlap,17,15,1,approved,gp-overlap-contract,2026-09-01,Top LGD block candidate within reviewed district; 17 exact normalized GP overlaps; runner-up margin 15
2021,pratapgarh,kalakankar,Pratapgarh,Kalakankar,2033,exact_block_name_plus_gp_overlap,20,18,1,approved,gp-overlap-contract,2026-09-01,Top LGD block candidate within reviewed district; 20 exact normalized GP overlaps; runner-up margin 18
2021,pratapgarh,kunda,Pratapgarh,Kunda,2034,exact_block_name_plus_gp_overlap,26,25,1,approved,gp-overlap-contract,2026-09-01,Top LGD block candidate within reviewed district; 26 exact normalized GP overlaps; runner-up margin 25
2021,pratapgarh,lakshmanpur,Pratapgarh,Lakshamanpur,2035,unique_gp_overlap,26,23,0.916667,approved,gp-overlap-contract,2026-09-01,Top LGD block candidate within reviewed district; 26 exact normalized GP overlaps; runner-up margin 23
2021,pratapgarh,lalganj,Pratapgarh,Lalganj,2036,exact_block_name_plus_gp_overlap,19,17,1,approved,gp-overlap-contract,2026-09-01,Top LGD block candidate within reviewed district; 19 exact normalized GP overlaps; runner-up margin 17
2021,pratapgarh,magraura,Pratapgarh,Magraura,2037,exact_block_name_plus_gp_overlap,28,27,1,approved,gp-overlap-contract,2026-09-01,Top LGD block candidate within reviewed district; 28 exact normalized GP overlaps; runner-up margin 27
2021,pratapgarh,mandhaata,Pratapgarh,Mandhata,2038,unique_gp_overlap,38,36,0.888889,approved,gp-overlap-contract,2026-09-01,Top LGD block candidate within reviewed district; 38 exact normalized GP overlaps; runner-up margin 36
2021,pratapgarh,patti,Pratapgarh,Patti,2039,exact_block_name_plus_gp_overlap,24,23,1,approved,gp-overlap-contract,2026-09-01,Top LGD block candidate within reviewed district; 24 exact normalized GP overlaps; runner-up margin 23
2021,pratapgarh,rampursangramgarh,Pratapgarh,Rampur Sanramgarh,2041,unique_gp_overlap,22,20,0.882353,approved,gp-overlap-contract,2026-09-01,Top LGD block candidate within reviewed district; 22 exact normalized GP overlaps; runner-up margin 20
2021,pratapgarh,sadar,Pratapgarh,Pratapgarh (Sadar),2040,unique_gp_overlap,13,10,0.3125,approved,gp-overlap-contract,2026-09-01,Top LGD block candidate within reviewed district; 13 exact normalized GP overlaps; runner-up margin 10
2021,pratapgarh,sandwaa chandrika,Pratapgarh,Sandwa Chandrika,2042,unique_gp_overlap,19,16,0.941176,approved,gp-overlap-contract,2026-09-01,Top LGD block candidate within reviewed district; 19 exact normalized GP overlaps; runner-up margin 16
2021,pratapgarh,sangipur,Pratapgarh,Sangipur,2043,exact_block_name_plus_gp_overlap,29,26,1,approved,gp-overlap-contract,2026-09-01,Top LGD block candidate within reviewed district; 29 exact normalized GP overlaps; runner-up margin 26
2021,pratapgarh,shivgarh,Pratapgarh,Shivgarh,2044,exact_block_name_plus_gp_overlap,23,21,1,approved,gp-overlap-contract,2026-09-01,Top LGD block candidate within reviewed district; 23 exact normalized GP overlaps; runner-up margin 21
2021,prayagraj,bahadurpur,Prayagraj,Bahadurpur,1413,exact_block_name_plus_gp_overlap,22,21,1,approved,gp-overlap-contract,2026-09-01,Top LGD block candidate within reviewed district; 22 exact normalized GP overlaps; runner-up margin 21
2021,prayagraj,baharia,Prayagraj,Bahria,1414,unique_gp_overlap,27,26,0.857143,approved,gp-overlap-contract,2026-09-01,Top LGD block candidate within reviewed district; 27 exact normalized GP overlaps; runner-up margin 26
2021,prayagraj,dhanupur,Prayagraj,Dhanupur,1416,exact_block_name_plus_gp_overlap,16,15,1,approved,gp-overlap-contract,2026-09-01,Top LGD block candidate within reviewed district; 16 exact normalized GP overlaps; runner-up margin 15
2021,prayagraj,handiya,Prayagraj,Handia,1417,unique_gp_overlap,17,16,0.857143,approved,gp-overlap-contract,2026-09-01,Top LGD block candidate within reviewed district; 17 exact normalized GP overlaps; runner-up margin 16
2021,prayagraj,jasra,Prayagraj,Jasra,1419,exact_block_name_plus_gp_overlap,26,25,1,approved,gp-overlap-contract,2026-09-01,Top LGD block candidate within reviewed district; 26 exact normalized GP overlaps; runner-up margin 25
2021,prayagraj,karachna,Prayagraj,Karchhana,1420,unique_gp_overlap,24,23,0.666667,approved,gp-overlap-contract,2026-09-01,Top LGD block candidate within reviewed district; 24 exact normalized GP overlaps; runner-up margin 23
2021,prayagraj,kaudhiyara,Prayagraj,Kaudhiyara,1421,exact_block_name_plus_gp_overlap,16,13,1,approved,gp-overlap-contract,2026-09-01,Top LGD block candidate within reviewed district; 16 exact normalized GP overlaps; runner-up margin 13
2021,prayagraj,kaundihar,Prayagraj,Kaurihar,1422,unique_gp_overlap,13,12,0.777778,approved,gp-overlap-contract,2026-09-01,Top LGD block candidate within reviewed district; 13 exact normalized GP overlaps; runner-up margin 12
2021,prayagraj,koraon,Prayagraj,Koraon,1423,exact_block_name_plus_gp_overlap,27,25,1,approved,gp-overlap-contract,2026-09-01,Top LGD block candidate within reviewed district; 27 exact normalized GP overlaps; runner-up margin 25
2021,prayagraj,manda,Prayagraj,Manda,1424,exact_block_name_plus_gp_overlap,13,10,1,approved,gp-overlap-contract,2026-09-01,Top LGD block candidate within reviewed district; 13 exact normalized GP overlaps; runner-up margin 10
2021,prayagraj,mau aima,Prayagraj,Mauaima,1425,unique_gp_overlap,16,14,0.875,approved,gp-overlap-contract,2026-09-01,Top LGD block candidate within reviewed district; 16 exact normalized GP overlaps; runner-up margin 14
2021,prayagraj,meja,Prayagraj,Meja,1426,exact_block_name_plus_gp_overlap,20,18,1,approved,gp-overlap-contract,2026-09-01,Top LGD block candidate within reviewed district; 20 exact normalized GP overlaps; runner-up margin 18
2021,prayagraj,phoolpur,Prayagraj,Phulpur,1427,unique_gp_overlap,17,16,0.75,approved,gp-overlap-contract,2026-09-01,Top LGD block candidate within reviewed district; 17 exact normalized GP overlaps; runner-up margin 16
2021,prayagraj,pratapur,Prayagraj,Pratappur,1428,unique_gp_overlap,22,21,0.888889,approved,gp-overlap-contract,2026-09-01,Top LGD block candidate within reviewed district; 22 exact normalized GP overlaps; runner-up margin 21
2021,prayagraj,saidabad,Prayagraj,Saidabad,1429,exact_block_name_plus_gp_overlap,22,21,1,approved,gp-overlap-contract,2026-09-01,Top LGD block candidate within reviewed district; 22 exact normalized GP overlaps; runner-up margin 21
2021,prayagraj,sorav,Prayagraj,Soraon,1431,unique_gp_overlap,18,17,0.666667,approved,gp-overlap-contract,2026-09-01,Top LGD block candidate within reviewed district; 18 exact normalized GP overlaps; runner-up margin 17
2021,prayagraj,uruwa,Prayagraj,Uruwan,1432,unique_gp_overlap,18,16,0.833333,approved,gp-overlap-contract,2026-09-01,Top LGD block candidate within reviewed district; 18 exact normalized GP overlaps; runner-up margin 16
2021,rae bareli,amawan,Rae Bareli,Amawan,2045,exact_block_name_plus_gp_overlap,21,20,1,approved,gp-overlap-contract,2026-09-01,Top LGD block candidate within reviewed district; 21 exact normalized GP overlaps; runner-up margin 20
2021,rae bareli,bachhrawan,Rae Bareli,Bachharawan,2046,unique_gp_overlap,26,24,0.909091,approved,gp-overlap-contract,2026-09-01,Top LGD block candidate within reviewed district; 26 exact normalized GP overlaps; runner-up margin 24
2021,rae bareli,chhatoh,Rae Bareli,Chhatoh,2048,exact_block_name_plus_gp_overlap,19,18,1,approved,gp-overlap-contract,2026-09-01,Top LGD block candidate within reviewed district; 19 exact normalized GP overlaps; runner-up margin 18
2021,rae bareli,dalmau,Rae Bareli,Dalmau,2049,exact_block_name_plus_gp_overlap,24,23,1,approved,gp-overlap-contract,2026-09-01,Top LGD block candidate within reviewed district; 24 exact normalized GP overlaps; runner-up margin 23
2021,rae bareli,deeha,Rae Bareli,Dih,2051,unique_gp_overlap,19,17,0.4,approved,gp-overlap-contract,2026-09-01,Top LGD block candidate within reviewed district; 19 exact normalized GP overlaps; runner-up margin 17
2021,rae bareli,deenshaahgaura,Rae Bareli,Deenshah Gaura,2050,unique_gp_overlap,10,10,0.857143,approved,gp-overlap-contract,2026-09-01,Top LGD block candidate within reviewed district; 10 exact normalized GP overlaps; runner-up margin 10
2021,rae bareli,harchandpur,Rae Bareli,Harchandpur,2052,exact_block_name_plus_gp_overlap,17,16,1,approved,gp-overlap-contract,2026-09-01,Top LGD block candidate within reviewed district; 17 exact normalized GP overlaps; runner-up margin 16
2021,rae bareli,jagatpur,Rae Bareli,Jagatpur,2053,exact_block_name_plus_gp_overlap,8,7,1,approved,gp-overlap-contract,2026-09-01,Top LGD block candidate within reviewed district; 8 exact normalized GP overlaps; runner-up margin 7
2021,rae bareli,khiro,Rae Bareli,Khiron,2054,unique_gp_overlap,19,18,0.833333,approved,gp-overlap-contract,2026-09-01,Top LGD block candidate within reviewed district; 19 exact normalized GP overlaps; runner-up margin 18
2021,rae bareli,lalganj,Rae Bareli,Lalganj,2055,exact_block_name_plus_gp_overlap,15,13,1,approved,gp-overlap-contract,2026-09-01,Top LGD block candidate within reviewed district; 15 exact normalized GP overlaps; runner-up margin 13
2021,rae bareli,maharajganj,Rae Bareli,Mahrajganj,2056,unique_gp_overlap,26,24,0.909091,approved,gp-overlap-contract,2026-09-01,Top LGD block candidate within reviewed district; 26 exact normalized GP overlaps; runner-up margin 24
2021,rae bareli,rahi,Rae Bareli,Rahi,2057,exact_block_name_plus_gp_overlap,17,14,1,approved,gp-overlap-contract,2026-09-01,Top LGD block candidate within reviewed district; 17 exact normalized GP overlaps; runner-up margin 14
2021,rae bareli,rohanea,Rae Bareli,Rohania,2058,unique_gp_overlap,6,3,0.857143,approved,gp-overlap-contract,2026-09-01,Top LGD block candidate within reviewed district; 6 exact normalized GP overlaps; runner-up margin 3
2021,rae bareli,salon,Rae Bareli,Salon,2059,exact_block_name_plus_gp_overlap,29,28,1,approved,gp-overlap-contract,2026-09-01,Top LGD block candidate within reviewed district; 29 exact normalized GP overlaps; runner-up margin 28
2021,rae bareli,sareni,Rae Bareli,Sareni,2060,exact_block_name_plus_gp_overlap,26,24,1,approved,gp-overlap-contract,2026-09-01,Top LGD block candidate within reviewed district; 26 exact normalized GP overlaps; runner-up margin 24
2021,rae bareli,sataon,Rae Bareli,Sataon,2061,exact_block_name_plus_gp_overlap,17,15,1,approved,gp-overlap-contract,2026-09-01,Top LGD block candidate within reviewed district; 17 exact normalized GP overlaps; runner-up margin 15
2021,rae bareli,shivgarh,Rae Bareli,Shivgarh,2062,exact_block_name_plus_gp_overlap,15,13,1,approved,gp-overlap-contract,2026-09-01,Top LGD block candidate within reviewed district; 15 exact normalized GP overlaps; runner-up margin 13
2021,rae bareli,unchahaar,Rae Bareli,Unchahar,2065,unique_gp_overlap,13,12,0.888889,approved,gp-overlap-contract,2026-09-01,Top LGD block candidate within reviewed district; 13 exact normalized GP overlaps; runner-up margin 12
2021,rampur,bilaaspur,Rampur,Bilaspur,2066,unique_gp_overlap,35,32,0.888889,approved,gp-overlap-contract,2026-09-01,Top LGD block candidate within reviewed district; 35 exact normalized GP overlaps; runner-up margin 32
2021,rampur,chamaraua,Rampur,Chamraon,2067,unique_gp_overlap,29,26,0.666667,approved,gp-overlap-contract,2026-09-01,Top LGD block candidate within reviewed district; 29 exact normalized GP overlaps; runner-up margin 26
2021,rampur,milk,Rampur,Milak,2068,unique_gp_overlap,44,42,0.8,approved,gp-overlap-contract,2026-09-01,Top LGD block candidate within reviewed district; 44 exact normalized GP overlaps; runner-up margin 42
2021,rampur,saidnagar,Rampur,Saidnagar,2069,exact_block_name_plus_gp_overlap,26,23,1,approved,gp-overlap-contract,2026-09-01,Top LGD block candidate within reviewed district; 26 exact normalized GP overlaps; runner-up margin 23
2021,rampur,shahabaad,Rampur,Shahabad,2070,unique_gp_overlap,44,42,0.888889,approved,gp-overlap-contract,2026-09-01,Top LGD block candidate within reviewed district; 44 exact normalized GP overlaps; runner-up margin 42
2021,rampur,swar,Rampur,Suar,2071,unique_gp_overlap,33,28,0.75,approved,gp-overlap-contract,2026-09-01,Top LGD block candidate within reviewed district; 33 exact normalized GP overlaps; runner-up margin 28
2021,saharanpur,baliyakhedi,Saharanpur,Ballia Kheri,2072,unique_gp_overlap,17,16,0.666667,approved,gp-overlap-contract,2026-09-01,Top LGD block candidate within reviewed district; 17 exact normalized GP overlaps; runner-up margin 16
2021,saharanpur,devbanda,Saharanpur,Deoband,2073,unique_gp_overlap,25,23,0.75,approved,gp-overlap-contract,2026-09-01,Top LGD block candidate within reviewed district; 25 exact normalized GP overlaps; runner-up margin 23
2021,saharanpur,gangoh,Saharanpur,Gangoh,2074,exact_block_name_plus_gp_overlap,33,31,1,approved,gp-overlap-contract,2026-09-01,Top LGD block candidate within reviewed district; 33 exact normalized GP overlaps; runner-up margin 31
2021,saharanpur,muzaffarabad,Saharanpur,Muzaffarabad,2075,exact_block_name_plus_gp_overlap,29,26,1,approved,gp-overlap-contract,2026-09-01,Top LGD block candidate within reviewed district; 29 exact normalized GP overlaps; runner-up margin 26
2021,saharanpur,nagal,Saharanpur,Nagal,2076,exact_block_name_plus_gp_overlap,18,16,1,approved,gp-overlap-contract,2026-09-01,Top LGD block candidate within reviewed district; 18 exact normalized GP overlaps; runner-up margin 16
2021,saharanpur,nakud,Saharanpur,Nakur,2077,unique_gp_overlap,28,26,0.8,approved,gp-overlap-contract,2026-09-01,Top LGD block candidate within reviewed district; 28 exact normalized GP overlaps; runner-up margin 26
2021,saharanpur,nanauta,Saharanpur,Nanauta,2078,exact_block_name_plus_gp_overlap,21,19,1,approved,gp-overlap-contract,2026-09-01,Top LGD block candidate within reviewed district; 21 exact normalized GP overlaps; runner-up margin 19
2021,saharanpur,puranka,Saharanpur,Puwarka,2079,unique_gp_overlap,32,30,0.714286,approved,gp-overlap-contract,2026-09-01,Top LGD block candidate within reviewed district; 32 exact normalized GP overlaps; runner-up margin 30
2021,saharanpur,rampur maniharan,Saharanpur,Rampur Maniharan,2080,exact_block_name_plus_gp_overlap,18,16,1,approved,gp-overlap-contract,2026-09-01,Top LGD block candidate within reviewed district; 18 exact normalized GP overlaps; runner-up margin 16
2021,saharanpur,sadholi kadim,Saharanpur,Sadauli Qadeem,2081,unique_gp_overlap,25,20,0.642857,approved,gp-overlap-contract,2026-09-01,Top LGD block candidate within reviewed district; 25 exact normalized GP overlaps; runner-up margin 20
2021,saharanpur,sarsawa,Saharanpur,Sarsawan,2082,unique_gp_overlap,37,33,0.875,approved,gp-overlap-contract,2026-09-01,Top LGD block candidate within reviewed district; 37 exact normalized GP overlaps; runner-up margin 33
2021,sambhal,asamoli,Sambhal,Asmauli,1994,unique_gp_overlap,25,25,0.571429,approved,gp-overlap-contract,2026-09-01,Top LGD block candidate within reviewed district; 25 exact normalized GP overlaps; runner-up margin 25
2021,sambhal,bahjoi,Sambhal,Bahjoi,1995,exact_block_name_plus_gp_overlap,28,27,1,approved,gp-overlap-contract,2026-09-01,Top LGD block candidate within reviewed district; 28 exact normalized GP overlaps; runner-up margin 27
2021,sambhal,gunnaur,Sambhal,Gunnaur,1586,exact_block_name_plus_gp_overlap,21,19,1,approved,gp-overlap-contract,2026-09-01,Top LGD block candidate within reviewed district; 21 exact normalized GP overlaps; runner-up margin 19
2021,sambhal,junawai,Sambhal,Junawai,1589,exact_block_name_plus_gp_overlap,20,20,1,approved,gp-overlap-contract,2026-09-01,Top LGD block candidate within reviewed district; 20 exact normalized GP overlaps; runner-up margin 20
2021,sambhal,panwasa,Sambhal,Panwasa,2004,exact_block_name_plus_gp_overlap,27,27,1,approved,gp-overlap-contract,2026-09-01,Top LGD block candidate within reviewed district; 27 exact normalized GP overlaps; runner-up margin 27
2021,sambhal,rajpura,Sambhal,Rajpura,1592,exact_block_name_plus_gp_overlap,27,25,1,approved,gp-overlap-contract,2026-09-01,Top LGD block candidate within reviewed district; 27 exact normalized GP overlaps; runner-up margin 25
2021,sambhal,sambhal,Sambhal,Sambhal,2005,exact_block_name_plus_gp_overlap,16,16,1,approved,gp-overlap-contract,2026-09-01,Top LGD block candidate within reviewed district; 16 exact normalized GP overlaps; runner-up margin 16
2021,sambhal,wania kheri,Sambhal,Baniyakhera,1996,unique_gp_overlap,20,19,0.636364,approved,gp-overlap-contract,2026-09-01,Top LGD block candidate within reviewed district; 20 exact normalized GP overlaps; runner-up margin 19
2021,sant kabir nagar,baghauli,Sant Kabeer Nagar,Baghauli,2083,exact_block_name_plus_gp_overlap,21,18,1,approved,gp-overlap-contract,2026-09-01,Top LGD block candidate within reviewed district; 21 exact normalized GP overlaps; runner-up margin 18
2021,sant kabir nagar,belhar kala,Sant Kabeer Nagar,Belhar Kala,2084,exact_block_name_plus_gp_overlap,15,14,1,approved,gp-overlap-contract,2026-09-01,Top LGD block candidate within reviewed district; 15 exact normalized GP overlaps; runner-up margin 14
2021,sant kabir nagar,hesarbazar,Sant Kabeer Nagar,Hainsar Bazar,2085,unique_gp_overlap,22,20,0.692308,approved,gp-overlap-contract,2026-09-01,Top LGD block candidate within reviewed district; 22 exact normalized GP overlaps; runner-up margin 20
2021,sant kabir nagar,khalilabad,Sant Kabeer Nagar,Khalilabad,2086,exact_block_name_plus_gp_overlap,29,28,1,approved,gp-overlap-contract,2026-09-01,Top LGD block candidate within reviewed district; 29 exact normalized GP overlaps; runner-up margin 28
2021,sant kabir nagar,mehdawal,Sant Kabeer Nagar,Mehdawal,2087,exact_block_name_plus_gp_overlap,28,26,1,approved,gp-overlap-contract,2026-09-01,Top LGD block candidate within reviewed district; 28 exact normalized GP overlaps; runner-up margin 26
2021,sant kabir nagar,nathnagar,Sant Kabeer Nagar,Nath Nagar,2088,unique_gp_overlap,32,29,0.9,approved,gp-overlap-contract,2026-09-01,Top LGD block candidate within reviewed district; 32 exact normalized GP overlaps; runner-up margin 29
2021,sant kabir nagar,pauli,Sant Kabeer Nagar,Pauli,2089,exact_block_name_plus_gp_overlap,14,13,1,approved,gp-overlap-contract,2026-09-01,Top LGD block candidate within reviewed district; 14 exact normalized GP overlaps; runner-up margin 13
2021,sant kabir nagar,sautha,Sant Kabeer Nagar,Santha,2090,unique_gp_overlap,17,15,0.833333,approved,gp-overlap-contract,2026-09-01,Top LGD block candidate within reviewed district; 17 exact normalized GP overlaps; runner-up margin 15
2021,sant kabir nagar,semriyawa,Sant Kabeer Nagar,Semariyawan,2091,unique_gp_overlap,37,36,0.818182,approved,gp-overlap-contract,2026-09-01,Top LGD block candidate within reviewed district; 37 exact normalized GP overlaps; runner-up margin 36
2021,shahjahnapur,bhawal kheda,Shahjahanpur,Bhawal Khera,2099,unique_gp_overlap,36,35,0.916667,approved,gp-overlap-contract,2026-09-01,Top LGD block candidate within reviewed district; 36 exact normalized GP overlaps; runner-up margin 35
2021,shahjahnapur,daderol,Shahjahanpur,Dadrol,2100,unique_gp_overlap,21,21,0.857143,approved,gp-overlap-contract,2026-09-01,Top LGD block candidate within reviewed district; 21 exact normalized GP overlaps; runner-up margin 21
2021,shahjahnapur,jalalabad,Shahjahanpur,Jalalabad,2102,exact_block_name_plus_gp_overlap,23,22,1,approved,gp-overlap-contract,2026-09-01,Top LGD block candidate within reviewed district; 23 exact normalized GP overlaps; runner-up margin 22
2021,shahjahnapur,jautipur,Shahjahanpur,Jaitipur,2101,unique_gp_overlap,18,15,0.875,approved,gp-overlap-contract,2026-09-01,Top LGD block candidate within reviewed district; 18 exact normalized GP overlaps; runner-up margin 15
2021,shahjahnapur,kalan,Shahjahanpur,Kalan,2103,exact_block_name_plus_gp_overlap,16,14,1,approved,gp-overlap-contract,2026-09-01,Top LGD block candidate within reviewed district; 16 exact normalized GP overlaps; runner-up margin 14
2021,shahjahnapur,kant,Shahjahanpur,Kanth,2104,unique_gp_overlap,21,20,0.8,approved,gp-overlap-contract,2026-09-01,Top LGD block candidate within reviewed district; 21 exact normalized GP overlaps; runner-up margin 20
2021,shahjahnapur,katra khudaganj,Shahjahanpur,Khudaganj Katra,2105,unique_gp_overlap,23,22,0.2,approved,gp-overlap-contract,2026-09-01,Top LGD block candidate within reviewed district; 23 exact normalized GP overlaps; runner-up margin 22
2021,shahjahnapur,khutar,Shahjahanpur,Khutar,2106,exact_block_name_plus_gp_overlap,19,18,1,approved,gp-overlap-contract,2026-09-01,Top LGD block candidate within reviewed district; 19 exact normalized GP overlaps; runner-up margin 18
2021,shahjahnapur,madaanaapur,Shahjahanpur,Madnapur,2107,unique_gp_overlap,20,19,0.727273,approved,gp-overlap-contract,2026-09-01,Top LGD block candidate within reviewed district; 20 exact normalized GP overlaps; runner-up margin 19
2021,shahjahnapur,mirzapur,Shahjahanpur,Mirzapur,2108,exact_block_name_plus_gp_overlap,14,13,1,approved,gp-overlap-contract,2026-09-01,Top LGD block candidate within reviewed district; 14 exact normalized GP overlaps; runner-up margin 13
2021,shahjahnapur,nigonhi,Shahjahanpur,Nigohi,2109,unique_gp_overlap,32,31,0.857143,approved,gp-overlap-contract,2026-09-01,Top LGD block candidate within reviewed district; 32 exact normalized GP overlaps; runner-up margin 31
2021,shahjahnapur,puwaya,Shahjahanpur,Powayan,2110,unique_gp_overlap,24,23,0.714286,approved,gp-overlap-contract,2026-09-01,Top LGD block candidate within reviewed district; 24 exact normalized GP overlaps; runner-up margin 23
2021,shahjahnapur,sindhauli,Shahjahanpur,Sindhauli,2111,exact_block_name_plus_gp_overlap,41,40,1,approved,gp-overlap-contract,2026-09-01,Top LGD block candidate within reviewed district; 41 exact normalized GP overlaps; runner-up margin 40
2021,shahjahnapur,tilhar,Shahjahanpur,Tilhar,2112,exact_block_name_plus_gp_overlap,29,28,1,approved,gp-overlap-contract,2026-09-01,Top LGD block candidate within reviewed district; 29 exact normalized GP overlaps; runner-up margin 28
2021,shahjahnapur,wanda,Shahjahanpur,Banda,2098,unique_gp_overlap,23,22,0.8,approved,gp-overlap-contract,2026-09-01,Top LGD block candidate within reviewed district; 23 exact normalized GP overlaps; runner-up margin 22
2021,shamli,kairana,Shamli,Kairana,2011,exact_block_name_plus_gp_overlap,8,8,1,approved,gp-overlap-contract,2026-09-01,Top LGD block candidate within reviewed district; 8 exact normalized GP overlaps; runner-up margin 8
2021,shamli,kandla,Shamli,Kandhla,2012,unique_gp_overlap,5,5,0.857143,approved,gp-overlap-contract,2026-09-01,Top LGD block candidate within reviewed district; 5 exact normalized GP overlaps; runner-up margin 5
2021,shamli,shamli,Shamli,Shamli,2018,exact_block_name_plus_gp_overlap,12,11,1,approved,gp-overlap-contract,2026-09-01,Top LGD block candidate within reviewed district; 12 exact normalized GP overlaps; runner-up margin 11
2021,shamli,thana bhawan,Shamli,Thana Bhawan,2019,exact_block_name_plus_gp_overlap,12,11,1,approved,gp-overlap-contract,2026-09-01,Top LGD block candidate within reviewed district; 12 exact normalized GP overlaps; runner-up margin 11
2021,shamli,un,Shamli,Un,2020,exact_block_name_plus_gp_overlap,19,19,1,approved,gp-overlap-contract,2026-09-01,Top LGD block candidate within reviewed district; 19 exact normalized GP overlaps; runner-up margin 19
2021,shravasti,gilola,Shravasti,Gilaula,2114,unique_gp_overlap,27,24,0.714286,approved,gp-overlap-contract,2026-09-01,Top LGD block candidate within reviewed district; 27 exact normalized GP overlaps; runner-up margin 24
2021,shravasti,hariharpur rani,Shravasti,Hariharpur Rani,2115,exact_block_name_plus_gp_overlap,25,23,1,approved,gp-overlap-contract,2026-09-01,Top LGD block candidate within reviewed district; 25 exact normalized GP overlaps; runner-up margin 23
2021,shravasti,ikouna,Shravasti,Ekona,2113,unique_gp_overlap,23,20,0.666667,approved,gp-overlap-contract,2026-09-01,Top LGD block candidate within reviewed district; 23 exact normalized GP overlaps; runner-up margin 20
2021,shravasti,jamunha,Shravasti,Jamunaha,2116,unique_gp_overlap,25,24,0.875,approved,gp-overlap-contract,2026-09-01,Top LGD block candidate within reviewed district; 25 exact normalized GP overlaps; runner-up margin 24
2021,shravasti,sirsia,Shravasti,Sirsiya,2117,unique_gp_overlap,38,37,0.857143,approved,gp-overlap-contract,2026-09-01,Top LGD block candidate within reviewed district; 38 exact normalized GP overlaps; runner-up margin 37
2021,siddharth nagar,badhni,Siddharth Nagar,Barhni,2119,unique_gp_overlap,20,18,0.833333,approved,gp-overlap-contract,2026-09-01,Top LGD block candidate within reviewed district; 20 exact normalized GP overlaps; runner-up margin 18
2021,siddharth nagar,bansi,Siddharth Nagar,Bansi,2118,exact_block_name_plus_gp_overlap,18,16,1,approved,gp-overlap-contract,2026-09-01,Top LGD block candidate within reviewed district; 18 exact normalized GP overlaps; runner-up margin 16
2021,siddharth nagar,bhanwaapur,Siddharth Nagar,Bhanwapur,2120,unique_gp_overlap,27,25,0.9,approved,gp-overlap-contract,2026-09-01,Top LGD block candidate within reviewed district; 27 exact normalized GP overlaps; runner-up margin 25
2021,siddharth nagar,dumriaganj,Siddharth Nagar,Domariyaganj,2122,unique_gp_overlap,31,28,0.75,approved,gp-overlap-contract,2026-09-01,Top LGD block candidate within reviewed district; 31 exact normalized GP overlaps; runner-up margin 28
2021,siddharth nagar,itwa,Siddharth Nagar,Itwa,2123,exact_block_name_plus_gp_overlap,17,14,1,approved,gp-overlap-contract,2026-09-01,Top LGD block candidate within reviewed district; 17 exact normalized GP overlaps; runner-up margin 14
2021,siddharth nagar,jogiya,Siddharth Nagar,Jogia,2124,unique_gp_overlap,15,14,0.833333,approved,gp-overlap-contract,2026-09-01,Top LGD block candidate within reviewed district; 15 exact normalized GP overlaps; runner-up margin 14
2021,siddharth nagar,khesarha,Siddharth Nagar,Khesraha,2125,unique_gp_overlap,29,26,0.75,approved,gp-overlap-contract,2026-09-01,Top LGD block candidate within reviewed district; 29 exact normalized GP overlaps; runner-up margin 26
2021,siddharth nagar,khuniyav,Siddharth Nagar,Khuniyaon,2126,unique_gp_overlap,32,30,0.777778,approved,gp-overlap-contract,2026-09-01,Top LGD block candidate within reviewed district; 32 exact normalized GP overlaps; runner-up margin 30
2021,siddharth nagar,lotan bazar,Siddharth Nagar,Lotan,2127,unique_gp_overlap,13,11,0.454545,approved,gp-overlap-contract,2026-09-01,Top LGD block candidate within reviewed district; 13 exact normalized GP overlaps; runner-up margin 11
2021,siddharth nagar,mithwal,Siddharth Nagar,Mithwal,2128,exact_block_name_plus_gp_overlap,26,23,1,approved,gp-overlap-contract,2026-09-01,Top LGD block candidate within reviewed district; 26 exact normalized GP overlaps; runner-up margin 23
2021,siddharth nagar,naugarh,Siddharth Nagar,Naugarh,2129,exact_block_name_plus_gp_overlap,9,8,1,approved,gp-overlap-contract,2026-09-01,Top LGD block candidate within reviewed district; 9 exact normalized GP overlaps; runner-up margin 8
2021,siddharth nagar,shohratgarh,Siddharth Nagar,Shoharatgarh,2130,unique_gp_overlap,11,9,0.916667,approved,gp-overlap-contract,2026-09-01,Top LGD block candidate within reviewed district; 11 exact normalized GP overlaps; runner-up margin 9
2021,siddharth nagar,uskabazar,Siddharth Nagar,Uska Bazar,2131,unique_gp_overlap,14,11,0.9,approved,gp-overlap-contract,2026-09-01,Top LGD block candidate within reviewed district; 14 exact normalized GP overlaps; runner-up margin 11
2021,siddharth nagar,wardpur,Siddharth Nagar,Birdpur,2121,unique_gp_overlap,4,2,0.714286,approved,gp-overlap-contract,2026-09-01,Top LGD block candidate within reviewed district; 4 exact normalized GP overlaps; runner-up margin 2
2021,sitapur,ailiya,Sitapur,Ailiya,2132,exact_block_name_plus_gp_overlap,34,31,1,approved,gp-overlap-contract,2026-09-01,Top LGD block candidate within reviewed district; 34 exact normalized GP overlaps; runner-up margin 31
2021,sitapur,behata,Sitapur,Behta,2133,unique_gp_overlap,35,33,0.833333,approved,gp-overlap-contract,2026-09-01,Top LGD block candidate within reviewed district; 35 exact normalized GP overlaps; runner-up margin 33
2021,sitapur,biswan,Sitapur,Biswan,2134,exact_block_name_plus_gp_overlap,32,29,1,approved,gp-overlap-contract,2026-09-01,Top LGD block candidate within reviewed district; 32 exact normalized GP overlaps; runner-up margin 29
2021,sitapur,gondlamau,Sitapur,Gondlamau,2135,exact_block_name_plus_gp_overlap,25,23,1,approved,gp-overlap-contract,2026-09-01,Top LGD block candidate within reviewed district; 25 exact normalized GP overlaps; runner-up margin 23
2021,sitapur,hargaon,Sitapur,Hargaon,2136,exact_block_name_plus_gp_overlap,32,30,1,approved,gp-overlap-contract,2026-09-01,Top LGD block candidate within reviewed district; 32 exact normalized GP overlaps; runner-up margin 30
2021,sitapur,kasmanda,Sitapur,Kasmanda,2137,exact_block_name_plus_gp_overlap,37,35,1,approved,gp-overlap-contract,2026-09-01,Top LGD block candidate within reviewed district; 37 exact normalized GP overlaps; runner-up margin 35
2021,sitapur,khairbad,Sitapur,Khairabad,2138,unique_gp_overlap,27,25,0.888889,approved,gp-overlap-contract,2026-09-01,Top LGD block candidate within reviewed district; 27 exact normalized GP overlaps; runner-up margin 25
2021,sitapur,laharpur,Sitapur,Laharpur,2139,exact_block_name_plus_gp_overlap,20,17,1,approved,gp-overlap-contract,2026-09-01,Top LGD block candidate within reviewed district; 20 exact normalized GP overlaps; runner-up margin 17
2021,sitapur,machhrehta,Sitapur,Machhrehta,2140,exact_block_name_plus_gp_overlap,35,33,1,approved,gp-overlap-contract,2026-09-01,Top LGD block candidate within reviewed district; 35 exact normalized GP overlaps; runner-up margin 33
2021,sitapur,mahmudabad,Sitapur,Mahmudabad,2141,exact_block_name_plus_gp_overlap,31,28,1,approved,gp-overlap-contract,2026-09-01,Top LGD block candidate within reviewed district; 31 exact normalized GP overlaps; runner-up margin 28
2021,sitapur,maholi,Sitapur,Maholi,2142,exact_block_name_plus_gp_overlap,31,28,1,approved,gp-overlap-contract,2026-09-01,Top LGD block candidate within reviewed district; 31 exact normalized GP overlaps; runner-up margin 28
2021,sitapur,mishrikh,Sitapur,Misrikh,2143,unique_gp_overlap,26,23,0.875,approved,gp-overlap-contract,2026-09-01,Top LGD block candidate within reviewed district; 26 exact normalized GP overlaps; runner-up margin 23
2021,sitapur,pahala,Sitapur,Pahala,2144,exact_block_name_plus_gp_overlap,24,22,1,approved,gp-overlap-contract,2026-09-01,Top LGD block candidate within reviewed district; 24 exact normalized GP overlaps; runner-up margin 22
2021,sitapur,parsendi,Sitapur,Parsendi,2145,exact_block_name_plus_gp_overlap,26,24,1,approved,gp-overlap-contract,2026-09-01,Top LGD block candidate within reviewed district; 26 exact normalized GP overlaps; runner-up margin 24
2021,sitapur,pisawan,Sitapur,Pisawan,2146,exact_block_name_plus_gp_overlap,39,35,1,approved,gp-overlap-contract,2026-09-01,Top LGD block candidate within reviewed district; 39 exact normalized GP overlaps; runner-up margin 35
2021,sitapur,rampurmathura,Sitapur,Rampur Mathura,2147,unique_gp_overlap,26,23,0.928571,approved,gp-overlap-contract,2026-09-01,Top LGD block candidate within reviewed district; 26 exact normalized GP overlaps; runner-up margin 23
2021,sitapur,reusaa,Sitapur,Reusa,2148,unique_gp_overlap,25,22,0.833333,approved,gp-overlap-contract,2026-09-01,Top LGD block candidate within reviewed district; 25 exact normalized GP overlaps; runner-up margin 22
2021,sitapur,sakran,Sitapur,Sakran,2149,exact_block_name_plus_gp_overlap,33,31,1,approved,gp-overlap-contract,2026-09-01,Top LGD block candidate within reviewed district; 33 exact normalized GP overlaps; runner-up margin 31
2021,sitapur,sidhauli,Sitapur,Sidhauli,2150,exact_block_name_plus_gp_overlap,32,29,1,approved,gp-overlap-contract,2026-09-01,Top LGD block candidate within reviewed district; 32 exact normalized GP overlaps; runner-up margin 29
2021,sonbhadra,chatra,Sonbhadra,Chatra,2152,exact_block_name_plus_gp_overlap,14,13,1,approved,gp-overlap-contract,2026-09-01,Top LGD block candidate within reviewed district; 14 exact normalized GP overlaps; runner-up margin 13
2021,sonbhadra,chopan,Sonbhadra,Chopan,2153,exact_block_name_plus_gp_overlap,15,14,1,approved,gp-overlap-contract,2026-09-01,Top LGD block candidate within reviewed district; 15 exact normalized GP overlaps; runner-up margin 14
2021,sonbhadra,duddhi,Sonbhadra,Dudhi,2154,unique_gp_overlap,12,11,0.833333,approved,gp-overlap-contract,2026-09-01,Top LGD block candidate within reviewed district; 12 exact normalized GP overlaps; runner-up margin 11
2021,sonbhadra,ghorawal,Sonbhadra,Ghorawal,2155,exact_block_name_plus_gp_overlap,29,26,1,approved,gp-overlap-contract,2026-09-01,Top LGD block candidate within reviewed district; 29 exact normalized GP overlaps; runner-up margin 26
2021,sonbhadra,karma,Sonbhadra,Karma,297517,exact_block_name_plus_gp_overlap,27,27,1,approved,gp-overlap-contract,2026-09-01,Top LGD block candidate within reviewed district; 27 exact normalized GP overlaps; runner-up margin 27
2021,sonbhadra,kon,Sonbhadra,Kon,297516,exact_block_name_plus_gp_overlap,8,6,1,approved,gp-overlap-contract,2026-09-01,Top LGD block candidate within reviewed district; 8 exact normalized GP overlaps; runner-up margin 6
2021,sonbhadra,myorpur,Sonbhadra,Myorpur,2156,exact_block_name_plus_gp_overlap,18,15,1,approved,gp-overlap-contract,2026-09-01,Top LGD block candidate within reviewed district; 18 exact normalized GP overlaps; runner-up margin 15
2021,sonbhadra,nagwan,Sonbhadra,Nagwa,2157,unique_gp_overlap,9,7,0.833333,approved,gp-overlap-contract,2026-09-01,Top LGD block candidate within reviewed district; 9 exact normalized GP overlaps; runner-up margin 7
2021,sonbhadra,rabartersganj,Sonbhadra,Robertsganj,2158,unique_gp_overlap,30,29,0.692308,approved,gp-overlap-contract,2026-09-01,Top LGD block candidate within reviewed district; 30 exact normalized GP overlaps; runner-up margin 29
2021,sonbhadra,vabhni,Sonbhadra,Babhani,2151,unique_gp_overlap,9,9,0.714286,approved,gp-overlap-contract,2026-09-01,Top LGD block candidate within reviewed district; 9 exact normalized GP overlaps; runner-up margin 9
2021,sultanpur,akhandnagar,Sultanpur,Akhand Nagar,2159,unique_gp_overlap,25,23,0.916667,approved,gp-overlap-contract,2026-09-01,Top LGD block candidate within reviewed district; 25 exact normalized GP overlaps; runner-up margin 23
2021,sultanpur,baldirai,Sultanpur,Baldirai,2161,exact_block_name_plus_gp_overlap,19,18,1,approved,gp-overlap-contract,2026-09-01,Top LGD block candidate within reviewed district; 19 exact normalized GP overlaps; runner-up margin 18
2021,sultanpur,bhadainaya,Sultanpur,Bhadaiya,2162,unique_gp_overlap,33,29,0.8,approved,gp-overlap-contract,2026-09-01,Top LGD block candidate within reviewed district; 33 exact normalized GP overlaps; runner-up margin 29
2021,sultanpur,dhanpatganj,Sultanpur,Dhanpatganj,2165,exact_block_name_plus_gp_overlap,22,20,1,approved,gp-overlap-contract,2026-09-01,Top LGD block candidate within reviewed district; 22 exact normalized GP overlaps; runner-up margin 20
2021,sultanpur,doobepur,Sultanpur,Dubepur,2167,unique_gp_overlap,30,28,0.75,approved,gp-overlap-contract,2026-09-01,Top LGD block candidate within reviewed district; 30 exact normalized GP overlaps; runner-up margin 28
2021,sultanpur,dostpur,Sultanpur,Dostpur,2166,exact_block_name_plus_gp_overlap,22,21,1,approved,gp-overlap-contract,2026-09-01,Top LGD block candidate within reviewed district; 22 exact normalized GP overlaps; runner-up margin 21
2021,sultanpur,jaisinghpur,Sultanpur,Jaisinghpur,2170,exact_block_name_plus_gp_overlap,31,30,1,approved,gp-overlap-contract,2026-09-01,Top LGD block candidate within reviewed district; 31 exact normalized GP overlaps; runner-up margin 30
2021,sultanpur,kadipur,Sultanpur,Kadipur,2172,exact_block_name_plus_gp_overlap,17,15,1,approved,gp-overlap-contract,2026-09-01,Top LGD block candidate within reviewed district; 17 exact normalized GP overlaps; runner-up margin 15
2021,sultanpur,karoundikala,Sultanpur,Karaudikala,6897,unique_gp_overlap,15,15,0.833333,approved,gp-overlap-contract,2026-09-01,Top LGD block candidate within reviewed district; 15 exact normalized GP overlaps; runner-up margin 15
2021,sultanpur,kuddebhar,Sultanpur,Kurebhar,2173,unique_gp_overlap,31,27,0.777778,approved,gp-overlap-contract,2026-09-01,Top LGD block candidate within reviewed district; 31 exact normalized GP overlaps; runner-up margin 27
2021,sultanpur,kudwar,Sultanpur,Kurwar,2174,unique_gp_overlap,29,27,0.833333,approved,gp-overlap-contract,2026-09-01,Top LGD block candidate within reviewed district; 29 exact normalized GP overlaps; runner-up margin 27
2021,sultanpur,lambhua,Sultanpur,Lambhua,2175,exact_block_name_plus_gp_overlap,30,28,1,approved,gp-overlap-contract,2026-09-01,Top LGD block candidate within reviewed district; 30 exact normalized GP overlaps; runner-up margin 28
2021,sultanpur,motigarpur,Sultanpur,Motigarpur,2176,exact_block_name_plus_gp_overlap,18,16,1,approved,gp-overlap-contract,2026-09-01,Top LGD block candidate within reviewed district; 18 exact normalized GP overlaps; runner-up margin 16
2021,sultanpur,pratapur kamecha,Sultanpur,P.P.Kamaicha,2178,unique_gp_overlap,24,20,0.5,approved,gp-overlap-contract,2026-09-01,Top LGD block candidate within reviewed district; 24 exact normalized GP overlaps; runner-up margin 20
2021,unnao,asoha,Unnao,Asoha,2182,exact_block_name_plus_gp_overlap,21,18,1,approved,gp-overlap-contract,2026-09-01,Top LGD block candidate within reviewed district; 21 exact normalized GP overlaps; runner-up margin 18
2021,unnao,auras,Unnao,Auras,2183,exact_block_name_plus_gp_overlap,11,10,1,approved,gp-overlap-contract,2026-09-01,Top LGD block candidate within reviewed district; 11 exact normalized GP overlaps; runner-up margin 10
2021,unnao,bangarmau,Unnao,Bangarmau,2184,exact_block_name_plus_gp_overlap,9,8,1,approved,gp-overlap-contract,2026-09-01,Top LGD block candidate within reviewed district; 9 exact normalized GP overlaps; runner-up margin 8
2021,unnao,bichiya,Unnao,Bichhiya,2185,unique_gp_overlap,24,23,0.875,approved,gp-overlap-contract,2026-09-01,Top LGD block candidate within reviewed district; 24 exact normalized GP overlaps; runner-up margin 23
2021,unnao,bighapur,Unnao,Bighapur,2186,exact_block_name_plus_gp_overlap,20,19,1,approved,gp-overlap-contract,2026-09-01,Top LGD block candidate within reviewed district; 20 exact normalized GP overlaps; runner-up margin 19
2021,unnao,fatehpur chaurasi,Unnao,Fatehpur Chaurasi,2187,exact_block_name_plus_gp_overlap,8,8,1,approved,gp-overlap-contract,2026-09-01,Top LGD block candidate within reviewed district; 8 exact normalized GP overlaps; runner-up margin 8
2021,unnao,ganj muradadaad,Unnao,Ganj Moradabad,2188,unique_gp_overlap,9,8,0.8,approved,gp-overlap-contract,2026-09-01,Top LGD block candidate within reviewed district; 9 exact normalized GP overlaps; runner-up margin 8
2021,unnao,hasan ganj,Unnao,Hasanganj,2189,unique_gp_overlap,27,26,0.9,approved,gp-overlap-contract,2026-09-01,Top LGD block candidate within reviewed district; 27 exact normalized GP overlaps; runner-up margin 26
2021,unnao,hilauli,Unnao,Hilauli,2190,exact_block_name_plus_gp_overlap,18,17,1,approved,gp-overlap-contract,2026-09-01,Top LGD block candidate within reviewed district; 18 exact normalized GP overlaps; runner-up margin 17
2021,unnao,miyoganj,Unnao,Mianganj,2191,unique_gp_overlap,18,16,0.75,approved,gp-overlap-contract,2026-09-01,Top LGD block candidate within reviewed district; 18 exact normalized GP overlaps; runner-up margin 16
2021,unnao,nawabganj,Unnao,Nawabganj,2192,exact_block_name_plus_gp_overlap,17,15,1,approved,gp-overlap-contract,2026-09-01,Top LGD block candidate within reviewed district; 17 exact normalized GP overlaps; runner-up margin 15
2021,unnao,purwa,Unnao,Purwa,2193,exact_block_name_plus_gp_overlap,11,11,1,approved,gp-overlap-contract,2026-09-01,Top LGD block candidate within reviewed district; 11 exact normalized GP overlaps; runner-up margin 11
2021,unnao,safipur,Unnao,Safipur,2194,exact_block_name_plus_gp_overlap,12,11,1,approved,gp-overlap-contract,2026-09-01,Top LGD block candidate within reviewed district; 12 exact normalized GP overlaps; runner-up margin 11
2021,unnao,si0 sirosi,Unnao,Sikandarpur Sarausi,2196,unique_gp_overlap,24,23,0.368421,approved,gp-overlap-contract,2026-09-01,Top LGD block candidate within reviewed district; 24 exact normalized GP overlaps; runner-up margin 23
2021,unnao,sikandarpur karan,Unnao,Sikandarpur Karan,2195,exact_block_name_plus_gp_overlap,28,27,1,approved,gp-overlap-contract,2026-09-01,Top LGD block candidate within reviewed district; 28 exact normalized GP overlaps; runner-up margin 27
2021,unnao,sumerpur,Unnao,Sumerpur,2197,exact_block_name_plus_gp_overlap,25,24,1,approved,gp-overlap-contract,2026-09-01,Top LGD block candidate within reviewed district; 25 exact normalized GP overlaps; runner-up margin 24
2021,varanasi,araji lines,Varanasi,Arajiline,2198,unique_gp_overlap,50,45,0.818182,approved,gp-overlap-contract,2026-09-01,Top LGD block candidate within reviewed district; 50 exact normalized GP overlaps; runner-up margin 45
2021,varanasi,badagaon,Varanasi,Baragaon,2199,unique_gp_overlap,27,25,0.875,approved,gp-overlap-contract,2026-09-01,Top LGD block candidate within reviewed district; 27 exact normalized GP overlaps; runner-up margin 25
2021,varanasi,chiraigaon,Varanasi,Chiraigaon,2200,exact_block_name_plus_gp_overlap,36,32,1,approved,gp-overlap-contract,2026-09-01,Top LGD block candidate within reviewed district; 36 exact normalized GP overlaps; runner-up margin 32
2021,varanasi,cholapur,Varanasi,Cholapur,2201,exact_block_name_plus_gp_overlap,35,32,1,approved,gp-overlap-contract,2026-09-01,Top LGD block candidate within reviewed district; 35 exact normalized GP overlaps; runner-up margin 32
2021,varanasi,harhua,Varanasi,Harahua,2202,unique_gp_overlap,33,31,0.857143,approved,gp-overlap-contract,2026-09-01,Top LGD block candidate within reviewed district; 33 exact normalized GP overlaps; runner-up margin 31
2021,varanasi,kashividyapeeth,Varanasi,Kashi Vidyapeeth,2203,unique_gp_overlap,30,26,0.9375,approved,gp-overlap-contract,2026-09-01,Top LGD block candidate within reviewed district; 30 exact normalized GP overlaps; runner-up margin 26
2021,varanasi,pindra,Varanasi,Pindra,2204,exact_block_name_plus_gp_overlap,52,45,1,approved,gp-overlap-contract,2026-09-01,Top LGD block candidate within reviewed district; 52 exact normalized GP overlaps; runner-up margin 45
2021,varanasi,sewapuri,Varanasi,Sevapuri,2205,unique_gp_overlap,42,39,0.875,approved,gp-overlap-contract,2026-09-01,Top LGD block candidate within reviewed district; 42 exact normalized GP overlaps; runner-up margin 39
