election_gp_key,canonical_group,gp_name_left,raw_district,raw_block,raw_gp_name,left_index,lgd_gp_code,canonical_group_right,gp_name_right,lgd_district,lgd_block,lgd_gp_name,right_index,gp_name_score,score,decision,reviewer,reviewed_at,notes
up2021__247047,1834,lodhipur bamjhra,Amroha,Amroha,Lodhipur Bamjhra,162754,264880,1834,lodipurawa mjara,Amroha,Amroha,Lodipurawa Mjara,32805,0.8766025641025642,0.8766025641025642,,,,
up2021__297426,1834,noraahan,Amroha,Amroha,Noraahan,162780,238630,1834,naurahan,Amroha,Amroha,Naurahan,40045,0.8821428571428571,0.8821428571428571,,,,
up2021__306586,1834,bibada kala,Amroha,Amroha,Bibada Kala,162787,238588,1834,bibra kalan,Amroha,Amroha,Bibra Kalan,10619,0.8632996632996633,0.8632996632996633,,,,
up2021__422936,1834,sultanpur jahur hasan,Amroha,Amroha,Sultanpur Jahur Hasan,162804,264844,1834,sultaanpur zahoor hasan,Amroha,Amroha,Sultaanpur Zahoor Hasan,54172,0.8830118775198866,0.8830118775198866,,,,
up2021__394999,1834,beedba khurd,Amroha,Amroha,Beedba Khurd,162810,238589,1834,bibra khurd,Amroha,Amroha,Bibra Khurd,10620,0.8704545454545455,0.8704545454545455,,,,
up2021__324504,1834,jabdi,Amroha,Amroha,Jabdi,162818,238608,1834,jabdi urf muneempur,Amroha,Amroha,Jabdi Urf Muneempur,23125,0.8526315789473684,0.8526315789473684,,,,
up2021__368772,1834,baskhedi,Amroha,Amroha,Baskhedi,162826,238582,1834,bans kheri,Amroha,Amroha,Bans Kheri,5780,0.8866666666666667,0.8866666666666667,,,,
up2021__209609,1834,aparola mayabaug,Amroha,Amroha,Aparola Mayabaug,162842,238577,1834,apraula may bag,Amroha,Amroha,Apraula May Bag,2224,0.8734188034188034,0.8734188034188034,,,,
up2021__394959,1837,nirayavali,Amroha,Gangeshwari,Nirayavali,162870,265210,1837,niryabli,Amroha,Gangeshwari,Niryabli,40750,0.8674999999999999,0.8674999999999999,,,,
up2021__390512,1837,patai khadar,Amroha,Gangeshwari,Patai Khadar,162875,238834,1837,patei khadar,Amroha,Gangeshwari,Patei Khadar,43163,0.8974747474747474,0.8974747474747474,,,,
up2021__350521,1837,farauta,Amroha,Gangeshwari,Farauta,162882,265211,1837,faronta,Amroha,Gangeshwari,Faronta,17743,0.8666666666666668,0.8666666666666668,,,,
up2021__245457,1837,gangatkala,Amroha,Gangeshwari,Gangatkala,162884,265208,1837,gangadh kola,Amroha,Gangeshwari,Gangadh Kola,18611,0.8683333333333333,0.8683333333333333,,,,
up2021__282453,1837,shakar a uli,Amroha,Gangeshwari,Shakar a uli,162887,238843,1837,sakrauli,Amroha,Gangeshwari,Sakrauli,49042,0.8625,0.8625,,,,
up2021__319631,1837,dahri goojar,Amroha,Gangeshwari,Dahri Goojar,162897,238806,1837,dehri gujar,Amroha,Gangeshwari,Dehri Gujar,15059,0.8704545454545455,0.8704545454545455,,,,
up2021__258400,1837,jallopuru mu,Amroha,Gangeshwari,Jallopuru Mu,162903,265217,1837,jllopur must,Amroha,Gangeshwari,Jllopur Must,25112,0.8700000000000001,0.8700000000000001,,,,
up2021__233151,1837,ukawali mu,Amroha,Gangeshwari,Ukawali Mu,162911,265220,1837,ukabli mustt,Amroha,Gangeshwari,Ukabli Mustt,56695,0.8755555555555556,0.8755555555555556,,,,
up2021__268251,1837,pathara eto,Amroha,Gangeshwari,Pathara eto,162912,238835,1837,pathera ahtamali,Amroha,Gangeshwari,Pathera Ahtamali,43215,0.8868181818181818,0.8868181818181818,,,,
up2021__401422,1837,paurora mu,Amroha,Gangeshwari,Paurora Mu,162914,238837,1837,paurara,Amroha,Gangeshwari,Paurara,43440,0.858095238095238,0.858095238095238,,,,
up2021__228939,1837,chaachaura,Amroha,Gangeshwari,Chaachaura,162924,238797,1837,chachaura,Amroha,Gangeshwari,Chachaura,11886,0.8988888888888888,0.8988888888888888,,,,
up2021__359995,1837,guraitha,Amroha,Gangeshwari,Guraitha,162927,238815,1837,guretha,Amroha,Gangeshwari,Guretha,20772,0.8694444444444446,0.8694444444444446,,,,
up2021__381776,1837,damgada,Amroha,Gangeshwari,Damgada,162943,238803,1837,damgarhi,Amroha,Gangeshwari,Damgarhi,14335,0.8678571428571429,0.8678571428571429,,,,
up2021__359587,1837,vijalpur,Amroha,Gangeshwari,Vijalpur,162947,238795,1837,bijhalpur,Amroha,Gangeshwari,Bijhalpur,10849,0.8842592592592592,0.8842592592592592,,,,
up2021__396303,1836,dhakia bhood,Amroha,Gajraula,Dhakia Bhood,162954,238736,1836,dakiya bhoor,Amroha,Gajraula,Dakiya Bhoor,14246,0.9,0.9,,,,
up2021__983872,1836,rahamappur mafi,Amroha,Gajraula,Rahamappur Mafi,162959,265784,1836,rahmapur mafi,Amroha,Gajraula,Rahmapur Mafi,45287,0.897094017094017,0.897094017094017,,,,
up2021__320070,1836,hashimpur burjgah,Amroha,Gajraula,Hashimpur Burjgah,162964,265159,1836,hashampur chur,Amroha,Gajraula,Hashampur Chur,21902,0.8959383753501401,0.8959383753501401,,,,
up2021__306187,1836,naglia mew,Amroha,Gajraula,Naglia Mew,162981,238763,1836,nagaliya mev,Amroha,Gajraula,Nagaliya Mev,38593,0.8924074074074073,0.8924074074074073,,,,
up2021__300422,1836,rahama pur khalsa,Amroha,Gajraula,Rahama pur Khalsa,162991,238768,1836,rahmapur khalsa,Amroha,Gajraula,Rahmapur Khalsa,45286,0.8792156862745099,0.8792156862745099,,,,
up2021__229804,1836,mirpur,Amroha,Gajraula,Mirpur,162993,238759,1836,meerpur,Amroha,Gajraula,Meerpur,36435,0.8642857142857143,0.8642857142857143,,,,
up2021__384081,1836,yakubpur urfa agapur,Amroha,Gajraula,Yakubpur Urfa Agapur,162998,238787,1836,yaqoobpur urf aagapur,Amroha,Gajraula,Yaqoobpur Urf Aagapur,57629,0.875978835978836,0.875978835978836,,,,
up2021__398183,1836,lisardi burjrg,Amroha,Gajraula,Lisardi Burjrg,163008,265171,1836,lisri buzarg,Amroha,Gajraula,Lisri Buzarg,32758,0.8669191919191919,0.8669191919191919,,,,
up2021__417164,1836,kudedina chak,Amroha,Gajraula,Kudedina Chak,163013,238752,1836,kudaina chak,Amroha,Gajraula,Kudaina Chak,30986,0.881021756021756,0.881021756021756,,,,
up2021__353657,1836,kudaineenee,Amroha,Gajraula,Kudaineenee,163019,265787,1836,kudaini,Amroha,Gajraula,Kudaini,30987,0.8805194805194805,0.8805194805194805,,,,
up2021__248459,1836,chahudpur mafi,Amroha,Gajraula,Chahudpur Mafi,163026,238735,1836,choharpur mafi,Amroha,Gajraula,Choharpur Mafi,13825,0.8793650793650793,0.8793650793650793,,,,
up2021__337537,1836,foudapur,Amroha,Gajraula,Foudapur,163027,238742,1836,faundapur,Amroha,Gajraula,Faundapur,17959,0.8529761904761904,0.8529761904761904,,,,
up2021__222303,1836,baiseli,Amroha,Gajraula,Baiseli,163031,238727,1836,basaili,Amroha,Gajraula,Basaili,7014,0.8793650793650793,0.8793650793650793,,,,
up2021__347171,1839,hatavaa,Amroha,Joya,Hatavaa,163064,238955,1839,hatawwa,Amroha,Joya,Hatawwa,21969,0.8857142857142858,0.8857142857142858,,,,
up2021__199411,1839,mirpur,Amroha,Joya,Mirpur,163068,265729,1839,meerpur,Amroha,Joya,Meerpur,36436,0.8642857142857143,0.8642857142857143,,,,
up2021__211806,1839,kakar sarai urf qazi sarai,Amroha,Joya,Kakar Sarai Urf Qazi Sarai,163071,238964,1839,kakar sarai,Amroha,Joya,Kakar Sarai,25850,0.8846153846153847,0.8846153846153847,,,,
up2021__191391,1839,dhanauri ahir,Amroha,Joya,Dhanauri Ahir,163072,238940,1839,dhanori aheer,Amroha,Joya,Dhanori Aheer,15926,0.8676923076923077,0.8676923076923077,,,,
up2021__281039,1839,milk sahupura,Amroha,Joya,Milk Sahupura,163094,265730,1839,milak sahupura,Amroha,Joya,Milak Sahupura,36675,0.8935897435897436,0.8935897435897436,,,,
up2021__246036,1839,aterna,Amroha,Joya,Aterna,163110,264076,1839,atairna,Amroha,Joya,Atairna,2795,0.8793650793650793,0.8793650793650793,,,,
up2021__313965,1839,jagwa khurd,Amroha,Joya,Jagwa Khurd,163116,242076,1839,jaguva khurd,Amroha,Joya,Jaguva Khurd,23434,0.8932323232323233,0.8932323232323233,,,,
up2021__313168,1839,shahabajpur kalan,Amroha,Joya,Shahabajpur Kalan,163117,239014,1839,shahbazpur kalan,Amroha,Joya,Shahbazpur Kalan,51381,0.8973039215686274,0.8973039215686274,,,,
up2021__204406,1839,atraasee kalan,Amroha,Joya,Atraasee Kalan,163119,238922,1839,atrasi kalan,Amroha,Joya,Atrasi Kalan,2945,0.8859307359307359,0.8859307359307359,,,,
up2021__253396,1835,degara,Amroha,Dhanaura,Degara,163136,238671,1835,deengra,Amroha,Dhanaura,Deengra,15009,0.8793650793650793,0.8793650793650793,,,,
up2021__423222,1835,ahrola mafi,Amroha,Dhanaura,Ahrola Mafi,163139,238654,1835,ahraula mafi,Amroha,Dhanaura,Ahraula Mafi,681,0.8932323232323233,0.8932323232323233,,,,
up2021__375113,1835,nadanoor mafi,Amroha,Dhanaura,Nadanoor Mafi,163154,238698,1835,nandnaur mafi,Amroha,Dhanaura,Nandnaur Mafi,39306,0.8937062937062936,0.8937062937062936,,,,
up2021__352739,1835,malkapur bhood,Amroha,Dhanaura,Malkapur Bhood,163157,238690,1835,malakpur,Amroha,Dhanaura,Malakpur,34820,0.8708333333333332,0.8708333333333332,,,,
up2021__350252,1835,sherpur mustakam,Amroha,Dhanaura,Sherpur Mustakam,163176,238715,1835,sherpur,Amroha,Dhanaura,Sherpur,52021,0.8875,0.8875,,,,
up2021__343283,1838,ghoshi pura,Amroha,Hasanpur,Ghoshi Pura,163228,265184,1838,ghasipura,Amroha,Hasanpur,Ghasipura,19489,0.8976430976430976,0.8976430976430976,,,,
up2021__310816,1838,razhouha,Amroha,Hasanpur,Razhouha,163241,238900,1838,rajhoha,Amroha,Hasanpur,Rajhoha,45729,0.8952380952380953,0.8952380952380953,,,,
up2021__387739,1838,luhaaree khaadar,Amroha,Hasanpur,Luhaaree Khaadar,163255,238889,1838,luhari khadar,Amroha,Hasanpur,Luhari Khadar,33010,0.8846153846153847,0.8846153846153847,,,,
up2021__199444,1838,dippur,Amroha,Hasanpur,Dippur,163261,238868,1838,deeppur,Amroha,Hasanpur,Deeppur,15016,0.8642857142857143,0.8642857142857143,,,,
up2021__340522,1838,kunderki bhud,Amroha,Hasanpur,Kunderki Bhud,163267,265777,1838,kundarki bhoor,Amroha,Hasanpur,Kundarki Bhoor,31252,0.8967032967032967,0.8967032967032967,,,,
up2021__344340,1838,isapur sharqi,Amroha,Hasanpur,Isapur Sharqi,163282,238878,1838,ishapur sharki,Amroha,Hasanpur,Ishapur Sharki,22858,0.8747252747252747,0.8747252747252747,,,,
up2021__309955,1838,chaukuni,Amroha,Hasanpur,Chaukuni,163296,265395,1838,chakooni,Amroha,Hasanpur,Chakooni,12211,0.8833333333333334,0.8833333333333334,,,,
up2021__668262,2160,taala,Amethi,Amethi,Taala,163315,90852,2160,tala,Amethi,Amethi,Tala,54851,0.88,0.88,,,,
up2021__487945,2160,nuwwawaan,Amethi,Amethi,Nuwwawaan,163319,90841,2160,nuawan,Amethi,Amethi,Nuawan,40956,0.8666666666666667,0.8666666666666667,,,,
up2021__637297,2160,saraiyaduban,Amethi,Amethi,Saraiyaduban,163330,90851,2160,saria dubaan,Amethi,Amethi,Saria Dubaan,50380,0.8974747474747474,0.8974747474747474,,,,
up2021__604578,2160,viyasia,Amethi,Amethi,Viyasia,163344,271432,2160,biyasiya,Amethi,Amethi,Biyasiya,11500,0.8690476190476191,0.8690476190476191,,,,
up2021__541892,2168,naroli,Amethi,Gauri Ganj,Naroli,163360,91273,2168,narauli,Amethi,Gauriganj,Narauli,39491,0.8944444444444445,0.8944444444444445,,,,
up2021__469239,2168,bahadurpur,Amethi,Gauri Ganj,Bahadurpur,163381,91245,2168,baha pur,Amethi,Gauriganj,Baha Pur,4197,0.8864285714285713,0.8864285714285713,,,,
up2021__468087,2168,sakarwo,Amethi,Gauri Ganj,Sakarwo,163388,91287,2168,sakrawa,Amethi,Gauriganj,Sakrawa,49046,0.8944444444444445,0.8944444444444445,,,,
up2021__553025,2168,itaauja paschim,Amethi,Gauri Ganj,Itaauja Paschim,163403,91264,2168,itaujapachhim,Amethi,Gauriganj,Itaujapachhim,23021,0.8964957264957265,0.8964957264957265,,,,
up2021__928580,2169,nisoora,Amethi,Jagdishpur,Nisoora,163427,91341,2169,nisura,Amethi,Jagdishpur,Nisura,40764,0.8944444444444445,0.8944444444444445,,,,
up2021__556454,2169,mau avatara,Amethi,Jagdishpur,Mau Avatara,163437,91332,2169,mau awtara,Amethi,Jagdishpur,Mau Awtara,36146,0.8991919191919192,0.8991919191919192,,,,
up2021__706291,2169,mahemoo,Amethi,Jagdishpur,Mahemoo,163448,91334,2169,mahemau,Amethi,Jagdishpur,Mahemau,33804,0.8857142857142858,0.8857142857142858,,,,
up2021__681837,2169,hussaininjgakala,Amethi,Jagdishpur,Hussaininjgakala,163459,91314,2169,husain ganj kalan,Amethi,Jagdishpur,Husain Ganj Kalan,22440,0.8963235294117647,0.8963235294117647,,,,
up2021__721772,2169,kachnanv,Amethi,Jagdishpur,Kachnanv,163462,91318,2169,kachnaaw,Amethi,Jagdishpur,Kachnaaw,25468,0.9,0.9,,,,
up2021__535041,2169,vanbhariya,Amethi,Jagdishpur,Vanbhariya,163464,91301,2169,banbhariya,Amethi,Jagdishpur,Banbhariya,5383,0.8962962962962964,0.8962962962962964,,,,
up2021__681145,2169,benchugadh,Amethi,Jagdishpur,Benchugadh,163466,267993,2169,bechu garh,Amethi,Jagdishpur,Bechu Garh,7548,0.8933333333333333,0.8933333333333333,,,,
up2021__588761,2171,reci,Amethi,Jamo,Reci,163519,91476,2171,resi,Amethi,Jamo,Resi,47664,0.8666666666666667,0.8666666666666667,,,,
up2021__603644,2171,ataroli,Amethi,Jamo,Ataroli,163531,271052,2171,atrauli,Amethi,Jamo,Atrauli,2956,0.8793650793650793,0.8793650793650793,,,,
up2021__653249,2171,sambhai,Amethi,Jamo,Sambhai,163533,91477,2171,samahai,Amethi,Jamo,Samahai,49327,0.8944444444444445,0.8944444444444445,,,,
up2021__499684,2064,shahmaon,Amethi,Tiloi,Shahmaon,163551,84321,2064,shah mau,Amethi,Tiloi,Shah Mau,51456,0.9,0.9,,,,
up2021__520897,2064,asani,Amethi,Tiloi,Asani,163558,84288,2064,asni1,Amethi,Tiloi,Asni1,2699,0.8933333333333333,0.8933333333333333,,,,
up2021__547097,2064,kotowaa,Amethi,Tiloi,Kotowaa,163560,84311,2064,kotwa2,Amethi,Tiloi,Kotwa2,30855,0.8944444444444445,0.8944444444444445,,,,
up2021__679808,2064,gadehri,Amethi,Tiloi,Gadehri,163564,84305,2064,garehari,Amethi,Tiloi,Garehari,18856,0.8507936507936509,0.8507936507936509,,,,
up2021__641188,2064,miramau,Amethi,Tiloi,Miramau,163587,271261,2064,meera mau,Amethi,Tiloi,Meera Mau,36396,0.8571428571428572,0.8571428571428572,,,,
up2021__543549,2064,kamaai,Amethi,Tiloi,Kamaai,163599,84309,2064,kamae,Amethi,Tiloi,Kamae,26220,0.8933333333333334,0.8933333333333334,,,,
up2021__526122,2064,viraj,Amethi,Tiloi,Viraj,163600,84298,2064,biraj,Amethi,Tiloi,Biraj,11117,0.8666666666666667,0.8666666666666667,,,,
up2021__611372,2047,udwa,Amethi,Bahadurpur,Udwa,163603,83538,2047,urwa,Amethi,Bahadurpur,Urwa,57065,0.8500000000000001,0.8500000000000001,,,,
up2021__554759,2047,mohiya kesariya,Amethi,Bahadurpur,Mohiya Kesariya,163607,83526,2047,mohaiya kesariya,Amethi,Bahadurpur,Mohaiya Kesariya,37100,0.8920833333333333,0.8920833333333333,,,,
up2021__550561,2047,bhadeiya mahm udpur,Amethi,Bahadurpur,Bhadeiya Mahm’udpur,163608,83512,2047,bhadaiya mahmoodpur,Amethi,Bahadurpur,Bhadaiya Mahmoodpur,8284,0.8868421052631579,0.8868421052631579,,,,
up2021__627313,2047,odari,Amethi,Bahadurpur,Odari,163612,83531,2047,odaree,Amethi,Bahadurpur,Odaree,41020,0.8933333333333334,0.8933333333333334,,,,
up2021__608493,2047,nabaan,Amethi,Bahadurpur,Nabaan,163614,83529,2047,nawawan,Amethi,Bahadurpur,Nawawan,40234,0.8793650793650793,0.8793650793650793,,,,
up2021__562787,2047,purewadearay,Amethi,Bahadurpur,Purewadearay,163621,83533,2047,pure badyrai,Amethi,Bahadurpur,Pure Badyrai,44814,0.8777777777777778,0.8777777777777778,,,,
up2021__533518,2047,mahammadpur,Amethi,Bahadurpur,Mahammadpur,163627,271199,2047,mahmoodpur,Amethi,Bahadurpur,Mahmoodpur,33967,0.8896969696969697,0.8896969696969697,,,,
up2021__595900,2047,basooni,Amethi,Bahadurpur,Basooni,163629,271201,2047,basauni,Amethi,Bahadurpur,Basauni,7136,0.8666666666666668,0.8666666666666668,,,,
up2021__507533,2181,husainpur,Amethi,Bajar Shukla,Husainpur,163641,91968,2181,husen pur,Amethi,Shukul Bazar,Husen Pur,22507,0.8962962962962963,0.8962962962962963,,,,
up2021__490501,2181,mahona purab,Amethi,Bajar Shukla,Mahona Purab,163652,91977,2181,mahauna purab,Amethi,Shukul Bazar,Mahauna Purab,33752,0.881021756021756,0.881021756021756,,,,
up2021__502865,2181,mohiuddnipur,Amethi,Bajar Shukla,Mohiuddnipur,163663,91983,2181,muhiuddin pur,Amethi,Shukul Bazar,Muhiuddin Pur,37807,0.8743006993006993,0.8743006993006993,,,,
up2021__483882,2181,fundanpur,Amethi,Bajar Shukla,Fundanpur,163665,91975,2181,phundan pur,Amethi,Shukul Bazar,Phundan Pur,43722,0.872053872053872,0.872053872053872,,,,
up2021__538815,2181,birahim bazgarh,Amethi,Bajar Shukla,Birahim Bazgarh,163672,91991,2181,virahim bajghar,Amethi,Shukul Bazar,Virahim Bajghar,57433,0.8854700854700855,0.8854700854700855,,,,
up2021__514763,2181,buubupur,Amethi,Bajar Shukla,Buubupur,163690,91960,2181,bubupur,Amethi,Shukul Bazar,Bubupur,11650,0.8904761904761905,0.8904761904761905,,,,
up2021__632357,2163,baldhikpur,Amethi,Bhaddar,Baldhikpur,163701,90977,2163,baidhik pur,Amethi,Bhadar,Baidhik Pur,4492,0.8952188552188552,0.8952188552188552,,,,
up2021__620850,2163,ghazipur,Amethi,Bhaddar,Ghazipur,163730,90989,2163,gaji pur,Amethi,Bhadar,Gaji Pur,18428,0.8500000000000001,0.8500000000000001,,,,
up2021__596197,2163,dhema,Amethi,Bhaddar,Dhema,163736,268645,2163,demma,Amethi,Bhadar,Demma,15101,0.88,0.88,,,,
up2021__532437,2163,dahiavao,Amethi,Bhaddar,Dahiavao,163743,90986,2163,dahiyawa,Amethi,Bhadar,Dahiyawa,14196,0.9,0.9,,,,
up2021__481917,2164,shehari,Amethi,Bhetua,shehari,163747,91048,2164,shahari,Amethi,Bhetua,Shahari,51354,0.8793650793650793,0.8793650793650793,,,,
up2021__1048300,2164,hirapur,Amethi,Bhetua,Hirapur,163749,91033,2164,heerapur,Amethi,Bhetua,Heerapur,22141,0.8821428571428571,0.8821428571428571,,,,
up2021__474536,2164,kudwa,Amethi,Bhetua,Kudwa,163764,91041,2164,kuruwa,Amethi,Bhetua,Kuruwa,31562,0.8577777777777779,0.8577777777777779,,,,
up2021__476748,2164,naugirivaa,Amethi,Bhetua,Naugirivaa,163767,91040,2164,naugirwan,Amethi,Bhetua,Naugirwan,40007,0.8955555555555555,0.8955555555555555,,,,
up2021__594371,2164,piparpur,Amethi,Bhetua,Piparpur,163774,269341,2164,peeparpur,Amethi,Bhetua,Peeparpur,43521,0.8958333333333333,0.8958333333333333,,,,
up2021__1062204,2164,laukapur,Amethi,Bhetua,Laukapur,163779,269379,2164,laukuwa,Amethi,Bhetua,Laukuwa,32580,0.8880952380952382,0.8880952380952382,,,,
up2021__808331,2164,poorab duara,Amethi,Bhetua,Poorab Duara,163781,269511,2164,purab dwara,Amethi,Bhetua,Purab Dwara,44649,0.8704545454545455,0.8704545454545455,,,,
up2021__560409,2177,saraiya sabalshah,Amethi,Musafirkhana,Saraiya Sabalshah,163795,91839,2177,sariyya sabal shah,Amethi,Musafir Khana,Sariyya Sabal Shah,50420,0.8728485838779956,0.8728485838779956,,,,
up2021__570202,2177,surpur kashipur,Amethi,Musafirkhana,Surpur Kashipur,163814,91840,2177,soor pur kashi pur,Amethi,Musafir Khana,Soor Pur Kashi Pur,53855,0.8704761904761905,0.8704761904761905,,,,
up2021__584912,2177,poorepremshah,Amethi,Musafirkhana,Poorepremshah,163815,91834,2177,pure prem shah,Amethi,Musafir Khana,Pure Prem Shah,44907,0.8895604395604395,0.8895604395604395,,,,
up2021__605687,2177,rudoli,Amethi,Musafirkhana,Rudoli,163820,91836,2177,rudauli,Amethi,Musafir Khana,Rudauli,47967,0.8944444444444445,0.8944444444444445,,,,
up2021__604723,2177,besarapurb,Amethi,Musafirkhana,Besarapurb,163821,91801,2177,bisara purab,Amethi,Musafir Khana,Bisara Purab,11296,0.895,0.895,,,,
up2021__547733,2177,pure mo newaz,Amethi,Musafirkhana,Pure Mo Newaz,163825,91831,2177,pure mohammad newaj,Amethi,Musafir Khana,Pure Mohammad Newaj,44890,0.8775978407557355,0.8775978407557355,,,,
up2021__502284,2180,gartholiya,Amethi,Shahgarh,Gartholiya,163863,91932,2180,garthauliya,Amethi,Shahgarh,Garthauliya,19017,0.8991919191919192,0.8991919191919192,,,,
up2021__498215,2180,nevada kishungarh,Amethi,Shahgarh,Nevada Kishungarh,163865,91941,2180,nawada kishun garh,Amethi,Shahgarh,Nawada Kishun Garh,40200,0.8947058823529412,0.8947058823529412,,,,
up2021__586756,2179,amberpur,Amethi,Sangrampur,Amberpur,163886,91891,2179,ammbar pur,Amethi,Sangrampur,Ammbar Pur,1868,0.8866666666666667,0.8866666666666667,,,,
up2021__590202,2179,maudoli,Amethi,Sangrampur,Maudoli,163903,91909,2179,madauli,Amethi,Sangrampur,Madauli,33227,0.8793650793650793,0.8793650793650793,,,,
up2021__536444,2179,gujipur,Amethi,Sangrampur,Gujipur,163913,269675,2179,gooji pur,Amethi,Sangrampur,Gooji Pur,20078,0.8571428571428572,0.8571428571428572,,,,
up2021__560110,2179,gorakhpur,Amethi,Sangrampur,Gorakhpur,163922,91901,2179,ghorkha pur,Amethi,Sangrampur,Ghorkha Pur,19619,0.8787878787878789,0.8787878787878789,,,,
up2021__528868,2063,pederiya,Amethi,Singhpur,Pederiya,163928,84270,2063,perariya,Amethi,Singhpur,Perariya,43582,0.8666666666666667,0.8666666666666667,,,,
up2021__540244,2063,pendara,Amethi,Singhpur,Pendara,163929,84269,2063,perara,Amethi,Singhpur,Perara,43580,0.8793650793650793,0.8793650793650793,,,,
up2021__644255,2063,mattapur,Amethi,Singhpur,Mattapur,163930,84265,2063,mantepur,Amethi,Singhpur,Mantepur,35670,0.8666666666666667,0.8666666666666667,,,,
up2021__580978,2063,angoori,Amethi,Singhpur,Angoori,163944,84234,2063,anguri,Amethi,Singhpur,Anguri,2114,0.8944444444444445,0.8944444444444445,,,,
up2021__513210,2063,aazaadpur,Amethi,Singhpur,Aazaadpur,163960,84235,2063,azadpur,Amethi,Singhpur,Azadpur,3213,0.8904761904761904,0.8904761904761904,,,,
up2021__693108,2063,vatiya,Amethi,Singhpur,Vatiya,163963,84237,2063,batiya,Amethi,Singhpur,Batiya,7420,0.888888888888889,0.888888888888889,,,,
up2021__612385,2063,garhi mahawl,Amethi,Singhpur,Garhi Mahawl,163970,271219,2063,gadhi mahabal,Amethi,Singhpur,Gadhi Mahabal,18212,0.8940170940170941,0.8940170940170941,,,,
up2021__622649,2063,phula,Amethi,Singhpur,Phula,163980,84271,2063,phoola,Amethi,Singhpur,Phoola,43653,0.8577777777777779,0.8577777777777779,,,,
up2021__805313,1433,bhitaridihi,Ambedkar Nagar,Akbarpur,Bhitaridihi,163984,45641,1433,bhitri deeh,Ambedkar Nagar,Akbarpur,Bhitri Deeh,10152,0.890909090909091,0.890909090909091,,,,
up2021__749914,1433,bardhabhiura,Ambedkar Nagar,Akbarpur,Bardhabhiura,163994,45640,1433,bhardha bhiura,Ambedkar Nagar,Akbarpur,Bhardha Bhiura,9158,0.8821428571428571,0.8821428571428571,,,,
up2021__753928,1433,mirpur shekhpur,Ambedkar Nagar,Akbarpur,Mirpur Shekhpur,163996,45695,1433,meerpur shekhpur,Ambedkar Nagar,Akbarpur,Meerpur Shekhpur,36452,0.8567857142857143,0.8567857142857143,,,,
up2021__747199,1433,dallappur nizampur,Ambedkar Nagar,Akbarpur,Dallappur Nizampur,163997,45648,1433,dalla nijampur,Ambedkar Nagar,Akbarpur,Dalla Nijampur,14293,0.8686202686202685,0.8686202686202685,,,,
up2021__804453,1433,itoura,Ambedkar Nagar,Akbarpur,Itoura,164011,271994,1433,itrora,Ambedkar Nagar,Akbarpur,Itrora,23091,0.8577777777777779,0.8577777777777779,,,,
up2021__1167717,1433,dawoodpur,Ambedkar Nagar,Akbarpur,Dawoodpur,164037,45650,1433,daudpur,Ambedkar Nagar,Akbarpur,Daudpur,14761,0.873015873015873,0.873015873015873,,,,
up2021__733537,1433,ukara,Ambedkar Nagar,Akbarpur,Ukara,164054,45746,1433,ukra,Ambedkar Nagar,Akbarpur,Ukra,56711,0.88,0.88,,,,
up2021__832219,1433,pirpur,Ambedkar Nagar,Akbarpur,Pirpur,164087,45710,1433,peerpur,Ambedkar Nagar,Akbarpur,Peerpur,43537,0.8642857142857143,0.8642857142857143,,,,
up2021__787973,1433,sahnemoo,Ambedkar Nagar,Akbarpur,Sahnemoo,164089,45724,1433,sahne mau,Ambedkar Nagar,Akbarpur,Sahne Mau,48615,0.8833333333333333,0.8833333333333333,,,,
up2021__792581,1433,asauwapar mohrai,Ambedkar Nagar,Akbarpur,Asauwapar Mohrai,164106,45629,1433,ashaura par mohrai,Ambedkar Nagar,Akbarpur,Ashaura Par Mohrai,2622,0.8677777777777778,0.8677777777777778,,,,
up2021__914485,1433,mirjaveg dubakhar,Ambedkar Nagar,Akbarpur,Mirjaveg Dubakhar,164109,45696,1433,mirzabeg dukhar,Ambedkar Nagar,Akbarpur,Mirzabeg Dukhar,36813,0.8766013071895425,0.8766013071895425,,,,
up2021__729040,1433,harkhpur kauraha,Ambedkar Nagar,Akbarpur,Harkhpur Kauraha,164113,45658,1433,harakhpur kauraha,Ambedkar Nagar,Akbarpur,Harakhpur Kauraha,21278,0.8987745098039216,0.8987745098039216,,,,
up2021__960784,1439,sugoi,Ambedkar Nagar,Katehri,Sugoi,164158,46232,1439,sugauti,Ambedkar Nagar,Katehari,Sugauti,53987,0.8533333333333333,0.8533333333333333,,,,
up2021__863806,1439,husenpur heedi,Ambedkar Nagar,Katehri,Husenpur Heedi,164190,46185,1439,husainpur hiri,Ambedkar Nagar,Katehari,Husainpur Hiri,22466,0.8666666666666668,0.8666666666666668,,,,
up2021__800269,1439,mahrua gola,Ambedkar Nagar,Katehri,Mahrua Gola,164194,46200,1439,maharuwa gola,Ambedkar Nagar,Katehari,Maharuwa Gola,33731,0.8792540792540793,0.8792540792540793,,,,
up2021__955974,1439,aashaajeetpur ahiran,Ambedkar Nagar,Katehri,Aashaajeetpur Ahiran,164210,271411,1439,ashajeetpur ahiran,Ambedkar Nagar,Katehari,Ashajeetpur Ahiran,2596,0.8533333333333333,0.8533333333333333,,,,
up2021__800896,1438,mirapur,Ambedkar Nagar,Jalalpur,Mirapur,164219,272026,1438,meerapur,Ambedkar Nagar,Jalal Pur,Meerapur,36412,0.8821428571428571,0.8821428571428571,,,,
up2021__973648,1438,ufrauli,Ambedkar Nagar,Jalalpur,Ufrauli,164238,46055,1438,uphrauli,Ambedkar Nagar,Jalal Pur,Uphrauli,57025,0.8821428571428571,0.8821428571428571,,,,
up2021__972746,1438,dihbhiyanv,Ambedkar Nagar,Jalalpur,Dihbhiyanv,164243,46082,1438,diha bhiyava,Ambedkar Nagar,Jalal Pur,Diha Bhiyava,16667,0.8664814814814815,0.8664814814814815,,,,
up2021__970946,1438,hyderabad,Ambedkar Nagar,Jalalpur,Hyderabad,164245,46092,1438,hadrabad,Ambedkar Nagar,Jalal Pur,Hadrabad,20946,0.8958333333333333,0.8958333333333333,,,,
up2021__822848,1438,badeypur,Ambedkar Nagar,Jalalpur,BadeyPur,164259,46067,1438,barepur,Ambedkar Nagar,Jalal Pur,Barepur,6359,0.8952380952380953,0.8952380952380953,,,,
up2021__886768,1438,chitounkala,Ambedkar Nagar,Jalalpur,Chitounkala,164271,46078,1438,chitauna kala,Ambedkar Nagar,Jalal Pur,Chitauna Kala,13729,0.8956643356643357,0.8956643356643357,,,,
up2021__832419,1438,sairampur umran,Ambedkar Nagar,Jalalpur,Sairampur Umran,164275,46133,1438,saidpur umran,Ambedkar Nagar,Jalal Pur,Saidpur Umran,48785,0.8770512820512821,0.8770512820512821,,,,
up2021__816605,1438,awadhna ismailpur,Ambedkar Nagar,Jalalpur,Awadhna Ismailpur,164276,46062,1438,audhna ismailpur,Ambedkar Nagar,Jalal Pur,Audhna Ismailpur,3010,0.8659558823529412,0.8659558823529412,,,,
up2021__804306,1438,fatehpur mohitpur,Ambedkar Nagar,Jalalpur,Fatehpur Mohitpur,164284,46085,1438,fattepur mohiddinpur,Ambedkar Nagar,Jalal Pur,Fattepur Mohiddinpur,17942,0.8675490196078433,0.8675490196078433,,,,
up2021__760729,1438,rewai,Ambedkar Nagar,Jalalpur,Rewai,164295,46129,1438,revai,Ambedkar Nagar,Jalal Pur,Revai,47677,0.8933333333333333,0.8933333333333333,,,,
up2021__964856,1438,usraha,Ambedkar Nagar,Jalalpur,Usraha,164307,46151,1438,usaraha,Ambedkar Nagar,Jalal Pur,Usaraha,57080,0.873015873015873,0.873015873015873,,,,
up2021__904774,1437,samadih,Ambedkar Nagar,Jahanirganj,Samadih,164351,46040,1437,samdeeh,Ambedkar Nagar,Jahangir Ganj,Samdeeh,49429,0.8666666666666668,0.8666666666666668,,,,
up2021__915541,1437,dewariya pandit,Ambedkar Nagar,Jahanirganj,Dewariya Pandit,164354,45991,1437,devriya pandit,Ambedkar Nagar,Jahangir Ganj,Devriya Pandit,15483,0.8838583638583639,0.8838583638583639,,,,
up2021__747971,1437,malapura maadhavapura,Ambedkar Nagar,Jahanirganj,Malapura Maadhavapura,164385,46023,1437,malpur madhavpur,Ambedkar Nagar,Jahangir Ganj,Malpur Madhavpur,35036,0.8861111111111112,0.8861111111111112,,,,
up2021__768627,1437,makhdumpur,Ambedkar Nagar,Jahanirganj,Makhdumpur,164399,46021,1437,makdoompur,Ambedkar Nagar,Jahangir Ganj,Makdoompur,34684,0.8775000000000001,0.8775000000000001,,,,
up2021__860984,1437,bir khet,Ambedkar Nagar,Jahanirganj,Bir khet,164401,271611,1437,beerkhet,Ambedkar Nagar,Jahangir Ganj,Beerkhet,7612,0.8500000000000001,0.8500000000000001,,,,
up2021__876154,1437,kuraon,Ambedkar Nagar,Jahanirganj,Kuraon,164411,271631,1437,kuraw,Ambedkar Nagar,Jahangir Ganj,Kuraw,31435,0.8933333333333334,0.8933333333333334,,,,
up2021__931773,1437,narwapeethamberpur,Ambedkar Nagar,Jahanirganj,Narwapeethamberpur,164416,46027,1437,narva pitambarpur,Ambedkar Nagar,Jahangir Ganj,Narva Pitambarpur,39764,0.8802832244008715,0.8802832244008715,,,,
up2021__1268104,1441,mirnapur sadrali,Ambedkar Nagar,Tanda,Mirnapur Sadrali,164436,271326,1441,meeranpur sadarali,Ambedkar Nagar,Tanda,Meeranpur Sadarali,36401,0.8912500000000001,0.8912500000000001,,,,
up2021__1206612,1441,rasulpur mubarakpur,Ambedkar Nagar,Tanda,Rasulpur Mubarakpur,164453,46408,1441,rasoolpur mubarakpur,Ambedkar Nagar,Tanda,Rasoolpur Mubarakpur,47094,0.87364522417154,0.87364522417154,,,,
up2021__1289972,1441,viharojpur,Ambedkar Nagar,Tanda,Viharojpur,164462,46343,1441,bihrojpur,Ambedkar Nagar,Tanda,Bihrojpur,10781,0.8962962962962964,0.8962962962962964,,,,
up2021__1318805,1441,baragaon ibrahimpur,Ambedkar Nagar,Tanda,Baragaon Ibrahimpur,164517,46334,1441,bada gaon brahimpur,Ambedkar Nagar,Tanda,Bada Gaon Brahimpur,3522,0.8654282765737874,0.8654282765737874,,,,
up2021__1316462,1441,hunsepur,Ambedkar Nagar,Tanda,Hunsepur,164519,46365,1441,hoosepur,Ambedkar Nagar,Tanda,Hoosepur,22379,0.8500000000000001,0.8500000000000001,,,,
up2021__954682,1441,paikoliya,Ambedkar Nagar,Tanda,PaiKoliya,164525,46398,1441,paikauliya,Ambedkar Nagar,Tanda,Paikauliya,41707,0.8877777777777778,0.8877777777777778,,,,
up2021__1271167,1441,salahpur rajour,Ambedkar Nagar,Tanda,Salahpur Rajour,164532,46413,1441,salarpur rajaur,Ambedkar Nagar,Tanda,Salarpur Rajaur,49133,0.8851282051282052,0.8851282051282052,,,,
up2021__915555,1434,daimpura,Ambedkar Nagar,Basakhari,Daimpura,164537,45766,1434,dayampur,Ambedkar Nagar,Baskhari,Dayampur,14956,0.8666666666666667,0.8666666666666667,,,,
up2021__753555,1434,katiaganjan,Ambedkar Nagar,Basakhari,Katiaganjan,164541,45782,1434,kataya ganjan,Ambedkar Nagar,Baskhari,Kataya Ganjan,27705,0.8782750582750583,0.8782750582750583,,,,
up2021__789866,1434,kalyanpur,Ambedkar Nagar,Basakhari,Kalyanpur,164551,45781,1434,kalyanpur udyanpur,Ambedkar Nagar,Baskhari,Kalyanpur Udyanpur,26215,0.9,0.9,,,,
up2021__885534,1434,changarpur mishraulia,Ambedkar Nagar,Basakhari,Changarpur Mishraulia,164572,45764,1434,chhangurpur mishrauliya,Ambedkar Nagar,Baskhari,Chhangurpur Mishrauliya,13252,0.8725189786059351,0.8725189786059351,,,,
up2021__867612,1434,poorabjagotri,Ambedkar Nagar,Basakhari,Poorabjagotri,164580,45800,1434,pura bajgoti,Ambedkar Nagar,Baskhari,Pura Bajgoti,44644,0.8507692307692308,0.8507692307692308,,,,
up2021__934421,1434,barahi adilpur,Ambedkar Nagar,Basakhari,Barahi adilpur,164583,45758,1434,barhi adeelpur,Ambedkar Nagar,Baskhari,Barhi Adeelpur,6511,0.8944444444444445,0.8944444444444445,,,,
up2021__920893,1434,ekadalla,Ambedkar Nagar,Basakhari,Ekadalla,164595,45768,1434,ekdalla,Ambedkar Nagar,Baskhari,Ekdalla,17454,0.8904761904761905,0.8904761904761905,,,,
up2021__921438,1434,sohanhan,Ambedkar Nagar,Basakhari,Sohanhan,164601,272001,1434,sonhan,Ambedkar Nagar,Baskhari,Sonhan,53758,0.888888888888889,0.888888888888889,,,,
up2021__832784,1436,phulwari,Ambedkar Nagar,Bhiyanv,Phulwari,164628,45916,1436,fulwari,Ambedkar Nagar,Bhiyawan,Fulwari,18082,0.8690476190476191,0.8690476190476191,,,,
up2021__836727,1436,pabhipur,Ambedkar Nagar,Bhiyanv,Pabhipur,164629,45951,1436,pamipur,Ambedkar Nagar,Bhiyawan,Pamipur,42128,0.8952380952380953,0.8952380952380953,,,,
up2021__761318,1436,azampur,Ambedkar Nagar,Bhiyanv,Azampur,164630,45894,1436,ajamalpur,Ambedkar Nagar,Bhiyawan,Ajamalpur,793,0.8571428571428572,0.8571428571428572,,,,
up2021__846860,1436,aashapar,Ambedkar Nagar,Bhiyanv,Aashapar,164637,45897,1436,ashapar,Ambedkar Nagar,Bhiyawan,Ashapar,2602,0.8767857142857143,0.8767857142857143,,,,
up2021__814045,1436,sakra dakshin,Ambedkar Nagar,Bhiyanv,Sakra Dakshin,164641,45961,1436,sakra south,Ambedkar Nagar,Bhiyawan,Sakra South,49037,0.8685314685314686,0.8685314685314686,,,,
up2021__909217,1436,lakhmipur,Ambedkar Nagar,Bhiyanv,Lakhmipur,164657,45930,1436,lakhamipur karmishirpur,Ambedkar Nagar,Bhiyawan,Lakhamipur(Karmishirpur),32066,0.8782608695652174,0.8782608695652174,,,,
up2021__913790,1436,pratapgarh kala,Ambedkar Nagar,Bhiyanv,Pratapgarh Kala,164662,45954,1436,pratappur kala,Ambedkar Nagar,Bhiyawan,Pratappur Kala,44537,0.8814285714285713,0.8814285714285713,,,,
up2021__912773,1436,kishanupur kavirawan,Ambedkar Nagar,Bhiyanv,Kishanupur Kavirawan,164663,45928,1436,kishonpur kabiraha,Ambedkar Nagar,Bhiyawan,Kishonpur Kabiraha,30145,0.8633333333333334,0.8633333333333334,,,,
up2021__868445,1436,begiykol,Ambedkar Nagar,Bhiyanv,Begiykol,164686,268503,1436,begicall,Ambedkar Nagar,Bhiyawan,Begicall,7648,0.85,0.85,,,,
up2021__776869,1436,sehri,Ambedkar Nagar,Bhiyanv,Sehri,164687,45964,1436,shehari,Ambedkar Nagar,Bhiyawan,Shehari,51845,0.8542857142857143,0.8542857142857143,,,,
up2021__1266344,1435,reuli,Ambedkar Nagar,Bhiti,Reuli,164698,45879,1435,rewali,Ambedkar Nagar,Bhiti,Rewali,47691,0.8577777777777779,0.8577777777777779,,,,
up2021__912215,1435,pariyen,Ambedkar Nagar,Bhiti,Pariyen,164702,45871,1435,pariyai,Ambedkar Nagar,Bhiti,Pariyai,42668,0.8857142857142858,0.8857142857142858,,,,
up2021__922843,1435,pithapur,Ambedkar Nagar,Bhiti,Pithapur,164704,45873,1435,peethapur,Ambedkar Nagar,Bhiti,Peethapur,43542,0.8958333333333333,0.8958333333333333,,,,
up2021__902109,1435,ataraura,Ambedkar Nagar,Bhiti,Ataraura,164716,45818,1435,atraura,Ambedkar Nagar,Bhiti,Atraura,2961,0.8904761904761905,0.8904761904761905,,,,
up2021__791790,1435,mahammadpurchapara,Ambedkar Nagar,Bhiti,Mahammadpurchapara,164722,45858,1435,mahmadpur chapara,Ambedkar Nagar,Bhiti,Mahmadpur Chapara,33937,0.8728485838779956,0.8728485838779956,,,,
up2021__920126,1435,umrao,Ambedkar Nagar,Bhiti,Umrao,164743,45892,1435,umrawan,Ambedkar Nagar,Bhiti,Umrawan,56917,0.8742857142857142,0.8742857142857142,,,,
up2021__803337,1435,takiyaqanungo,Ambedkar Nagar,Bhiti,Takiyaqanungo,164749,45889,1435,takiya kanoongo,Ambedkar Nagar,Bhiti,Takiya Kanoongo,54836,0.8977156177156177,0.8977156177156177,,,,
up2021__925284,1435,sanjhava,Ambedkar Nagar,Bhiti,Sanjhava,164776,45884,1435,sanjhwan,Ambedkar Nagar,Bhiti,Sanjhwan,49662,0.9,0.9,,,,
up2021__872045,1435,pichhwara khas,Ambedkar Nagar,Bhiti,Pichhwara Khas,164777,271931,1435,pichawara,Ambedkar Nagar,Bhiti,Pichawara,43729,0.8841269841269841,0.8841269841269841,,,,
up2021__925336,1440,moospur kala,Ambedkar Nagar,Ramnagar,Moospur Kala,164795,46294,1440,musepur kalan,Ambedkar Nagar,Ram Nagar,Musepur Kalan,38283,0.8507692307692308,0.8507692307692308,,,,
up2021__780627,1440,bidharkhas,Ambedkar Nagar,Ramnagar,Bidharkhas,164805,46256,1440,bidahar khas,Ambedkar Nagar,Ram Nagar,Bidahar Khas,10672,0.8911111111111111,0.8911111111111111,,,,
up2021__959580,1440,mahammadpur chak faridpur,Ambedkar Nagar,Ramnagar,Mahammadpur Chak Faridpur,164807,46293,1440,muhmadpur chakfaridpur,Ambedkar Nagar,Ram Nagar,Muhmadpur Chakfaridpur,37811,0.8526493506493507,0.8526493506493507,,,,
up2021__792801,1440,kavhin anjanpur,Ambedkar Nagar,Ramnagar,Kavhin Anjanpur,164838,46279,1440,kawahi anjanpur,Ambedkar Nagar,Ram Nagar,Kawahi Anjanpur,28044,0.8878632478632479,0.8878632478632479,,,,
up2021__769327,1440,parsona,Ambedkar Nagar,Ramnagar,Parsona,164872,269607,1440,parsauna,Ambedkar Nagar,Ram Nagar,Parsauna,42839,0.8880952380952382,0.8880952380952382,,,,
up2021__754259,1408,khadia gurdev,Aligarh,Iglas,Khadia Gurdev,164891,43853,1408,kheriya gurdev,Aligarh,Iglas,Kheriya Gurdev,29536,0.8533466533466534,0.8533466533466534,,,,
up2021__749191,1410,aharauli,Aligarh,Khair,Aharauli,164897,43962,1410,ahraula,Aligarh,Khair,Ahraula,679,0.8904761904761905,0.8904761904761905,,,,
up2021__700808,1410,gaudoli,Aligarh,Khair,Gaudoli,164926,43986,1410,godoli,Aligarh,Khair,Godoli,19885,0.8642857142857143,0.8642857142857143,,,,
up2021__709441,1410,viharinpur,Aligarh,Khair,Viharinpur,164934,43976,1410,biharipur,Aligarh,Khair,Biharipur,10740,0.8962962962962964,0.8962962962962964,,,,
up2021__723073,1410,mausanpur,Aligarh,Khair,Mausanpur,164938,44005,1410,mohasan pur,Aligarh,Khair,Mohasan Pur,37329,0.8848484848484848,0.8848484848484848,,,,
up2021__733772,1410,madahbibpur,Aligarh,Khair,Madahbibpur,164945,44001,1410,marha habibpur,Aligarh,Khair,Marha Habibpur,35772,0.872900432900433,0.872900432900433,,,,
up2021__730248,1410,tehrah,Aligarh,Khair,Tehrah,164964,266380,1410,tehara,Aligarh,Khair,Tehara,55277,0.8755555555555556,0.8755555555555556,,,,
up2021__888145,1406,majhola,Aligarh,Gangeeri,Majhola,164974,43728,1406,majhaula,Aligarh,Gangiri,Majhaula,34485,0.8880952380952382,0.8880952380952382,,,,
up2021__699071,1406,hussonpur daha mafi,Aligarh,Gangeeri,Hussonpur Daha MAFI,164976,43719,1406,hussainpur dehmafi,Aligarh,Gangiri,Hussainpur Dehmafi,22528,0.8961988304093567,0.8961988304093567,,,,
up2021__781528,1406,siroli,Aligarh,Gangeeri,Siroli,165000,43758,1406,sirauli,Aligarh,Gangiri,Sirauli,53108,0.8944444444444445,0.8944444444444445,,,,
up2021__732673,1406,bilona chitrasi,Aligarh,Gangeeri,Bilona Chitrasi,165004,43703,1406,bilauna chitrasi,Aligarh,Gangiri,Bilauna Chitrasi,10964,0.8886111111111111,0.8886111111111111,,,,
up2021__748225,1406,badhari bujurg,Aligarh,Gangeeri,Badhari Bujurg,165008,43706,1406,budhari buzurg,Aligarh,Gangiri,Budhari Buzurg,11710,0.8892857142857142,0.8892857142857142,,,,
up2021__732323,1406,kanouvi,Aligarh,Gangeeri,Kanouvi,165009,43723,1406,kanaubi,Aligarh,Gangiri,Kanaubi,26446,0.8666666666666668,0.8666666666666668,,,,
up2021__756401,1406,utra,Aligarh,Gangeeri,Utra,165016,43764,1406,utara,Aligarh,Gangiri,Utara,57147,0.88,0.88,,,,
up2021__718288,1406,jiroli,Aligarh,Gangeeri,Jiroli,165018,43721,1406,jirauli,Aligarh,Gangiri,Jirauli,25058,0.8944444444444445,0.8944444444444445,,,,
up2021__835410,1406,samaunatatarpur,Aligarh,Gangeeri,Samaunatatarpur,165020,43750,1406,samena tatarpur,Aligarh,Gangiri,Samena Tatarpur,49436,0.8839316239316239,0.8839316239316239,,,,
up2021__803170,1406,nawipur,Aligarh,Gangeeri,Nawipur,165022,43735,1406,nabivpur,Aligarh,Gangiri,Nabivpur,38452,0.8952380952380953,0.8952380952380953,,,,
up2021__750022,1406,visora,Aligarh,Gangeeri,Visora,165026,43704,1406,bisora,Aligarh,Gangiri,Bisora,11421,0.888888888888889,0.888888888888889,,,,
up2021__795293,1406,ajwainter,Aligarh,Gangeeri,Ajwainter,165032,43689,1406,ajmaindher,Aligarh,Gangiri,Ajmaindher,855,0.8607407407407408,0.8607407407407408,,,,
up2021__807248,1406,rookhala,Aligarh,Gangeeri,Rookhala,165034,43748,1406,rukhala,Aligarh,Gangiri,Rukhala,48050,0.8821428571428571,0.8821428571428571,,,,
up2021__838466,1406,rampur,Aligarh,Gangeeri,Rampur,165043,266295,1406,rampur mazra bhuriya,Aligarh,Gangiri,Rampur Mazra Bhuriya,46577,0.86,0.86,,,,
up2021__757085,1407,majupur suvakra,Aligarh,Gonda,Majupur Suvakra,165051,43796,1407,majoopur suvkara,Aligarh,Gonda,Majoopur Suvkara,34638,0.8886111111111111,0.8886111111111111,,,,
up2021__773837,1407,paidapur,Aligarh,Gonda,Paidapur,165072,43811,1407,payadapur,Aligarh,Gonda,Payadapur,43485,0.8693121693121693,0.8693121693121693,,,,
up2021__777611,1407,dhaantoli,Aligarh,Gonda,Dhaantoli,165074,43776,1407,dhatauli,Aligarh,Gonda,Dhatauli,16221,0.8856481481481482,0.8856481481481482,,,,
up2021__740045,1407,kuagaav,Aligarh,Gonda,Kuagaav,165104,266405,1407,kuagaon,Aligarh,Gonda,Kuagaon,30922,0.8857142857142858,0.8857142857142858,,,,
up2021__742814,1407,chuharpur kinmasa,Aligarh,Gonda,Chúharpur Kinmasa,165112,43775,1407,chooharpur kinvasa,Aligarh,Gonda,Chooharpur Kinvasa,13841,0.8886274509803922,0.8886274509803922,,,,
up2021__755275,1412,basera,Aligarh,Tappal,Basera,165116,44188,1412,vasera,Aligarh,Tappal,Vasera,57288,0.888888888888889,0.888888888888889,,,,
up2021__731938,1412,faujuaka,Aligarh,Tappal,Faujuaka,165139,44137,1412,faizuaka,Aligarh,Tappal,Faizuaka,17598,0.8666666666666667,0.8666666666666667,,,,
up2021__710073,1412,usarharsoolpur,Aligarh,Tappal,UsarHarsoolPur,165145,44186,1412,usarah rasulpur,Aligarh,Tappal,Usarah Rasulpur,57081,0.8980952380952382,0.8980952380952382,,,,
up2021__769979,1412,kilpur,Aligarh,Tappal,Kilpur,165151,44156,1412,keelpur,Aligarh,Tappal,Keelpur,28108,0.8642857142857143,0.8642857142857143,,,,
up2021__762546,1412,sayaraul,Aligarh,Tappal,Sayaraul,165166,44181,1412,syaraul,Aligarh,Tappal,Syaraul,54642,0.8767857142857143,0.8767857142857143,,,,
up2021__796486,1403,modpur,Aligarh,Bijoili,Modpur,165185,43524,1403,mandpur,Aligarh,Bijauli,Mandpur,35220,0.8642857142857143,0.8642857142857143,,,,
up2021__752929,1403,datcholi bujurg,Aligarh,Bijoili,Datcholi Bujurg,165189,43504,1403,data choli buzurg,Aligarh,Bijauli,Data Choli Buzurg,14707,0.8932679738562092,0.8932679738562092,,,,
up2021__827241,1403,bilpura,Aligarh,Bijoili,Bilpura,165196,43497,1403,beelpura,Aligarh,Bijauli,Beelpura,7593,0.8821428571428571,0.8821428571428571,,,,
up2021__716694,1403,bulapur khedia,Aligarh,Bijoili,Bulapur Khedia,165211,43499,1403,bulapur,Aligarh,Bijauli,Bulapur,11785,0.9,0.9,,,,
up2021__737098,1403,toshi,Aligarh,Bijoili,Toshi,165212,43550,1403,tochhi,Aligarh,Bijauli,Tochhi,56195,0.8577777777777779,0.8577777777777779,,,,
up2021__793293,1403,sakhuppur satkana,Aligarh,Bijoili,Sakhuppur Satkana,165225,43543,1403,shekhupur satkuna,Aligarh,Bijauli,Shekhupur Satkuna,51956,0.8512605042016808,0.8512605042016808,,,,
up2021__782799,1403,bheekappur,Aligarh,Bijoili,Bheekappur,165226,43495,1403,bhikanpur,Aligarh,Bijauli,Bhikanpur,9870,0.8607407407407408,0.8607407407407408,,,,
up2021__769439,1403,dadu,Aligarh,Bijoili,Dadu,165244,43502,1403,dado,Aligarh,Bijauli,Dado,14062,0.8833333333333334,0.8833333333333334,,,,
up2021__691021,1403,alipur,Aligarh,Bijoili,Alipur,165245,43487,1403,alipur sesai,Aligarh,Bijauli,Alipur Sesai,1418,0.9,0.9,,,,
up2021__703575,1411,chanderola,Aligarh,Lodha,Chanderola,165252,44053,1411,chandraula,Aligarh,Lodha,Chandraula,12703,0.895,0.895,,,,
up2021__721730,1411,samla,Aligarh,Lodha,Samla,165263,44110,1411,semla,Aligarh,Lodha,Semla,51054,0.88,0.88,,,,
up2021__792793,1411,bazidpur nada,Aligarh,Lodha,Bazidpur Nada,165273,44120,1411,wajidpur nada,Aligarh,Lodha,Wajidpur Nada,57562,0.8974358974358975,0.8974358974358975,,,,
up2021__754117,1411,alhadaddpur neevri,Aligarh,Lodha,Alhadaddpur Neevri,165275,44034,1411,alahadadpur nivry,Aligarh,Lodha,Alahadadpur Nivry,1176,0.8708496732026144,0.8708496732026144,,,,
up2021__757239,1411,binupur no mouni,Aligarh,Lodha,Binupur No Mouni,165290,44051,1411,binupur,Aligarh,Lodha,Binupur,11085,0.8875,0.8875,,,,
up2021__791037,1411,baadwamaani,Aligarh,Lodha,Baadwamaani,165305,44037,1411,badwamni,Aligarh,Lodha,Badwamni,3824,0.893939393939394,0.893939393939394,,,,
up2021__151076,1387,baimen,Agra,Akolaa,Baimen,165331,42781,1387,baman,Agra,Akola,Baman,5208,0.8577777777777779,0.8577777777777779,,,,
up2021__159023,1387,badoda sadar,Agra,Akolaa,Badoda Sadar,165336,42782,1387,baroda sadar,Agra,Akola,Baroda Sadar,6724,0.8828282828282827,0.8828282828282827,,,,
up2021__121945,1387,gahrrakaala,Agra,Akolaa,Gahrrakaala,165339,42789,1387,gahara kalan,Agra,Akola,Gahara Kalan,18295,0.8932323232323233,0.8932323232323233,,,,
up2021__104731,1387,gharra khurd,Agra,Akolaa,Gharra Khurd,165340,42790,1387,gahara khurd,Agra,Akola,Gahara Khurd,18296,0.8954545454545454,0.8954545454545454,,,,
up2021__141428,1387,baserichahar,Agra,Akolaa,Baserichahar,165364,42785,1387,basarai chahar,Agra,Akola,Basarai Chahar,7103,0.8669191919191919,0.8669191919191919,,,,
up2021__185445,1386,gowra,Agra,Achnera,Gowra,165376,42744,1386,gobra,Agra,Achhnera,Gobra,19833,0.8933333333333333,0.8933333333333333,,,,
up2021__187982,1386,ghadima,Agra,Achnera,Ghadima,165377,42743,1386,garhima,Agra,Achhnera,Garhima,18945,0.8642857142857143,0.8642857142857143,,,,
up2021__106294,1386,muwarijpur,Agra,Achnera,Muwarijpur,165382,42762,1386,mubarikpur,Agra,Achhnera,Mubarikpur,37627,0.8933333333333333,0.8933333333333333,,,,
up2021__77626,1386,kachora,Agra,Achnera,Kachora,165386,42749,1386,kachaura,Agra,Achhnera,Kachaura,25439,0.8880952380952382,0.8880952380952382,,,,
up2021__189779,1386,arsana,Agra,Achnera,Arsana,165389,42731,1386,arsena,Agra,Achhnera,Arsena,2434,0.8755555555555556,0.8755555555555556,,,,
up2021__188790,1386,akbara,Agra,Achnera,Akbara,165394,42728,1386,akabara,Agra,Achhnera,Akabara,883,0.873015873015873,0.873015873015873,,,,
up2021__173892,1386,khadwai,Agra,Achnera,Khadwai,165400,42751,1386,kharbai,Agra,Achhnera,Kharbai,29110,0.8666666666666668,0.8666666666666668,,,,
up2021__188323,1386,sahta,Agra,Achnera,Sahta,165409,42774,1386,sehta,Agra,Achhnera,Sehta,50916,0.88,0.88,,,,
up2021__144517,1386,magroljat,Agra,Achnera,Magroljat,165418,42760,1386,mangaroli jat,Agra,Achhnera,Mangaroli Jat,35279,0.8586894586894587,0.8586894586894587,,,,
up2021__224561,1396,dhorra,Agra,Khandoli,Dhorra,165449,43157,1396,dhaurra,Agra,Khandauli,Dhaurra,16284,0.8793650793650793,0.8793650793650793,,,,
up2021__262878,1396,gijauli,Agra,Khandoli,Gijauli,165456,43159,1396,gijauli mustkil,Agra,Khandauli,Gijauli Mustkil,19747,0.8933333333333334,0.8933333333333334,,,,
up2021__170431,1396,badhanu,Agra,Khandoli,Badhanu,165459,43153,1396,bandhanu,Agra,Khandauli,Bandhanu,5419,0.8904761904761905,0.8904761904761905,,,,
up2021__113873,1397,milawali,Agra,Kheragarh,Milawali,165465,274051,1397,bhilawali,Agra,Kheragarh,Bhilawali,9965,0.8842592592592592,0.8842592592592592,,,,
up2021__9897,1397,barichaar,Agra,Kheragarh,Barichaar,165475,43193,1397,beri chahar,Agra,Kheragarh,Beri Chahar,8158,0.8848484848484848,0.8848484848484848,,,,
up2021__75241,1397,bisalpur,Agra,Kheragarh,Bisalpur,165476,43192,1397,beesalpur,Agra,Kheragarh,Beesalpur,7625,0.8958333333333333,0.8958333333333333,,,,
up2021__137428,1397,rudhau,Agra,Kheragarh,RudhAu,165490,265459,1397,roodhau,Agra,Kheragarh,Roodhau,47867,0.8642857142857143,0.8642857142857143,,,,
up2021__45995,1397,sarainda,Agra,Kheragarh,Sarainda,165494,43217,1397,sarenda,Agra,Kheragarh,Sarenda,50341,0.8694444444444446,0.8694444444444446,,,,
up2021__135480,1394,piperaittha,Agra,Jagner,Piperaittha,165500,43101,1394,pipretha,Agra,Jagner,Pipretha,44194,0.878030303030303,0.878030303030303,,,,
up2021__61346,1394,dhasakta,Agra,Jagner,Dhaşakta,165511,43093,1394,ghaskata,Agra,Jagner,Ghaskata,19491,0.8690476190476191,0.8690476190476191,,,,
up2021__5621,1394,bandhhour,Agra,Jagner,Bandhhour,165514,43082,1394,baghour,Agra,Jagner,Baghour,4000,0.873015873015873,0.873015873015873,,,,
up2021__171076,1394,bidhauli,Agra,Jagner,Bidhauli,165526,43089,1394,bidhouli jagner,Agra,Jagner,Bidhouli Jagner,10693,0.8566666666666667,0.8566666666666667,,,,
up2021__9054,1395,kohri,Agra,Jautpur Kalan,Kohri,165530,43124,1395,khohri,Agra,Jaitpur Kalan,Khohri,29740,0.8900000000000001,0.8900000000000001,,,,
up2021__86257,1395,shahpurbrahmman,Agra,Jautpur Kalan,Shahpurbrahmman,165542,43145,1395,shahapur brahaman,Agra,Jaitpur Kalan,Shahapur Brahaman,51351,0.8942296918767507,0.8942296918767507,,,,
up2021__30391,1395,nahatauli,Agra,Jautpur Kalan,Nahatauli,165545,43134,1395,nahtoli,Agra,Jaitpur Kalan,Nahtoli,39076,0.888888888888889,0.888888888888889,,,,
up2021__76623,1395,ruppura,Agra,Jautpur Kalan,Ruppura,165547,43142,1395,rooppura,Agra,Jaitpur Kalan,Rooppura,47892,0.8821428571428571,0.8821428571428571,,,,
up2021__153896,1395,reechapura,Agra,Jautpur Kalan,Reechapura,165548,43141,1395,richhapura,Agra,Jaitpur Kalan,Richhapura,47723,0.88,0.88,,,,
up2021__7255,1395,kukapur,Agra,Jautpur Kalan,Kukapur,165552,43125,1395,kookapur,Agra,Jaitpur Kalan,Kookapur,30565,0.8821428571428571,0.8821428571428571,,,,
up2021__96233,1395,ghadipraptapura,Agra,Jautpur Kalan,Ghadipraptapura,165553,43116,1395,gadhia pratappura,Agra,Jaitpur Kalan,Gadhia Pratappura,18208,0.8647058823529412,0.8647058823529412,,,,
up2021__10716,1395,chaurangha,Agra,Jautpur Kalan,Chaurangha,165563,43113,1395,chourangahar,Agra,Jaitpur Kalan,Chourangahar,13882,0.8755555555555555,0.8755555555555555,,,,
up2021__26382,1398,huseenapuraa,Agra,Pinahat,Huseenapuraa,165573,43229,1398,husainpura,Agra,Pinahat,Husainpura,22457,0.8924074074074073,0.8924074074074073,,,,
up2021__84643,1398,ladoapua,Agra,Pinahat,Ladoapua,165577,43235,1398,ladhavapura,Agra,Pinahat,Ladhavapura,31888,0.8526515151515152,0.8526515151515152,,,,
up2021__24781,1398,karauli,Agra,Pinahat,Karauli,165582,43231,1398,karkoli,Agra,Pinahat,Karkoli,27205,0.8666666666666668,0.8666666666666668,,,,
up2021__43813,1398,oudh,Agra,Pinahat,Oudh,165583,43239,1398,ondh,Agra,Pinahat,Ondh,41075,0.8500000000000001,0.8500000000000001,,,,
up2021__33245,1398,viparavali,Agra,Pinahat,Viparavali,165585,43253,1398,vipraoli,Agra,Pinahat,Vipraoli,57431,0.8674999999999999,0.8674999999999999,,,,
up2021__60251,1393,bhadkool,Agra,Fatehpur Seekri,Bhadkool,165608,43035,1393,bharhkol,Agra,Fatehpur Sikri,Bharhkol,9179,0.8833333333333334,0.8833333333333334,,,,
up2021__54149,1393,khedajhat,Agra,Fatehpur Seekri,Khedajhat,165614,43054,1393,khera jat,Agra,Fatehpur Sikri,Khera Jat,29467,0.8962962962962963,0.8962962962962963,,,,
up2021__17688,1393,dawar,Agra,Fatehpur Seekri,Dawar,165617,43039,1393,dabar,Agra,Fatehpur Sikri,Dabar,13968,0.8933333333333333,0.8933333333333333,,,,
up2021__32109,1393,sikaroda,Agra,Fatehpur Seekri,Sikaroda,165623,43073,1393,sika rauda,Agra,Fatehpur Sikri,Sika Rauda,52656,0.8864285714285713,0.8864285714285713,,,,
up2021__79764,1393,siroli,Agra,Fatehpur Seekri,Siroli,165627,43076,1393,sirauli,Agra,Fatehpur Sikri,Sirauli,53107,0.8944444444444445,0.8944444444444445,,,,
up2021__86716,1393,dawoodpur,Agra,Fatehpur Seekri,Dawoodpur,165628,43040,1393,daudpur,Agra,Fatehpur Sikri,Daudpur,14760,0.873015873015873,0.873015873015873,,,,
up2021__46587,1393,rasulpur,Agra,Fatehpur Seekri,Rasulpur,165638,43067,1393,rasulpur kiraoli,Agra,Fatehpur Sikri,Rasulpur Kiraoli,47230,0.9,0.9,,,,
up2021__87008,1393,noorpur,Agra,Fatehpur Seekri,Noorpur,165650,268088,1393,nurpur,Agra,Fatehpur Sikri,Nurpur,40981,0.8642857142857143,0.8642857142857143,,,,
up2021__19434,1392,gadhi udayraj,Agra,Fatehabad,Gadhi Udayraj,165671,42982,1392,garhi udairaj,Agra,Fatehabad,Garhi Udairaj,18964,0.8694638694638694,0.8694638694638694,,,,
up2021__34165,1392,bheekappur,Agra,Fatehabad,Bheekappur,165674,42976,1392,bhikanpur,Agra,Fatehabad,Bhikanpur,9869,0.8607407407407408,0.8607407407407408,,,,
up2021__6054,1392,shahbad,Agra,Fatehabad,Shahbad,165677,43024,1392,shahved,Agra,Fatehabad,Shahved,51656,0.8857142857142858,0.8857142857142858,,,,
up2021__1852,1392,bagampur,Agra,Fatehabad,Bagampur,165679,42973,1392,begampur,Agra,Fatehabad,Begampur,7634,0.8821428571428571,0.8821428571428571,,,,
up2021__68694,1392,parauli sikarwar,Agra,Fatehabad,Parauli Sikarwar,165693,43011,1392,paroli sikarwar,Agra,Fatehabad,Paroli Sikarwar,42715,0.8719444444444445,0.8719444444444445,,,,
up2021__78918,1392,bichoaullaa,Agra,Fatehabad,BichoaulLaa,165697,42977,1392,bichola,Agra,Fatehabad,Bichola,10654,0.8987012987012987,0.8987012987012987,,,,
up2021__24757,1392,rooppur,Agra,Fatehabad,Rooppur,165708,43019,1392,ruppur,Agra,Fatehabad,Ruppur,48101,0.8642857142857143,0.8642857142857143,,,,
up2021__30415,1392,mhara choudhary,Agra,Fatehabad,Mhara Choudhary,165713,42994,1392,mahra chaudhri,Agra,Fatehabad,Mahra Chaudhri,34066,0.8693406593406594,0.8693406593406594,,,,
up2021__57568,1392,fatehabad dehat,Agra,Fatehabad,Fatehabad Dehat,165721,265514,1392,fatehabad rural,Agra,Fatehabad,Fatehabad Rural,17761,0.8933333333333334,0.8933333333333334,,,,
up2021__71496,1392,dhorra,Agra,Fatehabad,Dhorra,165724,265516,1392,dhaurra,Agra,Fatehabad,Dhaurra,16285,0.8793650793650793,0.8793650793650793,,,,
up2021__57271,1389,higaut khedia,Agra,Baroli Ahir,Higaut Khedia,165729,42874,1389,hingot kheria,Agra,Barauli Ahir,Hingot Kheria,22286,0.8769230769230769,0.8769230769230769,,,,
up2021__79083,1389,baroli ahir,Agra,Baroli Ahir,Baroli Ahir,165736,42857,1389,barauli ahir,Agra,Barauli Ahir,Barauli Ahir,6191,0.8932323232323233,0.8932323232323233,,,,
up2021__55357,1389,budhana,Agra,Baroli Ahir,Budhana,165749,42866,1389,budhana mustkil,Agra,Barauli Ahir,Budhana Mustkil,11691,0.8933333333333334,0.8933333333333334,,,,
up2021__31528,1389,devari,Agra,Baroli Ahir,Devari,165758,42869,1389,deori,Agra,Barauli Ahir,Deori,15199,0.8577777777777779,0.8577777777777779,,,,
up2021__155528,1389,gagara,Agra,Baroli Ahir,Gagara,165762,42872,1389,gangraua,Agra,Barauli Ahir,Gangraua,18740,0.888888888888889,0.888888888888889,,,,
up2021__103620,1389,pavawali,Agra,Baroli Ahir,Pavawali,165767,42896,1389,pawawali,Agra,Barauli Ahir,Pawawali,43477,0.8952380952380953,0.8952380952380953,,,,
up2021__71260,1389,myampur,Agra,Baroli Ahir,Myampur,165775,265464,1389,mayapur,Agra,Barauli Ahir,Mayapur,36330,0.8642857142857143,0.8642857142857143,,,,
up2021__124131,1389,samogar,Agra,Baroli Ahir,Samogar,165778,42901,1389,samogar mustkil,Agra,Barauli Ahir,Samogar Mustkil,49471,0.8933333333333334,0.8933333333333334,,,,
up2021__46568,1388,gugauli,Agra,Bah,Gugauli,165811,42824,1388,gungawali,Agra,Bah,Gungawali,20709,0.873015873015873,0.873015873015873,,,,
up2021__101590,1388,syaich,Agra,Bah,Syaich,165823,265533,1388,siyainch,Agra,Bah,Siyainch,53495,0.875,0.875,,,,
up2021__18831,1388,higothkheda,Agra,Bah,HigothKheda,165826,42825,1388,hingot khera,Agra,Bah,Hingot Khera,22285,0.8552188552188553,0.8552188552188553,,,,
up2021__81433,1388,amanpura,Agra,Bah,Amanpura,165828,42821,1388,emanpura,Agra,Bah,Emanpura,17508,0.8690476190476191,0.8690476190476191,,,,
up2021__102773,1388,kalinger,Agra,Bah,Kalinger,165831,42828,1388,kalinjar,Agra,Bah,Kalinjar,26046,0.9,0.9,,,,
up2021__157311,1390,khaspur,Agra,Bichpuri,Khaspur,165839,42917,1390,khaspur mustkil,Agra,Bichpuri,Khaspur Mustkil,29290,0.8933333333333334,0.8933333333333334,,,,
up2021__17705,1390,sutaidee,Agra,Bichpuri,Sutaidee,165851,265467,1390,sutendi,Agra,Bichpuri,Sutendi,54617,0.8694444444444446,0.8694444444444446,,,,
up2021__64463,1390,jakhauda,Agra,Bichpuri,Jakhauda,165853,265466,1390,jakhoda,Agra,Bichpuri,Jakhoda,23738,0.8880952380952382,0.8880952380952382,,,,
up2021__29824,1400,badobarakalan,Agra,Shamshabaad,Badobarakalan,165865,43294,1400,barobara kalan,Agra,Shamsabad,Barobara Kalan,6717,0.896947496947497,0.896947496947497,,,,
up2021__43029,1400,jaroli,Agra,Shamshabaad,Jaroli,165882,43309,1400,jarauli,Agra,Shamsabad,Jarauli,24433,0.8944444444444445,0.8944444444444445,,,,
up2021__47664,1400,phoolpur,Agra,Shamshabaad,Phoolpur,165885,43330,1400,phulpur,Agra,Shamsabad,Phulpur,43696,0.8952380952380953,0.8952380952380953,,,,
up2021__32340,1400,himaayupur,Agra,Shamshabaad,Himaayupur,165889,43305,1400,himayunpur rohai,Agra,Shamsabad,Himayunpur Rohai,22218,0.8925,0.8925,,,,
up2021__52453,1400,kaulara khurd,Agra,Shamshabaad,Kaulara Khurd,165893,43312,1400,kolara khurd,Agra,Shamsabad,Kolara Khurd,30441,0.8743006993006993,0.8743006993006993,,,,
up2021__10152,1400,luheta,Agra,Shamshabaad,Luheta,165901,43319,1400,loheta,Agra,Shamsabad,Loheta,32880,0.9,0.9,,,,
up2021__50333,1400,hiranar nawadakheda,Agra,Shamshabaad,Hiranar Nawadakheda,165910,43306,1400,hirner nawadakhera,Agra,Shamsabad,Hirner Nawadakhera,22332,0.8643153021442495,0.8643153021442495,,,,
up2021__19026,1400,gadauli kalan,Agra,Shamshabaad,Gadauli Kalan,165911,241722,1400,gadoli kalan,Agra,Shamsabad,Gadoli Kalan,18246,0.881021756021756,0.881021756021756,,,,
up2021__33147,1400,dhaula kala,Agra,Shamshabaad,Dhaula Kala,165918,43300,1400,dhanaula kalan,Agra,Shamsabad,Dhanaula Kalan,15779,0.8651515151515151,0.8651515151515151,,,,
up2021__33386,1399,sauya,Agra,Saunya,Sauya,165923,43284,1399,saiyan,Agra,Saiyan,Saiyan,48892,0.8577777777777779,0.8577777777777779,,,,
up2021__675247,1451,kajra dilshadpur,Azamgarh,Azmatgarh,Kajra Dilshadpur,165964,47039,1451,kanjara dilsadpur,Azamgarh,Azmatgarh,Kanjara Dilsadpur,26641,0.8808496732026143,0.8808496732026143,,,,
up2021__459173,1451,chaudapar,Azamgarh,Azmatgarh,Chaudapar,165970,47016,1451,chandpur,Azamgarh,Azmatgarh,Chandpur,12593,0.8856481481481482,0.8856481481481482,,,,
up2021__457130,1451,chak aziz,Azamgarh,Azmatgarh,Chak Aziz,165972,47069,1451,chak ajeej,Azamgarh,Azmatgarh,Chak Ajeej,11990,0.8533333333333333,0.8533333333333333,,,,
up2021__654687,1451,kokhbhaar,Azamgarh,Azmatgarh,Kokhbhaar,165979,47040,1451,kankhbhar,Azamgarh,Azmatgarh,Kankhbhar,26677,0.8666666666666666,0.8666666666666666,,,,
up2021__677464,1451,kasaba sagdi,Azamgarh,Azmatgarh,Kasaba Sagdi,165984,47041,1451,kasba sagri,Azamgarh,Azmatgarh,Kasba Sagri,27468,0.8932323232323233,0.8932323232323233,,,,
up2021__635327,1451,dawoodpur,Azamgarh,Azmatgarh,Dawoodpur,165988,47025,1451,daudpur,Azamgarh,Azmatgarh,Daudpur,14762,0.873015873015873,0.873015873015873,,,,
up2021__448690,1451,muhammedpur,Azamgarh,Azmatgarh,Muhammedpur,166000,47015,1451,mohammadpur,Azamgarh,Azmatgarh,Mohammadpur,37148,0.890909090909091,0.890909090909091,,,,
up2021__436759,1451,dighawanua kazi,Azamgarh,Azmatgarh,Dighawanua Kazi,166002,47030,1451,dighwaniya kaji,Azamgarh,Azmatgarh,Dighwaniya Kaji,16644,0.87,0.87,,,,
up2021__1092678,1451,bhatoulee ibrahimur,Azamgarh,Azmatgarh,Bhatoulee Ibrahimur,166007,47011,1451,bhatauli ibarahimpur,Azamgarh,Azmatgarh,Bhatauli Ibarahimpur,9378,0.8784210526315789,0.8784210526315789,,,,
up2021__1084605,1451,harai ismilpur,Azamgarh,Azmatgarh,Harai Ismilpur,166011,47032,1451,harai isnaratpur,Azamgarh,Azmatgarh,Harai Isnaratpur,21250,0.876461038961039,0.876461038961039,,,,
up2021__625329,1451,dighavania mazhauwa,Azamgarh,Azmatgarh,Dighavania Mazhauwa,166013,47031,1451,dighwaniya majhauwa,Azamgarh,Azmatgarh,Dighwaniya Majhauwa,16645,0.8743421052631578,0.8743421052631578,,,,
up2021__475086,1451,turkholi,Azamgarh,Azmatgarh,Turkholi,166032,47084,1451,turkauli,Azamgarh,Azmatgarh,Turkauli,56389,0.9,0.9,,,,
up2021__272483,1455,pipiri,Azamgarh,Koyalsa,Pipiri,166054,47374,1455,pipari,Azamgarh,Koilsa,Pipari,43949,0.8755555555555556,0.8755555555555556,,,,
up2021__217967,1455,saraiya,Azamgarh,Koyalsa,Saraiya,166064,47383,1455,saraiya ratanawe,Azamgarh,Koilsa,Saraiya Ratanawe,50103,0.8875,0.8875,,,,
up2021__210897,1455,atareth,Azamgarh,Koyalsa,Atareth,166066,47321,1455,atraith,Azamgarh,Koilsa,Atraith,2936,0.8793650793650793,0.8793650793650793,,,,
up2021__404997,1454,chattaur,Azamgarh,Jahangirabad,Chattaur,166083,47273,1454,chhaatur,Azamgarh,Jahanaganj,Chhaatur,13199,0.8952380952380953,0.8952380952380953,,,,
up2021__386146,1454,mande,Azamgarh,Jahangirabad,Mande,166115,47294,1454,manday,Azamgarh,Jahanaganj,Manday,35190,0.8933333333333334,0.8933333333333334,,,,
up2021__444271,1470,udiyaawa,Azamgarh,Thekma,Udiyaawa,166157,48469,1470,udiawan,Azamgarh,Thekma,Udiawan,56609,0.8694444444444446,0.8694444444444446,,,,
up2021__219932,1470,pursoodi,Azamgarh,Thekma,Pursoodi,166158,48452,1470,purasudi,Azamgarh,Thekma,Purasudi,44789,0.8833333333333334,0.8833333333333334,,,,
up2021__427493,1470,belau chaka belau,Azamgarh,Thekma,Belau Chaka Belau,166198,48405,1470,beluchak belu,Azamgarh,Thekma,Beluchak Belu,7993,0.8912518853695325,0.8912518853695325,,,,
up2021__413923,1470,sakramu,Azamgarh,Thekma,Sakramu,166202,48457,1470,sakara mau,Azamgarh,Thekma,Sakara Mau,48926,0.8966666666666666,0.8966666666666666,,,,
up2021__358890,1470,bhira,Azamgarh,Thekma,Bhira,166218,48410,1470,bheera,Azamgarh,Thekma,Bheera,9772,0.8577777777777779,0.8577777777777779,,,,
up2021__441339,1470,gadha,Azamgarh,Thekma,Gadha,166229,271896,1470,garha,Azamgarh,Thekma,Garha,18871,0.8933333333333333,0.8933333333333333,,,,
up2021__208339,1470,sahnoodih,Azamgarh,Thekma,Sahnoodih,166234,271913,1470,sahanu dih,Azamgarh,Thekma,Sahanu Dih,48489,0.8781481481481481,0.8781481481481481,,,,
up2021__227675,1469,jamirpur urf budhanpur,Azamgarh,Tarwan,Jamirpur Urf Budhanpur,166238,48390,1469,zameerpur urf budhan,Azamgarh,Tarwa,Zameerpur Urf Budhan,57681,0.8742424242424242,0.8742424242424242,,,,
up2021__354819,1469,rasra,Azamgarh,Tarwan,Rasra,166253,48372,1469,rasanda,Azamgarh,Tarwa,Rasanda,46979,0.8533333333333333,0.8533333333333333,,,,
up2021__279356,1469,tadwa khas,Azamgarh,Tarwan,Tadwa Khas,166255,48382,1469,tandawa khas,Azamgarh,Tarwa,Tandawa Khas,54982,0.8755555555555555,0.8755555555555555,,,,
up2021__388173,1469,tarwa,Azamgarh,Tarwan,Tarwa,166261,48383,1469,tarawan,Azamgarh,Tarwa,Tarawan,55097,0.8866666666666667,0.8866666666666667,,,,
up2021__308868,1469,bangaaw,Azamgarh,Tarwan,Bangaaw,166268,48321,1469,bangaon,Azamgarh,Tarwa,Bangaon,5480,0.8857142857142858,0.8857142857142858,,,,
up2021__240974,1469,zamin sakkat,Azamgarh,Tarwan,Zamin Sakkat,166299,48345,1469,jaminsakat,Azamgarh,Tarwa,Jaminsakat,24071,0.8833333333333333,0.8833333333333333,,,,
up2021__233643,1469,tilkhara,Azamgarh,Tarwan,Tilkhara,166304,48385,1469,tilkharapura dani,Azamgarh,Tarwa,Tilkharapura Dani,56014,0.8941176470588236,0.8941176470588236,,,,
up2021__434180,1468,lakhmanpatti badal rai,Azamgarh,Tahbarpur,Lakhmanpatti Badal Rai,166324,48280,1468,lakhaman pur patti badal rai,Azamgarh,Tahbarpur,Lakhaman Pur Patti Badal Rai,32060,0.8844155844155843,0.8844155844155843,,,,
up2021__419025,1468,raisingpur sudnipura,Azamgarh,Tahbarpur,Raisingpur Sudnipura,166327,48305,1468,raisinghpur,Azamgarh,Tahbarpur,Raisinghpur,45526,0.8818181818181818,0.8818181818181818,,,,
up2021__351622,1468,dhaniakudi,Azamgarh,Tahbarpur,Dhaniakudi,166329,48256,1468,dhanoya puri,Azamgarh,Tahbarpur,Dhanoya Puri,15932,0.8566666666666667,0.8566666666666667,,,,
up2021__413560,1468,basti bande daspur,Azamgarh,Tahbarpur,Basti Bande Daspur,166330,48241,1468,basahi bandedaspur,Azamgarh,Tahbarpur,Basahi Bandedaspur,6975,0.8898148148148148,0.8898148148148148,,,,
up2021__283212,1468,gadhna buzurg,Azamgarh,Tahbarpur,Gadhna Buzurg,166334,48259,1468,gadahan bujorg,Azamgarh,Tahbarpur,Gadahan Bujorg,18105,0.892890442890443,0.892890442890443,,,,
up2021__287352,1468,vishauli,Azamgarh,Tahbarpur,Vishauli,166364,48250,1468,bisauli,Azamgarh,Tahbarpur,Bisauli,11298,0.8690476190476191,0.8690476190476191,,,,
up2021__227304,1468,bashee jarmejarpur,Azamgarh,Tahbarpur,Bashee Jarmejarpur,166366,48242,1468,bashijarmajaipur,Azamgarh,Tahbarpur,Bashijarmajaipur,7235,0.8761752136752138,0.8761752136752138,,,,
up2021__415221,1468,ledua,Azamgarh,Tahbarpur,Ledua,166368,48282,1468,lerua,Azamgarh,Tahbarpur,Lerua,32710,0.8933333333333333,0.8933333333333333,,,,
up2021__210020,1468,hareya,Azamgarh,Tahbarpur,Hareya,166374,48235,1468,arya,Azamgarh,Tahbarpur,Arya,2472,0.8888888888888888,0.8888888888888888,,,,
up2021__257584,1468,gaura,Azamgarh,Tahbarpur,Gaura,166377,48261,1468,goura,Azamgarh,Tahbarpur,Goura,20384,0.88,0.88,,,,
up2021__432193,1468,dhaddhani tajanpur,Azamgarh,Tahbarpur,Dhaddhani Tajanpur,166379,48255,1468,dhadhani,Azamgarh,Tahbarpur,Dhadhani,15573,0.888888888888889,0.888888888888889,,,,
up2021__387045,1468,manjhari khaliya,Azamgarh,Tahbarpur,Manjhari Khaliya,166381,48287,1468,manjhari,Azamgarh,Tahbarpur,Manjhari,35459,0.9,0.9,,,,
up2021__428776,1468,trimukhani pyaarepur,Azamgarh,Tahbarpur,Trimukhani Pyaarepur,166398,48314,1468,trimuhani,Azamgarh,Tahbarpur,Trimuhani,56305,0.89,0.89,,,,
up2021__407999,1468,barikhas,Azamgarh,Tahbarpur,Barikhas,166399,48315,1468,wari khas,Azamgarh,Tahbarpur,Wari Khas,57580,0.8842592592592592,0.8842592592592592,,,,
up2021__267204,1468,awati,Azamgarh,Tahbarpur,Awati,166410,271915,1468,avati,Azamgarh,Tahbarpur,Avati,3161,0.88,0.88,,,,
up2021__439216,1463,hafizpur,Azamgarh,Palhani,Hafizpur,166420,47888,1463,haphizpur,Azamgarh,Palhani,Haphizpur,21234,0.8693121693121693,0.8693121693121693,,,,
up2021__438433,1463,kodor ajmatpur,Azamgarh,Palhani,Kodor Ajmatpur,166428,47907,1463,kodar ajamatpur,Azamgarh,Palhani,Kodar Ajamatpur,30285,0.8983760683760684,0.8983760683760684,,,,
up2021__410789,1463,kishundaspur pratham,Azamgarh,Palhani,Kishundaspur Pratham,166440,47906,1463,kisundaspur,Azamgarh,Palhani,Kisundaspur,30211,0.895,0.895,,,,
up2021__423543,1463,husenganj,Azamgarh,Palhani,Husenganj,166461,47895,1463,husainganj,Azamgarh,Palhani,Husainganj,22438,0.8982407407407408,0.8982407407407408,,,,
up2021__651729,1463,sahabazpur,Azamgarh,Palhani,Sahabazpur,166468,47928,1463,shahabajpur,Azamgarh,Palhani,Shahabajpur,51322,0.8821212121212121,0.8821212121212121,,,,
up2021__1040131,1463,bhabanauli mafi,Azamgarh,Palhani,Bhabanauli Mafi,166473,47865,1463,babhnauli mafi,Azamgarh,Palhani,Babhnauli Mafi,3363,0.8728571428571429,0.8728571428571429,,,,
up2021__1085056,1463,teukhar,Azamgarh,Palhani,Teukhar,166474,47933,1463,teo khar,Azamgarh,Palhani,Teo Khar,55468,0.8952380952380953,0.8952380952380953,,,,
up2021__440611,1463,sammopur,Azamgarh,Palhani,Sammopur,166481,47929,1463,shambhopur,Azamgarh,Palhani,Shambhopur,51705,0.8725,0.8725,,,,
up2021__335226,1464,muhammedpur,Azamgarh,Pawai,Muhammedpur,166510,47993,1464,mohammadpur,Azamgarh,Pawai,Mohammadpur,37150,0.890909090909091,0.890909090909091,,,,
up2021__235950,1464,kohda,Azamgarh,Pawai,Kohda,166542,47982,1464,kohara,Azamgarh,Pawai,Kohara,30347,0.8755555555555556,0.8755555555555556,,,,
up2021__291805,1464,godhna,Azamgarh,Pawai,Godhna,166546,47962,1464,gondhana,Azamgarh,Pawai,Gondhana,20045,0.888888888888889,0.888888888888889,,,,
up2021__359501,1464,imli mahuwa,Azamgarh,Pawai,Imli Mahuwa,166575,47969,1464,imali mahuwa,Azamgarh,Pawai,Imali Mahuwa,22651,0.8808080808080807,0.8808080808080807,,,,
up2021__251480,1464,nizampur,Azamgarh,Pawai,Nizampur,166578,48000,1464,nejampur,Azamgarh,Pawai,Nejampur,40338,0.8500000000000001,0.8500000000000001,,,,
up2021__399867,1464,pooraramji,Azamgarh,Pawai,Pooraramji,166579,48006,1464,pura ramji,Azamgarh,Pawai,Pura Ramji,44781,0.88,0.88,,,,
up2021__234358,1465,hatnaura kala,Azamgarh,Phoolpur,hatnaura kala,166607,48047,1465,hathanaura kalan,Azamgarh,Phulpur,Hathanaura Kalan,21971,0.8665064102564103,0.8665064102564103,,,,
up2021__272473,1465,khaanjhahaapur,Azamgarh,Phoolpur,Khaanjhahaapur,166611,48056,1465,khan jahanpur,Azamgarh,Phulpur,Khan Jahanpur,28883,0.892890442890443,0.892890442890443,,,,
up2021__248466,1465,sajaii,Azamgarh,Phoolpur,Sajaii,166616,48084,1465,sajei,Azamgarh,Phulpur,Sajei,48903,0.8755555555555556,0.8755555555555556,,,,
up2021__396065,1465,fattehpur,Azamgarh,Phoolpur,Fattehpur,166641,48075,1465,phatehpur,Azamgarh,Phulpur,Phatehpur,43642,0.8518518518518517,0.8518518518518517,,,,
up2021__284856,1465,bakra,Azamgarh,Phoolpur,Bakra,166653,48025,1465,bakhara,Azamgarh,Phulpur,Bakhara,4847,0.8866666666666667,0.8866666666666667,,,,
up2021__246304,1465,malgav,Azamgarh,Phoolpur,Malgav,166667,48065,1465,malgawan,Azamgarh,Phulpur,Malgawan,34896,0.8916666666666667,0.8916666666666667,,,,
up2021__383829,1465,jouma,Azamgarh,Phoolpur,Jouma,166668,48049,1465,jauma,Azamgarh,Phulpur,Jauma,24678,0.88,0.88,,,,
up2021__430696,1452,jaminpadri,Azamgarh,Bilriaganj,Jaminpadri,166701,47134,1452,jamin pharenda,Azamgarh,Bilariyaganj,Jamin Pharenda,24070,0.8863492063492063,0.8863492063492063,,,,
up2021__295923,1452,bhavaraypurpatti bankaray,Azamgarh,Bilriaganj,Bhavaraypurpatti Bankaray,166704,271983,1452,bhawaraipur patti bankarai,Azamgarh,Bilariyaganj,Bhawaraipur Patti Bankarai,9716,0.8936783216783217,0.8936783216783217,,,,
up2021__389941,1452,srinagar,Azamgarh,Bilriaganj,Srinagar,166727,47175,1452,shreenagar,Azamgarh,Bilariyaganj,Shreenagar,52311,0.8725,0.8725,,,,
up2021__405336,1452,bhaisorda sethari,Azamgarh,Bilriaganj,Bhaisorda Sethari,166728,47102,1452,bhaisainda sathari,Azamgarh,Bilariyaganj,Bhaisainda Sathari,8809,0.8774042950513539,0.8774042950513539,,,,
up2021__464724,1452,maha karmanathpatti,Azamgarh,Bilriaganj,Maha Karmanathpatti,166730,47150,1452,mahi karmnath patti,Azamgarh,Bilariyaganj,Mahi Karmnath Patti,33893,0.882249742002064,0.882249742002064,,,,
up2021__322238,1452,gadwal,Azamgarh,Bilriaganj,Gadwal,166748,47122,1452,garhwal,Azamgarh,Bilariyaganj,Garhwal,18985,0.8793650793650793,0.8793650793650793,,,,
up2021__464238,1452,ashrafpur,Azamgarh,Bilriaganj,Ashrafpur,166749,47090,1452,asaraf pur,Azamgarh,Bilariyaganj,Asaraf Pur,2539,0.8837037037037038,0.8837037037037038,,,,
up2021__409739,1452,patikhoord,Azamgarh,Bilriaganj,Patikhoord,166753,47165,1452,panti khurd,Azamgarh,Bilariyaganj,Panti Khurd,42316,0.8739393939393939,0.8739393939393939,,,,
up2021__246396,1452,jolaha begpur,Azamgarh,Bilriaganj,Jolaha Begpur,166767,47139,1452,jolaha,Azamgarh,Bilariyaganj,Jolaha,25202,0.8923076923076924,0.8923076923076924,,,,
up2021__416757,1452,baranpur jagdishpur,Azamgarh,Bilriaganj,Baranpur Jagdishpur,166785,47097,1452,barna jagdishpur,Azamgarh,Bilariyaganj,Barna Jagdishpur,6708,0.8756578947368421,0.8756578947368421,,,,
up2021__415325,1457,naubarar dewara jadid kita dwitiya,Azamgarh,Maharajganj,Naubarar Dewara Jadid Kita Dwitiya,166808,47531,1457,naubrar dewara jadeedkita i,Azamgarh,Mahrajganj,Naubrar Dewara Jadeedkita - I,39958,0.852244008714597,0.852244008714597,,,,
up2021__426214,1457,naubarar tripurar pur khalasa,Azamgarh,Maharajganj,Naubarar Tripurar Pur Khalasa,166810,47533,1457,nawbarar tripurar khalsa,Azamgarh,Mahrajganj,Nawbarar Tripurar Khalsa,40238,0.8641512577044812,0.8641512577044812,,,,
up2021__451206,1457,sugoi,Azamgarh,Maharajganj,Sugoi,166815,47549,1457,sugauti,Azamgarh,Mahrajganj,Sugauti,53988,0.8533333333333333,0.8533333333333333,,,,
up2021__365018,1457,harkhpura khas,Azamgarh,Maharajganj,Harkhpura Khas,166824,47509,1457,harakh pura khas,Azamgarh,Mahrajganj,Harakh Pura Khas,21277,0.8875000000000001,0.8875000000000001,,,,
up2021__273987,1457,chadpur,Azamgarh,Maharajganj,Chadpur,166828,47495,1457,chandpur bhatoura,Azamgarh,Mahrajganj,Chandpur Bhatoura,12638,0.8627450980392156,0.8627450980392156,,,,
up2021__451958,1457,chourasi,Azamgarh,Maharajganj,Chourasi,166857,47496,1457,chaurasi,Azamgarh,Mahrajganj,Chaurasi,13104,0.8952380952380953,0.8952380952380953,,,,
up2021__344755,1457,terhi,Azamgarh,Maharajganj,Terhi,166871,47550,1457,terhi jamin terhi,Azamgarh,Mahrajganj,Terhi Jamin Terhi,55502,0.8588235294117647,0.8588235294117647,,,,
up2021__364557,1457,kashipur charauva,Azamgarh,Maharajganj,KashiPur CharaUva,166876,47516,1457,kashipur,Azamgarh,Mahrajganj,Kashipur,27504,0.8941176470588236,0.8941176470588236,,,,
up2021__404211,1457,gopalapur dwitiya,Azamgarh,Maharajganj,Gopalapur Dwitiya,166883,47505,1457,gopalpur,Azamgarh,Mahrajganj,Gopalpur,20115,0.8941176470588236,0.8941176470588236,,,,
up2021__412068,1457,a0 semri,Azamgarh,Maharajganj,A0 Semri,166888,266302,1457,aa semari,Azamgarh,Mahrajganj,Aa Semari,61,0.8958333333333333,0.8958333333333333,,,,
up2021__269707,1458,syed bahauddinpur,Azamgarh,Martinganj,SYED BAHAUDDINPUR,166906,47605,1458,saiyad bahauddinpur,Azamgarh,Martinganj,Saiyad Bahauddinpur,48890,0.878734520123839,0.878734520123839,,,,
up2021__360962,1458,barounapatti,Azamgarh,Martinganj,Barounapatti,166911,47556,1458,barauna,Azamgarh,Martinganj,Barauna,6209,0.8694444444444446,0.8694444444444446,,,,
up2021__224378,1458,rasulpur tugi,Azamgarh,Martinganj,Rasulpur Tugi,166918,47603,1458,rasoolpur tungi,Azamgarh,Martinganj,Rasoolpur Tungi,47113,0.8770512820512821,0.8770512820512821,,,,
up2021__402874,1458,yusufpur khanpur,Azamgarh,Martinganj,Yusufpur Khanpur,166924,47613,1458,yushuphpur khanpur,Azamgarh,Martinganj,Yushuphpur Khanpur,57645,0.86875,0.86875,,,,
up2021__261541,1458,lasda khurd,Azamgarh,Martinganj,Lasda Khurd,166929,47588,1458,lasara khurd,Azamgarh,Martinganj,Lasara Khurd,32501,0.8932323232323233,0.8932323232323233,,,,
up2021__251786,1458,lasda kala,Azamgarh,Martinganj,Lasda Kala,166930,47587,1458,lasara kalan,Azamgarh,Martinganj,Lasara Kalan,32500,0.8664814814814815,0.8664814814814815,,,,
up2021__356526,1458,chittepur,Azamgarh,Martinganj,Chittepur,166944,47565,1458,chhettepur,Azamgarh,Martinganj,Chhettepur,13415,0.8837037037037038,0.8837037037037038,,,,
up2021__356031,1458,belhari imamali,Azamgarh,Martinganj,Belhari Imamali,166947,47559,1458,belahari imam ali,Azamgarh,Martinganj,Belahari Imam Ali,7814,0.8947712418300654,0.8947712418300654,,,,
up2021__350004,1458,tevakhar,Azamgarh,Martinganj,Tevakhar,166948,47612,1458,tewkhar,Azamgarh,Martinganj,Tewkhar,55546,0.8507936507936509,0.8507936507936509,,,,
up2021__403186,1458,demarimakdoompur,Azamgarh,Martinganj,Demarimakdoompur,166951,265400,1458,demri makdumpur,Azamgarh,Martinganj,Demri Makdumpur,15103,0.8712927350427351,0.8712927350427351,,,,
up2021__252284,1458,chikasanva,Azamgarh,Martinganj,Chikasanva,166956,266218,1458,chiksawa,Azamgarh,Martinganj,Chiksawa,13567,0.8864285714285713,0.8864285714285713,,,,
up2021__193987,1460,lahideeh,Azamgarh,Mirzapur,Lahideeh,166966,47723,1460,lahi dih,Azamgarh,Mirzapur,Lahi Dih,31982,0.9,0.9,,,,
up2021__373959,1460,duwki,Azamgarh,Mirzapur,Duwki,166977,47698,1460,dubaki,Azamgarh,Mirzapur,Dubaki,17021,0.8577777777777779,0.8577777777777779,,,,
up2021__297012,1460,mouna,Azamgarh,Mirzapur,Mouna,166979,47727,1460,mauna,Azamgarh,Mirzapur,Mauna,36202,0.88,0.88,,,,
up2021__382848,1460,chak kamarali,Azamgarh,Mirzapur,Chak Kamarali,166981,47691,1460,chackamer ali,Azamgarh,Mirzapur,Chackamer Ali,11898,0.8857808857808858,0.8857808857808858,,,,
up2021__380656,1460,tundwal,Azamgarh,Mirzapur,Tundwal,166996,47753,1460,tudawal,Azamgarh,Mirzapur,Tudawal,56315,0.8793650793650793,0.8793650793650793,,,,
up2021__409625,1460,peera,Azamgarh,Mirzapur,Peera,167002,47739,1460,pedra,Azamgarh,Mirzapur,Pedra,43510,0.8933333333333333,0.8933333333333333,,,,
up2021__270831,1460,darika sheikh ahmad,Azamgarh,Mirzapur,Darika Sheikh Ahmad,167010,47693,1460,darikha shekh ahamdpur,Azamgarh,Mirzapur,Darikha Shekh Ahamdpur,14569,0.8864433811802233,0.8864433811802233,,,,
up2021__211104,1460,asgadha mustafaabad,Azamgarh,Mirzapur,Asgadha Mustafaabad,167015,47683,1460,agsara mustfabad,Azamgarh,Mirzapur,Agsara Mustfabad,438,0.8580921052631579,0.8580921052631579,,,,
up2021__310955,1460,binapar,Azamgarh,Mirzapur,Binapar,167017,47689,1460,beenapara,Azamgarh,Mirzapur,Beenapara,7597,0.8571428571428572,0.8571428571428572,,,,
up2021__204943,1460,dawoodpur,Azamgarh,Mirzapur,Dawoodpur,167028,47694,1460,daudpur,Azamgarh,Mirzapur,Daudpur,14763,0.873015873015873,0.873015873015873,,,,
up2021__255611,1460,vizhar mainuddinpur,Azamgarh,Mirzapur,Vizhar Mainuddinpur,167038,272036,1460,bijahar mainuddinpur,Azamgarh,Mirzapur,Bijahar Mainuddinpur,10793,0.8560887512899896,0.8560887512899896,,,,
up2021__250195,1460,kajaracol,Azamgarh,Mirzapur,Kajaracol,167039,268987,1460,kajrakol,Azamgarh,Mirzapur,Kajrakol,25816,0.8856481481481482,0.8856481481481482,,,,
up2021__389102,1461,madeya muh tod,Azamgarh,Muhammedpur,Madeya Muh Tod,167057,47794,1461,madaiya muhtor,Azamgarh,Mohammadpur,Madaiya Muhtor,33110,0.8787878787878788,0.8787878787878788,,,,
up2021__449706,1461,rajitpatti,Azamgarh,Muhammedpur,Rajitpatti,167066,47807,1461,ranjeet patti,Azamgarh,Mohammadpur,Ranjeet Patti,46907,0.8912820512820513,0.8912820512820513,,,,
up2021__447830,1461,muhammedpur,Azamgarh,Muhammedpur,Muhammedpur,167069,47799,1461,mohammadpur,Azamgarh,Mohammadpur,Mohammadpur,37149,0.890909090909091,0.890909090909091,,,,
up2021__452558,1461,mangrawa raipur,Azamgarh,Muhammedpur,Mangrawa Raipur,167072,47796,1461,magraon raipur,Azamgarh,Mohammadpur,Magraon Raipur,33536,0.8838583638583639,0.8838583638583639,,,,
up2021__362812,1461,asilpur,Azamgarh,Muhammedpur,Aşilpur,167088,47762,1461,aseelpur,Azamgarh,Mohammadpur,Aseelpur,2572,0.8952380952380953,0.8952380952380953,,,,
up2021__289696,1461,aavak,Azamgarh,Muhammedpur,Aavak,167089,47763,1461,avak,Azamgarh,Mohammadpur,Avak,3155,0.865,0.865,,,,
up2021__279058,1461,takmalpur,Azamgarh,Muhammedpur,Takmalpur,167094,47815,1461,tekmalpur,Azamgarh,Mohammadpur,Tekmalpur,55328,0.8958333333333333,0.8958333333333333,,,,
up2021__456822,1461,sighda,Azamgarh,Muhammedpur,Sighda,167104,47812,1461,singhar,Azamgarh,Mohammadpur,Singhar,52969,0.8793650793650793,0.8793650793650793,,,,
up2021__264937,1459,devayit,Azamgarh,Mehnagar,Devayit,167134,47627,1459,dewait,Azamgarh,Mehnagar,Dewait,15498,0.8793650793650793,0.8793650793650793,,,,
up2021__250783,1459,sisva,Azamgarh,Mehnagar,Sisva,167157,47679,1459,sisawa,Azamgarh,Mehnagar,Sisawa,53326,0.8755555555555556,0.8755555555555556,,,,
up2021__254292,1459,gaddipura tilesara,Azamgarh,Mehnagar,Gaddipura Tilesara,167178,47633,1459,gaddipur,Azamgarh,Mehnagar,Gaddipur,18169,0.888888888888889,0.888888888888889,,,,
up2021__216544,1459,virbhanpur,Azamgarh,Mehnagar,Virbhanpur,167181,47621,1459,birbhanpur,Azamgarh,Mehnagar,Birbhanpur,11157,0.8962962962962964,0.8962962962962964,,,,
up2021__327204,1459,devkali,Azamgarh,Mehnagar,Devkali,167186,47628,1459,dewakali,Azamgarh,Mehnagar,Dewakali,15499,0.8507936507936509,0.8507936507936509,,,,
up2021__222717,1459,jiyasad,Azamgarh,Mehnagar,Jiyasad,167197,272141,1459,jiasar,Azamgarh,Mehnagar,Jiasar,24953,0.8793650793650793,0.8793650793650793,,,,
up2021__252365,1466,sahaira,Azamgarh,Rani Ki Sarai,Sahaira,167215,48150,1466,sahriya,Azamgarh,Rani Ki Sarai,Sahriya,48641,0.8944444444444445,0.8944444444444445,,,,
up2021__443924,1466,baghaura inampur,Azamgarh,Rani Ki Sarai,Baghaura Inampur,167221,48104,1466,bghaura enampur,Azamgarh,Rani Ki Sarai,Bghaura Enampur,8250,0.8567857142857143,0.8567857142857143,,,,
up2021__209226,1466,vitthalpur,Azamgarh,Rani Ki Sarai,Vitthalpur,167230,48106,1466,bithalpur,Azamgarh,Rani Ki Sarai,Bithalpur,11466,0.8962962962962964,0.8962962962962964,,,,
up2021__263868,1466,chadai,Azamgarh,Rani Ki Sarai,Chadai,167238,48109,1466,chadayee,Azamgarh,Rani Ki Sarai,Chadayee,11910,0.8916666666666667,0.8916666666666667,,,,
up2021__228663,1466,zameen katghar,Azamgarh,Rani Ki Sarai,Zameen Katghar,167249,48124,1466,jamin katghar,Azamgarh,Rani Ki Sarai,Jamin Katghar,24064,0.8772893772893773,0.8772893772893773,,,,
up2021__246679,1466,chakalaldhar,Azamgarh,Rani Ki Sarai,Chakalaldhar,167253,48107,1466,chacklal dhar,Azamgarh,Rani Ki Sarai,Chacklal Dhar,11902,0.881021756021756,0.881021756021756,,,,
up2021__282288,1466,kothwa,Azamgarh,Rani Ki Sarai,Kothwa,167264,48132,1466,kotawa,Azamgarh,Rani Ki Sarai,Kotawa,30727,0.8755555555555556,0.8755555555555556,,,,
up2021__374207,1466,suraee,Azamgarh,Rani Ki Sarai,Suraee,167274,272311,1466,surai,Azamgarh,Rani Ki Sarai,Surai,54432,0.8933333333333334,0.8933333333333334,,,,
up2021__353575,1466,vasti,Azamgarh,Rani Ki Sarai,Vasti,167277,272308,1466,basti,Azamgarh,Rani Ki Sarai,Basti,7318,0.8666666666666667,0.8666666666666667,,,,
up2021__653163,1456,pakdi khurd,Azamgarh,Lalganj,Pakdi Khurd,167291,47452,1456,pakari khurd,Azamgarh,Lalganj,Pakari Khurd,41824,0.86989898989899,0.86989898989899,,,,
up2021__439528,1456,akbarpur sehna,Azamgarh,Lalganj,Akbarpur Sehna,167313,47394,1456,akbalpur sahna,Azamgarh,Lalganj,Akbalpur Sahna,926,0.8928571428571429,0.8928571428571429,,,,
up2021__208610,1456,bhudki,Azamgarh,Lalganj,Bhudki,167324,47409,1456,bhuraki,Azamgarh,Lalganj,Bhuraki,10488,0.8944444444444445,0.8944444444444445,,,,
up2021__290669,1456,berma vishambharpur,Azamgarh,Lalganj,BermA Vishambharpur,167335,47408,1456,berama bisambharpur,Azamgarh,Lalganj,Berama Bisambharpur,8140,0.882249742002064,0.882249742002064,,,,
up2021__427872,1456,sidhona,Azamgarh,Lalganj,Sidhona,167349,47466,1456,sidhauna,Azamgarh,Lalganj,Sidhauna,52420,0.8880952380952382,0.8880952380952382,,,,
up2021__258571,1456,jehtamndpur,Azamgarh,Lalganj,Jehtamndpur,167354,47429,1456,jahatmandpur,Azamgarh,Lalganj,Jahatmandpur,23492,0.8927272727272727,0.8927272727272727,,,,
up2021__473458,1456,ranmo,Azamgarh,Lalganj,Ranmo,167364,47454,1456,radmo,Azamgarh,Lalganj,Radmo,45098,0.8933333333333333,0.8933333333333333,,,,
up2021__359756,1456,achchhi,Azamgarh,Lalganj,Achchhi,167368,271971,1456,achhichhi,Azamgarh,Lalganj,Achhichhi,199,0.8814814814814815,0.8814814814814815,,,,
up2021__358813,1467,nurpur sarayhaji,Azamgarh,Sathiyav,Nurpur Sarayhaji,167380,48211,1467,norpur shraya haje,Azamgarh,Sathiyaon,Norpur Shraya Haje,40940,0.8529761904761904,0.8529761904761904,,,,
up2021__662004,1467,vindamathiya,Azamgarh,Sathiyav,Vindamathiya,167396,48234,1467,vindmathiya vyas giri,Azamgarh,Sathiyaon,Vindmathiya Vyas Giri,57425,0.8642857142857142,0.8642857142857142,,,,
up2021__687124,1467,mustafabad,Azamgarh,Sathiyav,Mustafabad,167398,48205,1467,mustfadad,Azamgarh,Sathiyaon,Mustfadad,38368,0.8877777777777778,0.8877777777777778,,,,
up2021__650361,1467,dawoodpur kurmi,Azamgarh,Sathiyav,Dawoodpur Kurmi,167402,48179,1467,daudpur kurmi,Azamgarh,Sathiyaon,Daudpur Kurmi,14784,0.8594871794871796,0.8594871794871796,,,,
up2021__622296,1467,basaudha bhitari,Azamgarh,Sathiyav,Basaudha Bhitari,167404,48171,1467,basauodha,Azamgarh,Sathiyaon,Basauodha,7137,0.8777777777777778,0.8777777777777778,,,,
up2021__616360,1467,neebee bujurg,Azamgarh,Sathiyav,Neebee Bujurg,167406,48209,1467,nibi bujurg,Azamgarh,Sathiyaon,Nibi Bujurg,40561,0.8531468531468531,0.8531468531468531,,,,
up2021__418657,1467,bamhaur,Azamgarh,Sathiyav,Bamhaur,167409,48173,1467,bhamahaur,Azamgarh,Sathiyaon,Bhamahaur,8928,0.8904761904761904,0.8904761904761904,,,,
up2021__249821,1467,paicoli,Azamgarh,Sathiyav,Paicoli,167418,48214,1467,paikauoli,Azamgarh,Sathiyaon,Paikauoli,41708,0.888888888888889,0.888888888888889,,,,
up2021__444979,1467,naseeruddin pur,Azamgarh,Sathiyav,Naseeruddin Pur,167430,48219,1467,nasiruddinpur,Azamgarh,Sathiyaon,Nasiruddinpur,39863,0.8964957264957265,0.8964957264957265,,,,
up2021__417321,1467,suraee,Azamgarh,Sathiyav,Suraee,167440,48232,1467,surai,Azamgarh,Sathiyaon,Surai,54431,0.8933333333333334,0.8933333333333334,,,,
up2021__425297,1467,abaari,Azamgarh,Sathiyav,Abaari,167441,48164,1467,aavari,Azamgarh,Sathiyaon,Aavari,71,0.9,0.9,,,,
up2021__417952,1467,firozabad,Azamgarh,Sathiyav,Firozabad,167444,48186,1467,ferojabad,Azamgarh,Sathiyaon,Ferojabad,17984,0.8666666666666666,0.8666666666666666,,,,
up2021__395629,1467,amudi,Azamgarh,Sathiyav,Amudi,167448,272068,1467,amurhi,Azamgarh,Sathiyaon,Amurhi,1950,0.8755555555555556,0.8755555555555556,,,,
up2021__445262,1467,narau,Azamgarh,Sathiyav,Narau,167461,48207,1467,naravan,Azamgarh,Sathiyaon,Naravan,39503,0.8742857142857142,0.8742857142857142,,,,
up2021__1116810,1453,itauli,Azamgarh,Hareya,Itauli,167466,47218,1453,itaili,Azamgarh,Haraiya,Itaili,22998,0.8755555555555556,0.8755555555555556,,,,
up2021__1116242,1453,bhadoora makrand,Azamgarh,Hareya,Bhadoora Makrand,167485,47202,1453,bhadaura makrand,Azamgarh,Haraiya,Bhadaura Makrand,8328,0.8928571428571429,0.8928571428571429,,,,
up2021__1013777,1453,turkholi,Azamgarh,Hareya,Turkholi,167488,47254,1453,turkauli,Azamgarh,Haraiya,Turkauli,56390,0.9,0.9,,,,
up2021__1115204,1453,bagipur,Azamgarh,Hareya,Bagipur,167499,47190,1453,bagai kapoor,Azamgarh,Haraiya,Bagai Kapoor,3860,0.85,0.85,,,,
up2021__451179,1453,suradapaar,Azamgarh,Hareya,Suradapaar,167504,47253,1453,surdahpar,Azamgarh,Haraiya,Surdahpar,54504,0.8690740740740741,0.8690740740740741,,,,
up2021__406531,1453,chakalalchand,Azamgarh,Hareya,Chakalalchand,167511,47207,1453,chuck lalchand,Azamgarh,Haraiya,Chuck Lalchand,13897,0.8775890775890776,0.8775890775890776,,,,
up2021__448313,1453,gadora mazhaura,Azamgarh,Hareya,Gadora Mazhaura,167512,47211,1453,garora majihaura,Azamgarh,Haraiya,Garora Majihaura,19006,0.8939316239316238,0.8939316239316238,,,,
up2021__1072084,1453,sahbadia,Azamgarh,Hareya,Sahbadia,167522,47241,1453,sahbadiya sultanpur,Azamgarh,Haraiya,Sahbadiya Sultanpur,48543,0.8842105263157894,0.8842105263157894,,,,
up2021__1117876,1453,gadrua,Azamgarh,Hareya,Gadrua,167546,47210,1453,gareruwa,Azamgarh,Haraiya,Gareruwa,18858,0.8555555555555556,0.8555555555555556,,,,
up2021__336853,1663,baraicha,Itawah,Chakarnagar,Baraicha,167554,60587,1663,barecha,Etawah,Chakarnagar,Barecha,6334,0.8694444444444446,0.8694444444444446,,,,
up2021__263318,1663,khireeti,Itawah,Chakarnagar,Khireeti,167578,267030,1663,khiriti,Etawah,Chakarnagar,Khiriti,29673,0.8880952380952382,0.8880952380952382,,,,
up2021__296991,1663,chibrauli,Itawah,Chakarnagar,Chibrauli,167584,60598,1663,chhibroli,Etawah,Chakarnagar,Chhibroli,13425,0.8814814814814814,0.8814814814814814,,,,
up2021__282529,1663,naugwan,Itawah,Chakarnagar,Naugwan,167585,60614,1663,nogawan,Etawah,Chakarnagar,Nogawan,40856,0.8642857142857143,0.8642857142857143,,,,
up2021__322493,1664,karkari,Itawah,Jaswantnagar,KarkaRi,167594,60649,1664,kakarai,Etawah,Jaswantnagar,Kakarai,25833,0.8793650793650793,0.8793650793650793,,,,
up2021__381085,1664,kursaina,Itawah,Jaswantnagar,Kursaina,167598,60653,1664,kursena,Etawah,Jaswantnagar,Kursena,31541,0.8880952380952382,0.8880952380952382,,,,
up2021__401881,1664,bibamau,Itawah,Jaswantnagar,Bibamau,167607,60630,1664,beebamau,Etawah,Jaswantnagar,Beebamau,7575,0.8821428571428571,0.8821428571428571,,,,
up2021__339258,1664,kukawaali,Itawah,Jaswantnagar,Kukawaali,167618,60651,1664,kokawali,Etawah,Jaswantnagar,Kokawali,30417,0.8958333333333333,0.8958333333333333,,,,
up2021__338669,1664,peerapur,Itawah,Jaswantnagar,Peerapur,167620,60667,1664,peharpur,Etawah,Jaswantnagar,Peharpur,43548,0.8952380952380953,0.8952380952380953,,,,
up2021__256319,1664,saraiyabhupat,Itawah,Jaswantnagar,Saraiyabhupat,167631,60672,1664,sarai bhopat,Etawah,Jaswantnagar,Sarai Bhopat,49804,0.8805128205128206,0.8805128205128206,,,,
up2021__253679,1667,kuinta,Itawah,Takha,Kuinta,167650,60819,1667,kueta,Etawah,Takha,Kueta,31061,0.8577777777777779,0.8577777777777779,,,,
up2021__408764,1667,aghini,Itawah,Takha,Aghini,167654,60802,1667,adhini,Etawah,Takha,Adhini,290,0.9,0.9,,,,
up2021__391277,1667,sothana,Itawah,Takha,Sothana,167656,60834,1667,sonthana,Etawah,Takha,Sonthana,53824,0.8904761904761905,0.8904761904761905,,,,
up2021__335038,1667,bakoli,Itawah,Takha,Bakoli,167677,60806,1667,bakauli,Etawah,Takha,Bakauli,4830,0.8944444444444445,0.8944444444444445,,,,
up2021__323417,1667,rudoli,Itawah,Takha,Rudoli,167684,266931,1667,rudauli,Etawah,Takha,Rudauli,47968,0.8944444444444445,0.8944444444444445,,,,
up2021__269896,1660,rajpura,Itawah,Badh.pura,Rajpura,167705,60462,1660,rajpura janewrasi,Etawah,Barhpura,Rajpura Janewrasi,45810,0.8823529411764706,0.8823529411764706,,,,
up2021__243420,1660,kadhani,Itawah,Badh.pura,Kadhani,167712,60447,1660,kandhani,Etawah,Barhpura,Kandhani,26517,0.8904761904761905,0.8904761904761905,,,,
up2021__252386,1660,alamgarh,Itawah,Badh.pura,Alamgarh,167714,60419,1660,alampur hauz,Etawah,Barhpura,Alampur Hauz,1242,0.8630952380952381,0.8630952380952381,,,,
up2021__322906,1660,kunehra,Itawah,Badh.pura,Kunehra,167716,60451,1660,kunara,Etawah,Barhpura,Kunara,31223,0.8944444444444445,0.8944444444444445,,,,
up2021__239374,1660,saghavali,Itawah,Badh.pura,Saghavali,167721,60464,1660,sangawali,Etawah,Barhpura,Sangawali,49610,0.8814814814814814,0.8814814814814814,,,,
up2021__239661,1660,jhabrapura,Itawah,Badh.pura,Jhabrapura,167723,60444,1660,jhawarapura,Etawah,Barhpura,Jhawarapura,24900,0.8564646464646465,0.8564646464646465,,,,
up2021__238786,1660,silaita,Itawah,Badh.pura,Silaita,167725,60468,1660,silayata,Etawah,Barhpura,Silayata,52796,0.8880952380952382,0.8880952380952382,,,,
up2021__248439,1660,prithvipur bhaunkpur,Itawah,Badh.pura,Prithvipur Bhaunkpur,167731,60460,1660,prathvipur bhonakpur,Etawah,Barhpura,Prathvipur Bhonakpur,44548,0.8874074074074074,0.8874074074074074,,,,
up2021__277874,1660,chadanpur,Itawah,Badh.pura,Chadanpur,167734,60434,1660,chandanpur etawah,Etawah,Barhpura,Chandanpur Etawah,12428,0.8642701525054466,0.8642701525054466,,,,
up2021__258741,1660,bilrampur,Itawah,Badh.pura,Bilrampur,167744,266360,1660,belampur,Etawah,Barhpura,Belampur,7837,0.8958333333333333,0.8958333333333333,,,,
up2021__265296,1660,dungri,Itawah,Badh.pura,Dungri,167748,266450,1660,doongri,Etawah,Barhpura,Doongri,16974,0.8642857142857143,0.8642857142857143,,,,
up2021__320486,1661,kheda heloo,Itawah,Basrehar,Kheda Heloo,167762,60502,1661,khera helu,Etawah,Basrehar,Khera Helu,29466,0.8896969696969697,0.8896969696969697,,,,
up2021__424821,1661,sharpur basgwa,Itawah,Basrehar,Sharpur Basgwa,167768,60522,1661,sherpur basgawan,Etawah,Basrehar,Sherpur Basgawan,52037,0.8714285714285714,0.8714285714285714,,,,
up2021__382585,1661,jautpur totaram,Itawah,Basrehar,Jautpur Totaram,167770,60495,1661,jait pur tota ram,Etawah,Basrehar,Jait Pur Tota Ram,23660,0.8970681605975723,0.8970681605975723,,,,
up2021__294931,1661,kripalpur,Itawah,Basrehar,Kripalpur,167774,60505,1661,krapalpura,Etawah,Basrehar,Krapalpura,30891,0.8837037037037038,0.8837037037037038,,,,
up2021__242562,1661,kalamu,Itawah,Basrehar,Kalamu,167777,60499,1661,kelamau,Etawah,Basrehar,Kelamau,28126,0.8571428571428572,0.8571428571428572,,,,
up2021__212409,1661,bhadsawarn,Itawah,Basrehar,Bhadsawarn,167779,60484,1661,bhadva savran,Etawah,Basrehar,Bhadva Savran,8462,0.8962393162393162,0.8962393162393162,,,,
up2021__254501,1661,satosinpur itgaon,Itawah,Basrehar,Satosinpur Itgaon,167792,60520,1661,shantoshpur itgaon,Etawah,Basrehar,Shantoshpur Itgaon,51790,0.8740196078431371,0.8740196078431371,,,,
up2021__220967,1661,jagrammau,Itawah,Basrehar,Jagrammau,167797,60496,1661,jugaramau,Etawah,Basrehar,Jugaramau,25264,0.8958333333333333,0.8958333333333333,,,,
up2021__242956,1661,nawali,Itawah,Basrehar,Nawali,167809,265999,1661,naoli,Etawah,Basrehar,Naoli,39388,0.8577777777777779,0.8577777777777779,,,,
up2021__312988,1661,ganashpur bhutha,Itawah,Basrehar,Ganashpur bhutha,167817,60490,1661,ganeshpur,Etawah,Basrehar,Ganeshpur,18573,0.8574074074074074,0.8574074074074074,,,,
up2021__399383,1662,akbarpur daulatpur,Itawah,Bharathana,Akbarpur Daulatpur,167819,60530,1662,akabarpur daulatpur,Etawah,Bharthana,Akabarpur Daulatpur,885,0.8970760233918128,0.8970760233918128,,,,
up2021__361243,1662,jaitupur khajagi,Itawah,Bharathana,Jaitupur Khajagi,167827,60552,1662,jetu pur khwajagi,Etawah,Bharthana,Jetu Pur Khwajagi,24797,0.8667016806722689,0.8667016806722689,,,,
up2021__392671,1662,virari,Itawah,Bharathana,virari,167830,60540,1662,birari,Etawah,Bharthana,Birari,11133,0.888888888888889,0.888888888888889,,,,
up2021__407875,1662,alamupur bibauli,Itawah,Bharathana,Alamupur Bibauli,167831,60531,1662,alampur bebouli,Etawah,Bharthana,Alampur Bebouli,1230,0.8742948717948718,0.8742948717948718,,,,
up2021__351632,1662,mureetha,Itawah,Bharathana,Mureetha,167835,60568,1662,muraitha,Etawah,Bharthana,Muraitha,38134,0.8833333333333334,0.8833333333333334,,,,
up2021__404761,1662,ramaain mahmoodpur,Itawah,Bharathana,Ramaain Mahmoodpur,167848,60572,1662,ramain,Etawah,Bharthana,Ramain,45921,0.8666666666666666,0.8666666666666666,,,,
up2021__426059,1662,medhidudhi,Itawah,Bharathana,Medhidudhi,167850,60564,1662,merhi dudhi,Etawah,Bharthana,Merhi Dudhi,36588,0.8655892255892256,0.8655892255892256,,,,
up2021__443107,1662,gaaor bazhera,Itawah,Bharathana,Gaaor Bazhera,167854,60547,1662,gangora bojhera,Etawah,Bharthana,Gangora Bojhera,18728,0.8636208236208236,0.8636208236208236,,,,
up2021__408378,1662,hatnauli,Itawah,Bharathana,Hatnauli,167857,60550,1662,hathnoli,Etawah,Bharthana,Hathnoli,22033,0.8833333333333334,0.8833333333333334,,,,
up2021__351376,1662,kathahra,Itawah,Bharathana,Kathahra,167862,60554,1662,katahara,Etawah,Bharthana,Katahara,27626,0.8750000000000001,0.8750000000000001,,,,
up2021__396241,1662,modhi,Itawah,Bharathana,Modhi,167863,60565,1662,morhi,Etawah,Bharthana,Morhi,37522,0.8933333333333333,0.8933333333333333,,,,
up2021__403123,1665,ikghara,Itawah,Mahewa,Ikghara,167886,60704,1665,ikaghara,Etawah,Mahewa,Ikaghara,22613,0.8904761904761905,0.8904761904761905,,,,
up2021__403116,1665,khitaura,Itawah,Mahewa,Khitaura,167887,60714,1665,khitora,Etawah,Mahewa,Khitora,29719,0.8880952380952382,0.8880952380952382,,,,
up2021__348433,1665,indausi,Itawah,Mahewa,Indausi,167891,60706,1665,indrosi,Etawah,Mahewa,Indrosi,22791,0.8666666666666668,0.8666666666666668,,,,
up2021__402072,1665,halu harrajpur,Itawah,Mahewa,Halu Harrajpur,167901,60703,1665,haluhrjipur,Etawah,Mahewa,Haluhrjipur,21131,0.8846753246753247,0.8846753246753247,,,,
up2021__327514,1665,dodarpur,Itawah,Mahewa,Dodarpur,167904,60696,1665,daderpur,Etawah,Mahewa,Daderpur,14041,0.8821428571428571,0.8821428571428571,,,,
up2021__400400,1665,virhi pur,Itawah,Mahewa,Virhi Pur,167920,60692,1665,birahipur,Etawah,Mahewa,Birahipur,11104,0.8518518518518517,0.8518518518518517,,,,
up2021__352851,1665,karaudhi,Itawah,Mahewa,Karaudhi,167932,60712,1665,karondhi,Etawah,Mahewa,Karondhi,27321,0.8833333333333334,0.8833333333333334,,,,
up2021__289238,1665,virpur salempur,Itawah,Mahewa,Virpur Salempur,167937,60687,1665,beerpur salempur,Etawah,Mahewa,Beerpur Salempur,7619,0.8930555555555556,0.8930555555555556,,,,
up2021__432438,1665,dilipnagar,Itawah,Mahewa,Dilipnagar,167945,60698,1665,dalip nagar,Etawah,Mahewa,Dalip Nagar,14286,0.8821212121212121,0.8821212121212121,,,,
up2021__1005028,1665,bamhora humayapur,Itawah,Mahewa,Bamhora Humayapur,167952,60685,1665,bamhora,Etawah,Mahewa,Bamhora,5263,0.8823529411764706,0.8823529411764706,,,,
up2021__436999,1665,aane pur,Itawah,Mahewa,Aane Pur,167957,60680,1665,aneypur,Etawah,Mahewa,Aneypur,2086,0.8821428571428571,0.8821428571428571,,,,
up2021__1009348,1665,mukuutpur,Itawah,Mahewa,Mukuutpur,167958,60727,1665,mukatpur,Etawah,Mahewa,Mukatpur,37868,0.8856481481481482,0.8856481481481482,,,,
up2021__429693,1665,kusgawa ahiran,Itawah,Mahewa,Kusgawa Ahiran,167959,60718,1665,kushgawan ahiran,Etawah,Mahewa,Kushgawan Ahiran,31619,0.8875000000000001,0.8875000000000001,,,,
up2021__436259,1665,uzhiyani,Itawah,Mahewa,Uzhiyani,167960,60756,1665,ujhiaani,Etawah,Mahewa,Ujhiaani,56682,0.8500000000000001,0.8500000000000001,,,,
up2021__403972,1665,bhoolpur,Itawah,Mahewa,Bhoolpur,167965,267499,1665,bhulpur,Etawah,Mahewa,Bhulpur,10460,0.8952380952380953,0.8952380952380953,,,,
up2021__370098,1666,chakukur,Itawah,Saifai,Chakukur,167977,60770,1666,chakoopur,Etawah,Sefai,Chakoopur,12212,0.8833333333333333,0.8833333333333333,,,,
up2021__305582,1666,manigaon,Itawah,Saifai,Manigaon,167995,60787,1666,mangawan,Etawah,Sefai,Mangawan,35288,0.8833333333333334,0.8833333333333334,,,,
up2021__401728,1666,nayakpur,Itawah,Saifai,Nayakpur,167996,60790,1666,naikpur,Etawah,Sefai,Naikpur,39103,0.8952380952380953,0.8952380952380953,,,,
up2021__354264,1666,hirapur,Itawah,Saifai,Hirapur,168011,266331,1666,heerapur,Etawah,Sefai,Heerapur,22142,0.8821428571428571,0.8821428571428571,,,,
up2021__397473,1666,baghuiya,Itawah,Saifai,Baghuiya,168012,266338,1666,badhuya,Etawah,Sefai,Badhuya,3726,0.8952380952380953,0.8952380952380953,,,,
up2021__311543,1666,chitauni,Itawah,Saifai,Chitauni,168015,60773,1666,chhitoni,Etawah,Sefai,Chhitoni,13501,0.8666666666666667,0.8666666666666667,,,,
up2021__507721,2182,pipiri,Unnao,Asoha,Pipiri,168020,92046,2182,pipari,Unnao,Asoha,Pipari,43956,0.8755555555555556,0.8755555555555556,,,,
up2021__507338,2182,goma pur,Unnao,Asoha,Goma Pur,168025,92022,2182,gumapur,Unnao,Asoha,Gumapur,20681,0.8821428571428571,0.8821428571428571,,,,
up2021__482335,2182,chetra,Unnao,Asoha,Chetra,168037,92015,2182,chaitra,Unnao,Asoha,Chaitra,11976,0.8793650793650793,0.8793650793650793,,,,
up2021__480649,2182,medpur,Unnao,Asoha,Medpur,168057,92032,2182,maidpur,Unnao,Asoha,Maidpur,34331,0.8642857142857143,0.8642857142857143,,,,
up2021__534501,2182,kewani,Unnao,Asoha,Kewani,168075,92030,2182,keoni,Unnao,Asoha,Keoni,28146,0.8577777777777779,0.8577777777777779,,,,
up2021__589519,2183,mirzapur ajiganw,Unnao,Auras,Mirzapur Ajiganw,168088,92096,2183,mirjapur ajgaon,Unnao,Auras,Mirjapur Ajgaon,36763,0.8712927350427351,0.8712927350427351,,,,
up2021__500607,2183,nandauli,Unnao,Auras,Nandauli,168094,92099,2183,nadaoli,Unnao,Auras,Nadaoli,38468,0.8952380952380953,0.8952380952380953,,,,
up2021__495668,2183,kabaroi,Unnao,Auras,Kabaroi,168095,92087,2183,kabroee,Unnao,Auras,Kabroee,25423,0.8666666666666668,0.8666666666666668,,,,
up2021__811100,2183,bairi,Unnao,Auras,Bairi,168101,92070,2183,bairee,Unnao,Auras,Bairee,4629,0.8933333333333334,0.8933333333333334,,,,
up2021__508493,2183,mohammadpur chaksunaora,Unnao,Auras,Mohammadpur Chaksunaora,168107,92097,2183,mohmmadpur chak sunora,Unnao,Auras,Mohmmadpur Chak Sunora,37412,0.8802151954325868,0.8802151954325868,,,,
up2021__588578,2183,godwa,Unnao,Auras,Godwa,168124,92082,2183,gorwa,Unnao,Auras,Gorwa,20314,0.8933333333333333,0.8933333333333333,,,,
up2021__479718,2183,katara tarona,Unnao,Auras,Katara Tarona,168127,92089,2183,katra tiraona,Unnao,Auras,Katra Tiraona,27916,0.8863247863247864,0.8863247863247864,,,,
up2021__563462,2183,sharifabad,Unnao,Auras,Sharifabad,168137,272210,2183,sareefabad,Unnao,Auras,Sareefabad,50330,0.88,0.88,,,,
up2021__616222,2183,lahru talhi,Unnao,Auras,Lahru Talhi,168144,92091,2183,lahru,Unnao,Auras,Lahru,32004,0.890909090909091,0.890909090909091,,,,
up2021__519685,2183,biswal,Unnao,Auras,Biswal,168145,92117,2183,wiswal,Unnao,Auras,Wiswal,57605,0.888888888888889,0.888888888888889,,,,
up2021__497256,2188,jafrabad,Unnao,Ganj Muradadaad,Jafrabad,168148,92371,2188,jafara bad,Unnao,Ganj Moradabad,Jafara Bad,23167,0.895,0.895,,,,
up2021__1553444,2188,alamoo sarai,Unnao,Ganj Muradadaad,Alamoo Sarai,168151,92341,2188,allmaou saray,Unnao,Ganj Moradabad,Allmaou Saray,1498,0.8673504273504273,0.8673504273504273,,,,
up2021__561585,2188,laharpur,Unnao,Ganj Muradadaad,Laharpur,168155,92383,2188,lehrapur,Unnao,Ganj Moradabad,Lehrapur,32699,0.8821428571428571,0.8821428571428571,,,,
up2021__535416,2188,byoli islamabad,Unnao,Ganj Muradadaad,Byoli Islamabad,168167,92351,2188,bevl islamabad,Unnao,Ganj Moradabad,Bevl Islamabad,8233,0.8721428571428571,0.8721428571428571,,,,
up2021__526341,2188,roshanabad,Unnao,Ganj Muradadaad,Roshanabad,168173,92392,2188,rosan bad,Unnao,Ganj Moradabad,Rosan Bad,47916,0.8982407407407408,0.8982407407407408,,,,
up2021__511329,2188,amirapura gambhirpura,Unnao,Ganj Muradadaad,Amirapura Gambhirpura,168183,92342,2188,ameer pur gambhirpur,Unnao,Ganj Moradabad,Ameer Pur Gambhirpur,1746,0.8935200746965453,0.8935200746965453,,,,
up2021__567500,2188,aashyas,Unnao,Ganj Muradadaad,Aashyas,168192,92343,2188,asaysa,Unnao,Ganj Moradabad,Asaysa,2566,0.8571428571428572,0.8571428571428572,,,,
up2021__569043,2192,rudowara,Unnao,Nawabganj,Rudowara,168221,92637,2192,rudurawara,Unnao,Nawabganj,Rudurawara,48019,0.8674999999999999,0.8674999999999999,,,,
up2021__564489,2192,raipur khailamau,Unnao,Nawabganj,Raipur Khailamau,168226,92632,2192,rai pur khelamau,Unnao,Nawabganj,Rai Pur Khelamau,45481,0.8750000000000001,0.8750000000000001,,,,
up2021__588305,2192,malaav,Unnao,Nawabganj,Malaav,168237,92619,2192,malaon,Unnao,Nawabganj,Malaon,34839,0.8666666666666666,0.8666666666666666,,,,
up2021__569549,2192,wichpari,Unnao,Nawabganj,Wichpari,168244,92590,2192,bich pari,Unnao,Nawabganj,Bich Pari,10660,0.8842592592592592,0.8842592592592592,,,,
up2021__608588,2192,maddukheda,Unnao,Nawabganj,Maddukheda,168250,92616,2192,maddoo khera,Unnao,Nawabganj,Maddoo Khera,33245,0.8933333333333334,0.8933333333333334,,,,
up2021__911371,2192,gauda katherwa,Unnao,Nawabganj,Gauda Katherwa,168267,92599,2192,gaorakatherua,Unnao,Nawabganj,Gaorakatherua,18819,0.8622710622710623,0.8622710622710623,,,,
up2021__554310,2192,gauri salonepur,Unnao,Nawabganj,Gauri Salonepur,168268,92601,2192,gauri devra,Unnao,Nawabganj,Gauri Devra,19229,0.8614141414141414,0.8614141414141414,,,,
up2021__609711,2192,jaitipur,Unnao,Nawabganj,Jaitipur,168274,92609,2192,jati pur,Unnao,Nawabganj,Jati Pur,24628,0.8952380952380953,0.8952380952380953,,,,
up2021__548241,2192,sarauti,Unnao,Nawabganj,Sarauti,168276,272206,2192,saroti,Unnao,Nawabganj,Saroti,50477,0.8944444444444445,0.8944444444444445,,,,
up2021__506285,2193,uchgaon sani,Unnao,Purwa,Uchgaon Sani,168289,92699,2193,unchagaon sani,Unnao,Purwa,Unchagaon Sani,56967,0.8571428571428572,0.8571428571428572,,,,
up2021__506417,2193,katov,Unnao,Purwa,Katov,168290,92671,2193,kataon,Unnao,Purwa,Kataon,27663,0.8755555555555556,0.8755555555555556,,,,
up2021__537488,2193,nawab,Unnao,Purwa,Nawab,168294,92682,2193,nabab,Unnao,Purwa,Nabab,38434,0.8933333333333333,0.8933333333333333,,,,
up2021__624644,2193,atvat,Unnao,Purwa,Atvat,168300,92652,2193,atwat,Unnao,Purwa,Atwat,2998,0.8933333333333333,0.8933333333333333,,,,
up2021__505003,2193,adhauli,Unnao,Purwa,Adhauli,168307,92649,2193,adaoli,Unnao,Purwa,Adaoli,263,0.8793650793650793,0.8793650793650793,,,,
up2021__468110,2193,tikarkala,Unnao,Purwa,Tikarkala,168330,272013,2193,tiker kalan,Unnao,Purwa,Tiker Kalan,55903,0.852104377104377,0.852104377104377,,,,
up2021__479433,2187,hussain nagar patti parshuram,Unnao,Fatehpur Chaurasi,Hussain Nagar Patti Parshuram,168349,92299,2187,husen nager patti parasram,Unnao,Fatehpur Chaurasi,Husen Nager Patti Parasram,22496,0.8543213969938108,0.8543213969938108,,,,
up2021__641799,2187,kudina,Unnao,Fatehpur Chaurasi,Kudina,168350,92313,2187,kudeena,Unnao,Fatehpur Chaurasi,Kudeena,31014,0.8944444444444445,0.8944444444444445,,,,
up2021__540891,2187,ahmedabad mathar,Unnao,Fatehpur Chaurasi,Ahmedabad Mathar,168351,92280,2187,ahamdabad mathar,Unnao,Fatehpur Chaurasi,Ahamdabad Mathar,479,0.8600000000000001,0.8600000000000001,,,,
up2021__521018,2187,jasramarufpur,Unnao,Fatehpur Chaurasi,Jasramarufpur,168353,92306,2187,jasra,Unnao,Fatehpur Chaurasi,Jasra,24576,0.8769230769230769,0.8769230769230769,,,,
up2021__661157,2187,ummarpur pitam,Unnao,Fatehpur Chaurasi,Ummarpur Pitam,168357,92340,2187,umer pur pritam,Unnao,Fatehpur Chaurasi,Umer Pur Pritam,56881,0.8641269841269842,0.8641269841269842,,,,
up2021__622460,2187,khaverai,Unnao,Fatehpur Chaurasi,Khaverai,168359,92312,2187,khevrae,Unnao,Fatehpur Chaurasi,Khevrae,29594,0.8507936507936509,0.8507936507936509,,,,
up2021__638647,2187,bulapur hasanpur,Unnao,Fatehpur Chaurasi,Bulapur Hasanpur,168363,92286,2187,boolapur hasan pur,Unnao,Fatehpur Chaurasi,Boolapur Hasan Pur,11576,0.8912500000000001,0.8912500000000001,,,,
up2021__533532,2187,gajafpharapur paisara,Unnao,Fatehpur Chaurasi,Gajafpharapur Paisara,168377,92293,2187,gajaffarpur paisra,Unnao,Fatehpur Chaurasi,Gajaffarpur Paisra,18390,0.8802054154995331,0.8802054154995331,,,,
up2021__593809,2187,jajmau gair ehtamali,Unnao,Fatehpur Chaurasi,Jajmau Gair Ehtamali,168390,92303,2187,jaja mao gair ahatmali,Unnao,Fatehpur Chaurasi,Jaja Mao Gair Ahatmali,23667,0.8564646464646465,0.8564646464646465,,,,
up2021__548421,2187,jajmau ehtamali,Unnao,Fatehpur Chaurasi,Jajmau Ehtamali,168391,92304,2187,jajamao ahatmali,Unnao,Fatehpur Chaurasi,Jajamao Ahatmali,23666,0.8533440170940171,0.8533440170940171,,,,
up2021__537519,2184,saipur sagauda,Unnao,Bangarmau,Saipur Sagauda,168409,92161,2184,saepur sagaora,Unnao,Bangarmau,Saepur Sagaora,48379,0.8857142857142857,0.8857142857142857,,,,
up2021__498831,2184,melaaalamashah gair ihtamali,Unnao,Bangarmau,Melaaalamashah Gair Ihtamali,168417,92152,2184,mela allm saha gair ahatmali,Unnao,Bangarmau,Mela Allm Saha Gair Ahatmali,36552,0.8931428571428571,0.8931428571428571,,,,
up2021__489477,2184,dholauwan,Unnao,Bangarmau,Dholauwan,168420,92130,2184,dholwa,Unnao,Bangarmau,Dholwa,16472,0.9,0.9,,,,
up2021__510886,2184,hirapur,Unnao,Bangarmau,Hirapur,168424,92137,2184,heera pur,Unnao,Bangarmau,Heera Pur,22143,0.8571428571428572,0.8571428571428572,,,,
up2021__577583,2184,khairuddunpur,Unnao,Bangarmau,Khairuddunpur,168428,92146,2184,khairoodeen pur,Unnao,Bangarmau,Khairoodeen Pur,28482,0.8671794871794872,0.8671794871794872,,,,
up2021__485538,2184,katari gadanpur ahaar,Unnao,Bangarmau,Katari Gadanpur Ahaar,168457,92145,2184,katri gadanpur ahar,Unnao,Bangarmau,Katri Gadanpur Ahar,27927,0.891812865497076,0.891812865497076,,,,
up2021__1219007,2185,jargavan,Unnao,Bichiya,Jargavan,168470,92192,2185,jar gaon,Unnao,Bichhiya,Jar Gaon,24467,0.8833333333333334,0.8833333333333334,,,,
up2021__480410,2185,gadankheda garmin,Unnao,Bichiya,Gadankheda Garmin,168478,92182,2185,gadankhera,Unnao,Bichhiya,Gadankhera,18127,0.8976470588235295,0.8976470588235295,,,,
up2021__555558,2185,alaganagarh,Unnao,Bichiya,Alaganagarh,168501,92170,2185,algangarh,Unnao,Bichhiya,Algangarh,1309,0.8922558922558923,0.8922558922558923,,,,
up2021__642938,2185,itauli,Unnao,Bichiya,Itauli,168508,92181,2185,etauli,Unnao,Bichhiya,Etauli,17545,0.888888888888889,0.888888888888889,,,,
up2021__522340,2186,badha,Unnao,Bighapur,Badha,168537,92228,2186,bardaha,Unnao,Bighapur,Bardaha,6286,0.8704761904761905,0.8704761904761905,,,,
up2021__609375,2186,indemau,Unnao,Bighapur,Indemau,168538,92245,2186,indemau nihali khera,Unnao,Bighapur,Indemau Nihali Khera,22763,0.87,0.87,,,,
up2021__551992,2186,parori chandraka bakas,Unnao,Bighapur,Parori Chandraka Bakas,168547,92266,2186,parauri chandika baks,Unnao,Bighapur,Parauri Chandika Baks,42581,0.8968367889420521,0.8968367889420521,,,,
up2021__477646,2186,harishchandra pur,Unnao,Bighapur,Harishchandra pur,168550,92244,2186,harchandpur,Unnao,Bighapur,Harchandpur,21337,0.875222816399287,0.875222816399287,,,,
up2021__601822,2186,katara diwan kheda,Unnao,Bighapur,Katara Diwan Kheda,168553,92250,2186,katra diwan khera,Unnao,Bighapur,Katra Diwan Khera,27899,0.8728485838779956,0.8728485838779956,,,,
up2021__641267,2186,ruzhihai,Unnao,Bighapur,Ruzhihai,168572,92272,2186,rujihai,Unnao,Bighapur,Rujihai,48034,0.8507936507936509,0.8507936507936509,,,,
up2021__614591,2186,dundpur pratham,Unnao,Bighapur,Dundpur Pratham,168581,92240,2186,dundpur ii,Unnao,Bighapur,Dundpur (Ii),17309,0.8666666666666667,0.8666666666666667,,,,
up2021__471621,2191,miyaugaz,Unnao,Miyoganj,Miyaugaz,168592,92555,2191,miyanganj,Unnao,Mianganj,Miyanganj,37033,0.8833333333333333,0.8833333333333333,,,,
up2021__480496,2191,lagalesara,Unnao,Miyoganj,Lagalesara,168600,92547,2191,laglesara,Unnao,Mianganj,Laglesara,31937,0.8988888888888888,0.8988888888888888,,,,
up2021__550780,2191,deepa gadi,Unnao,Miyoganj,Deepa Gadi,168611,92533,2191,dipa gadhi,Unnao,Mianganj,Dipa Gadhi,16789,0.88,0.88,,,,
up2021__482033,2191,birmpur,Unnao,Miyoganj,Birmpur,168625,92576,2191,virampur,Unnao,Mianganj,Virampur,57442,0.8690476190476191,0.8690476190476191,,,,
up2021__482705,2191,baraha kalo,Unnao,Miyoganj,Baraha Kalo,168633,92524,2191,barha kalan,Unnao,Mianganj,Barha Kalan,6466,0.8875757575757576,0.8875757575757576,,,,
up2021__487787,2191,gaurakalan,Unnao,Miyoganj,Gaurakalan,168644,92516,2191,ararkala,Unnao,Mianganj,Ararkala,2281,0.8583333333333334,0.8583333333333334,,,,
up2021__475463,2191,nauhai khurd,Unnao,Miyoganj,Nauhai Khurd,168655,272209,2191,naodai khurd,Unnao,Mianganj,Naodai Khurd,39383,0.8577777777777779,0.8577777777777779,,,,
up2021__532487,2191,makdumpur shahsfi,Unnao,Miyoganj,Makdumpur Shahsfi,168656,92549,2191,makhdampur sahasafi,Unnao,Mianganj,Makhdampur Sahasafi,34705,0.8910990712074304,0.8910990712074304,,,,
up2021__503182,2194,ataha,Unnao,Safipur,Ataha,168667,92702,2194,atha,Unnao,Safipur,Atha,2885,0.88,0.88,,,,
up2021__506726,2194,darauli,Unnao,Safipur,Darauli,168672,92709,2194,daroli,Unnao,Safipur,Daroli,14620,0.8944444444444445,0.8944444444444445,,,,
up2021__485743,2194,saroy sakhan,Unnao,Safipur,Saroy Sakhan,168678,92759,2194,sarai sakhan,Unnao,Safipur,Sarai Sakhan,50016,0.8522222222222222,0.8522222222222222,,,,
up2021__506839,2194,mau mansurpur,Unnao,Safipur,Mau Mansurpur,168680,92733,2194,mao mansur pur,Unnao,Safipur,Mao Mansur Pur,35690,0.8525030525030524,0.8525030525030524,,,,
up2021__498971,2194,shahpur,Unnao,Safipur,Shahpur,168691,92754,2194,sahapur,Unnao,Safipur,Sahapur,48492,0.8642857142857143,0.8642857142857143,,,,
up2021__567523,2194,meithitikur,Unnao,Safipur,MeithiTikur,168694,92737,2194,methi tikur,Unnao,Safipur,Methi Tikur,36598,0.8981818181818182,0.8981818181818182,,,,
up2021__550016,2194,gauri,Unnao,Safipur,Gauri,168700,92715,2194,gaori,Unnao,Safipur,Gaori,18820,0.8933333333333333,0.8933333333333333,,,,
up2021__545630,2194,kharagaura,Unnao,Safipur,Kharagaura,168703,92725,2194,khargaora,Unnao,Safipur,Khargaora,29137,0.8877777777777778,0.8877777777777778,,,,
up2021__547433,2194,khushर पur,Unnao,Safipur,Khushरूपur,168714,92727,2194,khushru pur,Unnao,Safipur,Khushru Pur,29942,0.8804545454545455,0.8804545454545455,,,,
up2021__506354,2194,dakauli,Unnao,Safipur,Dakauli,168718,272254,2194,dakoli,Unnao,Safipur,Dakoli,14252,0.8944444444444445,0.8944444444444445,,,,
up2021__507186,2194,salhepur khalilnagar,Unnao,Safipur,Salhepur Khalilnagar,168720,272253,2194,salepur khaleel nager,Unnao,Safipur,Salepur Khaleel Nager,49257,0.8793790849673203,0.8793790849673203,,,,
up2021__550538,2194,brijpampur,Unnao,Safipur,Brijpampur,168722,272247,2194,birjpapl pur,Unnao,Safipur,Birjpapl Pur,11206,0.8616666666666666,0.8616666666666666,,,,
up2021__847840,2194,umar,Unnao,Safipur,Umar,168723,272252,2194,umer,Unnao,Safipur,Umer,56876,0.8666666666666667,0.8666666666666667,,,,
up2021__615797,2195,devpur adankheda,Unnao,Sikandarpur Karan,Devpur Adankheda,168732,92778,2195,davepuradan khera,Unnao,Sikandarpur Karan,Davepuradan Khera,14919,0.8659558823529412,0.8659558823529412,,,,
up2021__625366,2195,sumerha,Unnao,Sikandarpur Karan,Sumerha,168735,92822,2195,sumraha,Unnao,Sikandarpur Karan,Sumraha,54319,0.8944444444444445,0.8944444444444445,,,,
up2021__566548,2195,pahadpur shubas,Unnao,Sikandarpur Karan,Pahadpur Shubas,168741,92808,2195,pahar pur suwas,Unnao,Sikandarpur Karan,Pahar Pur Suwas,41615,0.8866666666666667,0.8866666666666667,,,,
up2021__471486,2195,cheriha,Unnao,Sikandarpur Karan,Cheriha,168746,92777,2195,chheriha,Unnao,Sikandarpur Karan,Chheriha,13411,0.8904761904761905,0.8904761904761905,,,,
up2021__572491,2195,manojpur,Unnao,Sikandarpur Karan,Manojpur,168756,92804,2195,manohar pur,Unnao,Sikandarpur Karan,Manohar Pur,35558,0.8737012987012986,0.8737012987012986,,,,
up2021__656403,2195,tikri ganesh gair ehtamali,Unnao,Sikandarpur Karan,Tikri Ganesh Gair Ehtamali,168757,274138,2195,tikari ganeshpur athamli,Unnao,Sikandarpur Karan,Tikari Ganeshpur Athamli,55867,0.8598096348096348,0.8598096348096348,,,,
up2021__563236,2195,bhainsai koyal,Unnao,Sikandarpur Karan,Bhainsai Koyal,168763,92775,2195,bhainshi koyalpur,Unnao,Sikandarpur Karan,Bhainshi Koyalpur,8716,0.8925016160310278,0.8925016160310278,,,,
up2021__675157,2195,bhaddavi,Unnao,Sikandarpur Karan,Bhaddavi,168767,92774,2195,bhadohi,Unnao,Sikandarpur Karan,Bhadohi,8412,0.8678571428571429,0.8678571428571429,,,,
up2021__597807,2195,katari aluhapur saressa,Unnao,Sikandarpur Karan,Katari Aluhapur Saressa,168787,92790,2195,katri alhuapur sarosa,Unnao,Sikandarpur Karan,Katri Alhuapur Sarosa,27920,0.86512077294686,0.86512077294686,,,,
up2021__603428,2195,majhra piparkheda gair ehtamali,Unnao,Sikandarpur Karan,Majhra PiparKheda Gair Ehtamali,168788,92802,2195,majhara piper khera g ehatmali,Unnao,Sikandarpur Karan,Majhara Piper Khera G/Ehatmali,34461,0.8887403993855607,0.8887403993855607,,,,
up2021__620154,2195,katari peeparkheda,Unnao,Sikandarpur Karan,Katari Peeparkheda,168789,92791,2195,katri piper khera,Unnao,Sikandarpur Karan,Katri Piper Khera,27932,0.8569716775599129,0.8569716775599129,,,,
up2021__647339,2195,tajpur naubasta,Unnao,Sikandarpur Karan,Tajpur Naubasta,168791,271978,2195,tajpur,Unnao,Sikandarpur Karan,Tajpur,54778,0.88,0.88,,,,
up2021__613787,2196,katari marauda mazhawara,Unnao,Si0 Sirosi,Katari Marauda Mazhawara,168803,92852,2196,katri maraunda majhwara,Unnao,Sikandarpur Sarausi,Katri Maraunda Majhwara,27930,0.8616545893719807,0.8616545893719807,,,,
up2021__534337,2196,bhatowa,Unnao,Si0 Sirosi,Bhatowa,168807,92839,2196,bhatawan,Unnao,Sikandarpur Sarausi,Bhatawan,9387,0.8880952380952382,0.8880952380952382,,,,
up2021__609672,2196,gaugauli,Unnao,Si0 Sirosi,Gaugauli,168837,92846,2196,gangauli,Unnao,Sikandarpur Sarausi,Gangauli,18672,0.8952380952380953,0.8952380952380953,,,,
up2021__527051,2196,khauraha aihtamali,Unnao,Si0 Sirosi,Khauraha Aihtamali,168838,92853,2196,khairaha aihtmali,Unnao,Sikandarpur Sarausi,Khairaha Aihtmali,28424,0.8728485838779956,0.8728485838779956,,,,
up2021__568293,2196,banda khanda,Unnao,Si0 Sirosi,Banda Khanda,168848,92832,2196,bandakhera,Unnao,Sikandarpur Sarausi,Bandakhera,5400,0.8933333333333334,0.8933333333333334,,,,
up2021__530581,2197,dubai,Unnao,Sumerpur,Dubai,168865,92902,2197,duvai,Unnao,Sumerpur,Duvai,17398,0.8933333333333333,0.8933333333333333,,,,
up2021__489264,2197,chachi raikheda,Unnao,Sumerpur,Chachi Raikheda,168866,92895,2197,chhanchirai khera,Unnao,Sumerpur,Chhanchirai Khera,13241,0.8780205415499533,0.8780205415499533,,,,
up2021__476337,2197,raampur kharhii,Unnao,Sumerpur,Raampur Kharhii,168872,92940,2197,ram pur kharai,Unnao,Sumerpur,Ram Pur Kharai,46530,0.8641269841269842,0.8641269841269842,,,,
up2021__524497,2197,narayandas kheda,Unnao,Sumerpur,Narayandas Kheda,168905,92930,2197,naraindas khera,Unnao,Sumerpur,Naraindas Khera,39424,0.8742948717948718,0.8742948717948718,,,,
up2021__508744,2197,ahiroura,Unnao,Sumerpur,Ahiroura,168915,92881,2197,ahirawara,Unnao,Sumerpur,Ahirawara,587,0.85,0.85,,,,
up2021__496175,2189,musepur,Unnao,Hasan ganj,Musepur,168934,92440,2189,moosepur,Unnao,Hasanganj,Moosepur,37511,0.8821428571428571,0.8821428571428571,,,,
up2021__535130,2189,sindhanapur,Unnao,Hasan ganj,Sindhanapur,168944,92462,2189,sighnapur,Unnao,Hasanganj,Sighnapur,52467,0.8643097643097643,0.8643097643097643,,,,
up2021__496289,2189,uncha dwara,Unnao,Hasan ganj,Uncha Dwara,168958,92466,2189,unacha dwara,Unnao,Hasanganj,Unacha Dwara,56935,0.8808080808080807,0.8808080808080807,,,,
up2021__470189,2189,uch gaon,Unnao,Hasan ganj,Uch Gaon,168960,92465,2189,unach gaon,Unnao,Hasanganj,Unach Gaon,56936,0.865,0.865,,,,
up2021__588130,2189,gadankheda bhitwa,Unnao,Hasan ganj,Gadankheda Bhitwa,168967,92416,2189,gadan khera,Unnao,Hasanganj,Gadan Khera,18128,0.8594652406417113,0.8594652406417113,,,,
up2021__473239,2189,alam pur latifpur munni keda,Unnao,Hasan ganj,Alam pur Latifpur Munni Keda,168987,92400,2189,alampur latifpur,Unnao,Hasanganj,Alampur Latifpur,1252,0.8892857142857142,0.8892857142857142,,,,
up2021__481712,2189,nusratpur jangalmau,Unnao,Hasan ganj,Nusratpur Jangalmau,168994,272224,2189,nasratpur janglamau,Unnao,Hasanganj,Nasratpur Janglamau,39872,0.8850877192982456,0.8850877192982456,,,,
up2021__499661,2189,harauani samasuddeenpur,Unnao,Hasan ganj,Harauani Samasuddeenpur,168995,272219,2189,haraoni samsuddinpur,Unnao,Hasanganj,Haraoni Samsuddinpur,21293,0.8698550724637681,0.8698550724637681,,,,
up2021__631794,2189,chandaulii buzurg,Unnao,Hasan ganj,Chandaulii Buzurg,168996,272220,2189,chandoli bujurg,Unnao,Hasanganj,Chandoli Bujurg,12578,0.8955052790346908,0.8955052790346908,,,,
up2021__477238,2189,azmatgadi,Unnao,Hasan ganj,Azmatgadi,168998,272225,2189,ajmat gadhi,Unnao,Hasanganj,Ajmat Gadhi,856,0.8848484848484848,0.8848484848484848,,,,
up2021__504949,2190,maurawan rasoolpur,Unnao,Hilauli,Maurawan Rasoolpur,169019,92498,2190,maurawan besan,Unnao,Hilauli,Maurawan Besan,36222,0.8611832611832612,0.8611832611832612,,,,
up2021__574290,2190,badha,Unnao,Hilauli,Badha,169022,92473,2190,bardaha,Unnao,Hilauli,Bardaha,6287,0.8704761904761905,0.8704761904761905,,,,
up2021__513744,2190,chandakheda,Unnao,Hilauli,Chandakheda,169028,92479,2190,chandakhera digalhai,Unnao,Hilauli,Chandakhera Digalhai,12401,0.8918181818181818,0.8918181818181818,,,,
up2021__491622,2190,lotanaa,Unnao,Hilauli,Lotanaa,169037,92495,2190,lotna,Unnao,Hilauli,Lotna,32967,0.8866666666666667,0.8866666666666667,,,,
up2021__614724,2190,ahera,Unnao,Hilauli,Ahera,169045,92467,2190,ahesha,Unnao,Hilauli,Ahesha,512,0.8755555555555556,0.8755555555555556,,,,
up2021__458130,1645,sumor,Eta,Aligunj,Sumor,169055,59598,1645,sumaur,Etah,Aliganj,Sumaur,54299,0.8755555555555556,0.8755555555555556,,,,
up2021__237250,1645,ladasiaurfalutufullapur,Eta,Aligunj,Ladasiaurfalutufullapur,169093,265656,1645,ladsiya urf lutuluffapur,Etah,Aliganj,Ladsiya Urf Lutuluffapur,31919,0.8723429951690821,0.8723429951690821,,,,
up2021__375871,1645,dawoodganj,Eta,Aligunj,Dawoodganj,169102,59545,1645,daudganj,Etah,Aliganj,Daudganj,14754,0.8866666666666667,0.8866666666666667,,,,
up2021__442258,1645,dahaliya puth,Eta,Aligunj,DahaLiya puth,169108,59544,1645,daheliya pooth,Etah,Aliganj,Daheliya Pooth,14156,0.8716783216783217,0.8716783216783217,,,,
up2021__202013,1645,tamrora,Eta,Aligunj,Tamrora,169122,59600,1645,tamraura,Etah,Aliganj,Tamraura,54928,0.8880952380952382,0.8880952380952382,,,,
up2021__231547,1645,ramanagaria asharam,Eta,Aligunj,Ramanagaria Asharam,169125,59594,1645,ramnagaria asharam,Etah,Aliganj,Ramnagaria Asharam,46167,0.8969785575048732,0.8969785575048732,,,,
up2021__304934,1645,ladampur katara,Eta,Aligunj,Ladampur Katara,169133,265654,1645,larampur katara,Etah,Aliganj,Larampur Katara,32479,0.8692063492063492,0.8692063492063492,,,,
up2021__405937,1645,nagariya alias sikandarpur doga,Eta,Aligunj,Nagariya alias Sikandarpur Doga,169140,265685,1645,nagaria urf sikandarpur doga,Etah,Aliganj,Nagaria Urf Sikandarpur Doga,38634,0.8838617511520738,0.8838617511520738,,,,
up2021__400372,1645,kudha,Eta,Aligunj,Kudha,169145,59575,1645,kurha,Etah,Aliganj,Kurha,31464,0.8933333333333333,0.8933333333333333,,,,
up2021__212470,1647,khatota,Eta,Awagarh,Khatota,169163,59686,1647,khatauta,Etah,Awagarh,Khatauta,29320,0.8880952380952382,0.8880952380952382,,,,
up2021__404991,1647,paundri,Eta,Awagarh,Paundri,169174,59702,1647,pondri,Etah,Awagarh,Pondri,44408,0.8642857142857143,0.8642857142857143,,,,
up2021__352007,1647,pawha,Eta,Awagarh,Pawha,169185,59700,1647,pabha,Etah,Awagarh,Pabha,41148,0.8933333333333333,0.8933333333333333,,,,
up2021__398633,1650,sakrouli,Eta,Jalesr,Sakrouli,169209,59869,1650,shakrauli,Etah,Jalesar,Shakrauli,51689,0.8958333333333333,0.8958333333333333,,,,
up2021__243424,1650,budhera,Eta,Jalesr,Budhera,169218,265642,1650,budhaira,Etah,Jalesar,Budhaira,11683,0.8880952380952382,0.8880952380952382,,,,
up2021__281407,1650,payadapur,Eta,Jalesr,Payadapur,169233,265501,1650,paidapur,Etah,Jalesar,Paidapur,41667,0.8693121693121693,0.8693121693121693,,,,
up2021__361597,1650,bachhaipura,Eta,Jalesr,Bachhaipura,169239,59828,1650,bachhepura,Etah,Jalesar,Bachhepura,3481,0.8991919191919192,0.8991919191919192,,,,
up2021__280408,1650,bhyau,Eta,Jalesr,Bhyau,169242,59832,1650,bhiau,Etah,Jalesar,Bhiau,9842,0.8933333333333333,0.8933333333333333,,,,
up2021__303856,1650,saantha navipur,Eta,Jalesr,Saantha Navipur,169249,59867,1650,satha nabipur,Etah,Jalesar,Satha Nabipur,50659,0.8594871794871796,0.8594871794871796,,,,
up2021__287920,1650,rasidpur,Eta,Jalesr,Rasidpur,169251,59864,1650,rasheed pur,Etah,Jalesar,Rasheed Pur,46997,0.8859848484848485,0.8859848484848485,,,,
up2021__264881,1649,ahrai vichnapur,Eta,Jaithara,Ahrai Vichnapur,169266,59767,1649,aharai bichanpur,Etah,Jaithara,Aharai Bichanpur,486,0.8726984126984128,0.8726984126984128,,,,
up2021__206131,1649,saroth puwaya,Eta,Jaithara,Saroth Puwaya,169271,59818,1649,sarauth puwayan,Etah,Jaithara,Sarauth Puwayan,50194,0.8964957264957265,0.8964957264957265,,,,
up2021__321976,1649,saroth pachhaya,Eta,Jaithara,Saroth Pachhaya,169272,59817,1649,sarauth pachhayan,Etah,Jaithara,Sarauth Pachhayan,50193,0.8599346405228758,0.8599346405228758,,,,
up2021__1492234,1649,datoli,Eta,Jaithara,Datoli,169279,59780,1649,datauli,Etah,Jaithara,Datauli,14714,0.8944444444444445,0.8944444444444445,,,,
up2021__330792,1649,rupdhani,Eta,Jaithara,Rupdhani,169294,59815,1649,roopdhani,Etah,Jaithara,Roopdhani,47880,0.8958333333333333,0.8958333333333333,,,,
up2021__247515,1649,gangoora,Eta,Jaithara,Gangoora,169299,265688,1649,gangupura,Etah,Jaithara,Gangupura,18759,0.8833333333333333,0.8833333333333333,,,,
up2021__330241,1649,vichhand pahadpur,Eta,Jaithara,Vichhand Pahadpur,169303,59778,1649,bichhand paharpur,Etah,Jaithara,Bichhand Paharpur,10632,0.8993464052287582,0.8993464052287582,,,,
up2021__369571,1649,bhaul,Eta,Jaithara,Bhaul,169309,59776,1649,bhalaul,Etah,Jaithara,Bhalaul,8893,0.8866666666666667,0.8866666666666667,,,,
up2021__379490,1649,bhamora,Eta,Jaithara,Bhamora,169311,265686,1649,bhamaura,Etah,Jaithara,Bhamaura,8933,0.8880952380952382,0.8880952380952382,,,,
up2021__382072,1653,gudha,Eta,Nidhauli Kala,Gudha,169325,60021,1653,gurha,Etah,Nidhauli Kalan,Gurha,20793,0.8933333333333333,0.8933333333333333,,,,
up2021__387491,1653,magroli,Eta,Nidhauli Kala,Magroli,169329,60037,1653,mangrauli,Etah,Nidhauli Kalan,Mangrauli,35310,0.873015873015873,0.873015873015873,,,,
up2021__405172,1653,lahra,Eta,Nidhauli Kala,Lahra,169332,60034,1653,lehra,Etah,Nidhauli Kalan,Lehra,32695,0.88,0.88,,,,
up2021__438147,1653,pipra,Eta,Nidhauli Kala,Pipra,169346,60051,1653,piphara,Etah,Nidhauli Kalan,Piphara,44019,0.8866666666666667,0.8866666666666667,,,,
up2021__243561,1653,sirav,Eta,Nidhauli Kala,Sirav,169352,60058,1653,siraon,Etah,Nidhauli Kalan,Siraon,53093,0.8933333333333334,0.8933333333333334,,,,
up2021__295287,1653,jitoli,Eta,Nidhauli Kala,Jitoli,169359,60028,1653,jitauli,Etah,Nidhauli Kalan,Jitauli,25076,0.8944444444444445,0.8944444444444445,,,,
up2021__380075,1653,mazhrau,Eta,Nidhauli Kala,Mazhrau,169369,60035,1653,majharau,Etah,Nidhauli Kalan,Majharau,34466,0.8507936507936509,0.8507936507936509,,,,
up2021__203045,1652,mirapur,Eta,Marhara,Mirapur,169406,59980,1652,meerapur,Etah,Marehra,Meerapur,36405,0.8821428571428571,0.8821428571428571,,,,
up2021__250629,1652,maihnisora,Eta,Marhara,Maihnisora,169418,59979,1652,maihani shora,Etah,Marehra,Maihani Shora,34338,0.8938461538461538,0.8938461538461538,,,,
up2021__300029,1652,rasulpur gadholi,Eta,Marhara,Rasulpur Gadholi,169426,59989,1652,rasoolpur gadauli,Etah,Marehra,Rasoolpur Gadauli,47078,0.8833993212669684,0.8833993212669684,,,,
up2021__361816,1652,nagla khyali,Eta,Marhara,Nagla Khyali,169441,59985,1652,nagalakhyali,Etah,Marehra,Nagalakhyali,38566,0.8974747474747474,0.8974747474747474,,,,
up2021__357952,1657,pahara majra kabirpur,Eta,Sheetalpur,Pahara Majra Kabirpur,169455,60284,1657,pehara majra kabir pur,Etah,Shitalpur,Pehara Majra Kabir Pur,43547,0.8684415584415583,0.8684415584415583,,,,
up2021__326745,1657,jisukhpura,Eta,Sheetalpur,Jisukhpura,169468,60252,1657,jeesukhpur,Etah,Shitalpur,Jeesukhpur,24750,0.88,0.88,,,,
up2021__397195,1657,narori,Eta,Sheetalpur,Narori,169475,60278,1657,narauri,Etah,Shitalpur,Narauri,39501,0.8944444444444445,0.8944444444444445,,,,
up2021__293218,1657,ahmedabad,Eta,Sheetalpur,Ahmedabad,169488,60225,1657,ahmadabad,Etah,Shitalpur,Ahmadabad,624,0.8898148148148148,0.8898148148148148,,,,
up2021__424097,1657,dulhapur,Eta,Sheetalpur,Dulhapur,169524,60245,1657,doolhapur,Etah,Shitalpur,Doolhapur,16968,0.8958333333333333,0.8958333333333333,,,,
up2021__436693,1657,biramur,Eta,Sheetalpur,Biramur,169533,265252,1657,virampur,Etah,Shitalpur,Virampur,57443,0.8690476190476191,0.8690476190476191,,,,
up2021__275267,1656,purav,Eta,Sakit,Purav,169540,60203,1656,puraon,Etah,Sakit,Puraon,44777,0.8933333333333334,0.8933333333333334,,,,
up2021__210481,1656,mazra jat saki,Eta,Sakit,Mazra jat Saki,169544,60213,1656,majra jat sakeet,Etah,Sakit,Majra Jat Sakeet,34646,0.8507936507936509,0.8507936507936509,,,,
up2021__232395,1656,karmchandrapur,Eta,Sakit,Karmchandrapur,169549,265408,1656,karamchandpur,Etah,Sakit,Karamchandpur,26886,0.8935897435897436,0.8935897435897436,,,,
up2021__266752,1656,babli,Eta,Sakit,Babli,169550,60152,1656,bawli,Etah,Sakit,Bawli,7518,0.8933333333333333,0.8933333333333333,,,,
up2021__282746,1656,datoli,Eta,Sakit,Datoli,169567,265663,1656,datauli,Etah,Sakit,Datauli,14719,0.8944444444444445,0.8944444444444445,,,,
up2021__217078,1656,rizor,Eta,Sakit,Rizor,169578,60210,1656,rijor,Etah,Sakit,Rijor,47747,0.8933333333333333,0.8933333333333333,,,,
up2021__253158,1656,jisukkhupur sani,Eta,Sakit,Jisukkhupur Sani,169582,265409,1656,jeesukhpur saani,Etah,Sakit,Jeesukhpur Saani,24751,0.864423076923077,0.864423076923077,,,,
up2021__208755,1656,kabbar,Eta,Sakit,Kabbar,169587,60174,1656,kawar,Etah,Sakit,Kawar,28053,0.8577777777777779,0.8577777777777779,,,,
up2021__201511,1656,kaunchi,Eta,Sakit,Kaunchi,169602,60175,1656,konchi,Etah,Sakit,Konchi,30524,0.8642857142857143,0.8642857142857143,,,,
up2021__255313,1656,radhanagar,Eta,Sakit,Radhanagar,169617,60204,1656,radhey nagar,Etah,Sakit,Radhey Nagar,45093,0.8855555555555555,0.8855555555555555,,,,
up2021__340109,1847,behrampur gasapur,Kannauj,Umarda,Behrampur Gasapur,169650,71429,1847,beharapur gaisapur,Kannauj,Umarda,Beharapur Gaisapur,7667,0.887431917211329,0.887431917211329,,,,
up2021__294588,1847,auser,Kannauj,Umarda,Auser,169665,71470,1847,ouser,Kannauj,Umarda,Ouser,41133,0.8666666666666667,0.8666666666666667,,,,
up2021__226261,1847,kurhina,Kannauj,Umarda,Kurhina,169676,71458,1847,kudihna,Kannauj,Umarda,Kudihna,31036,0.8793650793650793,0.8793650793650793,,,,
up2021__404364,1847,mavayi bilvari,Kannauj,Umarda,Mavayi Bilvari,169681,71460,1847,mabaibilbari,Kannauj,Umarda,Mabaibilbari,33056,0.8526984126984127,0.8526984126984127,,,,
up2021__301440,1847,agaus,Kannauj,Umarda,Agaus,169686,71420,1847,agous,Kannauj,Umarda,Agous,427,0.8933333333333333,0.8933333333333333,,,,
up2021__222890,1844,sihapur,Kannauj,Kannauj,Sihapur,169718,71286,1844,sahillapur,Kannauj,Kannauj,Sahillapur,48590,0.8671428571428571,0.8671428571428571,,,,
up2021__202489,1844,bahrin,Kannauj,Kannauj,Bahrin,169720,71236,1844,behrin,Kannauj,Kannauj,Behrin,7708,0.9,0.9,,,,
up2021__340792,1844,najrapur,Kannauj,Kannauj,Najrapur,169724,71276,1844,nazarapur,Kannauj,Kannauj,Nazarapur,40294,0.8693121693121693,0.8693121693121693,,,,
up2021__342463,1844,tidiyapur,Kannauj,Kannauj,Tidiyapur,169725,71300,1844,tirhiapur,Kannauj,Kannauj,Tirhiapur,56085,0.8814814814814814,0.8814814814814814,,,,
up2021__244343,1841,ibrahimppur,Kannauj,Gugapur,Ibrahimppur,169742,71203,1841,ibrahimpur bangar,Kannauj,Gughrapur,Ibrahimpur Bangar,22573,0.8994652406417112,0.8994652406417112,,,,
up2021__193573,1841,garhiya walidaadpur,Kannauj,Gugapur,Garhiya Walidaadpur,169748,244563,1841,gadia balidadpur,Kannauj,Gughrapur,Gadia Balidadpur,18225,0.8964912280701754,0.8964912280701754,,,,
up2021__238635,1841,chiasar,Kannauj,Gugapur,Chiasar,169750,71369,1841,chiasar shahpur,Kannauj,Gughrapur,Chiasar Shahpur,13542,0.8933333333333334,0.8933333333333334,,,,
up2021__260521,1840,aurain,Kannauj,Chhibramau,Aurain,169761,71091,1840,auoraie,Kannauj,Chhibramau,Auoraie,3042,0.8793650793650793,0.8793650793650793,,,,
up2021__343746,1840,ldaita,Kannauj,Chhibramau,Ldaita,169769,71123,1840,ladaita,Kannauj,Chhibramau,Ladaita,31870,0.8571428571428572,0.8571428571428572,,,,
up2021__348687,1840,pallia boochpur,Kannauj,Chhibramau,Pallia Boochpur,169778,71135,1840,paliya bunchpur,Kannauj,Chhibramau,Paliya Bunchpur,42071,0.8677777777777779,0.8677777777777779,,,,
up2021__346510,1840,pranaapur palyaura,Kannauj,Chhibramau,Pranaapur Palyaura,169782,71137,1840,pranpur palyura,Kannauj,Chhibramau,Pranpur Palyura,44498,0.9,0.9,,,,
up2021__358914,1840,mahmudpur kirat,Kannauj,Chhibramau,Mahmudpur Kirat,169811,71125,1840,mahmood pur keerat,Kannauj,Chhibramau,Mahmood Pur Keerat,33982,0.887008547008547,0.887008547008547,,,,
up2021__225018,1843,vanpura narayanpur,Kannauj,Jalalabad,Vanpura Narayanpur,169863,71188,1843,banpur narayanpur,Kannauj,Jalalabad,Banpur Narayanpur,5725,0.880855119825708,0.880855119825708,,,,
up2021__215637,1843,visandhuaa,Kannauj,Jalalabad,Visandhuaa,169871,71191,1843,bisandhua,Kannauj,Jalalabad,Bisandhua,11288,0.8962962962962964,0.8962962962962964,,,,
up2021__263272,1843,uttimapur,Kannauj,Jalalabad,Uttimapur,169872,71229,1843,utimapur patti,Kannauj,Jalalabad,Utimapur Patti,57169,0.8560846560846561,0.8560846560846561,,,,
up2021__342953,1843,mirpur,Kannauj,Jalalabad,Mirpur,169874,71216,1843,meerpur,Kannauj,Jalalabad,Meerpur,36432,0.8642857142857143,0.8642857142857143,,,,
up2021__345009,1843,wasirapur bhat,Kannauj,Jalalabad,Wasirapur Bhat,169875,71190,1843,basheerapur bhat,Kannauj,Jalalabad,Basheerapur Bhat,7228,0.8690476190476191,0.8690476190476191,,,,
up2021__279530,1843,firozpur taran,Kannauj,Jalalabad,Firozpur Taran,169879,71196,1843,feerojpur taran,Kannauj,Jalalabad,Feerojpur Taran,17979,0.8971428571428571,0.8971428571428571,,,,
up2021__315913,1843,kullapur,Kannauj,Jalalabad,Kullapur,169883,71211,1843,koolapur,Kannauj,Jalalabad,Koolapur,30566,0.8500000000000001,0.8500000000000001,,,,
up2021__377490,1843,godhni,Kannauj,Jalalabad,Godhni,169884,71201,1843,gudhani,Kannauj,Jalalabad,Gudhani,20524,0.8642857142857143,0.8642857142857143,,,,
up2021__311576,1846,madhaunagar,Kannauj,Talgram,Madhaunagar,169902,71383,1846,madho nagar,Kannauj,Talgram,Madho Nagar,33306,0.8828282828282829,0.8828282828282829,,,,
up2021__348313,1846,umraipur,Kannauj,Talgram,Umraipur,169938,71418,1846,umar pur,Kannauj,Talgram,Umar Pur,56852,0.8952380952380953,0.8952380952380953,,,,
up2021__348515,1846,talgram dehat,Kannauj,Talgram,Talgram Dehat,169939,71411,1846,talgram rural,Kannauj,Talgram,Talgram Rural,54881,0.8769230769230769,0.8769230769230769,,,,
up2021__346814,1846,ataroli,Kannauj,Talgram,Ataroli,169947,269889,1846,atrauli,Kannauj,Talgram,Atrauli,2955,0.8793650793650793,0.8793650793650793,,,,
up2021__337635,1846,brahhimpur nizampur,Kannauj,Talgram,Brahhimpur Nizampur,169949,71366,1846,birahimpur nizampur,Kannauj,Talgram,Birahimpur Nizampur,11103,0.8850877192982456,0.8850877192982456,,,,
up2021__228407,1845,rousen,Kannauj,Saurkh,Rousen,169964,71344,1845,rausen,Kannauj,Saurikh,Rausen,47434,0.9,0.9,,,,
up2021__346677,1845,devpur,Kannauj,Saurkh,Devpur,169969,71318,1845,debipur,Kannauj,Saurikh,Debipur,14971,0.8793650793650793,0.8793650793650793,,,,
up2021__387861,1845,phoolnpur,Kannauj,Saurkh,Phoolnpur,169976,71342,1845,phulan pur,Kannauj,Saurikh,Phulan Pur,43682,0.8607407407407408,0.8607407407407408,,,,
up2021__343269,1845,ataroli,Kannauj,Saurkh,Ataroli,169980,71304,1845,atrauli,Kannauj,Saurikh,Atrauli,2953,0.8793650793650793,0.8793650793650793,,,,
up2021__349234,1845,kushaka,Kannauj,Saurkh,Kushaka,169984,71333,1845,kuska,Kannauj,Saurikh,Kuska,31649,0.8866666666666667,0.8866666666666667,,,,
up2021__378870,1845,saurikh dehat,Kannauj,Saurkh,Saurikh Dehat,169997,71350,1845,saurikh rural,Kannauj,Saurikh,Saurikh Rural,50785,0.8769230769230769,0.8769230769230769,,,,
up2021__223574,1845,rooppur,Kannauj,Saurkh,Rooppur,170015,71346,1845,ruppur,Kannauj,Saurikh,Ruppur,48102,0.8642857142857143,0.8642857142857143,,,,
up2021__388948,1845,paror,Kannauj,Saurkh,Paror,170022,71341,1845,paraur,Kannauj,Saurikh,Paraur,42571,0.8755555555555556,0.8755555555555556,,,,
up2021__287715,1842,phoolpur,Kannauj,Haseran,Phoolpur,170053,71173,1842,phulpur,Kannauj,Haseran,Phulpur,43697,0.8952380952380953,0.8952380952380953,,,,
up2021__330403,1842,tareend,Kannauj,Haseran,Tareend,170056,71181,1842,tarind,Kannauj,Haseran,Tarind,55124,0.8944444444444445,0.8944444444444445,,,,
up2021__368076,1842,chopunna,Kannauj,Haseran,Chopunna,170059,71156,1842,chupunna,Kannauj,Haseran,Chupunna,13922,0.8952380952380953,0.8952380952380953,,,,
up2021__542113,1848,vigahi,Kanpur Dehat,Akbarpur,Vigahi,170084,71510,1848,bigahi,Kanpur Dehat,Akbarpur,Bigahi,10704,0.888888888888889,0.888888888888889,,,,
up2021__544300,1848,maudoli,Kanpur Dehat,Akbarpur,Maudoli,170090,71533,1848,mandauli,Kanpur Dehat,Akbarpur,Mandauli,35176,0.8507936507936509,0.8507936507936509,,,,
up2021__509559,1848,muktapur,Kanpur Dehat,Akbarpur,Muktapur,170091,71536,1848,muktapur mazara nariha,Kanpur Dehat,Akbarpur,Muktapur Mazara Nariha,37896,0.8727272727272728,0.8727272727272728,,,,
up2021__583601,1848,rurvaarahar,Kanpur Dehat,Akbarpur,Rurvaarahar,170097,71547,1848,rurwahar,Kanpur Dehat,Akbarpur,Rurwahar,48128,0.8526515151515152,0.8526515151515152,,,,
up2021__480716,1848,guteeya,Kanpur Dehat,Akbarpur,Guteeya,170109,265928,1848,gutaiya,Kanpur Dehat,Akbarpur,Gutaiya,20851,0.8666666666666668,0.8666666666666668,,,,
up2021__587513,1849,gour,Kanpur Dehat,Amraudha,Gour,170129,71579,1849,gaur,Kanpur Dehat,Amrodha,Gaur,19086,0.8500000000000001,0.8500000000000001,,,,
up2021__476866,1849,sarai,Kanpur Dehat,Amraudha,Sarai,170137,71615,1849,sarayan,Kanpur Dehat,Amrodha,Sarayan,50237,0.8742857142857142,0.8742857142857142,,,,
up2021__624938,1849,jallau,Kanpur Dehat,Amraudha,Jallau,170154,71588,1849,jallapur mahera,Kanpur Dehat,Amrodha,Jallapur Mahera,23906,0.88,0.88,,,,
up2021__528118,1849,halia,Kanpur Dehat,Amraudha,Halia,170157,71584,1849,haliya bangar,Kanpur Dehat,Amrodha,Haliya Bangar,21116,0.8769230769230769,0.8769230769230769,,,,
up2021__607721,1849,ragwaan,Kanpur Dehat,Amraudha,Ragwaan,170159,71612,1849,raigawa,Kanpur Dehat,Amrodha,Raigawa,45346,0.8793650793650793,0.8793650793650793,,,,
up2021__519617,1849,kariyapur,Kanpur Dehat,Amraudha,Kariyapur,170168,71593,1849,karyapur bhogani,Kanpur Dehat,Amrodha,Karyapur Bhogani,27412,0.8574074074074074,0.8574074074074074,,,,
up2021__589340,1851,pipri patahar,Kanpur Dehat,Jhijhak,Pipri Patahar,170198,71714,1851,pipari pitarhar,Kanpur Dehat,Jhinjhak,Pipari Pitarhar,43972,0.897094017094017,0.897094017094017,,,,
up2021__543801,1851,baneeparaa maharajaa,Kanpur Dehat,Jhijhak,Baneeparaa Maharajaa,170204,71689,1851,banipara maharaj,Kanpur Dehat,Jhinjhak,Banipara Maharaj,5568,0.8804166666666666,0.8804166666666666,,,,
up2021__501103,1851,mundera kinnar singh,Kanpur Dehat,Jhijhak,Mundera Kinnar Singh,170212,71709,1851,mudera kinnar singh,Kanpur Dehat,Jhinjhak,Mudera Kinnar Singh,37675,0.888421052631579,0.888421052631579,,,,
up2021__515630,1851,kishora,Kanpur Dehat,Jhijhak,Kishora,170227,71701,1851,kishaura,Kanpur Dehat,Jhinjhak,Kishaura,30139,0.8880952380952382,0.8880952380952382,,,,
up2021__580323,1850,parokh,Kanpur Dehat,Derapur,Parokh,170237,71665,1850,paraukh,Kanpur Dehat,Derapur,Paraukh,42561,0.8944444444444445,0.8944444444444445,,,,
up2021__583068,1850,bhaadawal,Kanpur Dehat,Derapur,Bhaadawal,170266,71630,1850,bhadhawal,Kanpur Dehat,Derapur,Bhadhawal,8391,0.8898148148148148,0.8898148148148148,,,,
up2021__535471,1853,giradau,Kanpur Dehat,Malasa,Giradau,170285,71819,1853,girdaun,Kanpur Dehat,Malasa,Girdaun,19766,0.8944444444444445,0.8944444444444445,,,,
up2021__557951,1853,murleepoor,Kanpur Dehat,Malasa,Murleepoor,170296,71841,1853,murlipur,Kanpur Dehat,Malasa,Murlipur,38213,0.87,0.87,,,,
up2021__510398,1853,gopalpur,Kanpur Dehat,Malasa,Gopalpur,170319,71820,1853,gopalpur bhoganipur,Kanpur Dehat,Malasa,Gopalpur Bhoganipur,20185,0.8842105263157894,0.8842105263157894,,,,
up2021__571279,1853,vijayipur,Kanpur Dehat,Malasa,Vijayipur,170321,71810,1853,bijaipur,Kanpur Dehat,Malasa,Bijaipur,10798,0.8842592592592592,0.8842592592592592,,,,
up2021__571365,1853,guloli,Kanpur Dehat,Malasa,Guloli,170323,71821,1853,gulauli,Kanpur Dehat,Malasa,Gulauli,20638,0.8944444444444445,0.8944444444444445,,,,
up2021__569139,1853,sanaykheda,Kanpur Dehat,Malasa,Sanaykheda,170324,71847,1853,sanaya khera,Kanpur Dehat,Malasa,Sanaya Khera,49529,0.8855555555555555,0.8855555555555555,,,,
up2021__691987,1853,kudwa,Kanpur Dehat,Malasa,Kudwa,170326,71833,1853,kurhwa,Kanpur Dehat,Malasa,Kurhwa,31481,0.8577777777777779,0.8577777777777779,,,,
up2021__564577,1853,virma,Kanpur Dehat,Malasa,Virma,170337,71811,1853,birma,Kanpur Dehat,Malasa,Birma,11209,0.8666666666666667,0.8666666666666667,,,,
up2021__561113,1852,dhakan shivli,Kanpur Dehat,Maitha,Dhakan Shivli,170357,71750,1852,dhokan shiwali,Kanpur Dehat,Maitha,Dhokan Shiwali,16448,0.8775890775890776,0.8775890775890776,,,,
up2021__568737,1852,tatummau,Kanpur Dehat,Maitha,Tatummau,170375,71792,1852,tantmau,Kanpur Dehat,Maitha,Tantmau,55011,0.8507936507936509,0.8507936507936509,,,,
up2021__564213,1852,narsuzha,Kanpur Dehat,Maitha,Narsuzha,170378,71777,1852,narsoojha,Kanpur Dehat,Maitha,Narsoojha,39757,0.8833333333333333,0.8833333333333333,,,,
up2021__542340,1852,bhaurorahjahapur,Kanpur Dehat,Maitha,Bhaurorahjahapur,170380,71741,1852,bhairon shanjahanpur,Kanpur Dehat,Maitha,Bhairon Shanjahanpur,8770,0.8841666666666667,0.8841666666666667,,,,
up2021__532571,1852,bairdariyanv,Kanpur Dehat,Maitha,Bairdariyanv,170386,71733,1852,bairi dariyon,Kanpur Dehat,Maitha,Bairi Dariyon,4643,0.8805128205128206,0.8805128205128206,,,,
up2021__543025,1852,aasai,Kanpur Dehat,Maitha,Aasai,170388,71729,1852,asai,Kanpur Dehat,Maitha,Asai,2499,0.865,0.865,,,,
up2021__512043,1855,bhausaaya,Kanpur Dehat,Rasulabad,Bhausaaya,170444,71925,1855,bhaisayna,Kanpur Dehat,Rasulabad,Bhaisayna,8827,0.8629629629629629,0.8629629629629629,,,,
up2021__504763,1855,jagammanpur dhir tarauli,Kanpur Dehat,Rasulabad,Jagammanpur Dhir Tarauli,170456,239104,1855,jaggamanpur dhir,Kanpur Dehat,Rasulabad,Jaggamanpur Dhir,23386,0.8979166666666667,0.8979166666666667,,,,
up2021__540038,1855,baurisal,Kanpur Dehat,Rasulabad,Baurisal,170458,71924,1855,bairisal,Kanpur Dehat,Rasulabad,Bairisal,4651,0.8952380952380953,0.8952380952380953,,,,
up2021__499610,1855,simramau,Kanpur Dehat,Rasulabad,Simramau,170470,71962,1855,simara mau,Kanpur Dehat,Rasulabad,Simara Mau,52824,0.895,0.895,,,,
up2021__534530,1855,rasulabaddehat,Kanpur Dehat,Rasulabad,RasulabadDehat,170477,71958,1855,rasoolabad,Kanpur Dehat,Rasulabad,Rasoolabad,47026,0.8533333333333333,0.8533333333333333,,,,
up2021__501856,1855,itali,Kanpur Dehat,Rasulabad,Itali,170479,239083,1855,italee,Kanpur Dehat,Rasulabad,Italee,23005,0.8933333333333334,0.8933333333333334,,,,
up2021__594183,1855,kharakursi,Kanpur Dehat,Rasulabad,Kharakursi,170480,239082,1855,khera kursi,Kanpur Dehat,Rasulabad,Khera Kursi,29475,0.8952188552188552,0.8952188552188552,,,,
up2021__510202,1855,dalikpur,Kanpur Dehat,Rasulabad,Dalikpur,170481,239103,1855,dalikpur maharaj,Kanpur Dehat,Rasulabad,Dalikpur Maharaj,14285,0.9,0.9,,,,
up2021__493501,1855,gopalpur,Kanpur Dehat,Rasulabad,Gopalpur,170489,239110,1855,gopalpur talluka,Kanpur Dehat,Rasulabad,Gopalpur Talluka,20204,0.9,0.9,,,,
up2021__587539,1855,rasulpur rasulaabad,Kanpur Dehat,Rasulabad,Rasulpur Rasulaabad,170501,239100,1855,rasoolpur rasoolabad,Kanpur Dehat,Rasulabad,Rasoolpur Rasoolabad,47099,0.8873245614035087,0.8873245614035087,,,,
up2021__505259,1855,bargau,Kanpur Dehat,Rasulabad,Bargau,170502,239084,1855,barigoan,Kanpur Dehat,Rasulabad,Barigoan,6573,0.8736111111111112,0.8736111111111112,,,,
up2021__552365,1855,silempurmahera,Kanpur Dehat,Rasulabad,SilempurMahera,170509,71960,1855,salempur mahara,Kanpur Dehat,Rasulabad,Salempur Mahara,49243,0.8721428571428571,0.8721428571428571,,,,
up2021__560062,1854,gopalpur,Kanpur Dehat,Raj Pur,Gopalpur,170520,71876,1854,gopalpur derapur,Kanpur Dehat,Rajpur,Gopalpur Derapur,20186,0.9,0.9,,,,
up2021__591385,1854,daudiaapur,Kanpur Dehat,Raj Pur,Daudiaapur,170535,71870,1854,daunliyapur,Kanpur Dehat,Rajpur,Daunliyapur,14899,0.8896969696969697,0.8896969696969697,,,,
up2021__545770,1854,baina,Kanpur Dehat,Raj Pur,Baina,170549,71915,1854,vaina,Kanpur Dehat,Rajpur,Vaina,57227,0.8666666666666667,0.8666666666666667,,,,
up2021__552723,1854,dhadhapur,Kanpur Dehat,Raj Pur,Dhadhapur,170550,71869,1854,darhapur,Kanpur Dehat,Rajpur,Darhapur,14533,0.8529761904761904,0.8529761904761904,,,,
up2021__546676,1854,amrahat,Kanpur Dehat,Raj Pur,Amrahat,170557,71858,1854,amarahat,Kanpur Dehat,Rajpur,Amarahat,1572,0.8904761904761905,0.8904761904761905,,,,
up2021__594572,1854,rohini,Kanpur Dehat,Raj Pur,Rohini,170562,71907,1854,rohani,Kanpur Dehat,Rajpur,Rohani,47808,0.8755555555555556,0.8755555555555556,,,,
up2021__601818,1856,asalanaapur,Kanpur Dehat,Sandalpur,Asalanaapur,170571,71975,1856,asalna,Kanpur Dehat,Sandalpur,Asalna,2515,0.8757575757575757,0.8757575757575757,,,,
up2021__640669,1856,nadhouva,Kanpur Dehat,Sandalpur,Nadhouva,170587,72009,1856,nadhaua,Kanpur Dehat,Sandalpur,Nadhaua,38501,0.8880952380952382,0.8880952380952382,,,,
up2021__544016,1856,akna,Kanpur Dehat,Sandalpur,Akna,170592,71972,1856,akana,Kanpur Dehat,Sandalpur,Akana,898,0.88,0.88,,,,
up2021__560151,1856,louwa,Kanpur Dehat,Sandalpur,Louwa,170605,72006,1856,lauwa,Kanpur Dehat,Sandalpur,Lauwa,32599,0.88,0.88,,,,
up2021__575555,1856,rarokh,Kanpur Dehat,Sandalpur,Rarokh,170606,72014,1856,raraunkh,Kanpur Dehat,Sandalpur,Raraunkh,46956,0.8736111111111112,0.8736111111111112,,,,
up2021__593582,1856,radhirpur,Kanpur Dehat,Sandalpur,Radhirpur,170615,265959,1856,randheerpur,Kanpur Dehat,Sandalpur,Randheerpur,46780,0.8976430976430976,0.8976430976430976,,,,
up2021__639921,1856,katara,Kanpur Dehat,Sandalpur,Katara,170617,265961,1856,kathra,Kanpur Dehat,Sandalpur,Kathra,27811,0.8755555555555556,0.8755555555555556,,,,
up2021__527046,1856,mohammadpur sultanpur,Kanpur Dehat,Sandalpur,Mohammadpur Sultanpur,170619,72008,1856,muhammadpur sultanpur,Kanpur Dehat,Sandalpur,Muhammadpur Sultanpur,37791,0.8514285714285714,0.8514285714285714,,,,
up2021__589620,1856,ursan,Kanpur Dehat,Sandalpur,Ursan,170620,72023,1856,urashan,Kanpur Dehat,Sandalpur,Urashan,57040,0.8704761904761905,0.8704761904761905,,,,
up2021__605766,1857,dhanjua pahadpur,Kanpur Dehat,Sarwan Kheda,Dhanjua Pahadpur,170627,72033,1857,dhanjuwa,Kanpur Dehat,Sarbankhera,Dhanjuwa,15896,0.8625,0.8625,,,,
up2021__568948,1857,sarvankheda,Kanpur Dehat,Sarwan Kheda,Sarvankheda,170633,72069,1857,sarwan khera,Kanpur Dehat,Sarbankhera,Sarwan Khera,50589,0.8992424242424243,0.8992424242424243,,,,
up2021__646685,1857,kurari,Kanpur Dehat,Sarwan Kheda,Kurari,170634,72053,1857,korari,Kanpur Dehat,Sarbankhera,Korari,30608,0.9,0.9,,,,
up2021__567809,1857,seruattappa saithe,Kanpur Dehat,Sarwan Kheda,Seruattappa Saithe,170664,72070,1857,serwa tappa santha,Kanpur Dehat,Sarbankhera,Serwa Tappa Santha,51232,0.8629629629629629,0.8629629629629629,,,,
up2021__626934,1857,goini,Kanpur Dehat,Sarwan Kheda,Goini,170669,265933,1857,guini,Kanpur Dehat,Sarbankhera,Guini,20550,0.88,0.88,,,,
up2021__110440,1862,halamoo,Kanpur Nagar,Kakwan,Halamoo,170677,72347,1862,halamau,Kanpur Nagar,Kakwan,Halamau,21100,0.8857142857142858,0.8857142857142858,,,,
up2021__57510,1862,devha,Kanpur Nagar,Kakwan,Devha,170681,72343,1862,deoha,Kanpur Nagar,Kakwan,Deoha,15134,0.8933333333333333,0.8933333333333333,,,,
up2021__53047,1862,munauwwarpur,Kanpur Nagar,Kakwan,Munauwwarpur,170688,72356,1862,munauwarpur bilhaur,Kanpur Nagar,Kakwan,Munauwarpur Bilhaur,37948,0.8991228070175439,0.8991228070175439,,,,
up2021__67476,1862,maidon,Kanpur Nagar,Kakwan,Maidon,170689,72353,1862,maidau,Kanpur Nagar,Kakwan,Maidau,34324,0.8666666666666666,0.8666666666666666,,,,
up2021__84340,1862,salempur,Kanpur Nagar,Kakwan,Salempur,170696,72358,1862,salempur bilhaur,Kanpur Nagar,Kakwan,Salempur Bilhaur,49218,0.9,0.9,,,,
up2021__122279,1863,heengpur bangar,Kanpur Nagar,Kalyanpur,Heengpur Bangar,170701,72379,1863,hingupur bangar,Kanpur Nagar,Kalyanpur,Hingupur Bangar,22288,0.896923076923077,0.896923076923077,,,,
up2021__154662,1863,tikra,Kanpur Nagar,Kalyanpur,Tikra,170712,72406,1863,tikra kanpur,Kanpur Nagar,Kalyanpur,Tikra Kanpur,55922,0.8833333333333334,0.8833333333333334,,,,
up2021__188848,1863,bheesi jargain,Kanpur Nagar,Kalyanpur,Bheesi Jargain,170718,72370,1863,bhisi jargaon,Kanpur Nagar,Kalyanpur,Bhisi Jargaon,10033,0.8775890775890776,0.8775890775890776,,,,
up2021__97208,1863,sachendi,Kanpur Nagar,Kalyanpur,Sachendi,170723,72402,1863,sachendi urf chacheri,Kanpur Nagar,Kalyanpur,Sachendi Urf Chacheri,48233,0.8761904761904762,0.8761904761904762,,,,
up2021__95938,1863,naktu,Kanpur Nagar,Kalyanpur,Naktu,170727,72391,1863,nakatoo,Kanpur Nagar,Kalyanpur,Nakatoo,39186,0.8533333333333333,0.8533333333333333,,,,
up2021__187994,1863,bhotikheda,Kanpur Nagar,Kalyanpur,Bhotikheda,170741,267482,1863,bhauti khera,Kanpur Nagar,Kalyanpur,Bhauti Khera,9596,0.8577777777777779,0.8577777777777779,,,,
up2021__163280,1861,reuna,Kanpur Nagar,Ghatampur,Reuna,170748,72326,1861,rewna,Kanpur Nagar,Ghatampur,Rewna,47713,0.8933333333333333,0.8933333333333333,,,,
up2021__187677,1861,shakhajanvara,Kanpur Nagar,Ghatampur,Shakhajanvara,170763,72328,1861,sakha janwara,Kanpur Nagar,Ghatampur,Sakha Janwara,48981,0.8804195804195803,0.8804195804195803,,,,
up2021__208316,1861,kotara,Kanpur Nagar,Ghatampur,Kotara,170765,267459,1861,katra,Kanpur Nagar,Ghatampur,Katra,27893,0.8900000000000001,0.8900000000000001,,,,
up2021__211754,1861,gucchapur,Kanpur Nagar,Ghatampur,Gucchapur,170778,72292,1861,guchchupur,Kanpur Nagar,Ghatampur,Guchchupur,20506,0.8690740740740741,0.8690740740740741,,,,
up2021__180761,1861,duhru,Kanpur Nagar,Ghatampur,Duhru,170785,72286,1861,duhroo,Kanpur Nagar,Ghatampur,Duhroo,17165,0.8933333333333334,0.8933333333333334,,,,
up2021__68674,1861,padri gangadin,Kanpur Nagar,Ghatampur,Padri Gangadin,170815,72319,1861,pandri gangadin,Kanpur Nagar,Ghatampur,Pandri Gangadin,42243,0.867936507936508,0.867936507936508,,,,
up2021__60367,1860,chaubepur,Kanpur Nagar,Chaubepur,Chaubepur,170826,244398,1860,chaubeypur kala ct,Kanpur Nagar,Chaubeypur,Chaubeypur Kala (Ct),12959,0.9,0.9,,,,
up2021__136451,1860,rautpurkalo,Kanpur Nagar,Chaubepur,Rautpurkalo,170838,72250,1860,rautapur kalan,Kanpur Nagar,Chaubeypur,Rautapur Kalan,47441,0.8846753246753247,0.8846753246753247,,,,
up2021__120373,1860,sahajyoura,Kanpur Nagar,Chaubepur,Sahajyoura,170839,72252,1860,sahjora,Kanpur Nagar,Chaubeypur,Sahjora,48611,0.8633333333333333,0.8633333333333333,,,,
up2021__114800,1860,gabadaha,Kanpur Nagar,Chaubepur,Gabadaha,170858,72227,1860,gabarha,Kanpur Nagar,Chaubeypur,Gabarha,18096,0.8880952380952382,0.8880952380952382,,,,
up2021__186297,1860,rudrapur bail,Kanpur Nagar,Chaubepur,Rudrapur Bail,170872,72251,1860,roodrapur bail,Kanpur Nagar,Chaubeypur,Roodrapur Bail,47869,0.884065934065934,0.884065934065934,,,,
up2021__47528,1864,tulsara,Kanpur Nagar,Patara,Tulsara,170888,72452,1864,tilsarha,Kanpur Nagar,Patara,Tilsarha,56038,0.8821428571428571,0.8821428571428571,,,,
up2021__105391,1864,balhapara kalan,Kanpur Nagar,Patara,Balhapara Kalan,170894,72409,1864,balaha para kalan,Kanpur Nagar,Patara,Balaha Para Kalan,4953,0.8947712418300654,0.8947712418300654,,,,
up2021__90577,1864,chavar,Kanpur Nagar,Patara,Chavar,170913,72417,1864,chanwar,Kanpur Nagar,Patara,Chanwar,12784,0.8944444444444445,0.8944444444444445,,,,
up2021__103635,1864,kakaraiya,Kanpur Nagar,Patara,Kakaraiya,170925,267539,1864,kakrahiya,Kanpur Nagar,Patara,Kakrahiya,25897,0.8898148148148148,0.8898148148148148,,,,
up2021__57202,1859,niwada dhamanu,Kanpur Nagar,Bilhaur,Niwada Dhamanu,170937,72189,1859,newada dhamnoo,Kanpur Nagar,Bilhaur,Newada Dhamnoo,40472,0.8714285714285714,0.8714285714285714,,,,
up2021__189789,1859,rasulpura bilhaur,Kanpur Nagar,Bilhaur,Rasulpura Bilhaur,170949,72198,1859,rasoolpur bilhaur,Kanpur Nagar,Bilhaur,Rasoolpur Bilhaur,47069,0.8828758169934641,0.8828758169934641,,,,
up2021__165513,1859,chauvihi shikohabad,Kanpur Nagar,Bilhaur,Chauvihi Shikohabad,170954,72163,1859,chaubi gahi shikohabad,Kanpur Nagar,Bilhaur,Chaubi Gahi Shikohabad,12961,0.8864433811802233,0.8864433811802233,,,,
up2021__112010,1859,khaadamau,Kanpur Nagar,Bilhaur,Khaadamau,170981,72177,1859,kharamau,Kanpur Nagar,Bilhaur,Kharamau,29081,0.8856481481481482,0.8856481481481482,,,,
up2021__175630,1859,bhabhipur,Kanpur Nagar,Bilhaur,Bhabhipur,170990,72151,1859,babhiyapur,Kanpur Nagar,Bilhaur,Babhiyapur,3354,0.8691666666666668,0.8691666666666668,,,,
up2021__300513,1858,teliawar,Kanpur Nagar,Bhitar Gaon,Teliawar,171011,244392,1858,tiliyawar,Kanpur Nagar,Bhitargaon,Tiliyawar,56010,0.8529761904761904,0.8529761904761904,,,,
up2021__441488,1858,narayanpur sahu,Kanpur Nagar,Bhitar Gaon,Narayanpur Sahu,171022,72125,1858,narainpur sarh,Kanpur Nagar,Bhitargaon,Narainpur Sarh,39455,0.8814285714285713,0.8814285714285713,,,,
up2021__449368,1858,ghazipur,Kanpur Nagar,Bhitar Gaon,Ghazipur,171025,72102,1858,gajipur,Kanpur Nagar,Bhitargaon,Gajipur,18424,0.8821428571428571,0.8821428571428571,,,,
up2021__458027,1858,harbaspur,Kanpur Nagar,Bhitar Gaon,Harbaspur,171042,72109,1858,herbaspur,Kanpur Nagar,Bhitargaon,Herbaspur,22168,0.8958333333333333,0.8958333333333333,,,,
up2021__381496,1858,gugara,Kanpur Nagar,Bhitar Gaon,Gugara,171054,72105,1858,gugura,Kanpur Nagar,Bhitargaon,Gugura,20546,0.8755555555555556,0.8755555555555556,,,,
up2021__239067,1858,bihoopur,Kanpur Nagar,Bhitar Gaon,Bihoopur,171059,72092,1858,bihupur,Kanpur Nagar,Bhitargaon,Bihupur,10788,0.8694444444444446,0.8694444444444446,,,,
up2021__240811,1858,sihoopur,Kanpur Nagar,Bhitar Gaon,Sihoopur,171062,72142,1858,sihupur,Kanpur Nagar,Bhitargaon,Sihupur,52528,0.8694444444444446,0.8694444444444446,,,,
up2021__258006,1858,kuankheda,Kanpur Nagar,Bhitar Gaon,Kuankheda,171065,72118,1858,kuwa khera,Kanpur Nagar,Bhitargaon,Kuwa Khera,31792,0.8607407407407408,0.8607407407407408,,,,
up2021__188443,1867,kanari champatpur,Kanpur Nagar,Vidhnu,Kanari Champatpur,171090,72605,1867,kundari champatpur,Kanpur Nagar,Vidhunu,Kundari Champatpur,31249,0.8552696078431372,0.8552696078431372,,,,
up2021__189881,1867,kurona bahadur nagar,Kanpur Nagar,Vidhnu,Kurona Bahadur Nagar,171105,72606,1867,kurauna bahadur nagar,Kanpur Nagar,Vidhunu,Kurauna Bahadur Nagar,31428,0.8801461988304093,0.8801461988304093,,,,
up2021__189450,1867,nagwan,Kanpur Nagar,Vidhnu,Nagwan,171113,72610,1867,nagawa,Kanpur Nagar,Vidhunu,Nagawa,38668,0.8755555555555556,0.8755555555555556,,,,
up2021__141450,1867,jarakala,Kanpur Nagar,Vidhnu,Jarakala,171115,72594,1867,jarkalan,Kanpur Nagar,Vidhunu,Jarkalan,24495,0.8750000000000001,0.8750000000000001,,,,
up2021__119741,1867,atwa,Kanpur Nagar,Vidhnu,Atwa,171129,267614,1867,atawa,Kanpur Nagar,Vidhunu,Atawa,2871,0.88,0.88,,,,
up2021__199262,1867,nyori,Kanpur Nagar,Vidhnu,Nyori,171131,267627,1867,neori,Kanpur Nagar,Vidhunu,Neori,40361,0.88,0.88,,,,
up2021__17178,1866,dodwa jamouli,Kanpur Nagar,Shivrajpur,Dodwa Jamouli,171146,72528,1866,dorva jamauli,Kanpur Nagar,Shivrajpur,Dorva Jamauli,16987,0.8769230769230769,0.8769230769230769,,,,
up2021__11882,1866,mutta,Kanpur Nagar,Shivrajpur,Mutta,171165,72551,1866,musta,Kanpur Nagar,Shivrajpur,Musta,38321,0.8933333333333333,0.8933333333333333,,,,
up2021__131531,1866,harnu,Kanpur Nagar,Shivrajpur,Harnu,171185,72532,1866,harnoo,Kanpur Nagar,Shivrajpur,Harnoo,21661,0.8933333333333334,0.8933333333333334,,,,
up2021__124114,1866,niwada tarapati,Kanpur Nagar,Shivrajpur,Niwada Tarapati,171192,72557,1866,nevada tarapat,Kanpur Nagar,Shivrajpur,Nevada Tarapat,40419,0.8971428571428571,0.8971428571428571,,,,
up2021__139343,1866,niwada sujan,Kanpur Nagar,Shivrajpur,Niwada Sujan,171196,267586,1866,nevada sujan,Kanpur Nagar,Shivrajpur,Nevada Sujan,40418,0.9,0.9,,,,
up2021__108202,1865,nasda,Kanpur Nagar,Sarasaul,Nasda,171206,72483,1865,nasara,Kanpur Nagar,Sarsol,Nasara,39777,0.8755555555555556,0.8755555555555556,,,,
up2021__129911,1865,tiwaripur,Kanpur Nagar,Sarasaul,Tiwaripur,171208,72510,1865,tiwaripur salempur,Kanpur Nagar,Sarsol,Tiwaripur Salempur,56174,0.9,0.9,,,,
up2021__111504,1865,newada bowser,Kanpur Nagar,Sarasaul,Newada Bowser,171212,72485,1865,newadabausar,Kanpur Nagar,Sarsol,Newadabausar,40467,0.8884615384615385,0.8884615384615385,,,,
up2021__168625,1865,naugaon gautam,Kanpur Nagar,Sarasaul,Naugaon Gautam,171223,72484,1865,naugawangautam,Kanpur Nagar,Sarsol,Naugawangautam,40000,0.8928571428571429,0.8928571428571429,,,,
up2021__144503,1865,behtha sakhat,Kanpur Nagar,Sarasaul,Behtha Sakhat,171227,72460,1865,behatasakat,Kanpur Nagar,Sarsol,Behatasakat,7677,0.854941724941725,0.854941724941725,,,,
up2021__167055,1865,bambi bhitiri,Kanpur Nagar,Sarasaul,Bambi Bhitiri,171229,72456,1865,babibhitari,Kanpur Nagar,Sarsol,Babibhitari,3375,0.8875524475524476,0.8875524475524476,,,,
up2021__140381,1865,khejau pur,Kanpur Nagar,Sarasaul,Khejau pur,171238,72472,1865,khujaupur,Kanpur Nagar,Sarsol,Khujaupur,29845,0.8503703703703704,0.8503703703703704,,,,
up2021__119414,1865,phuphapur sui,Kanpur Nagar,Sarasaul,Phuphapur Sui,171242,72489,1865,phuphuwarsuithok,Kanpur Nagar,Sarsol,Phuphuwarsuithok,43724,0.888548951048951,0.888548951048951,,,,
up2021__145056,1865,sunhela,Kanpur Nagar,Sarasaul,Sunhela,171259,72502,1865,sundhaila,Kanpur Nagar,Sarsol,Sundhaila,54368,0.85,0.85,,,,
up2021__643600,1646,neemri,Kasganj,Amanpur,Neemri,171272,59638,1646,neewari,Kasganj,Amanpur,Neewari,40324,0.8944444444444445,0.8944444444444445,,,,
up2021__552549,1646,bahta,Kasganj,Amanpur,Bahta,171289,59615,1646,behata,Kasganj,Amanpur,Behata,7671,0.8900000000000001,0.8900000000000001,,,,
up2021__648106,1646,barsauda,Kasganj,Amanpur,Barsauda,171292,59613,1646,barsoda,Kasganj,Amanpur,Barsoda,6825,0.8880952380952382,0.8880952380952382,,,,
up2021__637760,1646,bhadderi,Kasganj,Amanpur,Bhadderi,171293,59616,1646,bhadairi,Kasganj,Amanpur,Bhadairi,8282,0.8666666666666667,0.8666666666666667,,,,
up2021__570721,1646,samsapur degari,Kasganj,Amanpur,Samsapur Degari,171310,59651,1646,shamas pur dengari,Kasganj,Amanpur,Shamas Pur Dengari,51703,0.8900000000000001,0.8900000000000001,,,,
up2021__675043,1646,uchagav,Kasganj,Amanpur,Uchagav,171317,59657,1646,unchagaon,Kasganj,Amanpur,Unchagaon,56957,0.8571428571428572,0.8571428571428572,,,,
up2021__642142,1646,banupura,Kasganj,Amanpur,Banupura,171320,268334,1646,banupura harthara,Kasganj,Amanpur,Banupura Harthara,5817,0.8941176470588236,0.8941176470588236,,,,
up2021__646578,1646,qasimpur mihari,Kasganj,Amanpur,Qasimpur Mihari,171321,59628,1646,kasim pur mihari,Kasganj,Amanpur,Kasim Pur Mihari,27563,0.8884920634920634,0.8884920634920634,,,,
up2021__590120,1651,maamo,Kasganj,Kasganj,Maamo,171324,59919,1651,mamon,Kasganj,Kasganj,Mamon,35077,0.8933333333333333,0.8933333333333333,,,,
up2021__570027,1651,harsihpura siroli,Kasganj,Kasganj,Harsihpura Siroli,171329,59900,1651,harsingh siroli,Kasganj,Kasganj,Harsingh Siroli,21767,0.8955052790346908,0.8955052790346908,,,,
up2021__584657,1651,bhitona,Kasganj,Kasganj,Bhitona,171335,59890,1651,bhitauna,Kasganj,Kasganj,Bhitauna,10077,0.8880952380952382,0.8880952380952382,,,,
up2021__556119,1651,taivpur sujatganj,Kasganj,Kasganj,Taivpur Sujatganj,171336,59939,1651,taiyab pur sujatganj,Kasganj,Kasganj,Taiyab Pur Sujatganj,54746,0.8666911764705882,0.8666911764705882,,,,
up2021__665815,1651,naroli,Kasganj,Kasganj,Naroli,171358,59927,1651,narauli,Kasganj,Kasganj,Narauli,39487,0.8944444444444445,0.8944444444444445,,,,
up2021__525901,1651,mohni mamurgunj,Kasganj,Kasganj,Mohni Mamurgunj,171363,59921,1651,mohanimamoorganj,Kasganj,Kasganj,Mohanimamoorganj,37272,0.856111111111111,0.856111111111111,,,,
up2021__518046,1651,virsua,Kasganj,Kasganj,Virsua,171365,59892,1651,birsua,Kasganj,Kasganj,Birsua,11263,0.888888888888889,0.888888888888889,,,,
up2021__566894,1651,aharoli,Kasganj,Kasganj,Aharoli,171368,59877,1651,ahrauli,Kasganj,Kasganj,Ahrauli,684,0.8793650793650793,0.8793650793650793,,,,
up2021__515968,1651,tilasai kala,Kasganj,Kasganj,Tilasai Kalā,171378,59943,1651,tilsai kalan,Kasganj,Kasganj,Tilsai Kalan,56032,0.8762626262626263,0.8762626262626263,,,,
up2021__633542,1648,akwar nagar paliya,Kasganj,Ganj Dundwara,Akwar Nagar Paliya,171401,59714,1648,akbarnagar palia,Kasganj,Ganj Dundwara,Akbarnagar Palia,941,0.8855555555555557,0.8855555555555557,,,,
up2021__526077,1648,gathora,Kasganj,Ganj Dundwara,Gathora,171403,59733,1648,gathaura,Kasganj,Ganj Dundwara,Gathaura,19032,0.8880952380952382,0.8880952380952382,,,,
up2021__538958,1648,chirola,Kasganj,Ganj Dundwara,Chirola,171410,59725,1648,chiraula,Kasganj,Ganj Dundwara,Chiraula,13663,0.8880952380952382,0.8880952380952382,,,,
up2021__555125,1648,alhaipur,Kasganj,Ganj Dundwara,Alhaipur,171412,59715,1648,alah pur,Kasganj,Ganj Dundwara,Alah Pur,1184,0.8952380952380953,0.8952380952380953,,,,
up2021__577623,1648,nardool,Kasganj,Ganj Dundwara,Nardool,171420,59748,1648,nardoli pukhta,Kasganj,Ganj Dundwara,Nardoli Pukhta,39606,0.8571428571428571,0.8571428571428571,,,,
up2021__578633,1648,vanail,Kasganj,Ganj Dundwara,Vanail,171430,59721,1648,banail,Kasganj,Ganj Dundwara,Banail,5329,0.888888888888889,0.888888888888889,,,,
up2021__593270,1648,waharojpur,Kasganj,Ganj Dundwara,Waharojpur,171432,59720,1648,bahrojpur,Kasganj,Ganj Dundwara,Bahrojpur,4415,0.8962962962962964,0.8962962962962964,,,,
up2021__635793,1648,varona,Kasganj,Ganj Dundwara,Varona,171440,59723,1648,barona,Kasganj,Ganj Dundwara,Barona,6747,0.888888888888889,0.888888888888889,,,,
up2021__554756,1648,shahbazpur,Kasganj,Ganj Dundwara,Shahbazpur,171442,59761,1648,shahwazpur pukhta,Kasganj,Ganj Dundwara,Shahwazpur Pukhta,51660,0.8858823529411766,0.8858823529411766,,,,
up2021__600381,1648,diwan nagar,Kasganj,Ganj Dundwara,Diwan Nagar,171452,268435,1648,deewannagar,Kasganj,Ganj Dundwara,Deewannagar,15020,0.890909090909091,0.890909090909091,,,,
up2021__495189,1654,hathodavan,Kasganj,Patiyali,Hathodavan,171462,60075,1654,hathauravan,Kasganj,Patiyali,Hathauravan,21980,0.8804545454545455,0.8804545454545455,,,,
up2021__537034,1654,shree nagla,Kasganj,Patiyali,Shree Nagla,171477,60101,1654,sri nagla,Kasganj,Patiyali,Sri Nagla,53910,0.8848484848484848,0.8848484848484848,,,,
up2021__550716,1654,dwiwraiya,Kasganj,Patiyali,Dwiwraiya,171478,60070,1654,diouraiya,Kasganj,Patiyali,Diouraiya,16788,0.8666666666666666,0.8666666666666666,,,,
up2021__502566,1654,ranethi,Kasganj,Patiyali,Ranethi,171480,60093,1654,ranaithi,Kasganj,Patiyali,Ranaithi,46756,0.8694444444444446,0.8694444444444446,,,,
up2021__514378,1654,qutubpur sarai,Kasganj,Patiyali,Qutubpur Sarai,171487,60081,1654,kutub pur sarai,Kasganj,Patiyali,Kutub Pur Sarai,31772,0.8804639804639804,0.8804639804639804,,,,
up2021__584664,1654,rahta yusufnagar,Kasganj,Patiyali,Rahta Yusufnagar,171496,270077,1654,rahata yusufnagar,Kasganj,Patiyali,Rahata Yusufnagar,45224,0.8987745098039216,0.8987745098039216,,,,
up2021__490949,1654,raipur purohit,Kasganj,Patiyali,Raipur Purohit,171497,272390,1654,rai pur porohit,Kasganj,Patiyali,Rai Pur Porohit,45507,0.8983760683760684,0.8983760683760684,,,,
up2021__578469,1655,chitauni,Kasganj,Sahavar,Chitauni,171508,60116,1655,chhitoni,Kasganj,Sahawar,Chhitoni,13500,0.8666666666666667,0.8666666666666667,,,,
up2021__591974,1655,dippur,Kasganj,Sahavar,Dippur,171513,60117,1655,deeppur,Kasganj,Sahawar,Deeppur,15014,0.8642857142857143,0.8642857142857143,,,,
up2021__479328,1655,voda nagariya,Kasganj,Sahavar,Voda Nagariya,171524,60112,1655,bodha nagaria,Kasganj,Sahawar,Bodha Nagaria,11521,0.8974358974358975,0.8974358974358975,,,,
up2021__476882,1655,vastramau,Kasganj,Sahavar,Vastramau,171527,60109,1655,bastarmau,Kasganj,Sahawar,Bastarmau,7303,0.8842592592592592,0.8842592592592592,,,,
up2021__504401,1655,manikpur,Kasganj,Sahavar,Manikpur,171530,60132,1655,manikapur pukhta,Kasganj,Sahawar,Manikapur Pukhta,35380,0.9,0.9,,,,
up2021__563412,1655,muhammedpur,Kasganj,Sahavar,Muhammedpur,171532,60134,1655,mohammadpur,Kasganj,Sahawar,Mohammadpur,37155,0.890909090909091,0.890909090909091,,,,
up2021__482514,1655,mirnapur,Kasganj,Sahavar,Mirnapur,171533,60133,1655,meeranpur,Kasganj,Sahawar,Meeranpur,36398,0.8529761904761904,0.8529761904761904,,,,
up2021__584907,1658,akhatau magadpur,Kasganj,Sidhpura,Akhatau Magadpur,171554,60298,1658,akhtau mangad pur,Kasganj,Sidhpura,Akhtau Mangad Pur,1068,0.8957434640522876,0.8957434640522876,,,,
up2021__647556,1658,magthra,Kasganj,Sidhpura,Magthra,171581,60327,1658,magathara,Kasganj,Sidhpura,Magathara,33520,0.8814814814814815,0.8814814814814815,,,,
up2021__647068,1658,nagla bhimsain,Kasganj,Sidhpura,Nagla Bhimsain,171582,270157,1658,nagala bhimsen,Kasganj,Sidhpura,Nagala Bhimsen,38552,0.8948717948717949,0.8948717948717949,,,,
up2021__572633,1658,sinoth,Kasganj,Sidhpura,Sinoth,171593,60340,1658,sinauth,Kasganj,Sidhpura,Sinauth,52883,0.8944444444444445,0.8944444444444445,,,,
up2021__543376,1658,nagla patwariyan,Kasganj,Sidhpura,Nagla Patwariyan,171601,270161,1658,nagala patvariyan,Kasganj,Sidhpura,Nagala Patvariyan,38573,0.880187908496732,0.880187908496732,,,,
up2021__533504,1658,wajidpur,Kasganj,Sidhpura,Wajidpur,171606,270152,1658,wazitpur,Kasganj,Sidhpura,Wazitpur,57603,0.8666666666666667,0.8666666666666667,,,,
up2021__535403,1658,kiloni,Kasganj,Sidhpura,Kiloni,171609,60324,1658,kilauni,Kasganj,Sidhpura,Kilauni,30023,0.8944444444444445,0.8944444444444445,,,,
up2021__548843,1659,khadia,Kasganj,Soraun,Khadia,171641,60387,1659,kharhia,Kasganj,Soron,Kharhia,29179,0.8944444444444445,0.8944444444444445,,,,
up2021__555568,1659,virauchi,Kasganj,Soraun,Virauchi,171645,60361,1659,biraunchi,Kasganj,Soron,Biraunchi,11146,0.8842592592592592,0.8842592592592592,,,,
up2021__617432,1659,nautara,Kasganj,Soraun,Nautara,171648,60400,1659,naurtha,Kasganj,Soron,Naurtha,40069,0.8944444444444445,0.8944444444444445,,,,
up2021__640915,1659,udairapukhta,Kasganj,Soraun,Udairapukhta,171658,60416,1659,udher pukhta,Kasganj,Soron,Udher Pukhta,56592,0.8666666666666667,0.8666666666666667,,,,
up2021__595646,1659,dokeli,Kasganj,Soraun,Dokeli,171664,60367,1659,daukeli,Kasganj,Soron,Daukeli,14794,0.8642857142857143,0.8642857142857143,,,,
up2021__500686,1659,panchgai,Kasganj,Soraun,Panchgai,171668,60404,1659,pachagai,Kasganj,Soron,Pachagai,41154,0.8952380952380953,0.8952380952380953,,,,
up2021__469424,1659,ghinona,Kasganj,Soraun,ghinona,171669,60372,1659,ghinauna,Kasganj,Soron,Ghinauna,19560,0.8880952380952382,0.8880952380952382,,,,
up2021__502227,1659,harsena,Kasganj,Soraun,Harsena,171671,60380,1659,harsaina,Kasganj,Soron,Harsaina,21745,0.8880952380952382,0.8880952380952382,,,,
up2021__570607,1659,datlana khaderi pakka,Kasganj,Soraun,Datlana Khaderi Pakka,171674,60366,1659,datlana kham,Kasganj,Soron,Datlana Kham,14737,0.8880952380952382,0.8880952380952382,,,,
up2021__528534,1659,kyaampur bahediya,Kasganj,Soraun,Kyaampur Bahediya,171683,60390,1659,kyampur bahedia,Kasganj,Soron,Kyampur Bahedia,31815,0.8792156862745099,0.8792156862745099,,,,
up2021__530219,1659,gurhna luharra,Kasganj,Soraun,Gurhna Luharra,171684,60377,1659,gurhena,Kasganj,Soron,Gurhena,20807,0.8571428571428571,0.8571428571428571,,,,
up2021__719782,1894,ghogra,Kushinagar,Kaptaiganj,Ghogra,171708,74291,1894,ghogharaha,Kushi Nagar,Kaptainganj,Ghogharaha,19576,0.8866666666666667,0.8866666666666667,,,,
up2021__753946,1894,lakshmipur,Kushinagar,Kaptaiganj,Lakshmipur,171714,74302,1894,lachhmipur,Kushi Nagar,Kaptainganj,Lachhmipur,31865,0.8933333333333333,0.8933333333333333,,,,
up2021__855534,1894,rampur choubey,Kushinagar,Kaptaiganj,Rampur Choubey,171722,74319,1894,rampur,Kushi Nagar,Kaptainganj,Rampur,46252,0.8857142857142858,0.8857142857142858,,,,
up2021__718879,1894,badhrababu,Kushinagar,Kaptaiganj,Badhrababu,171735,74270,1894,badahara babu,Kushi Nagar,Kaptainganj,Badahara Babu,3531,0.8994871794871795,0.8994871794871795,,,,
up2021__834395,1894,sumaakhaor,Kushinagar,Kaptaiganj,Sumaakhaor,171744,74330,1894,sumha khor,Kushi Nagar,Kaptainganj,Sumha Khor,54317,0.8775000000000001,0.8775000000000001,,,,
up2021__710898,1894,belbhadreshapura,Kushinagar,Kaptaiganj,Belbhadreshapura,171748,268098,1894,belbhadra chhapara,Kushi Nagar,Kaptainganj,Belbhadra Chhapara,7887,0.8761752136752138,0.8761752136752138,,,,
up2021__877498,1896,madanpur sukrauli,Kushinagar,Khadda,Madanpur Sukrauli,171782,74417,1896,madanpur,Kushi Nagar,Khadda,Madanpur,33133,0.8941176470588236,0.8941176470588236,,,,
up2021__932276,1896,gnahijgal,Kushinagar,Khadda,Gnahijgal,171783,74405,1896,gonhi jungal,Kushi Nagar,Khadda,Gonhi Jungal,20061,0.8666666666666666,0.8666666666666666,,,,
up2021__936647,1896,kopjangal,Kushinagar,Khadda,Kopjangal,171790,74413,1896,kop jungal,Kushi Nagar,Khadda,Kop Jungal,30582,0.8982407407407408,0.8982407407407408,,,,
up2021__936653,1896,mathiya,Kushinagar,Khadda,Mathiya,171792,74420,1896,mathia bujurg,Kushi Nagar,Khadda,Mathia Bujurg,35999,0.8637362637362637,0.8637362637362637,,,,
up2021__944284,1896,leeladhar chappa,Kushinagar,Khadda,Leeladhar Chappa,171808,74415,1896,liladhar chhapra,Kushi Nagar,Khadda,Liladhar Chhapra,32727,0.8875,0.8875,,,,
up2021__948450,1896,bhujauli khurd,Kushinagar,Khadda,Bhujauli Khurd,171848,269378,1896,bhojauli khurd,Kushi Nagar,Khadda,Bhojauli Khurd,10213,0.8798534798534798,0.8798534798534798,,,,
up2021__869584,1903,mahuaodwariya,Kushinagar,Tamkuhiraj,Mahuaodwariya,171852,74916,1903,mahua deoria,Kushi Nagar,Tamkuhiraj,Mahua Deoria,34147,0.8805128205128206,0.8805128205128206,,,,
up2021__1206303,1903,semarahaudopatti,Kushinagar,Tamkuhiraj,Semarahaudopatti,171853,74935,1903,semra hardo patti,Kushi Nagar,Tamkuhiraj,Semra Hardo Patti,51094,0.8629901960784313,0.8629901960784313,,,,
up2021__934015,1903,pakdigossai,Kushinagar,Tamkuhiraj,Pakdigossai,171857,74924,1903,pakari gosai,Kushi Nagar,Tamkuhiraj,Pakari Gosai,41820,0.8992424242424243,0.8992424242424243,,,,
up2021__930911,1903,chandrouta,Kushinagar,Tamkuhiraj,Chandrouta,171858,74888,1903,chandravta,Kushi Nagar,Tamkuhiraj,Chandravta,12707,0.895,0.895,,,,
up2021__870803,1903,amvadube,Kushinagar,Tamkuhiraj,Amvadube,171859,74869,1903,amawa dubey,Kushi Nagar,Tamkuhiraj,Amawa Dubey,1669,0.8696969696969696,0.8696969696969696,,,,
up2021__1214239,1903,devpokhar,Kushinagar,Tamkuhiraj,Devpokhar,171871,74891,1903,deo pokhar,Kushi Nagar,Tamkuhiraj,Deo Pokhar,15172,0.8837037037037038,0.8837037037037038,,,,
up2021__834480,1903,chhapra ahirouli,Kushinagar,Tamkuhiraj,Chhapra Ahirouli,171878,74889,1903,chappra ahirauli,Kushi Nagar,Tamkuhiraj,Chappra Ahirauli,12813,0.8761904761904762,0.8761904761904762,,,,
up2021__796347,1903,kotwa tikampar,Kushinagar,Tamkuhiraj,Kotwa Tikampar,171893,74909,1903,kotwa,Kushi Nagar,Tamkuhiraj,Kotwa,30848,0.8714285714285714,0.8714285714285714,,,,
up2021__1208218,1903,gagua,Kushinagar,Tamkuhiraj,Gagua,171905,74896,1903,ganguawa,Kushi Nagar,Tamkuhiraj,Ganguawa,18754,0.9,0.9,,,,
up2021__703728,1903,harpur balhi,Kushinagar,Tamkuhiraj,Harpur Balhi,171908,74900,1903,harpur,Kushi Nagar,Tamkuhiraj,Harpur,21684,0.9,0.9,,,,
up2021__933305,1903,taarvisunpur,Kushinagar,Tamkuhiraj,Taarvisunpur,171931,271467,1903,tar bishunpur,Kushi Nagar,Tamkuhiraj,Tar Bishunpur,55101,0.8940170940170941,0.8940170940170941,,,,
up2021__747113,1891,jan shankarpur,Kushinagar,Dudhi,Jan Shankarpur,171951,74085,1891,jangal shankar pur,Kushi Nagar,Dudhahi,Jangal Shankar Pur,24329,0.8981481481481481,0.8981481481481481,,,,
up2021__887106,1891,bataroli dhupkhadwa,Kushinagar,Dudhi,Bataroli Dhupkhadwa,171960,74067,1891,batarauli dhur khandwa,Kushi Nagar,Dudhahi,Batarauli Dhur Khandwa,7389,0.8629045876723895,0.8629045876723895,,,,
up2021__888729,1891,barawaa babhanaulee,Kushinagar,Dudhi,Barawaa Babhanaulee,171968,74066,1891,barwa babhnauli,Kushi Nagar,Dudhahi,Barwa Babhnauli,6916,0.856374269005848,0.856374269005848,,,,
up2021__898638,1891,kubra bhaluapatti,Kushinagar,Dudhi,Kubra Bhaluapatti,171969,74095,1891,kubera patti,Kushi Nagar,Dudhahi,Kubera Patti,30952,0.8769904931669638,0.8769904931669638,,,,
up2021__895892,1891,jagal siswa,Kushinagar,Dudhi,Jagal Siswa,171970,74091,1891,jungle siswa,Kushi Nagar,Dudhahi,Jungle Siswa,25343,0.8704545454545455,0.8704545454545455,,,,
up2021__889921,1891,rakwa dulma patti,Kushinagar,Dudhi,Rakwa Dulma Patti,171981,74107,1891,rakaba dulama patti,Kushi Nagar,Dudhahi,Rakaba Dulama Patti,45866,0.8910990712074304,0.8910990712074304,,,,
up2021__859992,1891,dashwan,Kushinagar,Dudhi,Dashwan,171995,74074,1891,dasahwa,Kushi Nagar,Dudhahi,Dasahwa,14652,0.8944444444444445,0.8944444444444445,,,,
up2021__707337,1891,ameehi,Kushinagar,Dudhi,Ameehi,171998,266890,1891,amahi,Kushi Nagar,Dudhahi,Amahi,1528,0.8577777777777779,0.8577777777777779,,,,
up2021__855294,1891,prithwipuur,Kushinagar,Dudhi,Prithwipuur,172009,74106,1891,pirathipur,Kushi Nagar,Dudhahi,Pirathipur,44256,0.8821212121212121,0.8821212121212121,,,,
up2021__909405,1898,devgaon,Kushinagar,Nebua Naurangia,Devgaon,172011,74521,1898,deo gaon,Kushi Nagar,Nebua Naurangia,Deo Gaon,15128,0.8507936507936509,0.8507936507936509,,,,
up2021__850821,1898,nebuaharayganj,Kushinagar,Nebua Naurangia,Nebuaharayganj,172022,74543,1898,nebua rai ganj,Kushi Nagar,Nebua Naurangia,Nebua Rai Ganj,40302,0.8779220779220779,0.8779220779220779,,,,
up2021__859121,1898,siswania,Kushinagar,Nebua Naurangia,Siswania,172023,74566,1898,siswa urf siswania,Kushi Nagar,Nebua Naurangia,Siswa Urf Siswania,53418,0.8527777777777777,0.8527777777777777,,,,
up2021__861562,1898,devthahabali,Kushinagar,Nebua Naurangia,Devthahabali,172026,74510,1898,dewtha bali,Kushi Nagar,Nebua Naurangia,Dewtha Bali,15565,0.8552188552188553,0.8552188552188553,,,,
up2021__905676,1898,chaknibhoj bhoomihari pattee,Kushinagar,Nebua Naurangia,Chaknibhoj Bhoomihari Pattee,172037,74518,1898,chakhni bhmi hari patti,Kushi Nagar,Nebua Naurangia,Chakhni Bhmi Hari Patti,12116,0.8849896480331263,0.8849896480331263,,,,
up2021__903805,1898,pachfeda,Kushinagar,Nebua Naurangia,Pachfeda,172038,74544,1898,pach phera,Kushi Nagar,Nebua Naurangia,Pach Phera,41288,0.87,0.87,,,,
up2021__901144,1898,khaurtia sheetalpur,Kushinagar,Nebua Naurangia,Khaurtia Sheetalpur,172060,74528,1898,khairatia shitalpur,Kushi Nagar,Nebua Naurangia,Khairatia Shitalpur,28452,0.8679824561403509,0.8679824561403509,,,,
up2021__884005,1898,sidha,Kushinagar,Nebua Naurangia,Sidha,172061,74562,1898,sigha,Kushi Nagar,Nebua Naurangia,Sigha,52461,0.8933333333333333,0.8933333333333333,,,,
up2021__740930,1899,semra hardau,Kushinagar,Padrauna,Semra Hardau,172088,74664,1899,semara hardo,Kushi Nagar,Padrauna,Semara Hardo,50996,0.8762626262626263,0.8762626262626263,,,,
up2021__910350,1899,sidhua mishroli,Kushinagar,Padrauna,Sidhua Mishroli,172089,74668,1899,sidhua,Kushi Nagar,Padrauna,Sidhua,52442,0.88,0.88,,,,
up2021__792238,1899,tadva,Kushinagar,Padrauna,Tadva,172096,271668,1899,tadawa,Kushi Nagar,Padrauna,Tadawa,54666,0.8755555555555556,0.8755555555555556,,,,
up2021__790877,1899,sarpathi vu0,Kushinagar,Padrauna,Sarpathi Vu0,172105,74661,1899,sarpathi buzurg,Kushi Nagar,Padrauna,Sarpathi Buzurg,50485,0.9,0.9,,,,
up2021__867007,1899,khaddavu,Kushinagar,Padrauna,Khaddavu,172109,74625,1899,khadda buzurg,Kushi Nagar,Padrauna,Khadda Buzurg,28338,0.8826923076923077,0.8826923076923077,,,,
up2021__832145,1899,maghi vishunpura,Kushinagar,Padrauna,Maghi Vishunpura,172118,74633,1899,maghi,Kushi Nagar,Padrauna,Maghi,33527,0.8625,0.8625,,,,
up2021__721012,1899,lakshmipur,Kushinagar,Padrauna,Lakshmipur,172119,74632,1899,laxmipur,Kushi Nagar,Padrauna,Laxmipur,32646,0.8866666666666667,0.8866666666666667,,,,
up2021__806909,1899,karahiya hajari patti,Kushinagar,Padrauna,Karahiya Hajari Patti,172127,74621,1899,karhia hazari patti,Kushi Nagar,Padrauna,Karhia Hazari Patti,27117,0.8895711500974659,0.8895711500974659,,,,
up2021__698648,1899,shyampur hatwa,Kushinagar,Padrauna,Shyampur Hatwa,172131,74660,1899,sampur hatwa,Kushi Nagar,Padrauna,Sampur Hatwa,49481,0.8821428571428571,0.8821428571428571,,,,
up2021__831976,1899,sadi vu0,Kushinagar,Padrauna,Sadi Vu0,172140,74655,1899,sadi buzurg,Kushi Nagar,Padrauna,Sadi Buzurg,48324,0.8590909090909091,0.8590909090909091,,,,
up2021__894802,1899,gagarani,Kushinagar,Padrauna,Gagarani,172144,74599,1899,gangrani,Kushi Nagar,Padrauna,Gangrani,18739,0.8952380952380953,0.8952380952380953,,,,
up2021__788473,1899,chakia shobhaml,Kushinagar,Padrauna,Chakia Shobhaml,172150,74590,1899,chakia,Kushi Nagar,Padrauna,Chakia,12121,0.88,0.88,,,,
up2021__758290,1899,piparasujan,Kushinagar,Padrauna,Piparasujan,172159,74649,1899,pipra sujan,Kushi Nagar,Padrauna,Pipra Sujan,44169,0.8875757575757576,0.8875757575757576,,,,
up2021__753755,1899,gaugauli,Kushinagar,Padrauna,Gaugauli,172162,74598,1899,gangauli,Kushi Nagar,Padrauna,Gangauli,18668,0.8952380952380953,0.8952380952380953,,,,
up2021__735887,1899,j0 dharampur,Kushinagar,Padrauna,J0 Dharampur,172163,74612,1899,jungle dharampur,Kushi Nagar,Padrauna,Jungle Dharampur,25314,0.88125,0.88125,,,,
up2021__750636,1899,sihanjodi,Kushinagar,Padrauna,Sihanjodi,172175,74670,1899,siganjori,Kushi Nagar,Padrauna,Siganjori,52458,0.8814814814814814,0.8814814814814814,,,,
up2021__965159,1892,kuchamuthiya,Kushinagar,Fazilnagar,Kuchamuthiya,172196,74163,1892,kuchaya mathia,Kushi Nagar,Fazilnagar,Kuchaya Mathia,30967,0.8859307359307359,0.8859307359307359,,,,
up2021__888514,1892,kotwakarjhi,Kushinagar,Fazilnagar,Kotwakarjhi,172206,74162,1892,kotwa,Kushi Nagar,Fazilnagar,Kotwa,30846,0.890909090909091,0.890909090909091,,,,
up2021__860378,1892,avarvasofigaj,Kushinagar,Fazilnagar,Avarvasofigaj,172207,74122,1892,avarwa safiganja,Kushi Nagar,Fazilnagar,Avarwa Safiganja,3159,0.8703671328671329,0.8703671328671329,,,,
up2021__810656,1892,danha,Kushinagar,Fazilnagar,Danha,172221,74142,1892,dhanaha,Kushi Nagar,Fazilnagar,Dhanaha,15756,0.8542857142857143,0.8542857142857143,,,,
up2021__749970,1892,bhadasarwa,Kushinagar,Fazilnagar,Bhadasarwa,172235,74132,1892,bharsarwa,Kushi Nagar,Fazilnagar,Bharsarwa,9243,0.8982407407407408,0.8982407407407408,,,,
up2021__748353,1892,usmanpur,Kushinagar,Fazilnagar,Usmanpur,172245,74120,1892,asmanpur,Kushi Nagar,Fazilnagar,Asmanpur,2686,0.8690476190476191,0.8690476190476191,,,,
up2021__847006,1892,bhitahi khurd,Kushinagar,Fazilnagar,Bhitahi Khurd,172248,74135,1892,bhathahi khurd,Kushi Nagar,Fazilnagar,Bhathahi Khurd,9416,0.896947496947497,0.896947496947497,,,,
up2021__909909,1892,asogwa,Kushinagar,Fazilnagar,Asogwa,172257,74121,1892,asogawa khurd,Kushi Nagar,Fazilnagar,Asogawa Khurd,2708,0.858974358974359,0.858974358974359,,,,
up2021__932902,1892,chhathuuu kataya,Kushinagar,Fazilnagar,Chhathuuu Kataya,172270,267122,1892,chhatthu katya,Kushi Nagar,Fazilnagar,Chhatthu Katya,13374,0.8866758241758241,0.8866758241758241,,,,
up2021__809935,1897,khaurtawa,Kushinagar,Moti Chak,Khaurtawa,172280,74469,1897,khairatawa,Kushi Nagar,Motichak,Khairatawa,28445,0.8690740740740741,0.8690740740740741,,,,
up2021__720517,1897,badhara laxmipur,Kushinagar,Moti Chak,Badhara Laxmipur,172298,74451,1897,badaraha lachhmipur,Kushi Nagar,Motichak,Badaraha Lachhmipur,3581,0.8896271929824562,0.8896271929824562,,,,
up2021__746906,1897,pakdi madarha,Kushinagar,Moti Chak,Pakdi Madarha,172325,74485,1897,pakadi madaraha,Kushi Nagar,Motichak,Pakadi Madaraha,41770,0.8791452991452992,0.8791452991452992,,,,
up2021__746939,1897,satabhariyaa,Kushinagar,Moti Chak,Satabhariyaa,172327,74496,1897,sat bhariya,Kushi Nagar,Motichak,Sat Bhariya,50647,0.86989898989899,0.86989898989899,,,,
up2021__767805,1897,domvarva,Kushinagar,Moti Chak,Domvarva,172338,271151,1897,dom barwa,Kushi Nagar,Motichak,Dom Barwa,16936,0.8638888888888888,0.8638888888888888,,,,
up2021__870143,1900,badhrababu,Kushinagar,Ramkola,Badhrababu,172358,74683,1900,badahara babu,Kushi Nagar,Ramkola,Badahara Babu,3532,0.8994871794871795,0.8994871794871795,,,,
up2021__900428,1900,pakdi bangar,Kushinagar,Ramkola,Pakdi Bangar,172382,74707,1900,pakari bangar,Kushi Nagar,Ramkola,Pakari Bangar,41813,0.881021756021756,0.881021756021756,,,,
up2021__806599,1900,pathardevaa,Kushinagar,Ramkola,Pathardevaa,172397,271836,1900,patherdewa,Kushi Nagar,Ramkola,Patherdewa,43216,0.8804545454545455,0.8804545454545455,,,,
up2021__872290,1904,jathaabazaar,Kushinagar,Vishunpura,Jathaabazaar,172406,74973,1904,jatah bazar,Kushi Nagar,Vishunpura,Jatah Bazar,24603,0.86989898989899,0.86989898989899,,,,
up2021__859953,1904,piprabau,Kushinagar,Vishunpura,Piprabau,172422,75001,1904,pipra buzurg,Kushi Nagar,Vishunpura,Pipra Buzurg,44073,0.8916666666666667,0.8916666666666667,,,,
up2021__798700,1904,mozihada,Kushinagar,Vishunpura,Mozihada,172426,74989,1904,mojahida,Kushi Nagar,Vishunpura,Mojahida,37449,0.8952380952380953,0.8952380952380953,,,,
up2021__893218,1904,roari,Kushinagar,Vishunpura,Roari,172427,75004,1904,ruari,Kushi Nagar,Vishunpura,Ruari,47951,0.88,0.88,,,,
up2021__867864,1904,sekhui chapara,Kushinagar,Vishunpura,Sekhui Chapara,172430,75006,1904,sekui chappra,Kushi Nagar,Vishunpura,Sekui Chappra,50961,0.8903846153846154,0.8903846153846154,,,,
up2021__806021,1904,madheemathiya,Kushinagar,Vishunpura,Madheemathiya,172431,74984,1904,maghi mathia,Kushi Nagar,Vishunpura,Maghi Mathia,33532,0.8512820512820514,0.8512820512820514,,,,
up2021__912559,1904,dubauli,Kushinagar,Vishunpura,Dubauli,172446,74965,1904,dubauli bhabhnauli,Kushi Nagar,Vishunpura,Dubauli Bhabhnauli,17041,0.8777777777777778,0.8777777777777778,,,,
up2021__915148,1904,pachpheda,Kushinagar,Vishunpura,Pachpheda,172454,74994,1904,pacphera,Kushi Nagar,Vishunpura,Pacphera,41323,0.8856481481481482,0.8856481481481482,,,,
up2021__913631,1904,gambhiriya,Kushinagar,Vishunpura,Gambhiriya,172458,74968,1904,gambhiria buzurg,Kushi Nagar,Vishunpura,Gambhiria Buzurg,18508,0.8925,0.8925,,,,
up2021__828336,1904,dhaurhara,Kushinagar,Vishunpura,Dhaurhara,172462,74963,1904,dhaurahara abadkari,Kushi Nagar,Vishunpura,Dhaurahara Abadkari,16241,0.8502923976608188,0.8502923976608188,,,,
up2021__823287,1904,sonaval,Kushinagar,Vishunpura,Sonaval,172464,75010,1904,sonwal,Kushi Nagar,Vishunpura,Sonwal,53834,0.8944444444444445,0.8944444444444445,,,,
up2021__799384,1904,kukurha,Kushinagar,Vishunpura,Kukurha,172469,74979,1904,kukraha,Kushi Nagar,Vishunpura,Kukraha,31109,0.8944444444444445,0.8944444444444445,,,,
up2021__839964,1904,vishunpura bu,Kushinagar,Vishunpura,Vishunpura Bu.,172481,74957,1904,bishunpura buzurg,Kushi Nagar,Vishunpura,Bishunpura Buzurg,11386,0.8763197586726998,0.8763197586726998,,,,
up2021__775323,1904,hirnihi,Kushinagar,Vishunpura,Hirnihi,172484,74971,1904,hirnahai,Kushi Nagar,Vishunpura,Hirnahai,22329,0.8880952380952382,0.8880952380952382,,,,
up2021__778162,1902,suhatar,Kushinagar,Sukaroli,Suhatar,172485,74862,1902,sumahatar,Kushi Nagar,Sukrauli,Sumahatar,54287,0.8645502645502645,0.8645502645502645,,,,
up2021__714441,1902,sahajouli,Kushinagar,Sukaroli,Sahajouli,172486,271242,1902,shahjauli,Kushi Nagar,Sukrauli,Shahjauli,51443,0.8583333333333333,0.8583333333333333,,,,
up2021__761622,1902,danha,Kushinagar,Sukaroli,Danha,172497,271249,1902,dhanaha,Kushi Nagar,Sukrauli,Dhanaha,15757,0.8542857142857143,0.8542857142857143,,,,
up2021__806294,1902,haanskhaur,Kushinagar,Sukaroli,Haanskhaur,172500,74825,1902,hanskhor,Kushi Nagar,Sukrauli,Hanskhor,21204,0.8866666666666667,0.8866666666666667,,,,
up2021__937177,1902,rampur pratham,Kushinagar,Sukaroli,Rampur Pratham,172502,74853,1902,rampur,Kushi Nagar,Sukrauli,Rampur,46254,0.8857142857142858,0.8857142857142858,,,,
up2021__718995,1902,kusmaha,Kushinagar,Sukaroli,Kusmaha,172507,74830,1902,kusumha,Kushi Nagar,Sukrauli,Kusumha,31682,0.8944444444444445,0.8944444444444445,,,,
up2021__744275,1902,pippara humail,Kushinagar,Sukaroli,Pippara Humail,172510,74851,1902,pipra humel,Kushi Nagar,Sukrauli,Pipra Humel,44100,0.8887878787878788,0.8887878787878788,,,,
up2021__828451,1902,vrindavan,Kushinagar,Sukaroli,Vrindavan,172514,74817,1902,brindaban,Kushi Nagar,Sukrauli,Brindaban,11635,0.8518518518518517,0.8518518518518517,,,,
up2021__725784,1902,barsouna,Kushinagar,Sukaroli,Barsouna,172521,74805,1902,barsaina,Kushi Nagar,Sukrauli,Barsaina,6796,0.8666666666666667,0.8666666666666667,,,,
up2021__867113,1902,sakhamar mafi,Kushinagar,Sukaroli,Sakhamar Mafi,172532,74856,1902,sankhapar mafi,Kushi Nagar,Sukrauli,Sankhapar Mafi,49669,0.896947496947497,0.896947496947497,,,,
up2021__726857,1902,gidha dhanha,Kushinagar,Sukaroli,Gidha Dhanha,172538,74824,1902,gidaha dhanna,Kushi Nagar,Sukrauli,Gidaha Dhanna,19726,0.8598096348096348,0.8598096348096348,,,,
up2021__734759,1902,benduwar,Kushinagar,Sukaroli,Benduwar,172540,74815,1902,binduar,Kushi Nagar,Sukrauli,Binduar,11061,0.8821428571428571,0.8821428571428571,,,,
up2021__867165,1902,devkali,Kushinagar,Sukaroli,Devkali,172545,74820,1902,deo kali,Kushi Nagar,Sukrauli,Deo Kali,15150,0.8952380952380953,0.8952380952380953,,,,
up2021__744175,1901,jabhidayal,Kushinagar,Sewarhi,Jabhidayal,172557,74762,1901,jawhi dyal,Kushi Nagar,Seorahi,Jawhi Dyal,24727,0.8600000000000001,0.8600000000000001,,,,
up2021__736481,1901,rakabajgali patti,Kushinagar,Sewarhi,Rakabajgali Patti,172558,74782,1901,rakbajunglli patti,Kushi Nagar,Seorahi,Rakbajunglli Patti,45871,0.8869934640522876,0.8869934640522876,,,,
up2021__879723,1901,piparaghaat,Kushinagar,Sewarhi,Piparaghaat,172560,271311,1901,piparaghat ahatmali,Kushi Nagar,Seorahi,Piparaghat Ahatmali,43909,0.8976076555023924,0.8976076555023924,,,,
up2021__917477,1901,bajupatty,Kushinagar,Sewarhi,Bajupatty,172570,74730,1901,baiju patti,Kushi Nagar,Seorahi,Baiju Patti,4548,0.8976430976430976,0.8976430976430976,,,,
up2021__866245,1901,davanha,Kushinagar,Sewarhi,Davanha,172581,74743,1901,doawanha,Kushi Nagar,Seorahi,Doawanha,16847,0.8821428571428571,0.8821428571428571,,,,
up2021__933092,1901,rampur bagra,Kushinagar,Sewarhi,Rampur Bagra,172584,74784,1901,rampur,Kushi Nagar,Seorahi,Rampur,46253,0.9,0.9,,,,
up2021__733282,1901,paramouli bujurg,Kushinagar,Sewarhi,Paramouli Bujurg,172586,74774,1901,parasauni buzurg,Kushi Nagar,Seorahi,Parasauni Buzurg,42469,0.9,0.9,,,,
up2021__749026,1901,tarayal kashiram,Kushinagar,Sewarhi,Tarayal Kashiram,172596,74794,1901,tarya lachhiram,Kushi Nagar,Seorahi,Tarya Lachhiram,55163,0.8533440170940171,0.8533440170940171,,,,
up2021__893888,1901,tarayasujaan,Kushinagar,Sewarhi,Tarayasujaan,172610,74795,1901,tarya sujan,Kushi Nagar,Seorahi,Tarya Sujan,55164,0.86989898989899,0.86989898989899,,,,
up2021__913545,1901,taraya sukanth,Kushinagar,Sewarhi,Taraya Sukanth,172613,74796,1901,tarya sukhnath,Kushi Nagar,Seorahi,Tarya Sukhnath,55165,0.8948717948717949,0.8948717948717949,,,,
up2021__861838,1901,dhoompattti,Kushinagar,Sewarhi,Dhoompattti,172618,271423,1901,dhumpatti,Kushi Nagar,Seorahi,Dhumpatti,16544,0.8976430976430976,0.8976430976430976,,,,
up2021__941717,1901,phaguchapar,Kushinagar,Sewarhi,Phaguchapar,172622,271409,1901,faguchhapar,Kushi Nagar,Seorahi,Faguchhapar,17576,0.8727272727272727,0.8727272727272727,,,,
up2021__697873,1893,sohasamathia,Kushinagar,Hata,Sohasamathia,172646,74265,1893,sohsa mathiya,Kushi Nagar,Hata,Sohsa Mathiya,53604,0.8598096348096348,0.8598096348096348,,,,
up2021__729637,1893,dumriswagi patti,Kushinagar,Hata,Dumriswagi Patti,172661,74217,1893,dumari sawangi patti,Kushi Nagar,Hata,Dumari Sawangi Patti,17275,0.8804166666666666,0.8804166666666666,,,,
up2021__921252,1893,sighna,Kushinagar,Hata,Sighna,172662,267981,1893,singhana,Kushi Nagar,Hata,Singhana,52960,0.888888888888889,0.888888888888889,,,,
up2021__738519,1869,chakmanikpur saiyedaraje,Kaushambi,Kada,Chakmanikpur Saiyedaraje,172691,72662,1869,chak manikpur shayyad raje,Kaushambi,Kara,Chak Manikpur Shayyad Raje,12187,0.8889277389277389,0.8889277389277389,,,,
up2021__811323,1869,sayara mithapur,Kaushambi,Kada,Sayara Mithapur,172692,72700,1869,shayara meethepur,Kaushambi,Kara,Shayara Meethepur,51834,0.8894117647058823,0.8894117647058823,,,,
up2021__878738,1869,lohda,Kaushambi,Kada,Lohda,172698,72684,1869,lonhada,Kaushambi,Kara,Lonhada,32946,0.8704761904761905,0.8704761904761905,,,,
up2021__807822,1869,koriyo,Kaushambi,Kada,Koriyo,172715,72682,1869,koreo,Kaushambi,Kara,Koreo,30637,0.8755555555555556,0.8755555555555556,,,,
up2021__775285,1869,kanimai,Kaushambi,Kada,Kanimai,172723,72676,1869,kanemay,Kaushambi,Kara,Kanemay,26570,0.8666666666666668,0.8666666666666668,,,,
up2021__874977,1869,ghumai,Kaushambi,Kada,Ghumai,172731,72666,1869,dhumai,Kaushambi,Kara,Dhumai,16541,0.888888888888889,0.888888888888889,,,,
up2021__893530,1869,badlepur nansaini,Kaushambi,Kada,Badlepur Nansaini,172733,268430,1869,badalepur nanseni,Kaushambi,Kara,Badalepur Nanseni,3548,0.8850490196078432,0.8850490196078432,,,,
up2021__1052092,1870,manhgoppur,Kaushambi,Kaushambi,Manhgoppur,172747,72743,1870,manhagupur,Kaushambi,Kaushambi,Manhagupur,35334,0.895,0.895,,,,
up2021__827471,1870,makdoopur dhokasaha,Kaushambi,Kaushambi,Makdoopur Dhokasaha,172751,72742,1870,makadumpur dhokasaha,Kaushambi,Kaushambi,Makadumpur Dhokasaha,34653,0.8992621259029927,0.8992621259029927,,,,
up2021__887147,1870,gopsahsa,Kaushambi,Kaushambi,Gopsahsa,172775,72729,1870,gopasahasa,Kaushambi,Kaushambi,Gopasahasa,20217,0.895,0.895,,,,
up2021__878646,1870,aigwa upharhar,Kaushambi,Kaushambi,Aigwa Upharhar,172779,72709,1870,aingawa uparhar,Kaushambi,Kaushambi,Aingawa Uparhar,750,0.8838583638583639,0.8838583638583639,,,,
up2021__777566,1870,gohra marufpur,Kaushambi,Kaushambi,Gohrā Mārufpur,172794,268993,1870,gohara maroofpur,Kaushambi,Kaushambi,Gohara Maroofpur,19929,0.8677884615384616,0.8677884615384616,,,,
up2021__945936,1868,pahadpur sughwar,Kaushambi,Chayal,Pahadpur Sughwar,172800,72645,1868,pharpur sudhwar,Kaushambi,Chail,Pharpur Sudhwar,43636,0.8782142857142857,0.8782142857142857,,,,
up2021__1022651,1868,ratgaha,Kaushambi,Chayal,Ratgaha,172810,72647,1868,rathgha,Kaushambi,Chail,Rathgha,47360,0.8944444444444445,0.8944444444444445,,,,
up2021__1027873,1868,hardoaakhaas,Kaushambi,Chayal,Hardoaakhaas,172816,72636,1868,hardua,Kaushambi,Chail,Hardua,21426,0.85,0.85,,,,
up2021__773013,1868,umarnpurneevaa,Kaushambi,Chayal,Umarnpurneevaa,172821,72651,1868,umarpurniva,Kaushambi,Chail,Umarpurniva,56860,0.8846753246753247,0.8846753246753247,,,,
up2021__773869,1868,katara,Kaushambi,Chayal,Katara,172822,72640,1868,kathra,Kaushambi,Chail,Kathra,27810,0.8755555555555556,0.8755555555555556,,,,
up2021__736617,1868,chawali,Kaushambi,Chayal,Chawali,172826,72629,1868,chalauli,Kaushambi,Chail,Chalauli,12303,0.8694444444444446,0.8694444444444446,,,,
up2021__915876,1868,choradih,Kaushambi,Chayal,Choradih,172827,72631,1868,chauradih,Kaushambi,Chail,Chauradih,13091,0.8693121693121693,0.8693121693121693,,,,
up2021__911219,1873,jabai,Kaushambi,NEWADA,Jabai,172837,72900,1873,jawai,Kaushambi,Nevada,Jawai,24711,0.8933333333333333,0.8933333333333333,,,,
up2021__909959,1873,vighara usmanpur,Kaushambi,NEWADA,Vighara Usmanpur,172838,72882,1873,bighra usmanpur,Kaushambi,Nevada,Bighra Usmanpur,10718,0.8646825396825397,0.8646825396825397,,,,
up2021__789463,1873,kadirapura nevada,Kaushambi,NEWADA,Kadirapura Nevada,172842,72901,1873,kadirpur newada,Kaushambi,Nevada,Kadirpur Newada,25555,0.8942296918767507,0.8942296918767507,,,,
up2021__782575,1873,aodhan,Kaushambi,NEWADA,Aodhan,172845,72874,1873,audhan,Kaushambi,Nevada,Audhan,3008,0.9,0.9,,,,
up2021__929300,1873,khizirapur kailhai,Kaushambi,NEWADA,Khizirapur Kailhai,172851,72906,1873,khigirpur kailai,Kaushambi,Nevada,Khigirpur Kailai,29611,0.8843055555555556,0.8843055555555556,,,,
up2021__825603,1873,baraulha,Kaushambi,NEWADA,Baraulha,172853,72878,1873,barolha,Kaushambi,Nevada,Barolha,6736,0.8694444444444446,0.8694444444444446,,,,
up2021__829380,1873,khapra,Kaushambi,NEWADA,Khapra,172856,72905,1873,khapra khandewara,Kaushambi,Nevada,Khapra Khandewara,29027,0.8705882352941177,0.8705882352941177,,,,
up2021__884936,1873,nurpur hajipur,Kaushambi,NEWADA,Nurpur Hajipur,172877,72917,1873,noorpur hazipur,Kaushambi,Nevada,Noorpur Hazipur,40920,0.8721428571428571,0.8721428571428571,,,,
up2021__913170,1873,piperhata,Kaushambi,NEWADA,Piperhata,172893,269005,1873,piparhata,Kaushambi,Nevada,Piparhata,43941,0.8898148148148148,0.8898148148148148,,,,
up2021__697016,1871,guwara toyabpur,Kaushambi,Manjhanpur,Guwara Toyabpur,172904,72786,1871,guvara taiyabpur,Kaushambi,Manjhanpur,Guvara Taiyabpur,20866,0.8939316239316238,0.8939316239316238,,,,
up2021__692153,1871,edahaara,Kaushambi,Manjhanpur,Edahaara,172905,72762,1871,adahara,Kaushambi,Manjhanpur,Adahara,220,0.8630952380952381,0.8630952380952381,,,,
up2021__805568,1871,mirapur,Kaushambi,Manjhanpur,Mirapur,172913,72795,1871,meerapur,Kaushambi,Manjhanpur,Meerapur,36407,0.8821428571428571,0.8821428571428571,,,,
up2021__863876,1871,bhaulamakdoompur,Kaushambi,Manjhanpur,Bhaulamakdoompur,172918,72774,1871,bhaila makdumpur,Kaushambi,Manjhanpur,Bhaila Makdumpur,8681,0.8945512820512821,0.8945512820512821,,,,
up2021__748175,1871,davra,Kaushambi,Manjhanpur,Davra,172921,72781,1871,devra,Kaushambi,Manjhanpur,Devra,15455,0.88,0.88,,,,
up2021__806606,1871,taibpur mangar,Kaushambi,Manjhanpur,Taibpur Mangar,172935,72808,1871,taiyabpur mangoura,Kaushambi,Manjhanpur,Taiyabpur Mangoura,54745,0.8648148148148148,0.8648148148148148,,,,
up2021__926153,1872,husnamai,Kaushambi,Muratganj,Husnamai,172959,72834,1872,husain mai,Kaushambi,Mooratganj,Husain Mai,22443,0.895,0.895,,,,
up2021__812570,1872,sauyad sarawaan,Kaushambi,Muratganj,Sauyad Sarawaan,172967,72865,1872,sayd sarawan,Kaushambi,Mooratganj,Sayd Sarawan,50838,0.8577777777777779,0.8577777777777779,,,,
up2021__763220,1872,makdumpur qazi,Kaushambi,Muratganj,Makdumpur Qazi,172970,72841,1872,makhdompur kaji,Kaushambi,Mooratganj,Makhdompur Kaji,34706,0.8665656565656567,0.8665656565656567,,,,
up2021__951489,1872,araisumarpur,Kaushambi,Muratganj,Araisumarpur,172980,72817,1872,ari sumairpur,Kaushambi,Mooratganj,Ari Sumairpur,2342,0.8882672882672883,0.8882672882672883,,,,
up2021__926314,1872,kaju,Kaushambi,Muratganj,Kaju,172983,72836,1872,kajipur,Kaushambi,Mooratganj,Kajipur,25800,0.9,0.9,,,,
up2021__918202,1872,amini lokipur,Kaushambi,Muratganj,Amini Lokipur,172994,72816,1872,amnilokipur,Kaushambi,Mooratganj,Amnilokipur,1871,0.8862470862470861,0.8862470862470861,,,,
up2021__700668,1874,mahwaghat,Kaushambi,Sarsawa,Mahwaghat,173011,72967,1874,mahewa,Kaushambi,Sarsawan,Mahewa,33873,0.8574074074074074,0.8574074074074074,,,,
up2021__725886,1874,shahpur,Kaushambi,Sarsawa,Shahpur,173013,72980,1874,sahapur,Kaushambi,Sarsawan,Sahapur,48491,0.8642857142857143,0.8642857142857143,,,,
up2021__817186,1874,raipur,Kaushambi,Sarsawa,Raipur,173025,72977,1874,raipur uparhar,Kaushambi,Sarsawan,Raipur Uparhar,45519,0.8857142857142858,0.8857142857142858,,,,
up2021__833383,1874,pamosha,Kaushambi,Sarsawa,Pamosha,173029,72970,1874,pabhosa,Kaushambi,Sarsawan,Pabhosa,41149,0.8793650793650793,0.8793650793650793,,,,
up2021__871138,1874,gaua tafreek,Kaushambi,Sarsawa,Gaua Tafreek,173046,268880,1874,goura tafarik,Kaushambi,Sarsawan,Goura Tafarik,20389,0.8507692307692308,0.8507692307692308,,,,
up2021__715030,1874,nagreha kala,Kaushambi,Sarsawa,Nagreha Kala,173052,268990,1874,nagareha kalan,Kaushambi,Sarsawan,Nagareha Kalan,38617,0.888888888888889,0.888888888888889,,,,
up2021__807446,1874,loungava,Kaushambi,Sarsawa,Loungava,173055,72966,1874,lougawan,Kaushambi,Sarsawan,Lougawan,32968,0.8833333333333334,0.8833333333333334,,,,
up2021__964517,1875,rupanarayanpur gorio,Kaushambi,Sirathu,Rupanarayanpur Gorio,173063,73052,1875,roopnarayanpur goriyon,Kaushambi,Sirathu,Roopnarayanpur Goriyon,47886,0.8654545454545455,0.8654545454545455,,,,
up2021__863213,1875,salarha pashchim,Kaushambi,Sirathu,Salarha Pashchim,173064,73057,1875,shelraha pachim,Kaushambi,Sirathu,Shelraha Pachim,51969,0.8996428571428571,0.8996428571428571,,,,
up2021__819275,1875,gabhirapurba,Kaushambi,Sirathu,Gabhirapurba,173072,73006,1875,gambheera purab,Kaushambi,Sirathu,Gambheera Purab,18505,0.8824242424242424,0.8824242424242424,,,,
up2021__739485,1875,vasohni,Kaushambi,Sirathu,Vasohni,173080,72996,1875,basohani,Kaushambi,Sirathu,Basohani,7278,0.8690476190476191,0.8690476190476191,,,,
up2021__881725,1875,afjalpuravari,Kaushambi,Sirathu,Afjalpuravari,173088,72988,1875,afzalpur wari,Kaushambi,Sirathu,Afzalpur Wari,362,0.8769230769230769,0.8769230769230769,,,,
up2021__889854,1875,gosolpur,Kaushambi,Sirathu,Gosolpur,173089,73007,1875,goshailampur,Kaushambi,Sirathu,Goshailampur,20338,0.8736111111111112,0.8736111111111112,,,,
up2021__809499,1875,vidnapur kakodha,Kaushambi,Sirathu,Vidnapur Kakodha,173093,73001,1875,bidanpur kakorha,Kaushambi,Sirathu,Bidanpur Kakorha,10675,0.8928571428571429,0.8928571428571429,,,,
up2021__800286,1875,malakarzama,Kaushambi,Sirathu,Malakarzama,173095,73029,1875,malak rejama,Kaushambi,Sirathu,Malak Rejama,34830,0.8691919191919192,0.8691919191919192,,,,
up2021__832207,1875,naara,Kaushambi,Sirathu,Naara,173101,73040,1875,nara,Kaushambi,Sirathu,Nara,39391,0.88,0.88,,,,
up2021__898754,1875,madhwamai,Kaushambi,Sirathu,Madhwamai,173105,73026,1875,madhawamay,Kaushambi,Sirathu,Madhawamay,33290,0.8877777777777778,0.8877777777777778,,,,
up2021__914729,1875,raghunpur,Kaushambi,Sirathu,Raghunpur,173108,73045,1875,raghawapur,Kaushambi,Sirathu,Raghawapur,45140,0.8669841269841271,0.8669841269841271,,,,
up2021__918998,1875,vadnapur kadipur ichauli,Kaushambi,Sirathu,Vadnapur Kadipur Ichauli,173110,72994,1875,baranpur kadipur ichauli,Kaushambi,Sirathu,Baranpur Kadipur Ichauli,6112,0.8989898989898989,0.8989898989898989,,,,
up2021__836750,1875,jabaipadri,Kaushambi,Sirathu,Jabaipadri,173116,73014,1875,jawai parari,Kaushambi,Sirathu,Jawai Parari,24712,0.8577777777777779,0.8577777777777779,,,,
up2021__775274,1875,baghela,Kaushambi,Sirathu,Baghela,173133,268592,1875,baghelapur uperhar,Kaushambi,Sirathu,Baghelapur Uperhar,3970,0.8777777777777778,0.8777777777777778,,,,
up2021__139656,1711,amarala,Ghaziabad,Bhojpur,Amarala,173141,63457,1711,amrala,Ghaziabad,Bhojpur,Amrala,1906,0.873015873015873,0.873015873015873,,,,
up2021__103321,1711,bhatjan palauta,Ghaziabad,Bhojpur,Bhatjan Palauta,173150,63464,1711,bhatjan,Ghaziabad,Bhojpur,Bhatjan,9440,0.8933333333333334,0.8933333333333334,,,,
up2021__44219,1711,hridaypur bhandaula,Ghaziabad,Bhojpur,Hridaypur Bhandaula,173160,63468,1711,hirdaipur madaula,Ghaziabad,Bhojpur,Hirdaipur Madaula,22321,0.8815479876160991,0.8815479876160991,,,,
up2021__57367,1711,ataroli,Ghaziabad,Bhojpur,Ataroli,173170,63458,1711,atrauli,Ghaziabad,Bhojpur,Atrauli,2947,0.8793650793650793,0.8793650793650793,,,,
up2021__152907,1711,bakharwa vidhpur,Ghaziabad,Bhojpur,Bakharwa Vidhpur,173174,63462,1711,bakharva,Ghaziabad,Bhojpur,Bakharva,4864,0.875,0.875,,,,
up2021__200058,1711,shamli afrashahpur,Ghaziabad,Bhojpur,Shamli Afrashahpur,173175,63496,1711,shamli,Ghaziabad,Bhojpur,Shamli,51714,0.8666666666666666,0.8666666666666666,,,,
up2021__207337,1711,mohammadpur sujanpur akhara,Ghaziabad,Bhojpur,Mohammadpur Sujanpur Akhara,173176,63479,1711,mohd pur sujanpur akhara,Ghaziabad,Bhojpur,Mohd.Pur.Sujanpur Akhara,37351,0.854260601180891,0.854260601180891,,,,
up2021__184567,1711,nangola amirpur,Ghaziabad,Bhojpur,Nangola Amirpur,173179,63483,1711,nagaula amirpur,Ghaziabad,Bhojpur,Nagaula Amirpur,38652,0.8878632478632479,0.8878632478632479,,,,
up2021__78874,1716,sounda,Ghaziabad,Muradnagar,Sounda,173182,63738,1716,saunda,Ghaziabad,Muradnagar,Saunda,50764,0.9,0.9,,,,
up2021__101862,1716,kunheda,Ghaziabad,Muradnagar,Kunheda,173184,63722,1716,kunhaida,Ghaziabad,Muradnagar,Kunhaida,31303,0.8880952380952382,0.8880952380952382,,,,
up2021__69512,1716,firozpur kaithawadi,Ghaziabad,Muradnagar,Firozpur Kaithawadi,173191,63711,1716,firozpur,Ghaziabad,Muradnagar,Firozpur,18025,0.8842105263157894,0.8842105263157894,,,,
up2021__55508,1716,kakada,Ghaziabad,Muradnagar,Kakada,173195,63716,1716,kakra,Ghaziabad,Muradnagar,Kakra,25881,0.8755555555555556,0.8755555555555556,,,,
up2021__143443,1716,rawli kalo,Ghaziabad,Muradnagar,Rawli Kalo,173197,63734,1716,raoli kalan,Ghaziabad,Muradnagar,Raoli Kalan,46945,0.8739393939393939,0.8739393939393939,,,,
up2021__23905,1716,khurrampur mangawali,Ghaziabad,Muradnagar,Khurrampur Mangawali,173205,63720,1716,khurrampur,Ghaziabad,Muradnagar,Khurrampur,29908,0.9,0.9,,,,
up2021__134913,1716,bhadoi,Ghaziabad,Muradnagar,Bhadoi,173214,63707,1716,bhadauli,Ghaziabad,Muradnagar,Bhadauli,8315,0.8916666666666667,0.8916666666666667,,,,
up2021__126709,1716,milkakchakpur,Ghaziabad,Muradnagar,Milkakchakpur,173217,63725,1716,milak chakarpur,Ghaziabad,Muradnagar,Milak Chakarpur,36660,0.8576068376068375,0.8576068376068375,,,,
up2021__132550,1716,mahiuddinpur hisali,Ghaziabad,Muradnagar,Mahiuddinpur Hisali,173218,63729,1716,muhiuddinpur hisauli,Ghaziabad,Muradnagar,Muhiuddinpur Hisauli,37809,0.8875438596491229,0.8875438596491229,,,,
up2021__71581,1716,badka arifpur,Ghaziabad,Muradnagar,Badka Arifpur,173221,63705,1716,baraka arifpur,Ghaziabad,Muradnagar,Baraka Arifpur,6057,0.8525030525030524,0.8525030525030524,,,,
up2021__69582,1716,poothri,Ghaziabad,Muradnagar,Poothri,173223,268614,1716,puthri,Ghaziabad,Muradnagar,Puthri,45023,0.8642857142857143,0.8642857142857143,,,,
up2021__122788,1717,aabidapur maankii,Ghaziabad,Rajapur,Aabidapur Maankii,173234,63745,1717,abidpur maniki,Ghaziabad,Rajapur,Abidpur Maniki,158,0.8613445378151261,0.8613445378151261,,,,
up2021__96409,1717,makreda,Ghaziabad,Rajapur,Makreda,173243,63756,1717,makraida,Ghaziabad,Rajapur,Makraida,34742,0.8880952380952382,0.8880952380952382,,,,
up2021__148997,1717,nidauri,Ghaziabad,Rajapur,Nidauri,173254,239128,1717,nidori,Ghaziabad,Rajapur,Nidori,40593,0.8944444444444445,0.8944444444444445,,,,
up2021__147993,1717,samaypur katiyar,Ghaziabad,Rajapur,Samaypur Katiyar,173260,63764,1717,samaypur,Ghaziabad,Rajapur,Samaypur,49401,0.9,0.9,,,,
up2021__156247,1715,sharafuddinpur jawali,Ghaziabad,Loni,Sharafuddinpur Jawali,173291,63697,1715,sharifabad rajapur,Ghaziabad,Loni,Sharifabad Rajapur,51809,0.8561904761904762,0.8561904761904762,,,,
up2021__157204,1715,banaida khurd,Ghaziabad,Loni,Banaida Khurd,173293,63681,1715,bhanera khurd,Ghaziabad,Loni,Bhanera Khurd,8999,0.8615384615384616,0.8615384615384616,,,,
up2021__738416,1724,dharampur,Ghazipur,Karanda,Dharampur,173296,64152,1724,dharammarpur uparwar,Ghazipur,Karanda,Dharammarpur Uparwar,16021,0.8677777777777778,0.8677777777777778,,,,
up2021__763078,1724,aakushpur,Ghazipur,Karanda,Aakushpur,173315,64145,1724,akunhspur,Ghazipur,Karanda,Akunhspur,1148,0.8958333333333333,0.8958333333333333,,,,
up2021__842643,1724,basabodh,Ghazipur,Karanda,Basabodh,173343,268035,1724,basabagh,Ghazipur,Karanda,Basabagh,6964,0.9,0.9,,,,
up2021__873990,1724,shriganj,Ghazipur,Karanda,Shriganj,173345,64183,1724,shriganj urf nandganj,Ghazipur,Karanda,Shriganj Urf Nandganj,52316,0.8761904761904762,0.8761904761904762,,,,
up2021__864113,1725,asna,Ghazipur,Kasimabad,Asna,173348,64191,1725,asana,Ghazipur,Kasimabad,Asana,2527,0.88,0.88,,,,
up2021__760291,1725,mubarakpur,Ghazipur,Kasimabad,Mubarakpur,173377,64240,1725,mubarakpur m hasanpur,Ghazipur,Kasimabad,Mubarakpur M. Hasanpur,37613,0.8952380952380953,0.8952380952380953,,,,
up2021__885079,1725,sanhehuaan,Ghazipur,Kasimabad,Sanhehuaan,173381,64257,1725,sanehuwa,Ghazipur,Kasimabad,Sanehuwa,49595,0.8674999999999999,0.8674999999999999,,,,
up2021__758833,1725,siuridih,Ghazipur,Kasimabad,Siuridih,173383,64265,1725,shiwari dih,Ghazipur,Kasimabad,Shiwari Dih,52285,0.8534090909090909,0.8534090909090909,,,,
up2021__784910,1725,mahdeva,Ghazipur,Kasimabad,Mahdeva,173406,64230,1725,mahadewa,Ghazipur,Kasimabad,Mahadewa,33601,0.8694444444444446,0.8694444444444446,,,,
up2021__800518,1725,kavalpatti,Ghazipur,Kasimabad,Kavalpatti,173410,64225,1725,kawal pati,Ghazipur,Kasimabad,Kawal Pati,28048,0.8933333333333333,0.8933333333333333,,,,
up2021__852829,1725,mohiuddunpur,Ghazipur,Kasimabad,Mohiuddunpur,173415,64233,1725,mahiuddinpur,Ghazipur,Kasimabad,Mahiuddinpur,33910,0.8700000000000001,0.8700000000000001,,,,
up2021__852591,1725,mehroud,Ghazipur,Kasimabad,Mehroud,173422,64238,1725,mehraur,Ghazipur,Kasimabad,Mehraur,36539,0.8857142857142858,0.8857142857142858,,,,
up2021__758551,1725,parshapur,Ghazipur,Kasimabad,Parshapur,173424,64249,1725,parsu pur,Ghazipur,Kasimabad,Parsu Pur,42971,0.8825396825396825,0.8825396825396825,,,,
up2021__819028,1725,kajuho,Ghazipur,Kasimabad,Kajuho,173430,64227,1725,khajuha,Ghazipur,Kasimabad,Khajuha,28525,0.8642857142857143,0.8642857142857143,,,,
up2021__779935,1725,vishunpur,Ghazipur,Kasimabad,Vishunpur,173432,269293,1725,bisunpur,Ghazipur,Kasimabad,Bisunpur,11442,0.8842592592592592,0.8842592592592592,,,,
up2021__915803,1725,fattesarai,Ghazipur,Kasimabad,Fattesarai,173440,64213,1725,faitehsara,Ghazipur,Kasimabad,Faitehsara,17586,0.8933333333333333,0.8933333333333333,,,,
up2021__782889,1723,dullahpur shankar singh,Ghazipur,Jakhniya,Dullahpur Shankar Singh,173451,64083,1723,dullahpur,Ghazipur,Jakhania,Dullahpur,17235,0.8782608695652174,0.8782608695652174,,,,
up2021__731754,1723,nevada durg vijay,Ghazipur,Jakhniya,Nevada Durg Vijay,173461,64123,1723,newada durga vijai,Ghazipur,Jakhania,Newada Durga Vijai,40473,0.8886274509803922,0.8886274509803922,,,,
up2021__798717,1723,karui,Ghazipur,Jakhniya,Karui,173472,64101,1723,karoyi,Ghazipur,Jakhania,Karoyi,27337,0.8755555555555556,0.8755555555555556,,,,
up2021__709011,1723,molnapur urf tal gaon,Ghazipur,Jakhniya,Molnapur Urf Tal Gaon,173485,64118,1723,molnapur,Ghazipur,Jakhania,Molnapur,37477,0.8761904761904762,0.8761904761904762,,,,
up2021__785325,1723,gauara namjad lalpur,Ghazipur,Jakhniya,Gauara Namjad Lalpur,173497,64085,1723,gauranam sadkalpur,Ghazipur,Jakhania,Gauranam Sadkalpur,19173,0.8690740740740741,0.8690740740740741,,,,
up2021__759653,1723,sophipur,Ghazipur,Jakhniya,Sophipur,173498,64142,1723,souphi pur,Ghazipur,Jakhania,Souphi Pur,53896,0.88,0.88,,,,
up2021__736184,1723,jauharpur,Ghazipur,Jakhniya,Jauharpur,173507,64099,1723,joharpur,Ghazipur,Jakhania,Joharpur,25184,0.8529761904761904,0.8529761904761904,,,,
up2021__730376,1723,chakfatma alias bairkh,Ghazipur,Jakhniya,Chakfatma Alias ​​Bairkh,173509,64076,1723,chak fatima urf bairak,Ghazipur,Jakhania,Chak Fatima Urf Bairak,12092,0.8717171717171718,0.8717171717171718,,,,
up2021__757523,1723,mustafabad aka badagaon,Ghazipur,Jakhniya,Mustafabad aka Badagaon,173513,64121,1723,mustfabad urf baragaon,Ghazipur,Jakhania,Mustfabad Urf Baragaon,38367,0.864602547211243,0.864602547211243,,,,
up2021__686366,1723,odasan,Ghazipur,Jakhniya,Odasan,173530,270086,1723,orasan,Ghazipur,Jakhania,Orasan,41096,0.9,0.9,,,,
up2021__765901,1734,jivpur,Ghazipur,Jamaniya,Jivpur,173541,64836,1734,jeevpur,Ghazipur,Zamania,Jeevpur,24758,0.8642857142857143,0.8642857142857143,,,,
up2021__806071,1734,nariyaon,Ghazipur,Jamaniya,Nariyaon,173552,64850,1734,nariyaon urf umar ganj,Ghazipur,Zamania,Nariyaon Urf Umar Ganj,39678,0.8727272727272728,0.8727272727272728,,,,
up2021__839424,1734,muhammedpur,Ghazipur,Jamaniya,Muhammedpur,173568,64849,1734,muhammadpur t chaudhari azmal,Ghazipur,Zamania,Muhammadpur T. Chaudhari Azmal,37792,0.8507836990595611,0.8507836990595611,,,,
up2021__867710,1734,budhadih,Ghazipur,Jamaniya,Budhadih,173574,64818,1734,burhadih,Ghazipur,Zamania,Burhadih,11812,0.8952380952380953,0.8952380952380953,,,,
up2021__820678,1734,khadicha,Ghazipur,Jamaniya,Khadicha,173579,64840,1734,kharaicha,Ghazipur,Zamania,Kharaicha,29072,0.8523148148148149,0.8523148148148149,,,,
up2021__847248,1734,aalamganj,Ghazipur,Jamaniya,Aalamganj,173600,270622,1734,alam ganj,Ghazipur,Zamania,Alam Ganj,1196,0.8583333333333333,0.8583333333333333,,,,
up2021__762685,1734,umarganj,Ghazipur,Jamaniya,Umarganj,173601,270628,1734,umerganj,Ghazipur,Zamania,Umerganj,56877,0.8952380952380953,0.8952380952380953,,,,
up2021__810733,1734,rampur alias salempur,Ghazipur,Jamaniya,Rampur Alias Salempur,173606,270647,1734,rampur urf salempur,Ghazipur,Zamania,Rampur Urf Salempur,46672,0.8958020050125313,0.8958020050125313,,,,
up2021__762339,1734,dawoodpur,Ghazipur,Jamaniya,Dawoodpur,173611,270661,1734,daudpur,Ghazipur,Zamania,Daudpur,14777,0.873015873015873,0.873015873015873,,,,
up2021__913908,1734,garhi chak zehirullah,Ghazipur,Jamaniya,Garhi Chak Zehirullah,173617,270650,1734,garahi chak jahirullah,Ghazipur,Zamania,Garahi Chak Jahirullah,18833,0.8599946836788943,0.8599946836788943,,,,
up2021__757538,1721,davopur,Ghazipur,Devkali,Davopur,173638,63952,1721,devpur,Ghazipur,Devkali,Devpur,15446,0.8642857142857143,0.8642857142857143,,,,
up2021__727116,1721,mazha,Ghazipur,Devkali,Mazha,173647,63974,1721,manjha,Ghazipur,Devkali,Manjha,35449,0.8577777777777779,0.8577777777777779,,,,
up2021__878126,1721,jewal,Ghazipur,Devkali,Jewal,173656,63961,1721,jeval,Ghazipur,Devkali,Jeval,24801,0.8933333333333333,0.8933333333333333,,,,
up2021__801657,1721,visunpura,Ghazipur,Devkali,Visunpura,173660,63942,1721,bisun pura,Ghazipur,Devkali,Bisun Pura,11447,0.8962962962962964,0.8962962962962964,,,,
up2021__706034,1721,tardeeha,Ghazipur,Devkali,Tardeeha,173661,64006,1721,tardih,Ghazipur,Devkali,Tardih,55107,0.8916666666666667,0.8916666666666667,,,,
up2021__767027,1721,sikandara,Ghazipur,Devkali,Sikandara,173666,64002,1721,sikandar chack hatim,Ghazipur,Devkali,Sikandar Chack Hatim,52563,0.89,0.89,,,,
up2021__862258,1721,madpa,Ghazipur,Devkali,Madpa,173675,63959,1721,mandapa,Ghazipur,Devkali,Mandapa,35171,0.8704761904761905,0.8704761904761905,,,,
up2021__699317,1721,aleampur,Ghazipur,Devkali,Aleampur,173693,63928,1721,aalampur,Ghazipur,Devkali,Aalampur,17,0.8821428571428571,0.8821428571428571,,,,
up2021__704938,1721,pahla tola,Ghazipur,Devkali,Pahla Tola,173696,63983,1721,pahalatola,Ghazipur,Devkali,Pahalatola,41513,0.8755555555555556,0.8755555555555556,,,,
up2021__730870,1721,siyawan,Ghazipur,Devkali,Siyawan,173699,63998,1721,seyanwa,Ghazipur,Devkali,Seyanwa,51288,0.8642857142857143,0.8642857142857143,,,,
up2021__874234,1721,majhariyaan,Ghazipur,Devkali,Majhariyaan,173710,270522,1721,manjharia,Ghazipur,Devkali,Manjharia,35466,0.8976430976430976,0.8976430976430976,,,,
up2021__753506,1721,kathai,Ghazipur,Devkali,Kathai,173718,270769,1721,kadhi,Ghazipur,Devkali,Kadhi,25526,0.8577777777777779,0.8577777777777779,,,,
up2021__806315,1732,amawa sih,Ghazipur,Barachwar,Amawa Sih,173733,64693,1732,amwa singh,Ghazipur,Varachakwar,Amwa Singh,1968,0.8837037037037038,0.8837037037037038,,,,
up2021__768995,1732,chauthibodh,Ghazipur,Barachwar,Chauthibodh,173741,64708,1732,chaitho bandh,Ghazipur,Varachakwar,Chaitho Bandh,11974,0.8782750582750583,0.8782750582750583,,,,
up2021__830472,1732,mota,Ghazipur,Barachwar,Mota,173744,64734,1732,mata,Ghazipur,Varachakwar,Mata,35945,0.8500000000000001,0.8500000000000001,,,,
up2021__760168,1732,dhodha,Ghazipur,Barachwar,Dhodha,173753,64713,1732,dondha,Ghazipur,Varachakwar,Dondha,16951,0.9,0.9,,,,
up2021__770911,1732,inderpur,Ghazipur,Barachwar,Inderpur,173754,64728,1732,endarpur,Ghazipur,Varachakwar,Endarpur,17519,0.8690476190476191,0.8690476190476191,,,,
up2021__789470,1732,bareji,Ghazipur,Barachwar,Bareji,173759,64698,1732,barezy,Ghazipur,Varachakwar,Barezy,6379,0.8666666666666666,0.8666666666666666,,,,
up2021__729776,1732,paikwali,Ghazipur,Barachwar,Paikwali,173782,64745,1732,pakawali,Ghazipur,Varachakwar,Pakawali,41845,0.8952380952380953,0.8952380952380953,,,,
up2021__811021,1732,utraw,Ghazipur,Barachwar,Utraw,173795,64759,1732,utarawn,Ghazipur,Varachakwar,Utarawn,57156,0.8704761904761905,0.8704761904761905,,,,
up2021__824507,1732,salhar khan,Ghazipur,Barachwar,Salhar Khan,173807,269014,1732,salar kham,Ghazipur,Varachakwar,Salar Kham,49102,0.8823905723905724,0.8823905723905724,,,,
up2021__705364,1732,kamasdi,Ghazipur,Barachwar,Kamasdi,173809,64724,1732,kamsari,Ghazipur,Varachakwar,Kamsari,26385,0.8944444444444445,0.8944444444444445,,,,
up2021__773377,1719,saraila,Ghazipur,Bhadaura,Saraila,173817,63863,1719,sawrai,Ghazipur,Bhadaura,Sawrai,50832,0.8793650793650793,0.8793650793650793,,,,
up2021__724158,1719,sherpur,Ghazipur,Bhadaura,Sherpur,173820,63865,1719,sherpurtkarahiya,Ghazipur,Bhadaura,Sherpurtkarahiya,52060,0.8875,0.8875,,,,
up2021__788355,1719,bhabnauliya,Ghazipur,Bhadaura,Bhabnauliya,173840,63837,1719,bhabhanaulia,Ghazipur,Bhadaura,Bhabhanaulia,8255,0.8884848484848485,0.8884848484848485,,,,
up2021__766043,1719,bakaaniyaan,Ghazipur,Bhadaura,Bakaaniyaan,173843,63833,1719,bakainia,Ghazipur,Bhadaura,Bakainia,4796,0.8737012987012986,0.8737012987012986,,,,
up2021__711505,1719,mishravaliya,Ghazipur,Bhadaura,Mishravaliya,173845,270667,1719,misraulia,Ghazipur,Bhadaura,Misraulia,36952,0.8671296296296296,0.8671296296296296,,,,
up2021__735856,1719,godesara,Ghazipur,Bhadaura,Godesara,173851,63847,1719,gorsara,Ghazipur,Bhadaura,Gorsara,20307,0.8952380952380953,0.8952380952380953,,,,
up2021__722587,1719,deval,Ghazipur,Bhadaura,Deval,173852,63843,1719,dewal,Ghazipur,Bhadaura,Dewal,15502,0.8933333333333333,0.8933333333333333,,,,
up2021__705028,1720,belsadi,Ghazipur,Bhawar Kol,Belsadi,173860,63876,1720,belsaree,Ghazipur,Bhanwarkol,Belsaree,7983,0.8678571428571429,0.8678571428571429,,,,
up2021__767090,1720,siadi,Ghazipur,Bhawar Kol,Siadi,173869,63920,1720,sipari,Ghazipur,Bhanwarkol,Sipari,53084,0.8577777777777779,0.8577777777777779,,,,
up2021__748913,1720,shahpur,Ghazipur,Bhawar Kol,Shahpur,173870,63918,1720,shahpur urf madhopur,Ghazipur,Bhanwarkol,Shahpur Urf Madhopur,51646,0.87,0.87,,,,
up2021__780909,1720,mudera bujurg,Ghazipur,Bhawar Kol,Mudera Bujurg,173871,63907,1720,murera buzurg,Ghazipur,Bhanwarkol,Murera Buzurg,38180,0.8937062937062936,0.8937062937062936,,,,
up2021__822304,1720,kathar,Ghazipur,Bhawar Kol,Kathar,173875,63892,1720,kthar,Ghazipur,Bhanwarkol,Kthar,30914,0.8900000000000001,0.8900000000000001,,,,
up2021__777982,1720,lachain,Ghazipur,Bhawar Kol,Lachain,173881,63894,1720,lochin,Ghazipur,Bhanwarkol,Lochin,32759,0.8642857142857143,0.8642857142857143,,,,
up2021__768630,1720,palia buzurg,Ghazipur,Bhawar Kol,Palia Buzurg,173896,63912,1720,palia khurd,Ghazipur,Bhanwarkol,Palia Khurd,42021,0.8787878787878788,0.8787878787878788,,,,
up2021__766998,1720,badoli adai,Ghazipur,Bhawar Kol,Badoli Adai,173899,63873,1720,badauli adai,Ghazipur,Bhanwarkol,Badauli Adai,3604,0.86989898989899,0.86989898989899,,,,
up2021__723891,1720,mishravaliya,Ghazipur,Bhawar Kol,Mishravaliya,173900,63906,1720,misraulia,Ghazipur,Bhanwarkol,Misraulia,36950,0.8671296296296296,0.8671296296296296,,,,
up2021__750700,1720,dhukhiya,Ghazipur,Bhawar Kol,Dhukhiya,173905,63882,1720,dhudia,Ghazipur,Bhanwarkol,Dhudia,16532,0.8736111111111112,0.8736111111111112,,,,
up2021__722430,1720,chahamd kala,Ghazipur,Bhawar Kol,Chahamd Kala,173915,268611,1720,chakmahmad kala,Ghazipur,Bhanwarkol,Chakmahmad Kala,12178,0.8755555555555556,0.8755555555555556,,,,
up2021__757916,1720,sondi,Ghazipur,Bhawar Kol,Sondi,173917,63921,1720,sonari,Ghazipur,Bhanwarkol,Sonari,53669,0.8755555555555556,0.8755555555555556,,,,
up2021__958001,1726,niyaw,Ghazipur,Manihari,Niyaw,173922,64335,1726,niyanv,Ghazipur,Manihari,Niyanv,40816,0.8933333333333334,0.8933333333333334,,,,
up2021__956648,1726,firoshapur,Ghazipur,Manihari,Firoshapur,173927,64300,1726,firozshah,Ghazipur,Manihari,Firozshah,18050,0.8955555555555555,0.8955555555555555,,,,
up2021__947427,1726,saroli urf pahetiya,Ghazipur,Manihari,Saroli Urf Pahetiya,173930,64346,1726,sarauli urf pahetiya,Ghazipur,Manihari,Sarauli Urf Pahetiya,50175,0.87364522417154,0.87364522417154,,,,
up2021__926244,1726,basila,Ghazipur,Manihari,Basila,173946,64356,1726,vasila,Ghazipur,Manihari,Vasila,57290,0.888888888888889,0.888888888888889,,,,
up2021__924945,1726,indrapur chidi,Ghazipur,Manihari,Indrapur Chidi,173950,64299,1726,endarpur chhiri,Ghazipur,Manihari,Endarpur Chhiri,17520,0.8579365079365079,0.8579365079365079,,,,
up2021__799045,1726,khutahan,Ghazipur,Manihari,Khutahan,173952,64322,1726,kuthan,Ghazipur,Manihari,Kuthan,31720,0.875,0.875,,,,
up2021__954635,1726,bujruga,Ghazipur,Manihari,Bujruga,173954,64289,1726,buzurga,Ghazipur,Manihari,Buzurga,11858,0.8793650793650793,0.8793650793650793,,,,
up2021__818470,1726,saroy gokul,Ghazipur,Manihari,Saroy Gokul,173957,64344,1726,sarai gokul,Ghazipur,Manihari,Sarai Gokul,49849,0.8892255892255891,0.8892255892255891,,,,
up2021__929201,1726,basewa,Ghazipur,Manihari,Basewa,173973,64285,1726,basawa,Ghazipur,Manihari,Basawa,7144,0.8755555555555556,0.8755555555555556,,,,
up2021__1094018,1726,budhanpur,Ghazipur,Manihari,Budhanpur,173977,64288,1726,buran pur,Ghazipur,Manihari,Buran Pur,11806,0.8814814814814814,0.8814814814814814,,,,
up2021__960242,1726,souri,Ghazipur,Manihari,Souri,173982,64347,1726,sauri,Ghazipur,Manihari,Sauri,50784,0.88,0.88,,,,
up2021__959020,1726,kathghara,Ghazipur,Manihari,Kathghara,173984,64316,1726,katghra,Ghazipur,Manihari,Katghra,27741,0.8814814814814815,0.8814814814814815,,,,
up2021__955480,1726,sujnipura,Ghazipur,Manihari,Sujnipura,173987,64352,1726,suzni pur,Ghazipur,Manihari,Suzni Pur,54630,0.8814814814814814,0.8814814814814814,,,,
up2021__953014,1726,kukkuda,Ghazipur,Manihari,Kukkuda,173988,64320,1726,kukura,Ghazipur,Manihari,Kukura,31121,0.8944444444444445,0.8944444444444445,,,,
up2021__954247,1726,araji khuttan aka parsotia,Ghazipur,Manihari,Araji Khuttan aka Parsotia,173991,64278,1726,araji khuthan urf parsonia,Ghazipur,Manihari,Araji Khuthan Urf Parsonia,2251,0.8849816849816851,0.8849816849816851,,,,
up2021__1118719,1726,madhuban,Ghazipur,Manihari,Madhuban,173997,64324,1726,madhuban mu yusufpur,Ghazipur,Manihari,Madhuban Mu. Yusufpur,33366,0.88,0.88,,,,
up2021__961436,1726,vishunpur tadwa,Ghazipur,Manihari,Vishunpur Tadwa,173998,64287,1726,bisunpur tarwa,Ghazipur,Manihari,Bisunpur Tarwa,11455,0.8857142857142857,0.8857142857142857,,,,
up2021__961153,1726,kundushi,Ghazipur,Manihari,Kundushi,174001,64321,1726,kundasipur,Ghazipur,Manihari,Kundasipur,31257,0.8864285714285713,0.8864285714285713,,,,
up2021__776467,1726,dhawa mu malikpura,Ghazipur,Manihari,Dhawa Mu. Malikpura,174003,270160,1726,dhava m malikpur,Ghazipur,Manihari,Dhava M. Malikpur,16293,0.8843055555555556,0.8843055555555556,,,,
up2021__956096,1726,muhammedpur,Ghazipur,Manihari,Muhammedpur,174008,64330,1726,mohammadpur,Ghazipur,Manihari,Mohammadpur,37159,0.890909090909091,0.890909090909091,,,,
up2021__961632,1726,sonawarsa,Ghazipur,Manihari,Sonawarsa,174013,270382,1726,sonbarsa,Ghazipur,Manihari,Sonbarsa,53717,0.8856481481481482,0.8856481481481482,,,,
up2021__895131,1727,karadah kaithauli,Ghazipur,Mardan,Karadah Kaithauli,174020,64385,1727,kardah kaithawali,Ghazipur,Mardah,Kardah Kaithawali,27058,0.8996323529411765,0.8996323529411765,,,,
up2021__816166,1727,fefra,Ghazipur,Mardan,Fefra,174032,64375,1727,fephra,Ghazipur,Mardah,Fephra,17983,0.8577777777777779,0.8577777777777779,,,,
up2021__870767,1727,bihira,Ghazipur,Mardan,Bihira,174051,64365,1727,bihara,Ghazipur,Mardah,Bihara,10729,0.8755555555555556,0.8755555555555556,,,,
up2021__864716,1727,bhavarhan,Ghazipur,Mardan,Bhavarhan,174056,64364,1727,bhauraha,Ghazipur,Mardah,Bhauraha,9577,0.8856481481481482,0.8856481481481482,,,,
up2021__941877,1727,jargo,Ghazipur,Mardan,Jargo,174065,64382,1727,jargo khas,Ghazipur,Mardah,Jargo Khas,24470,0.9,0.9,,,,
up2021__719109,1727,chavar,Ghazipur,Mardan,Chavar,174072,64369,1727,chanwar,Ghazipur,Mardah,Chanwar,12783,0.8944444444444445,0.8944444444444445,,,,
up2021__748635,1727,matehu,Ghazipur,Mardan,Matehu,174079,64390,1727,malehun,Ghazipur,Mardah,Malehun,34878,0.8793650793650793,0.8793650793650793,,,,
up2021__914030,1728,suratapur khaas,Ghazipur,Muhammadabad,SurataPur Khaas,174081,64485,1728,surtapur khas,Ghazipur,Mohammadabad,Surtapur Khas,54573,0.897094017094017,0.897094017094017,,,,
up2021__910169,1728,chak pahad mu murtazapur,Ghazipur,Muhammadabad,Chak Pahad Mu. Murtazapur,174084,64468,1728,chakpahar,Ghazipur,Mohammadabad,Chakpahar,12215,0.875,0.875,,,,
up2021__890912,1728,jakroli,Ghazipur,Muhammadabad,Jakroli,174097,64452,1728,jakarauli,Ghazipur,Mohammadabad,Jakarauli,23701,0.888888888888889,0.888888888888889,,,,
up2021__872170,1728,keshavpur,Ghazipur,Muhammadabad,Keshavpur,174100,64458,1728,kesaw pur,Ghazipur,Mohammadabad,Kesaw Pur,28187,0.8962962962962963,0.8962962962962963,,,,
up2021__800782,1728,domnpura,Ghazipur,Muhammadabad,Domnpura,174113,64441,1728,doman pura,Ghazipur,Mohammadabad,Doman Pura,16926,0.895,0.895,,,,
up2021__739058,1728,chakabakar rajela,Ghazipur,Muhammadabad,Chakabakar Rajela,174133,64431,1728,chakbaker rajela,Ghazipur,Mohammadabad,Chakbaker Rajela,12039,0.8973039215686274,0.8973039215686274,,,,
up2021__752251,1728,shahwajkulii,Ghazipur,Muhammadabad,Shahwajkulii,174145,64436,1728,sahbajkuli,Ghazipur,Mohammadabad,Sahbajkuli,48544,0.8616666666666666,0.8616666666666666,,,,
up2021__804076,1728,hussepura,Ghazipur,Muhammadabad,Hussepura,174167,64450,1728,husaypur,Ghazipur,Mohammadabad,Husaypur,22489,0.8638888888888888,0.8638888888888888,,,,
up2021__879211,1729,nagasar nevaju rai,Ghazipur,Revatipur,Nagasar Nevaju Rai,174170,64511,1729,nagsar newajurai,Ghazipur,Revatipur,Nagsar Newajurai,39016,0.86875,0.86875,,,,
up2021__867753,1729,badaura,Ghazipur,Revatipur,Badaura,174174,64493,1729,barauraa,Ghazipur,Revatipur,Barauraa,6230,0.8507936507936509,0.8507936507936509,,,,
up2021__763085,1729,nauli,Ghazipur,Revatipur,Nauli,174175,64513,1729,nawali,Ghazipur,Revatipur,Nawali,40219,0.8577777777777779,0.8577777777777779,,,,
up2021__877682,1729,mahna kala,Ghazipur,Revatipur,Mahna Kala,174178,64508,1729,mahnakalan khurd,Ghazipur,Revatipur,Mahnakalan Khurd,34021,0.8849999999999999,0.8849999999999999,,,,
up2021__798458,1729,nasirpur,Ghazipur,Revatipur,Nasirpur,174180,64512,1729,nasirpur t reotipur,Ghazipur,Revatipur,Nasirpur T Reotipur,39861,0.8842105263157894,0.8842105263157894,,,,
up2021__831535,1729,sonaval,Ghazipur,Revatipur,Sonaval,174185,64521,1729,sonwal,Ghazipur,Revatipur,Sonwal,53833,0.8944444444444445,0.8944444444444445,,,,
up2021__774367,1729,sadhopur urf rampur,Ghazipur,Revatipur,Sadhopur Urf Rampur,174192,64519,1729,sadhopur,Ghazipur,Revatipur,Sadhopur,48315,0.8842105263157894,0.8842105263157894,,,,
up2021__772344,1729,virupur,Ghazipur,Revatipur,Virupur,174205,270740,1729,biraupur,Ghazipur,Revatipur,Biraupur,11147,0.8690476190476191,0.8690476190476191,,,,
up2021__779220,1729,bavada musthakam,Ghazipur,Revatipur,Bavada Musthakam,174209,64495,1729,bawara mustahakam,Ghazipur,Revatipur,Bawara Mustahakam,7516,0.8815126050420168,0.8815126050420168,,,,
up2021__708307,1733,gajpatpur,Ghazipur,Virano,Gajpatpur,174222,64783,1733,gazapatpur,Ghazipur,Virno,Gazapatpur,19344,0.8837037037037038,0.8837037037037038,,,,
up2021__728974,1733,saadatpur,Ghazipur,Virano,Saadatpur,174262,64806,1733,shadatpur,Ghazipur,Virno,Shadatpur,51293,0.8958333333333333,0.8958333333333333,,,,
up2021__905306,1722,warikhpur,Ghazipur,Sadar,Warikhpur,174272,64015,1722,barikpur,Ghazipur,Ghazipur,Barikpur,6587,0.8842592592592592,0.8842592592592592,,,,
up2021__906559,1722,meharllipur,Ghazipur,Sadar,Meharllipur,174286,64046,1722,mehar alipur urf bhauri,Ghazipur,Ghazipur,Mehar Alipur Urf Bhauri,36487,0.8687747035573123,0.8687747035573123,,,,
up2021__815406,1722,vishunpur piparhi,Ghazipur,Sadar,Vishunpur Piparhi,174292,64024,1722,bishunpura piparahi,Ghazipur,Ghazipur,Bishunpura Piparahi,11388,0.8860939112487101,0.8860939112487101,,,,
up2021__856730,1722,nagwakhrd urf kataila,Ghazipur,Sadar,Nagwakhrd Urf Kataila,174307,64049,1722,nagawa khurd urf kataila,Ghazipur,Ghazipur,Nagawa Khurd Urf Kataila,38675,0.8708333333333332,0.8708333333333332,,,,
up2021__872207,1722,augrabhad,Ghazipur,Sadar,Augrabhad,174310,64013,1722,aurangabad,Ghazipur,Ghazipur,Aurangabad,3077,0.8503703703703704,0.8503703703703704,,,,
up2021__906705,1722,agasta salamatpur,Ghazipur,Sadar,Agasta Salamatpur,174316,64009,1722,agusta salamatpur,Ghazipur,Ghazipur,Agusta Salamatpur,441,0.8852941176470588,0.8852941176470588,,,,
up2021__907255,1722,chak mubarak mohiuddinpur alias janjirpur,Ghazipur,Sadar,Chak Mubarak Mohiuddinpur alias Janjirpur,174321,64027,1722,chak mubarak mahiuddin urf jan,Ghazipur,Ghazipur,Chak Mubarak Mahiuddin Urf Jan,12199,0.893417437622652,0.893417437622652,,,,
up2021__903377,1722,baksupur,Ghazipur,Sadar,Baksupur,174333,266559,1722,baxupur,Ghazipur,Ghazipur,Baxupur,7519,0.8952380952380953,0.8952380952380953,,,,
up2021__879485,1730,daharmauva,Ghazipur,Sadaat,Daharmauva,174349,64553,1730,daharmawa urf kosa,Ghazipur,Sadat,Daharmawa Urf Kosa,14131,0.8577777777777778,0.8577777777777778,,,,
up2021__949312,1730,akwarpur,Ghazipur,Sadaat,Akwarpur,174353,64531,1730,akberpur,Ghazipur,Sadat,Akberpur,1025,0.8666666666666667,0.8666666666666667,,,,
up2021__894882,1730,vrindavan,Ghazipur,Sadaat,Vrindavan,174356,64551,1730,brindaban,Ghazipur,Sadat,Brindaban,11634,0.8518518518518517,0.8518518518518517,,,,
up2021__880617,1730,jawarpaar,Ghazipur,Sadaat,Jawarpaar,174360,64569,1730,jabrapar,Ghazipur,Sadat,Jabrapar,23130,0.8693121693121693,0.8693121693121693,,,,
up2021__896319,1730,gahni,Ghazipur,Sadaat,Gahni,174371,64561,1730,ghhni,Ghazipur,Sadat,Ghhni,19552,0.88,0.88,,,,
up2021__949172,1730,barhapar nasratpur,Ghazipur,Sadaat,Barhapar Nasratpur,174376,64540,1730,barahpur nusaratpur,Ghazipur,Sadat,Barahpur Nusaratpur,5975,0.893848182547873,0.893848182547873,,,,
up2021__911464,1730,barwa kala,Ghazipur,Sadaat,Barwa Kala,174389,64541,1730,baravan kalan,Ghazipur,Sadat,Baravan Kalan,6242,0.8530199430199431,0.8530199430199431,,,,
up2021__950855,1730,dora,Ghazipur,Sadaat,Dora,174392,64558,1730,doara,Ghazipur,Sadat,Doara,16846,0.88,0.88,,,,
up2021__954094,1730,khajrahat,Ghazipur,Sadaat,Khajrahat,174404,64579,1730,khazurhat,Ghazipur,Sadat,Khazurhat,29376,0.8629629629629629,0.8629629629629629,,,,
up2021__768738,1730,bebda,Ghazipur,Sadaat,Bebda,174411,64543,1730,bewda,Ghazipur,Sadat,Bewda,8244,0.8933333333333333,0.8933333333333333,,,,
up2021__723503,1731,rawaal,Ghazipur,Saidpur,Rawaal,174436,64678,1731,raval,Ghazipur,Saidpur,Raval,47456,0.8577777777777779,0.8577777777777779,,,,
up2021__684056,1731,tetarpur,Ghazipur,Saidpur,Tetarpur,174444,64687,1731,tatarpur,Ghazipur,Saidpur,Tatarpur,55181,0.8821428571428571,0.8821428571428571,,,,
up2021__718896,1731,uchauri,Ghazipur,Saidpur,Uchauri,174468,64688,1731,uchori,Ghazipur,Saidpur,Uchori,56488,0.8944444444444445,0.8944444444444445,,,,
up2021__787612,1731,vikrampur,Ghazipur,Saidpur,Vikrampur,174471,64626,1731,bikarampur,Ghazipur,Saidpur,Bikarampur,10897,0.8546296296296297,0.8546296296296297,,,,
up2021__821844,1731,tarai,Ghazipur,Saidpur,Tarai,174478,64686,1731,tarawn,Ghazipur,Saidpur,Tarawn,55099,0.8933333333333334,0.8933333333333334,,,,
up2021__814386,1731,jamin sandal,Ghazipur,Saidpur,Jamin Sandal,174479,64675,1731,zameen sandal,Ghazipur,Saidpur,Zameen Sandal,57680,0.8675213675213675,0.8675213675213675,,,,
up2021__726268,1731,gaibipur,Ghazipur,Saidpur,Gaibipur,174487,64639,1731,gavipur,Ghazipur,Saidpur,Gavipur,19316,0.8952380952380953,0.8952380952380953,,,,
up2021__767153,1731,dadhwal,Ghazipur,Saidpur,Dadhwal,174489,64633,1731,darhawal,Ghazipur,Saidpur,Darhawal,14537,0.8507936507936509,0.8507936507936509,,,,
up2021__937324,1731,sidhona,Ghazipur,Saidpur,Sidhona,174504,64681,1731,sidhauna,Ghazipur,Saidpur,Sidhauna,52422,0.8880952380952382,0.8880952380952382,,,,
up2021__937570,1731,ichwal,Ghazipur,Saidpur,Ichwal,174506,64636,1731,echwal,Ghazipur,Saidpur,Echwal,17424,0.888888888888889,0.888888888888889,,,,
up2021__877976,1731,shadi bhadi,Ghazipur,Saidpur,Shadi Bhadi,174526,270464,1731,sadibhadi,Ghazipur,Saidpur,Sadibhadi,48323,0.8787878787878789,0.8787878787878789,,,,
up2021__800463,1731,jainpur,Ghazipur,Saidpur,Jainpur,174531,270470,1731,jonpur,Ghazipur,Saidpur,Jonpur,25213,0.8642857142857143,0.8642857142857143,,,,
up2021__308872,1740,baherkuan,Gonda,Etiyathok,BaherKuan,174537,65195,1740,bahare kuiyan,Gonda,Itiathok,Bahare Kuiyan,4212,0.8763532763532764,0.8763532763532764,,,,
up2021__261699,1740,vishun pur mafi,Gonda,Etiyathok,Vishun Pur Mafi,174540,65207,1740,bishunpur mafi,Gonda,Itiathok,Bishunpur Mafi,11403,0.8804639804639804,0.8804639804639804,,,,
up2021__368744,1740,bagulayee,Gonda,Etiyathok,Bagulayee,174545,297209,1740,bagulahi,Gonda,Itiathok,Bagulahi,4062,0.8833333333333333,0.8833333333333333,,,,
up2021__376373,1740,madhyanagar,Gonda,Etiyathok,Madhyanagar,174547,65233,1740,madh nagar,Gonda,Itiathok,Madh Nagar,33301,0.8991919191919192,0.8991919191919192,,,,
up2021__359637,1740,jahandaria,Gonda,Etiyathok,Jahandaria,174554,297225,1740,jahdariya,Gonda,Itiathok,Jahdariya,23494,0.8690740740740741,0.8690740740740741,,,,
up2021__353659,1740,sirbankat,Gonda,Etiyathok,Sirbankat,174556,65254,1740,seer bankat,Gonda,Itiathok,Seer Bankat,50871,0.8848484848484848,0.8848484848484848,,,,
up2021__263240,1740,farenda kanungo,Gonda,Etiyathok,Farenda Kanungo,174568,65241,1740,pharenda kanoongo,Gonda,Itiathok,Pharenda Kanoongo,43631,0.8514831573655103,0.8514831573655103,,,,
up2021__295903,1740,kathowa,Gonda,Etiyathok,Kathowa,174571,65226,1740,kathauwa,Gonda,Itiathok,Kathauwa,27771,0.8880952380952382,0.8880952380952382,,,,
up2021__277445,1740,sazhwal,Gonda,Etiyathok,Sazhwal,174572,65252,1740,sanjhwal,Gonda,Itiathok,Sanjhwal,49660,0.8952380952380953,0.8952380952380953,,,,
up2021__231228,1740,ayya,Gonda,Etiyathok,Ayya,174578,65194,1740,ayah,Gonda,Itiathok,Ayah,3195,0.8666666666666667,0.8666666666666667,,,,
up2021__266582,1740,karuvapoora,Gonda,Etiyathok,Karuvapoora,174592,65225,1740,karuwa para,Gonda,Itiathok,Karuwa Para,27402,0.8659090909090909,0.8659090909090909,,,,
up2021__318489,1740,teliani kanungo,Gonda,Etiyathok,Teliani Kanungo,174595,65261,1740,telyani kanoongo,Gonda,Itiathok,Telyani Kanoongo,55372,0.8712927350427351,0.8712927350427351,,,,
up2021__371076,1740,dikhaul,Gonda,Etiyathok,Dikhaul,174597,65211,1740,dikhloul,Gonda,Itiathok,Dikhloul,16696,0.8880952380952382,0.8880952380952382,,,,
up2021__237943,1742,bhaishaha,Gonda,Katra Bazar,Bhaishaha,174620,65349,1742,bhansaha,Gonda,Katra Bazar,Bhansaha,9052,0.8856481481481482,0.8856481481481482,,,,
up2021__304967,1742,godwa,Gonda,Katra Bazar,Godwa,174655,65363,1742,gondawa,Gonda,Katra Bazar,Gondawa,20044,0.8704761904761905,0.8704761904761905,,,,
up2021__410912,1742,parsona,Gonda,Katra Bazar,Parsona,174661,65386,1742,parsauna,Gonda,Katra Bazar,Parsauna,42834,0.8880952380952382,0.8880952380952382,,,,
up2021__335117,1742,bhaiyya,Gonda,Katra Bazar,Bhaiyya,174671,65347,1742,bhadaiyan,Gonda,Katra Bazar,Bhadaiyan,8285,0.85,0.85,,,,
up2021__260416,1738,colonelganj gramin,Gonda,Colonelganj,Colonelganj Gramin,174691,65079,1738,colonel ganj rural,Gonda,Colonelganj,Colonel Ganj(Rural),13959,0.8825396825396825,0.8825396825396825,,,,
up2021__293628,1738,ku ratha,Gonda,Colonelganj,Ku Ratha,174699,65102,1738,kurtha,Gonda,Colonelganj,Kurtha,31549,0.888888888888889,0.888888888888889,,,,
up2021__369746,1738,dharkuinya,Gonda,Colonelganj,Dharkuinya,174718,65087,1738,ghar kuiyan,Gonda,Colonelganj,Ghar Kuiyan,19470,0.869023569023569,0.869023569023569,,,,
up2021__380940,1738,bibia pur awadhootanagar,Gonda,Colonelganj,Bibia Pur Awadhootanagar,174721,65074,1738,bibiyapur avdhut nagar,Gonda,Colonelganj,Bibiyapur Avdhut Nagar,10615,0.867902711323764,0.867902711323764,,,,
up2021__205031,1738,katara shahabaz pur,Gonda,Colonelganj,Katara Shahabaz Pur,174726,65098,1738,katra shahbajpur,Gonda,Colonelganj,Katra Shahbajpur,27915,0.8740716374269005,0.8740716374269005,,,,
up2021__216941,1738,malaoili,Gonda,Colonelganj,Malaoili,174732,65105,1738,malauli,Gonda,Colonelganj,Malauli,34852,0.8880952380952382,0.8880952380952382,,,,
up2021__354037,1738,badha,Gonda,Colonelganj,Badha,174737,297396,1738,bardaha,Gonda,Colonelganj,Bardaha,6288,0.8704761904761905,0.8704761904761905,,,,
up2021__266063,1737,birapur,Gonda,Chhapia,Birapur,174770,64995,1737,beerapur,Gonda,Chhapia,Beerapur,7603,0.8821428571428571,0.8821428571428571,,,,
up2021__229729,1737,tandua rani pur,Gonda,Chhapia,Tandua Rani Pur,174778,65060,1737,tendua ranipur,Gonda,Chhapia,Tendua Ranipur,55409,0.8693406593406594,0.8693406593406594,,,,
up2021__248198,1737,itelakhurd,Gonda,Chhapia,Itelakhurd,174781,65015,1737,itaila khurd,Gonda,Chhapia,Itaila Khurd,22996,0.877037037037037,0.877037037037037,,,,
up2021__275324,1737,agyamafi,Gonda,Chhapia,Agyamafi,174787,64985,1737,agaya mafi,Gonda,Chhapia,Agaya Mafi,404,0.88,0.88,,,,
up2021__270113,1737,mara,Gonda,Chhapia,Mara,174794,65024,1737,mada,Gonda,Chhapia,Mada,33101,0.8666666666666667,0.8666666666666667,,,,
up2021__233790,1737,devgaw,Gonda,Chhapia,Devgaw,174804,65005,1737,dev gaon,Gonda,Chhapia,Dev Gaon,15363,0.8736111111111112,0.8736111111111112,,,,
up2021__220384,1737,chatakanwan,Gonda,Chhapia,Chatakanwan,174819,65001,1737,chatkanva,Gonda,Chhapia,Chatkanva,12912,0.8732323232323231,0.8732323232323231,,,,
up2021__424595,1741,dhadwa kanungo,Gonda,Jhanjhari,Dhadwa Kanungo,174854,65281,1741,dadwa kanoongo,Gonda,Jhanjhari,Dadwa Kanoongo,14096,0.8892857142857142,0.8892857142857142,,,,
up2021__422406,1741,banghoosara,Gonda,Jhanjhari,Banghoosara,174859,65266,1741,banghusra,Gonda,Jhanjhari,Banghusra,5517,0.8982323232323232,0.8982323232323232,,,,
up2021__425559,1741,chachpara kanungo,Gonda,Jhanjhari,Chachpara Kanungo,174867,65277,1741,chhachhpara kanoongo,Gonda,Jhanjhari,Chhachhpara Kanoongo,13215,0.8809803921568627,0.8809803921568627,,,,
up2021__450137,1741,virpur vishen,Gonda,Jhanjhari,Virpur Vishen,174870,65336,1741,veerpur bisen,Gonda,Jhanjhari,Veerpur Bisen,57320,0.8615384615384616,0.8615384615384616,,,,
up2021__962443,1741,padrishankar,Gonda,Jhanjhari,Padrishankar,174873,297201,1741,pandari shankar,Gonda,Jhanjhari,Pandari Shankar,42183,0.8577777777777779,0.8577777777777779,,,,
up2021__961029,1741,pardesar,Gonda,Jhanjhari,Pardesar,174881,65320,1741,pared sarkar,Gonda,Jhanjhari,Pared Sarkar,42603,0.8930555555555556,0.8930555555555556,,,,
up2021__416956,1741,chachpaara mutwalli,Gonda,Jhanjhari,Chachpaara Mutwalli,174889,297166,1741,chhachhpara muttwalli,Gonda,Jhanjhari,Chhachhpara Muttwalli,13216,0.8737956001113896,0.8737956001113896,,,,
up2021__958160,1741,sihagaon,Gonda,Jhanjhari,Sihagaon,174925,65330,1741,seeha gaon,Gonda,Jhanjhari,Seeha Gaon,50856,0.8725,0.8725,,,,
up2021__461669,1749,laxmanpur,Gonda,Tarabganj,Laxmanpur,174955,65837,1749,lakshmanpur,Gonda,Tarabganj,Lakshmanpur,32237,0.8976430976430976,0.8976430976430976,,,,
up2021__466234,1749,dhaurahra ghat,Gonda,Tarabganj,Dhaurahra ghat,174958,65819,1749,dhourhara ghat,Gonda,Tarabganj,Dhourhara Ghat,16509,0.8798534798534798,0.8798534798534798,,,,
up2021__530864,1749,gardouli,Gonda,Tarabganj,Gardouli,174974,65821,1749,gadauli,Gonda,Tarabganj,Gadauli,18154,0.8952380952380953,0.8952380952380953,,,,
up2021__452238,1749,paraspatti majhwar,Gonda,Tarabganj,Paraspatti Majhwar,174982,65840,1749,paras majhwar,Gonda,Tarabganj,Paras Majhwar,42519,0.8982905982905983,0.8982905982905983,,,,
up2021__443652,1749,gabhora,Gonda,Tarabganj,Gabhora,174986,297428,1749,gabhaura,Gonda,Tarabganj,Gabhaura,18099,0.8880952380952382,0.8880952380952382,,,,
up2021__353204,1749,piprirehuwa,Gonda,Tarabganj,Piprirehuwa,174990,65843,1749,pipari rohua,Gonda,Tarabganj,Pipari Rohua,43975,0.8992424242424243,0.8992424242424243,,,,
up2021__264066,1745,lalepur,Gonda,Nawabganj,Lalepur,175011,65575,1745,lolpur,Gonda,Nawabganj,Lolpur,32932,0.8642857142857143,0.8642857142857143,,,,
up2021__315567,1745,rehli,Gonda,Nawabganj,Rehli,175020,65588,1745,raheli,Gonda,Nawabganj,Raheli,45243,0.8900000000000001,0.8900000000000001,,,,
up2021__260018,1745,daulatpur,Gonda,Nawabganj,Daulatpur,175034,65548,1745,doulatpur,Gonda,Nawabganj,Doulatpur,17004,0.8958333333333333,0.8958333333333333,,,,
up2021__219639,1745,gauriya,Gonda,Nawabganj,Gauriya,175037,65556,1745,gouriyya,Gonda,Nawabganj,Gouriyya,20396,0.8821428571428571,0.8821428571428571,,,,
up2021__203040,1745,garhi,Gonda,Nawabganj,Garhi,175043,65553,1745,gadhi,Gonda,Nawabganj,Gadhi,18206,0.8933333333333333,0.8933333333333333,,,,
up2021__418441,1745,chaukhiya,Gonda,Nawabganj,Chaukhiya,175055,65546,1745,choukhariya,Gonda,Nawabganj,Choukhariya,13875,0.8922558922558923,0.8922558922558923,,,,
up2021__261818,1745,nakhahra,Gonda,Nawabganj,Nakhahra,175058,65581,1745,nakahara,Gonda,Nawabganj,Nakahara,39165,0.8750000000000001,0.8750000000000001,,,,
up2021__652764,1746,mishrauliya kanungo,Gonda,Pandri Kripal,Mishrauliya Kanungo,175065,65623,1746,mishrolia kanoongo,Gonda,Pandri Kripal,Mishrolia Kanoongo,36930,0.8712280701754386,0.8712280701754386,,,,
up2021__1227781,1746,bhiti patkhauli,Gonda,Pandri Kripal,Bhiti Patkhauli,175077,65606,1746,bheeti pat khouli,Gonda,Pandri Kripal,Bheeti Pat Khouli,9781,0.8811865258924082,0.8811865258924082,,,,
up2021__1227562,1746,ukara,Gonda,Pandri Kripal,Ukara,175085,297317,1746,ukra,Gonda,Pandri Kripal,Ukra,56712,0.88,0.88,,,,
up2021__1217052,1746,sisaur andoopur,Gonda,Pandri Kripal,Sisaur Andoopur,175091,65637,1746,sisour andupur,Gonda,Pandri Kripal,Sisour Andupur,53363,0.8616666666666666,0.8616666666666666,,,,
up2021__448212,1746,semaradommon,Gonda,Pandri Kripal,Semaradommon,175113,65636,1746,semra damman,Gonda,Pandri Kripal,Semra Damman,51087,0.8755555555555556,0.8755555555555556,,,,
up2021__308475,1747,kardru,Gonda,Parsapur,Kardru,175118,65680,1747,kadaru,Gonda,Paraspur,Kadaru,25509,0.8577777777777779,0.8577777777777779,,,,
up2021__209076,1747,pyauli,Gonda,Parsapur,Pyauli,175121,65704,1747,pyoli,Gonda,Paraspur,Pyoli,45047,0.8577777777777779,0.8577777777777779,,,,
up2021__198291,1747,malaw,Gonda,Parsapur,Malaw,175122,65691,1747,malanv,Gonda,Paraspur,Malanv,34836,0.8933333333333334,0.8933333333333334,,,,
up2021__207644,1747,andoopur,Gonda,Parsapur,Andoopur,175127,65652,1747,andupur,Gonda,Paraspur,Andupur,2074,0.8694444444444446,0.8694444444444446,,,,
up2021__296827,1747,tyaurasi,Gonda,Parsapur,Tyaurasi,175129,65716,1747,tyorasi,Gonda,Paraspur,Tyorasi,56450,0.8507936507936509,0.8507936507936509,,,,
up2021__329092,1747,karthari,Gonda,Parsapur,Karthari,175130,65686,1747,kharthari,Gonda,Paraspur,Kharthari,29245,0.8916666666666667,0.8916666666666667,,,,
up2021__332592,1747,amaipur,Gonda,Parsapur,Amaipur,175170,65650,1747,abhayipur,Gonda,Paraspur,Abhayipur,139,0.8571428571428572,0.8571428571428572,,,,
up2021__222471,1747,mangu ra,Gonda,Parsapur,Mangu ra,175173,65692,1747,mangura bazar,Gonda,Paraspur,Mangura Bazar,35328,0.8980769230769231,0.8980769230769231,,,,
up2021__376659,1735,turkadiha,Gonda,Bhabha njot,Turkadiha,175197,64933,1735,turka deeh,Gonda,Babhanjot,Turka Deeh,56382,0.8955555555555555,0.8955555555555555,,,,
up2021__283711,1735,itwakhrud,Gonda,Bhabha njot,Itwakhrud,175225,64899,1735,intawa khurd,Gonda,Babhanjot,Intawa Khurd,22811,0.8583333333333333,0.8583333333333333,,,,
up2021__314243,1735,dhudhwa qutubjot,Gonda,Bhabha njot,Dhudhwa Qutubjot,175267,64891,1735,dhadhowa kutub jot,Gonda,Babhanjot,Dhadhowa Kutub Jot,15581,0.8693121693121693,0.8693121693121693,,,,
up2021__352905,1736,akauani,Gonda,Belasar,Akauani,175308,64936,1736,akouni,Gonda,Belsar,Akouni,1131,0.8793650793650793,0.8793650793650793,,,,
up2021__318385,1736,sindhauti,Gonda,Belasar,Sindhauti,175309,64976,1736,singhouti,Gonda,Belsar,Singhouti,52993,0.8962962962962963,0.8962962962962963,,,,
up2021__251882,1736,semrikala,Gonda,Belasar,Semrikala,175312,64975,1736,semari kalan,Gonda,Belsar,Semari Kalan,51027,0.8638888888888888,0.8638888888888888,,,,
up2021__338037,1736,lauvwa tepra,Gonda,Belasar,Lauvwa Tepra,175320,64962,1736,lavva tapra,Gonda,Belsar,Lavva Tapra,32612,0.8552188552188553,0.8552188552188553,,,,
up2021__357111,1736,khadaura,Gonda,Belasar,Khadaura,175322,64960,1736,khadora,Gonda,Belsar,Khadora,28360,0.8880952380952382,0.8880952380952382,,,,
up2021__300310,1743,kalenya,Gonda,Manakapur,Kalenya,175328,65445,1743,kalainiya,Gonda,Mankapur,Kalainiya,25957,0.85,0.85,,,,
up2021__227279,1743,benipur,Gonda,Manakapur,Benipur,175338,65419,1743,benipur belbharia,Gonda,Mankapur,Benipur Belbharia,8120,0.8823529411764706,0.8823529411764706,,,,
up2021__339117,1743,bauriapur ramnath,Gonda,Manakapur,Bauriapur Ramnath,175357,65411,1743,bairipur ramnath,Gonda,Mankapur,Bairipur Ramnath,4650,0.8630718954248365,0.8630718954248365,,,,
up2021__392329,1743,gyaniprsad,Gonda,Manakapur,Gyaniprsad,175389,65436,1743,gyanipur ramprasad,Gonda,Mankapur,Gyanipur Ramprasad,20887,0.8911111111111111,0.8911111111111111,,,,
up2021__406073,1743,datoli,Gonda,Manakapur,Datoli,175390,65424,1743,datauli,Gonda,Mankapur,Datauli,14717,0.8944444444444445,0.8944444444444445,,,,
up2021__336796,1743,banakasiyaa,Gonda,Manakapur,Banakasiyaa,175394,65417,1743,bankasiya,Gonda,Mankapur,Bankasiya,5626,0.8797979797979798,0.8797979797979798,,,,
up2021__398862,1743,ghadi,Gonda,Manakapur,Ghadi,175400,65431,1743,gadhhi,Gonda,Mankapur,Gadhhi,18205,0.8900000000000001,0.8900000000000001,,,,
up2021__357587,1743,virepur,Gonda,Manakapur,Virepur,175403,297461,1743,veerpur,Gonda,Mankapur,Veerpur,57316,0.8642857142857143,0.8642857142857143,,,,
up2021__207502,1744,devarada,Gonda,Mujehana,Devarada,175416,65494,1744,devaria alawal,Gonda,Mujehana,Devaria Alawal,15320,0.875,0.875,,,,
up2021__248363,1744,puredindua,Gonda,Mujehana,Puredindua,175417,65524,1744,purey tenduwa,Gonda,Mujehana,Purey Tenduwa,44942,0.8580769230769231,0.8580769230769231,,,,
up2021__384330,1744,kaurhe,Gonda,Mujehana,Kaurhe,175435,65510,1744,kourhe,Gonda,Mujehana,Kourhe,30879,0.9,0.9,,,,
up2021__365791,1744,chajawa,Gonda,Mujehana,Chajawa,175436,65491,1744,chhajwa,Gonda,Mujehana,Chhajwa,13233,0.8793650793650793,0.8793650793650793,,,,
up2021__350528,1744,musapur,Gonda,Mujehana,Musapur,175442,65516,1744,moosapur,Gonda,Mujehana,Moosapur,37509,0.8821428571428571,0.8821428571428571,,,,
up2021__421894,1744,dabrikalan,Gonda,Mujehana,Dabrikalan,175460,65492,1744,debari kala,Gonda,Mujehana,Debari Kala,14969,0.8821212121212121,0.8821212121212121,,,,
up2021__409539,1744,dattanagar maafi,Gonda,Mujehana,Dattanagar Maafi,175461,65501,1744,duttnagar mafi,Gonda,Mujehana,Duttnagar Mafi,17397,0.8530906593406594,0.8530906593406594,,,,
up2021__408058,1748,shivgadh,Gonda,Rupaidih,Shivgadh,175477,65795,1748,shivgara,Gonda,Rupaideeh,Shivgara,52160,0.9,0.9,,,,
up2021__401483,1748,padri parasarai,Gonda,Rupaidih,Padri Parasarai,175486,65777,1748,pandari para sarai,Gonda,Rupaideeh,Pandari Para Sarai,42182,0.8666666666666667,0.8666666666666667,,,,
up2021__361462,1748,piparachaube,Gonda,Rupaidih,Piparachaube,175490,65784,1748,pipra chobey,Gonda,Rupaideeh,Pipra Chobey,44077,0.8574074074074074,0.8574074074074074,,,,
up2021__423158,1748,pakdimarudih,Gonda,Rupaidih,Pakdimarudih,175511,65775,1748,pakadi maru deeh,Gonda,Rupaideeh,Pakadi Maru Deeh,41771,0.8652146464646464,0.8652146464646464,,,,
up2021__354407,1748,pacharukhi manoharjot,Gonda,Rupaidih,Pacharukhi Manoharjot,175522,65776,1748,panchurki manohar jot,Gonda,Rupaideeh,Panchurki Manohar Jot,42172,0.8790309106098579,0.8790309106098579,,,,
up2021__226404,1748,kadamwa,Gonda,Rupaidih,Kadamwa,175526,65755,1748,kamrawan,Gonda,Rupaideeh,Kamrawan,26374,0.8507936507936509,0.8507936507936509,,,,
up2021__374468,1748,sisi jungle,Gonda,Rupaidih,Sisi Jungle,175527,65796,1748,sisai jangal,Gonda,Rupaideeh,Sisai Jangal,53294,0.8992424242424243,0.8992424242424243,,,,
up2021__379564,1748,birpur bhoj,Gonda,Rupaidih,Birpur Bhoj,175529,65804,1748,veerpur bhoj,Gonda,Rupaideeh,Veerpur Bhoj,57319,0.8560606060606061,0.8560606060606061,,,,
up2021__404988,1748,kharagupuriмилия,Gonda,Rupaidih,Kharagupuriмилия,175545,65759,1748,khargupur imilia,Gonda,Rupaideeh,Khargupur Imilia,29165,0.85,0.85,,,,
up2021__245423,1748,farenda shukla,Gonda,Rupaidih,Farenda Shukla,175555,65780,1748,pharenda shukul,Gonda,Rupaideeh,Pharenda Shukul,43632,0.8857142857142857,0.8857142857142857,,,,
up2021__440355,1748,naushara,Gonda,Rupaidih,Naushara,175559,65773,1748,noushahra,Gonda,Rupaideeh,Noushahra,40949,0.8958333333333333,0.8958333333333333,,,,
up2021__336891,1748,sewerha,Gonda,Rupaidih,Sewerha,175570,65794,1748,sewaraha,Gonda,Rupaideeh,Sewaraha,51282,0.8694444444444446,0.8694444444444446,,,,
up2021__277688,1750,koder,Gonda,Wazirganj,Koder,175624,65897,1750,kondar,Gonda,Wazirganj,Kondar,30527,0.8577777777777779,0.8577777777777779,,,,
up2021__294640,1750,hazaratpur,Gonda,Wazirganj,Hazaratpur,175626,65886,1750,hajratpur,Gonda,Wazirganj,Hajratpur,21073,0.8837037037037038,0.8837037037037038,,,,
up2021__310940,1750,rupipur,Gonda,Wazirganj,Rupipur,175631,297438,1750,roopipur,Gonda,Wazirganj,Roopipur,47883,0.8821428571428571,0.8821428571428571,,,,
up2021__978027,1750,pipiri,Gonda,Wazirganj,Pipiri,175634,297440,1750,pipari,Gonda,Wazirganj,Pipari,43958,0.8755555555555556,0.8755555555555556,,,,
up2021__237463,1750,ashokpur gopalpur,Gonda,Wazirganj,Ashokpur Gopalpur,175636,65863,1750,ashokpur khofia,Gonda,Wazirganj,Ashokpur Khofia,2641,0.876078431372549,0.876078431372549,,,,
up2021__242188,1739,haladharamuu,Gonda,Haladharamuu,Haladharamuu,175651,65157,1739,haldhar mau,Gonda,Haldharmau,Haldhar Mau,21104,0.86989898989899,0.86989898989899,,,,
up2021__386618,1739,bhatanaiya,Gonda,Haladharamuu,Bhatanaiya,175668,65142,1739,bhat naiyya,Gonda,Haldharmau,Bhat Naiyya,9450,0.8991919191919192,0.8991919191919192,,,,
up2021__380939,1739,dhmasda,Gonda,Haladharamuu,Dhmasda,175681,297404,1739,dhamsara,Gonda,Haldharmau,Dhamsara,15744,0.8507936507936509,0.8507936507936509,,,,
up2021__383681,1739,malouna,Gonda,Haladharamuu,Malouna,175682,65170,1739,malauni,Gonda,Haldharmau,Malauni,34858,0.8666666666666668,0.8666666666666668,,,,
up2021__375441,1739,nagwakala,Gonda,Haladharamuu,"Nagwakala,",175683,65173,1739,nagawa kalan,Gonda,Haldharmau,Nagawa Kalan,38674,0.8638888888888888,0.8638888888888888,,,,
up2021__238036,1739,gadadupur,Gonda,Haladharamuu,Gadadupur,175694,65153,1739,gaddopur,Gonda,Haldharmau,Gaddopur,18174,0.8856481481481482,0.8856481481481482,,,,
up2021__399425,1739,piprirawat,Gonda,Haladharamuu,Piprirawat,175702,65182,1739,pipari rawat,Gonda,Haldharmau,Pipari Rawat,43974,0.8911111111111111,0.8911111111111111,,,,
up2021__400504,1739,minapur,Gonda,Haladharamuu,Minapur,175707,65172,1739,meenapur,Gonda,Haldharmau,Meenapur,36387,0.8821428571428571,0.8821428571428571,,,,
up2021__138079,1769,nagwan prem,Gorakhpur,Uruvaon,Nagwan Prem,175730,67118,1769,nagavaprem,Gorakhpur,Uruwa,Nagavaprem,38662,0.8896969696969697,0.8896969696969697,,,,
up2021__20823,1769,dhuriyapaar,Gorakhpur,Uruvaon,Dhuriyapaar,175731,67095,1769,dhoria par,Gorakhpur,Uruwa,Dhoria Par,16498,0.8739393939393939,0.8739393939393939,,,,
up2021__23899,1769,kotowaa,Gorakhpur,Uruvaon,Kotowaa,175746,67108,1769,kotva,Gorakhpur,Uruwa,Kotva,30839,0.8533333333333333,0.8533333333333333,,,,
up2021__71444,1769,imlidih,Gorakhpur,Uruvaon,Imlidih,175751,67105,1769,imlidih bujurg,Gorakhpur,Uruwa,Imlidih Bujurg,22695,0.9,0.9,,,,
up2021__25676,1769,dhevra buzurg,Gorakhpur,Uruvaon,Dhevra Buzurg,175754,67094,1769,dhebra bujurg,Gorakhpur,Uruwa,Dhebra Bujurg,16315,0.8857808857808858,0.8857808857808858,,,,
up2021__140440,1769,harredaar,Gorakhpur,Uruvaon,Harredaar,175759,67100,1769,haraedar bujurg,Gorakhpur,Uruwa,Haraedar Bujurg,21241,0.8807407407407407,0.8807407407407407,,,,
up2021__74744,1769,dedhui kamalchak,Gorakhpur,Uruvaon,Dedhui Kamalchak,175769,67092,1769,derhuyee kamal chak,Gorakhpur,Uruwa,Derhuyee Kamal Chak,15263,0.8964912280701754,0.8964912280701754,,,,
up2021__106051,1769,piperanem,Gorakhpur,Uruvaon,Piperanem,175781,67129,1769,pipara naem,Gorakhpur,Uruwa,Pipara Naem,43923,0.8812710437710437,0.8812710437710437,,,,
up2021__175860,1769,lakhan bujurg,Gorakhpur,Uruvaon,Lakhan Bujurg,175783,67109,1769,lakhunpur bujurg,Gorakhpur,Uruwa,Lakhunpur Bujurg,32218,0.8846153846153847,0.8846153846153847,,,,
up2021__127130,1769,babhanouli,Gorakhpur,Uruvaon,Babhanouli,175788,67081,1769,bhabhnauli,Gorakhpur,Uruwa,Bhabhnauli,8266,0.8733333333333334,0.8733333333333334,,,,
up2021__644,1769,bhitahon pandey,Gorakhpur,Uruvaon,Bhitahon Pandey,175789,67085,1769,bhitiha panday,Gorakhpur,Uruwa,Bhitiha Panday,10128,0.8814285714285713,0.8814285714285713,,,,
up2021__107872,1769,basani,Gorakhpur,Uruvaon,Basani,175793,67080,1769,besahani,Gorakhpur,Uruwa,Besahani,8201,0.875,0.875,,,,
up2021__8941,1756,tenua vishmbharpur,Gorakhpur,Kaimpiyarganj,Tenua Vishmbharpur,175820,66325,1756,tendua bisambharpur,Gorakhpur,Campierganj,Tendua Bisambharpur,55397,0.8934819688109162,0.8934819688109162,,,,
up2021__118600,1756,aalamchak,Gorakhpur,Kaimpiyarganj,Aalamchak,175827,66251,1756,alamchak,Gorakhpur,Campierganj,Alamchak,1193,0.8541666666666666,0.8541666666666666,,,,
up2021__173815,1756,lakshmipur 01,Gorakhpur,Kaimpiyarganj,Lakshmipur 01,175835,66292,1756,laxmipur 1,Gorakhpur,Campierganj,Laxmipur 1,32653,0.8912820512820513,0.8912820512820513,,,,
up2021__56459,1756,bhusawar,Gorakhpur,Kaimpiyarganj,Bhusawar,175866,66306,1756,musawar,Gorakhpur,Campierganj,Musawar,38271,0.8690476190476191,0.8690476190476191,,,,
up2021__109552,1761,kanayal,Gorakhpur,Kauriram,Kanayal,175910,66628,1761,kanaeel,Gorakhpur,Kauri Ram,Kanaeel,26403,0.8857142857142858,0.8857142857142858,,,,
up2021__27040,1763,jungle gauri no 2 alias amahiya,Gorakhpur,Khorabaar,Jungle Gauri no - 2 alias Amahiya,175935,66750,1763,jungle gaori no 2 urph amaia,Gorakhpur,Khorabar,Jungle Gaori No.2 Urph Amaia,25316,0.8998617511520738,0.8998617511520738,,,,
up2021__66637,1763,gour,Gorakhpur,Khorabaar,Gour,175943,66739,1763,gaur,Gorakhpur,Khorabar,Gaur,19085,0.8500000000000001,0.8500000000000001,,,,
up2021__55647,1763,nauva avval,Gorakhpur,Khorabaar,Nauva Avval,175948,66762,1763,nauwa awwal,Gorakhpur,Khorabar,Nauwa Awwal,40095,0.8727272727272728,0.8727272727272728,,,,
up2021__78002,1763,sonow,Gorakhpur,Khorabaar,Sonow,175949,66775,1763,sonwae,Gorakhpur,Khorabar,Sonwae,53832,0.8755555555555556,0.8755555555555556,,,,
up2021__67802,1763,dumri,Gorakhpur,Khorabaar,Dumri,175950,66736,1763,dumaree,Gorakhpur,Khorabar,Dumaree,17258,0.8533333333333333,0.8533333333333333,,,,
up2021__81383,1763,akolhi,Gorakhpur,Khorabaar,Akolhi,175954,66729,1763,akolahee,Gorakhpur,Khorabar,Akolahee,1111,0.8916666666666667,0.8916666666666667,,,,
up2021__33792,1763,poochiya brahmha sthan,Gorakhpur,Khorabaar,Poochiya Brahmha Sthan,175970,66763,1763,paochhiya brahm asthan,Gorakhpur,Khorabar,Paochhiya Brahm Asthan,42336,0.8584415584415584,0.8584415584415584,,,,
up2021__31718,1758,rakahat,Gorakhpur,Gagaha,Rakahat,175974,66424,1758,rakhat ah,Gorakhpur,Gagaha,Rakhat Ah.,45876,0.8814814814814815,0.8814814814814815,,,,
up2021__33422,1758,gadhi,Gorakhpur,Gagaha,Gadhi,175975,66394,1758,garahi,Gorakhpur,Gagaha,Garahi,18832,0.8577777777777779,0.8577777777777779,,,,
up2021__92221,1758,bhiti,Gorakhpur,Gagaha,Bhiti,175990,66385,1758,bheeti,Gorakhpur,Gagaha,Bheeti,9778,0.8577777777777779,0.8577777777777779,,,,
up2021__154573,1758,vaupar,Gorakhpur,Gagaha,Vaupar,175992,66380,1758,baupar,Gorakhpur,Gagaha,Baupar,7463,0.888888888888889,0.888888888888889,,,,
up2021__162406,1758,hatwa,Gorakhpur,Gagaha,Hatwa,176001,66400,1758,hatwa of gagah,Gorakhpur,Gagaha,Hatwa Of Gagah,22079,0.8714285714285714,0.8714285714285714,,,,
up2021__121209,1758,chakmali alias bithua,Gorakhpur,Gagaha,Chakmali alias Bithua,176016,66387,1758,chakmali urf bithua,Gorakhpur,Gagaha,Chakmali Urf Bithua,12184,0.8833020050125313,0.8833020050125313,,,,
up2021__185818,1758,kauwadeel,Gorakhpur,Gagaha,Kauwadeel,176019,66405,1758,kauadil,Gorakhpur,Gagaha,Kauadil,27968,0.888888888888889,0.888888888888889,,,,
up2021__117012,1758,talsar,Gorakhpur,Gagaha,Talsar,176028,66438,1758,tilsar,Gorakhpur,Gagaha,Tilsar,56035,0.9,0.9,,,,
up2021__119231,1758,badgo,Gorakhpur,Gagaha,Badgo,176030,66375,1758,barago,Gorakhpur,Gagaha,Barago,5930,0.8577777777777779,0.8577777777777779,,,,
up2021__165769,1758,sihaijpar,Gorakhpur,Gagaha,Sihaijpar,176032,66433,1758,sinhaeepar,Gorakhpur,Gagaha,Sinhaeepar,53057,0.8607407407407408,0.8607407407407408,,,,
up2021__169642,1759,nawli,Gorakhpur,Gola,Nawli,176058,271700,1759,navli,Gorakhpur,Gola,Navli,40157,0.8933333333333333,0.8933333333333333,,,,
up2021__37197,1759,raukoli,Gorakhpur,Gola,Raukoli,176061,66505,1759,rakauli,Gorakhpur,Gola,Rakauli,45868,0.8793650793650793,0.8793650793650793,,,,
up2021__10197,1759,kukraha,Gorakhpur,Gola,Kukraha,176074,66486,1759,kukurha,Gorakhpur,Gola,Kukurha,31128,0.8944444444444445,0.8944444444444445,,,,
up2021__78645,1759,unchagaon,Gorakhpur,Gola,Unchagaon,176079,271695,1759,uchagnav,Gorakhpur,Gola,Uchagnav,56469,0.8529761904761904,0.8529761904761904,,,,
up2021__110555,1759,kakrahee,Gorakhpur,Gola,Kakrahee,176083,66481,1759,kakarhi,Gorakhpur,Gola,Kakarhi,25846,0.8694444444444446,0.8694444444444446,,,,
up2021__103891,1759,waraipra urf padauli,Gorakhpur,Gola,Waraipra Urf Padauli,176085,66448,1759,baraipur urf parauli,Gorakhpur,Gola,Baraipur Urf Parauli,6045,0.8803921568627451,0.8803921568627451,,,,
up2021__72586,1759,bari tarya,Gorakhpur,Gola,"Bari Tarya,",176097,66516,1759,vani tarya,Gorakhpur,Gola,Vani Tarya,57263,0.8666666666666667,0.8666666666666667,,,,
up2021__89912,1757,belawaraypur,Gorakhpur,Chargaawon,Belawaraypur,176123,66332,1757,belwa raipur,Gorakhpur,Chargawan,Belwa Raipur,8054,0.8755555555555556,0.8755555555555556,,,,
up2021__36921,1757,jungle nandlal singh,Gorakhpur,Chargaawon,Jungle Nandlal Singh,176130,66339,1757,jangal nandlal singh,Gorakhpur,Chargawan,Jangal Nandlal Singh,24322,0.8733333333333334,0.8733333333333334,,,,
up2021__59084,1757,jaanv pakdi,Gorakhpur,Chargaawon,Jaanv Pakdi,176139,66345,1757,jangl pakri,Gorakhpur,Chargawan,Jangl Pakri,24349,0.8545454545454546,0.8545454545454546,,,,
up2021__105572,1760,gaighat,Gorakhpur,Jungle Kaudia,Gaighat,176165,271701,1760,gay ghat,Gorakhpur,Jangal Kaudia,Gay Ghat,19341,0.8952380952380953,0.8952380952380953,,,,
up2021__19620,1760,mirpur,Gorakhpur,Jungle Kaudia,Mirpur,176167,66567,1760,meerpur,Gorakhpur,Jangal Kaudia,Meerpur,36430,0.8642857142857143,0.8642857142857143,,,,
up2021__23587,1760,uska,Gorakhpur,Jungle Kaudia,Uska,176168,66595,1760,usaka,Gorakhpur,Jangal Kaudia,Usaka,57073,0.88,0.88,,,,
up2021__4345,1760,budhia vari,Gorakhpur,Jungle Kaudia,Budhia Vari,176176,66535,1760,buriya bari,Gorakhpur,Jangal Kaudia,Buriya Bari,11841,0.8545454545454546,0.8545454545454546,,,,
up2021__11641,1760,domingadh,Gorakhpur,Jungle Kaudia,Domingadh,176190,66542,1760,domin garh part,Gorakhpur,Jangal Kaudia,Domin Garh(Part),16939,0.8844444444444444,0.8844444444444444,,,,
up2021__67068,1760,ekma,Gorakhpur,Jungle Kaudia,Ekma,176201,66543,1760,ekama,Gorakhpur,Jangal Kaudia,Ekama,17440,0.88,0.88,,,,
up2021__33208,1764,mahrabari,Gorakhpur,Pali,Mahrabari,176220,66813,1764,mehrabari,Gorakhpur,Pali,Mehrabari,36532,0.8583333333333333,0.8583333333333333,,,,
up2021__70722,1764,dhuriyapaar,Gorakhpur,Pali,Dhuriyapaar,176221,66796,1764,dhuria par khas,Gorakhpur,Pali,Dhuria Par Khas,16570,0.8951515151515151,0.8951515151515151,,,,
up2021__57242,1764,rudauli urf mathiya,Gorakhpur,Pali,Rudauli Urf Mathiya,176222,66825,1764,randauli urf mathia,Gorakhpur,Pali,Randauli Urf Mathia,46776,0.8839009287925697,0.8839009287925697,,,,
up2021__106611,1764,dohriya kala,Gorakhpur,Pali,Dohriya Kala,176231,66797,1764,doharia kala,Gorakhpur,Pali,Doharia Kala,16884,0.8762626262626263,0.8762626262626263,,,,
up2021__123088,1764,naroli,Gorakhpur,Pali,Naroli,176233,66817,1764,narauli,Gorakhpur,Pali,Narauli,39489,0.8944444444444445,0.8944444444444445,,,,
up2021__119445,1764,mujoli,Gorakhpur,Pali,Mujoli,176243,66789,1764,mujauli,Gorakhpur,Pali,Mujauli,37836,0.8944444444444445,0.8944444444444445,,,,
up2021__113568,1764,pali,Gorakhpur,Pali,Pali,176247,66821,1764,pali khas,Gorakhpur,Pali,Pali Khas,42047,0.888888888888889,0.888888888888889,,,,
up2021__56485,1764,baahilpaar,Gorakhpur,Pali,Baahilpaar,176255,271726,1764,bahilpar,Gorakhpur,Pali,Bahilpar,4294,0.88,0.88,,,,
up2021__40683,1764,badgo,Gorakhpur,Pali,Badgo,176258,66782,1764,bargo,Gorakhpur,Pali,Bargo,6446,0.8933333333333333,0.8933333333333333,,,,
up2021__64302,1764,banoli,Gorakhpur,Pali,Banoli,176263,66778,1764,banauli,Gorakhpur,Pali,Banauli,5359,0.8944444444444445,0.8944444444444445,,,,
up2021__40570,1764,govindpur dwitiya,Gorakhpur,Pali,Govindpur Dwitiya,176265,66801,1764,govindpur 2,Gorakhpur,Pali,Govindpur 2,20455,0.8994652406417112,0.8994652406417112,,,,
up2021__50886,1764,sonawarsa,Gorakhpur,Pali,Sonawarsa,176266,66830,1764,sonbarsa,Gorakhpur,Pali,Sonbarsa,53707,0.8856481481481482,0.8856481481481482,,,,
up2021__152763,1765,uska,Gorakhpur,Pipraich,Uska,176279,66898,1765,usaka,Gorakhpur,Pipraich,Usaka,57074,0.88,0.88,,,,
up2021__121272,1765,roodrapur,Gorakhpur,Pipraich,Roodrapur,176284,66889,1765,rudrapur,Gorakhpur,Pipraich,Rudrapur,47999,0.8958333333333333,0.8958333333333333,,,,
up2021__127688,1765,ramanagar karjahan,Gorakhpur,Pipraich,Ramanagar Karjahan,176288,66884,1765,ramnagar karjaha,Gorakhpur,Pipraich,Ramnagar Karjaha,46173,0.8865740740740741,0.8865740740740741,,,,
up2021__175162,1765,barseni,Gorakhpur,Pipraich,Barseni,176299,66842,1765,barsaini,Gorakhpur,Pipraich,Barsaini,6797,0.8880952380952382,0.8880952380952382,,,,
up2021__99114,1765,islam pur,Gorakhpur,Pipraich,Islam pur,176310,66852,1765,eslampur,Gorakhpur,Pipraich,Eslampur,17537,0.8842592592592592,0.8842592592592592,,,,
up2021__117174,1765,maharaji,Gorakhpur,Pipraich,Maharaji,176311,66873,1765,mahrazi,Gorakhpur,Pipraich,Mahrazi,34088,0.8694444444444446,0.8694444444444446,,,,
up2021__50569,1765,harpur,Gorakhpur,Pipraich,Harpur,176314,66856,1765,harpur of pipraich,Gorakhpur,Pipraich,Harpur Of Pipraich,21705,0.8666666666666666,0.8666666666666666,,,,
up2021__112137,1765,kewatli,Gorakhpur,Pipraich,Kewatli,176316,66863,1765,kevtali,Gorakhpur,Pipraich,Kevtali,28265,0.8793650793650793,0.8793650793650793,,,,
up2021__123684,1765,basantpur,Gorakhpur,Pipraich,Basantpur,176325,66844,1765,basantpur of pipraich,Gorakhpur,Pipraich,Basantpur Of Pipraich,7084,0.8857142857142858,0.8857142857142858,,,,
up2021__88524,1766,jungal dirghan singh,Gorakhpur,Piparoli,Jungal Dirghan Singh,176337,66925,1766,jangl deerghan singh,Gorakhpur,Piprauli,Jangl Deerghan Singh,24343,0.8566666666666666,0.8566666666666666,,,,
up2021__99233,1766,gurauli,Gorakhpur,Piparoli,Gurauli,176348,66920,1766,gurauli buzurg,Gorakhpur,Piprauli,Gurauli Buzurg,20749,0.9,0.9,,,,
up2021__128253,1766,mahuahaar,Gorakhpur,Piparoli,Mahuahaar,176358,66939,1766,mahuadadh,Gorakhpur,Piprauli,Mahuadadh,34146,0.8825396825396825,0.8825396825396825,,,,
up2021__20605,1766,banodia,Gorakhpur,Piparoli,Banodia,176363,66905,1766,banauda,Gorakhpur,Piprauli,Banauda,5356,0.8666666666666668,0.8666666666666668,,,,
up2021__11150,1752,singhuapaar,Gorakhpur,Badhalganj,Singhuapaar,176374,66047,1752,sidhuapar,Gorakhpur,Barhalganj,Sidhuapar,52444,0.8976430976430976,0.8976430976430976,,,,
up2021__34834,1752,baidori,Gorakhpur,Badhalganj,Baidori,176380,65990,1752,baidauli,Gorakhpur,Barhalganj,Baidauli,4475,0.8678571428571429,0.8678571428571429,,,,
up2021__7292,1752,bhatpar,Gorakhpur,Badhalganj,Bhatpar,176385,65999,1752,bhatpar of barhalganj,Gorakhpur,Barhalganj,Bhatpar Of Barhalganj,9466,0.8666666666666666,0.8666666666666666,,,,
up2021__26738,1752,kolhua,Gorakhpur,Badhalganj,Kolhua,176387,66017,1752,kolhua of barhalganj,Gorakhpur,Barhalganj,Kolhua Of Barhalganj,30472,0.86,0.86,,,,
up2021__11684,1752,bhitivwal,Gorakhpur,Badhalganj,Bhitivwal,176391,66000,1752,bhiti baal,Gorakhpur,Barhalganj,Bhiti Baal,10126,0.8955555555555555,0.8955555555555555,,,,
up2021__30698,1752,kodari,Gorakhpur,Badhalganj,Kodari,176405,66014,1752,kodar nil kanth,Gorakhpur,Barhalganj,Kodar Nil Kanth,30295,0.88,0.88,,,,
up2021__115035,1752,jaitpur,Gorakhpur,Badhalganj,Jaitpur,176407,66010,1752,jaitpur of barhalganj,Gorakhpur,Barhalganj,Jaitpur Of Barhalganj,23654,0.8666666666666666,0.8666666666666666,,,,
up2021__124037,1752,belvaadakhilee,Gorakhpur,Badhalganj,Belvaadakhilee,176414,269969,1752,belawa dakhili,Gorakhpur,Barhalganj,Belawa Dakhili,7882,0.9,0.9,,,,
up2021__75736,1752,ghonghat,Gorakhpur,Badhalganj,Ghonghat,176429,66009,1752,gonghat,Gorakhpur,Barhalganj,Gonghat,20056,0.8767857142857143,0.8767857142857143,,,,
up2021__46820,1752,khutbhar,Gorakhpur,Badhalganj,Khutbhar,176431,66013,1752,khutbhar of barhalgana,Gorakhpur,Barhalganj,Khutbhar Of Barhalgana,29963,0.8727272727272728,0.8727272727272728,,,,
up2021__30817,1753,sidhora,Gorakhpur,Belghat,Sidhora,176466,66122,1753,sidhaura,Gorakhpur,Belghat,Sidhaura,52426,0.8880952380952382,0.8880952380952382,,,,
up2021__193588,1753,barla,Gorakhpur,Belghat,Barla,176467,269976,1753,varla,Gorakhpur,Belghat,Varla,57280,0.8666666666666667,0.8666666666666667,,,,
up2021__3861,1753,bamnpur,Gorakhpur,Belghat,Bamnpur,176477,66053,1753,babhanpura,Gorakhpur,Belghat,Babhanpura,3343,0.8552380952380954,0.8552380952380954,,,,
up2021__54299,1751,ataroli,Gorakhpur,Bosagaon,Ataroli,176521,65923,1751,atrauli,Gorakhpur,Bansgaon,Atrauli,2948,0.8793650793650793,0.8793650793650793,,,,
up2021__117044,1751,jigina bhianv,Gorakhpur,Bosagaon,Jigina Bhianv,176538,65954,1751,jiginia miyaon,Gorakhpur,Bansgaon,Jiginia Miyaon,24990,0.8767032967032967,0.8767032967032967,,,,
up2021__2803,1751,ledubari,Gorakhpur,Bosagaon,Ledubari,176543,65972,1751,leduabari khurd,Gorakhpur,Bansgaon,Leduabari Khurd,32683,0.8816666666666666,0.8816666666666666,,,,
up2021__127748,1751,sigha,Gorakhpur,Bosagaon,Sigha,176544,65983,1751,singaha,Gorakhpur,Bansgaon,Singaha,52919,0.8704761904761905,0.8704761904761905,,,,
up2021__74746,1751,dadavaa chatur,Gorakhpur,Bosagaon,Dadavaa Chatur,176565,65939,1751,dadrwa chatur,Gorakhpur,Bansgaon,Dadrwa Chatur,14081,0.8716783216783217,0.8716783216783217,,,,
up2021__92026,1751,bhatauli bazaar,Gorakhpur,Bosagaon,Bhatauli Bazaar,176573,65932,1751,bhatouli,Gorakhpur,Bansgaon,Bhatouli,9462,0.8683333333333333,0.8683333333333333,,,,
up2021__39769,1755,thuni mahochak,Gorakhpur,Brahmpur,Thuni Mahochak,176583,66246,1755,thunhi mahadew chak,Gorakhpur,Brahmpur,Thunhi Mahadew Chak,55740,0.8610179294389821,0.8610179294389821,,,,
up2021__145526,1755,dihgat,Gorakhpur,Brahmpur,Dihgat,176604,66206,1755,dihghat khas,Gorakhpur,Brahmpur,Dihghat Khas,16674,0.9,0.9,,,,
up2021__84648,1755,nauwaawaari,Gorakhpur,Brahmpur,Nauwaawaari,176607,66231,1755,nauwa bari palia,Gorakhpur,Brahmpur,Nauwa Bari Palia,40096,0.8668181818181818,0.8668181818181818,,,,
up2021__81451,1755,jagal rasoolpur n0 2,Gorakhpur,Brahmpur,Jagal Rasoolpur N0 - 2,176611,66218,1755,jungle rasoolpur no 2,Gorakhpur,Brahmpur,Jungle Rasoolpur No.2,25340,0.862563025210084,0.862563025210084,,,,
up2021__140290,1755,parsauni,Gorakhpur,Brahmpur,Parsauni,176615,66235,1755,parsauni of brahmpur,Gorakhpur,Brahmpur,Parsauni Of Brahmpur,42859,0.88,0.88,,,,
up2021__39580,1755,gajjikol,Gorakhpur,Brahmpur,Gajjikol,176638,66212,1755,ganjai kol,Gorakhpur,Brahmpur,Ganjai Kol,18780,0.8866666666666667,0.8866666666666667,,,,
up2021__52181,1755,katasikara,Gorakhpur,Brahmpur,Katasikara,176639,66221,1755,katsikra,Gorakhpur,Brahmpur,Katsikra,27940,0.895,0.895,,,,
up2021__21498,1754,bachra,Gorakhpur,Bhathat,Bachra,176643,66139,1754,banchara,Gorakhpur,Bhathat,Banchara,5392,0.888888888888889,0.888888888888889,,,,
up2021__58665,1754,jungle harpur,Gorakhpur,Bhathat,Jungle Harpur,176657,66158,1754,jangal harpur,Gorakhpur,Bhathat,Jangal Harpur,24314,0.8531468531468531,0.8531468531468531,,,,
up2021__171795,1754,aabadi sakhni,Gorakhpur,Bhathat,Aabadi Sakhni,176658,66131,1754,abadi sakhani,Gorakhpur,Bhathat,Abadi Sakhani,79,0.8846153846153846,0.8846153846153846,,,,
up2021__67512,1754,wailo,Gorakhpur,Bhathat,Wailo,176668,66137,1754,bailo,Gorakhpur,Bhathat,Bailo,4578,0.8666666666666667,0.8666666666666667,,,,
up2021__145383,1754,ghodaadeur,Gorakhpur,Bhathat,Ghodaadeur,176669,66151,1754,ghora deur,Gorakhpur,Bhathat,Ghora Deur,19603,0.8775000000000001,0.8775000000000001,,,,
up2021__147123,1754,sa madar bujurg,Gorakhpur,Bhathat,Sa.madar Bujurg,176670,66182,1754,samdar buzurg,Gorakhpur,Bhathat,Samdar Buzurg,49426,0.8817094017094018,0.8817094017094018,,,,
up2021__140500,1754,baradiha urf rauza,Gorakhpur,Bhathat,Baradiha Urf Rauza,176683,271599,1754,bardeeha urf rauza,Gorakhpur,Bhathat,Bardeeha Urf Rauza,6302,0.8606481481481482,0.8606481481481482,,,,
up2021__91901,1754,langdi gulriha,Gorakhpur,Bhathat,Langdi Gulriha,176686,66165,1754,langri gulariha,Gorakhpur,Bhathat,Langri Gulariha,32470,0.8975091575091575,0.8975091575091575,,,,
up2021__46278,1754,hafiznagar,Gorakhpur,Bhathat,Hafiznagar,176690,66152,1754,haphij nagar,Gorakhpur,Bhathat,Haphij Nagar,21233,0.8577777777777779,0.8577777777777779,,,,
up2021__25142,1754,budhadaih,Gorakhpur,Bhathat,Budhadaih,176691,66145,1754,budadeeh,Gorakhpur,Bhathat,Budadeeh,11655,0.8638888888888888,0.8638888888888888,,,,
up2021__146833,1754,pipiri,Gorakhpur,Bhathat,Pipiri,176699,66175,1754,pipari,Gorakhpur,Bhathat,Pipari,43951,0.8755555555555556,0.8755555555555556,,,,
up2021__148979,1754,parsona,Gorakhpur,Bhathat,Parsona,176703,66171,1754,parsauna,Gorakhpur,Bhathat,Parsauna,42835,0.8880952380952382,0.8880952380952382,,,,
up2021__5230,277620,bhorohiya,Gorakhpur,Bhorohiya,Bhorohiya,176705,66529,277620,bharohia,Gorakhpur,Bharohiya,Bharohia,9212,0.8693121693121693,0.8693121693121693,,,,
up2021__29899,277620,gopalapur,Gorakhpur,Bhorohiya,Gopalapur,176708,66546,277620,gopalapur of jk block,Gorakhpur,Bharohiya,Gopalapur Of Jk Block,20104,0.8857142857142858,0.8857142857142858,,,,
up2021__3144,277620,nuruddin cak,Gorakhpur,Bhorohiya,Nūruddīn Cak,176709,66572,277620,nooruddin chak,Gorakhpur,Bharohiya,Nooruddin Chak,40931,0.8834415584415584,0.8834415584415584,,,,
up2021__25917,277620,fardahni,Gorakhpur,Bhorohiya,Fardahni,176712,66575,277620,phardahni,Gorakhpur,Bharohiya,Phardahni,43628,0.8842592592592592,0.8842592592592592,,,,
up2021__18323,277620,budhelee,Gorakhpur,Bhorohiya,Budhelee,176714,66534,277620,budehli,Gorakhpur,Bharohiya,Budehli,11674,0.8694444444444446,0.8694444444444446,,,,
up2021__4747,277620,hadhkori,Gorakhpur,Bhorohiya,Hadhkori,176717,66547,277620,harkhori,Gorakhpur,Bharohiya,Harkhori,21625,0.8952380952380953,0.8952380952380953,,,,
up2021__51468,277620,rannadih,Gorakhpur,Bhorohiya,Rannadih,176724,66584,277620,ranadeeh,Gorakhpur,Bharohiya,Ranadeeh,46752,0.8833333333333334,0.8833333333333334,,,,
up2021__45320,277620,madha,Gorakhpur,Bhorohiya,Madha,176732,271707,277620,marha,Gorakhpur,Bharohiya,Marha,35771,0.8933333333333333,0.8933333333333333,,,,
up2021__44829,1768,avadhpur,Gorakhpur,Sardarnagar,Avadhpur,176759,67018,1768,awadh pur,Gorakhpur,Sardarnagar,Awadh Pur,3172,0.8958333333333333,0.8958333333333333,,,,
up2021__77682,1768,jungle mathiya,Gorakhpur,Sardarnagar,Jungle Mathiya,176768,271772,1768,jungal mathia,Gorakhpur,Sardarnagar,Jungal Mathia,25305,0.8893772893772893,0.8893772893772893,,,,
up2021__4463,1767,bhagoora,Gorakhpur,Sahjanwao,Bhagoora,176798,66967,1767,bhaghaura,Gorakhpur,Sahjanawa,Bhaghaura,8538,0.85,0.85,,,,
up2021__91836,1767,jabrela vishakohar,Gorakhpur,Sahjanwao,Jabrela Vishakohar,176812,66984,1767,jabraila bishkokhore,Gorakhpur,Sahjanawa,Jabraila Bishkokhore,23129,0.8766666666666668,0.8766666666666668,,,,
up2021__17126,1767,rewda,Gorakhpur,Sahjanwao,Rewda,176823,67009,1767,reoda,Gorakhpur,Sahjanawa,Reoda,47649,0.8933333333333333,0.8933333333333333,,,,
up2021__138244,1767,katasahara,Gorakhpur,Sahjanwao,Katasahara,176828,66989,1767,katsahra,Gorakhpur,Sahjanawa,Katsahra,27936,0.895,0.895,,,,
up2021__134666,1767,gordih,Gorakhpur,Sahjanwao,Gordih,176831,66981,1767,gouredih khas,Gorakhpur,Sahjanawa,Gouredih Khas,20391,0.8564102564102565,0.8564102564102565,,,,
up2021__65,1767,newasmafi,Gorakhpur,Sahjanwao,Newasmafi,176843,66999,1767,newas maphee,Gorakhpur,Sahjanawa,Newas Maphee,40518,0.8722222222222222,0.8722222222222222,,,,
up2021__93433,1767,jhakhi,Gorakhpur,Sahjanwao,Jhakhi,176847,66986,1767,jhakahee,Gorakhpur,Sahjanawa,Jhakahee,24825,0.8916666666666667,0.8916666666666667,,,,
up2021__117921,1767,ranidiyh,Gorakhpur,Sahjanwao,Ranidiyh,176853,67007,1767,ranideeh,Gorakhpur,Sahjanawa,Ranideeh,46816,0.9,0.9,,,,
up2021__83448,1767,vasia,Gorakhpur,Sahjanwao,Vasia,176857,66965,1767,basia,Gorakhpur,Sahjanawa,Basia,7246,0.8666666666666667,0.8666666666666667,,,,
up2021__233042,1710,sirsa,Gautam Buddha Nagar,Jewar,Sirsa,176859,63452,1710,sirsa machipur,Gautam Buddha Nagar,Jewar,Sirsa Machipur,53212,0.8714285714285714,0.8714285714285714,,,,
up2021__220636,1710,jahoگیرpur dehat,Gautam Buddha Nagar,Jewar,Jahoگیرpur Dehat,176871,274245,1710,jahangirpur dehat,Gautam Buddha Nagar,Jewar,Jahangirpur Dehat,23475,0.85359477124183,0.85359477124183,,,,
up2021__249897,1710,jevarkhaddar,Gautam Buddha Nagar,Jewar,Jevarkhaddar,176885,63424,1710,jewar khader,Gautam Buddha Nagar,Jewar,Jewar Khader,24805,0.8666666666666667,0.8666666666666667,,,,
up2021__425173,1708,kalauda,Gautam Buddha Nagar,Dadri,Kalauda,176912,63317,1708,kalonda,Gautam Buddha Nagar,Dadri,Kalonda,26083,0.8666666666666668,0.8666666666666668,,,,
up2021__298341,1708,chaysa,Gautam Buddha Nagar,Dadri,Chaysa,176914,63302,1708,chhayansa,Gautam Buddha Nagar,Dadri,Chhayansa,13390,0.8666666666666667,0.8666666666666667,,,,
up2021__300437,1707,shadipur chhidauli,Gautam Buddha Nagar,Visarkh,Shadipur Chhidauli,176921,63278,1707,sadipur chhidoli,Gautam Buddha Nagar,Bisrakh,Sadipur Chhidoli,48341,0.8512500000000001,0.8512500000000001,,,,
up2021__299749,1707,jaitwarpur,Gautam Buddha Nagar,Visarkh,Jaitwarpur,176925,63312,1707,jaitwapur navarpur,Gautam Buddha Nagar,Bisrakh,Jaitwapur Navarpur,23662,0.8911111111111111,0.8911111111111111,,,,
up2021__302990,1707,ooncha ameerpur,Gautam Buddha Nagar,Visarkh,Ooncha Ameerpur,176927,63293,1707,uncha amirpur,Gautam Buddha Nagar,Bisrakh,Uncha Amirpur,56953,0.8598290598290598,0.8598290598290598,,,,
up2021__292547,1707,islaamabaad kaldda,Gautam Buddha Nagar,Visarkh,Islaamabaad.Kaldda,176933,274309,1707,islamabad kalda,Gautam Buddha Nagar,Bisrakh,Islamabad Kalda,22893,0.9,0.9,,,,
up2021__351585,1707,kachaida warsabad,Gautam Buddha Nagar,Visarkh,Kachaida Warsabad,176936,63258,1707,kachheda warsabad,Gautam Buddha Nagar,Bisrakh,Kachheda Warsabad,25450,0.8862745098039215,0.8862745098039215,,,,
up2021__958356,1617,amra u,Chandauli,Chakia,Amra U.,176955,274231,1617,amra daksiri,Chandauli,Chakiya,Amra Daksiri,1898,0.85,0.85,,,,
up2021__951301,1617,bhamora,Chandauli,Chakia,Bhamora,176960,57756,1617,bhamhaura,Chandauli,Chakiya,Bhamhaura,8942,0.8714285714285714,0.8714285714285714,,,,
up2021__657928,1617,dawoodpur,Chandauli,Chakia,Dawoodpur,176968,57769,1617,daudpur,Chandauli,Chakiya,Daudpur,14766,0.873015873015873,0.873015873015873,,,,
up2021__667328,1617,chitoudi,Chandauli,Chakia,Chitoudi,176980,57767,1617,chitauri,Chandauli,Chakiya,Chitauri,13741,0.9,0.9,,,,
up2021__662638,1617,mawooya,Chandauli,Chakia,Mawooya,176981,57801,1617,mawaiya,Chandauli,Chakiya,Mawaiya,36303,0.8666666666666668,0.8666666666666668,,,,
up2021__690701,1617,dwari kala,Chandauli,Chakia,Dwari Kala,176982,57793,1617,dawari kala,Chandauli,Chakiya,Dawari Kala,14931,0.8527272727272728,0.8527272727272728,,,,
up2021__529116,1617,kudera,Chandauli,Chakia,Kudera,176993,57794,1617,kudara,Chandauli,Chakiya,Kudara,30995,0.8755555555555556,0.8755555555555556,,,,
up2021__554622,1617,hinauti d0,Chandauli,Chakia,Hinauti D0,177008,57784,1617,hinautee daksiri,Chandauli,Chakiya,Hinautee Daksiri,22255,0.8702777777777777,0.8702777777777777,,,,
up2021__517516,1618,majhwar,Chandauli,Chandauli,Majhwar,177032,57868,1618,majhawar khas,Chandauli,Chandauli,Majhawar Khas,34520,0.8791208791208791,0.8791208791208791,,,,
up2021__808310,1618,hinauta,Chandauli,Chandauli,Hinauta,177067,57854,1618,hinauta urf jagdishrai,Chandauli,Chandauli,Hinauta Urf Jagdishrai,22254,0.8636363636363636,0.8636363636363636,,,,
up2021__536120,1618,hadrika,Chandauli,Chandauli,Hadrika,177095,57851,1618,hararika,Chandauli,Chandauli,Hararika,21300,0.8507936507936509,0.8507936507936509,,,,
up2021__588102,1618,purwa ta0 maidhi,Chandauli,Chandauli,Purwa Ta0 Maidhi,177107,266287,1618,purawa taluk maidhi,Chandauli,Chandauli,Purawa Taluk Maidhi,44799,0.8740716374269005,0.8740716374269005,,,,
up2021__828252,1616,ajgara,Chandauli,Chahniya,Ajgara,177118,57669,1616,ajagara,Chandauli,Chahniya,Ajagara,787,0.873015873015873,0.873015873015873,,,,
up2021__949945,1616,sonawarsa,Chandauli,Chahniya,Sonawarsa,177123,57742,1616,son barasa,Chandauli,Chahniya,Son Barasa,53698,0.8982407407407408,0.8982407407407408,,,,
up2021__950717,1616,molnapur,Chandauli,Chahniya,Molnapur,177129,57711,1616,mulanapur,Chandauli,Chahniya,Mulanapur,37921,0.8529761904761904,0.8529761904761904,,,,
up2021__950921,1616,majidha,Chandauli,Chahniya,Majidha,177132,57709,1616,mazadiha,Chandauli,Chahniya,Mazadiha,36342,0.8507936507936509,0.8507936507936509,,,,
up2021__941343,1616,badgawa,Chandauli,Chahniya,Badgawa,177158,57673,1616,bargawan,Chandauli,Chahniya,Bargawan,6432,0.8952380952380953,0.8952380952380953,,,,
up2021__956562,1619,pacgangapur,Chandauli,Dhanapur,Pacgangapur,177205,57949,1619,panchang pur,Chandauli,Dhanapur,Panchang Pur,42158,0.8552188552188553,0.8552188552188553,,,,
up2021__958623,1619,paperol,Chandauli,Dhanapur,Paperol,177211,57950,1619,papraul,Chandauli,Dhanapur,Papraul,42351,0.8666666666666668,0.8666666666666668,,,,
up2021__957672,1619,vabhaniyav thana,Chandauli,Dhanapur,Vabhaniyav Thana,177230,57908,1619,babhaniyaw thana,Chandauli,Dhanapur,Babhaniyaw Thana,3331,0.8928571428571429,0.8928571428571429,,,,
up2021__956349,1619,kohda,Chandauli,Dhanapur,Kohda,177236,57934,1619,kohara,Chandauli,Dhanapur,Kohara,30348,0.8755555555555556,0.8755555555555556,,,,
up2021__959081,1619,khaadaan,Chandauli,Dhanapur,Khaadaan,177239,57933,1619,kharan,Chandauli,Dhanapur,Kharan,29082,0.8736111111111112,0.8736111111111112,,,,
up2021__959095,1619,inayatpur,Chandauli,Dhanapur,Inayatpur,177242,57921,1619,enamatpur,Chandauli,Dhanapur,Enamatpur,17514,0.8518518518518517,0.8518518518518517,,,,
up2021__953387,1619,bhadahoo,Chandauli,Dhanapur,Bhadahoo,177254,57914,1619,bhadau,Chandauli,Dhanapur,Bhadau,8309,0.8916666666666667,0.8916666666666667,,,,
up2021__957835,1619,hingutarh,Chandauli,Dhanapur,Hingutarh,177260,57924,1619,hingutar jagdishpur,Chandauli,Dhanapur,Hingutar Jagdishpur,22290,0.8947368421052632,0.8947368421052632,,,,
up2021__958979,1619,dhodiyyan,Chandauli,Dhanapur,Dhodiyyan,177277,273725,1619,dodhiya,Chandauli,Dhanapur,Dodhiya,16858,0.8904761904761904,0.8904761904761904,,,,
up2021__652118,1621,semra,Chandauli,Niyamatabad,Semra,177297,58065,1621,semaray,Chandauli,Niyamatabad,Semaray,51002,0.8866666666666667,0.8866666666666667,,,,
up2021__628782,1621,sahajor,Chandauli,Niyamatabad,Sahajor,177309,58061,1621,sahjaur,Chandauli,Niyamatabad,Sahjaur,48604,0.8944444444444445,0.8944444444444445,,,,
up2021__1038580,1621,khajurgain,Chandauli,Niyamatabad,Khajurgain,177312,58036,1621,khajurpur gawan,Chandauli,Niyamatabad,Khajurpur Gawan,28630,0.9,0.9,,,,
up2021__606534,1621,mavaye kala,Chandauli,Niyamatabad,Mavaye Kala,177320,58050,1621,mawai kala,Chandauli,Niyamatabad,Mawai Kala,36292,0.8739393939393939,0.8739393939393939,,,,
up2021__966914,1621,chanderkho,Chandauli,Niyamatabad,Chanderkho,177326,58008,1621,chandar khan,Chandauli,Niyamatabad,Chandar Khan,12458,0.8933333333333334,0.8933333333333334,,,,
up2021__1026293,1621,devai,Chandauli,Niyamatabad,Devai,177354,58013,1621,dewai,Chandauli,Niyamatabad,Dewai,15495,0.8933333333333333,0.8933333333333333,,,,
up2021__700169,1621,jagdishpur alias bhatariyaan,Chandauli,Niyamatabad,Jagdishpur Alias Bhatariyaan,177369,273729,1621,jagdishpur urf bhatariya,Chandauli,Niyamatabad,Jagdishpur Urf Bhatariya,23376,0.8869047619047619,0.8869047619047619,,,,
up2021__876056,1621,kuudhekhurd,Chandauli,Niyamatabad,Kuudhekhurd,177370,268044,1621,kush khurd,Chandauli,Niyamatabad,Kush Khurd,31631,0.8739393939393939,0.8739393939393939,,,,
up2021__505487,1620,jaymohini postha,Chandauli,Naugarh,Jaymohini Postha,177374,274239,1620,jai mohini posta,Chandauli,Naugarh,Jai Mohini Posta,23529,0.8761904761904762,0.8761904761904762,,,,
up2021__936974,1620,deura,Chandauli,Naugarh,Deura,177383,57980,1620,derora,Chandauli,Naugarh,Derora,15264,0.8577777777777779,0.8577777777777779,,,,
up2021__870202,1620,jaymohni,Chandauli,Naugarh,Jaymohni,177384,57985,1620,jai mohani,Chandauli,Naugarh,Jai Mohani,23528,0.8866666666666667,0.8866666666666667,,,,
up2021__962611,1620,badhi,Chandauli,Naugarh,Badhi,177391,57971,1620,baghi,Chandauli,Naugarh,Baghi,3976,0.8933333333333333,0.8933333333333333,,,,
up2021__962626,1620,semra kushahi,Chandauli,Naugarh,Semra Kushahi,177395,271404,1620,semara kusahi,Chandauli,Naugarh,Semara Kusahi,50999,0.8863247863247864,0.8863247863247864,,,,
up2021__961616,1620,dewari kalan,Chandauli,Naugarh,dewari kalan,177396,57979,1620,deori kalan,Chandauli,Naugarh,Deori Kalan,15241,0.8513131313131314,0.8513131313131314,,,,
up2021__572114,1620,devadattpur,Chandauli,Naugarh,Devadattpur,177398,271383,1620,deo dattpur,Chandauli,Naugarh,Deo Dattpur,15120,0.8734006734006734,0.8734006734006734,,,,
up2021__572786,1620,laximanpur,Chandauli,Naugarh,Laximanpur,177401,271393,1620,lachhatminpur,Chandauli,Naugarh,Lachhatminpur,31848,0.8616524216524216,0.8616524216524216,,,,
up2021__647277,1620,mungerhi,Chandauli,Naugarh,Mungerhi,177412,57990,1620,mangrahi,Chandauli,Naugarh,Mangrahi,35305,0.8500000000000001,0.8500000000000001,,,,
up2021__963343,1620,devkhata,Chandauli,Naugarh,Devkhata,177413,57978,1620,deokhat,Chandauli,Naugarh,Deokhat,15157,0.8952380952380953,0.8952380952380953,,,,
up2021__939596,1615,siktha,Chandauli,Barhani,Siktha,177419,57662,1615,sikata,Chandauli,Berahani,Sikata,52675,0.8755555555555556,0.8755555555555556,,,,
up2021__771711,1615,bakoudi,Chandauli,Barhani,Bakoudi,177423,57608,1615,bakauri,Chandauli,Berahani,Bakauri,4834,0.8666666666666668,0.8666666666666668,,,,
up2021__904015,1615,asna,Chandauli,Barhani,Asna,177432,57605,1615,asana,Chandauli,Berahani,Asana,2525,0.88,0.88,,,,
up2021__959286,1615,pipiri,Chandauli,Barhani,Pipiri,177439,57655,1615,pipari,Chandauli,Berahani,Pipari,43950,0.8755555555555556,0.8755555555555556,,,,
up2021__694971,1615,chatem,Chandauli,Barhani,Chatem,177445,57617,1615,chhatam,Chandauli,Berahani,Chhatam,13329,0.8793650793650793,0.8793650793650793,,,,
up2021__959017,1615,jogwan urf dubauliya,Chandauli,Barhani,Jogwan urf Dubauliya,177450,57630,1615,jogawaurf dubauliya,Chandauli,Berahani,Jogawaurf Dubauliya,25142,0.886608187134503,0.886608187134503,,,,
up2021__950764,1615,barthi kamaror,Chandauli,Barhani,Barthi Kamaror,177462,57611,1615,barati kamraura,Chandauli,Berahani,Barati Kamraura,6154,0.8616666666666666,0.8616666666666666,,,,
up2021__909279,1615,adsad,Chandauli,Barhani,Adsad,177476,57602,1615,adsar jagdishpur,Chandauli,Berahani,Adsar Jagdishpur,328,0.8625,0.8625,,,,
up2021__911480,1615,oyarchak,Chandauli,Barhani,Oyarchak,177477,57650,1615,ovar chak,Chandauli,Berahani,Ovar Chak,41134,0.8958333333333333,0.8958333333333333,,,,
up2021__958261,1622,khakhda,Chandauli,Shahababganj,Khakhda,177491,58106,1622,khkhra,Chandauli,Sahabganj,Khkhra,29730,0.8793650793650793,0.8793650793650793,,,,
up2021__969657,1622,hadaura,Chandauli,Shahababganj,Hadaura,177492,58094,1622,harhaura,Chandauli,Sahabganj,Harhaura,21474,0.8507936507936509,0.8507936507936509,,,,
up2021__719533,1622,ghodasari,Chandauli,Shahababganj,Ghodasari,177493,58093,1622,ghorhsari,Chandauli,Sahabganj,Ghorhsari,19615,0.8629629629629629,0.8629629629629629,,,,
up2021__657791,1622,ramamado,Chandauli,Shahababganj,Ramamado,177500,58120,1622,ram mando,Chandauli,Sahabganj,Ram Mando,46090,0.8856481481481482,0.8856481481481482,,,,
up2021__982792,1622,bhteraul,Chandauli,Shahababganj,Bhteraul,177501,58084,1622,bhatraul,Chandauli,Sahabganj,Bhatraul,9513,0.8952380952380953,0.8952380952380953,,,,
up2021__666112,1622,lataw,Chandauli,Shahababganj,Lataw,177504,58108,1622,lataon,Chandauli,Sahabganj,Lataon,32511,0.8933333333333334,0.8933333333333334,,,,
up2021__660124,1622,kidihira,Chandauli,Shahababganj,Kidihira,177505,58107,1622,kirhira,Chandauli,Sahabganj,Kirhira,30082,0.8507936507936509,0.8507936507936509,,,,
up2021__663119,1622,naidiha,Chandauli,Shahababganj,Naidiha,177506,58116,1622,naudiha,Chandauli,Sahabganj,Naudiha,39967,0.8793650793650793,0.8793650793650793,,,,
up2021__990583,1622,atasyganj,Chandauli,Shahababganj,Atasyganj,177508,58074,1622,ataysat ganj,Chandauli,Sahabganj,Ataysat Ganj,2874,0.8898148148148148,0.8898148148148148,,,,
up2021__988526,1622,karanol,Chandauli,Shahababganj,Karanol,177509,58100,1622,karnaul,Chandauli,Sahabganj,Karnaul,27297,0.8944444444444445,0.8944444444444445,,,,
up2021__969496,1622,padriya,Chandauli,Shahababganj,Padriya,177516,58119,1622,parariya,Chandauli,Sahabganj,Parariya,42453,0.8507936507936509,0.8507936507936509,,,,
up2021__673467,1622,vanbhikhmpur,Chandauli,Shahababganj,Vanbhikhmpur,177528,58075,1622,ban bhikhampur,Chandauli,Sahabganj,Ban Bhikhampur,5384,0.8704906204906204,0.8704906204906204,,,,
up2021__983201,1622,bhukuda,Chandauli,Shahababganj,Bhukuda,177549,58086,1622,bhur kurha,Chandauli,Sahabganj,Bhur Kurha,10511,0.8733333333333334,0.8733333333333334,,,,
up2021__961246,1622,khilchi rajdiho,Chandauli,Shahababganj,Khilchi Rajdiho,177551,269546,1622,khilacha rajdiha,Chandauli,Sahabganj,Khilacha Rajdiha,29627,0.8896794871794872,0.8896794871794872,,,,
up2021__545436,1623,dedhgava,Chandauli,Sakaldeeha,Dedhgava,177563,58155,1623,dedha gavan,Chandauli,Sakaldiha,Dedha Gavan,14981,0.8954545454545455,0.8954545454545455,,,,
up2021__685405,1623,vishunpura,Chandauli,Sakaldeeha,Vishunpura,177573,58150,1623,bisunpura,Chandauli,Sakaldiha,Bisunpura,11445,0.8962962962962964,0.8962962962962964,,,,
up2021__704054,1623,tenuwat,Chandauli,Sakaldeeha,Tenuwat,177578,58220,1623,tenwar,Chandauli,Sakaldiha,Tenwar,55465,0.8944444444444445,0.8944444444444445,,,,
up2021__609723,1623,ukni birmaray,Chandauli,Sakaldeeha,Ukni Birmaray,177579,58221,1623,ukani viram rai,Chandauli,Sakaldiha,Ukani_Viram Rai,56696,0.8636208236208236,0.8636208236208236,,,,
up2021__578796,1623,saraypakwan,Chandauli,Sakaldeeha,Saraypakwan,177591,58214,1623,sary pakavan,Chandauli,Sakaldiha,Sary Pakavan,50610,0.8932323232323233,0.8932323232323233,,,,
up2021__699508,1623,jeevanpur,Chandauli,Sakaldeeha,Jeevanpur,177599,58174,1623,jivanpur,Chandauli,Sakaldiha,Jivanpur,25091,0.8958333333333333,0.8958333333333333,,,,
up2021__667342,1623,devadil,Chandauli,Sakaldeeha,Devadil,177613,58156,1623,deodil,Chandauli,Sakaldiha,Deodil,15123,0.8793650793650793,0.8793650793650793,,,,
up2021__609822,1623,fagooiya,Chandauli,Sakaldeeha,Fagooiya,177622,58166,1623,faguia,Chandauli,Sakaldiha,Faguia,17578,0.8736111111111112,0.8736111111111112,,,,
up2021__632253,1623,kodariya,Chandauli,Sakaldeeha,Kodariya,177626,58182,1623,koraria,Chandauli,Sakaldiha,Koraria,30611,0.8507936507936509,0.8507936507936509,,,,
up2021__954005,1623,sevkharkala,Chandauli,Sakaldeeha,Sevkharkala,177629,58215,1623,sevakhar kala,Chandauli,Sakaldiha,Sevakhar Kala,51254,0.8792540792540793,0.8792540792540793,,,,
up2021__952257,1623,sev khar khurd,Chandauli,Sakaldeeha,Sev Khar Khurd,177663,268220,1623,sewkhar khur,Chandauli,Sakaldiha,Sewkhar Khur,51285,0.8721500721500721,0.8721500721500721,,,,
up2021__312785,1624,makri pahra,Chitrakoot,Karvi(Chitrakoot),Makri - Pahra,177685,58280,1624,makari pahara,Chitrakoot,Karwi,Makari Pahara,34678,0.8792540792540793,0.8792540792540793,,,,
up2021__329730,1624,hinauta mafi,Chitrakoot,Karvi(Chitrakoot),Hinauta Mafi,177691,58259,1624,hinouta mafi,Chitrakoot,Karwi,Hinouta Mafi,22293,0.8974747474747474,0.8974747474747474,,,,
up2021__524607,1624,shivrampur,Chitrakoot,Karvi(Chitrakoot),Shivrampur,177692,58308,1624,sheo rampur,Chitrakoot,Karwi,Sheo Rampur,51979,0.8739393939393939,0.8739393939393939,,,,
up2021__467072,1624,sheetalpurtauruha,Chitrakoot,Karvi(Chitrakoot),Sheetalpurtauruha,177710,58309,1624,shitalpur tarauha,Chitrakoot,Karwi,Shitalpur Tarauha,52130,0.8677871148459384,0.8677871148459384,,,,
up2021__447045,1624,dugaavaan,Chitrakoot,Karvi(Chitrakoot),DugaavaaN,177720,58253,1624,dugawa,Chitrakoot,Karwi,Dugawa,17129,0.8777777777777778,0.8777777777777778,,,,
up2021__490993,1624,bihaara,Chitrakoot,Karvi(Chitrakoot),Bihaara,177726,58243,1624,bihara pal dav,Chitrakoot,Karwi,Bihara Pal Dav,10730,0.8714285714285714,0.8714285714285714,,,,
up2021__390956,1624,dilora,Chitrakoot,Karvi(Chitrakoot),Dilora,177735,58250,1624,deloura,Chitrakoot,Karwi,Deloura,15098,0.8642857142857143,0.8642857142857143,,,,
up2021__530078,1624,patoda,Chitrakoot,Karvi(Chitrakoot),Patoda,177748,58291,1624,patunda,Chitrakoot,Karwi,Patunda,43406,0.8944444444444445,0.8944444444444445,,,,
up2021__460769,1627,surwal,Chitrakoot,Pahadi,Surwal,177763,58510,1627,surwal bangar,Chitrakoot,Pahari,Surwal Bangar,54578,0.8923076923076924,0.8923076923076924,,,,
up2021__522197,1627,bilas,Chitrakoot,Pahadi,Bilas,177767,58453,1627,bilas banger,Chitrakoot,Pahari,Bilas Banger,10944,0.8833333333333334,0.8833333333333334,,,,
up2021__356886,1627,muharwa,Chitrakoot,Pahadi,Muharwa,177785,58491,1627,moharwan,Chitrakoot,Pahari,Moharwan,37328,0.8821428571428571,0.8821428571428571,,,,
up2021__382653,1627,rampuria abbal,Chitrakoot,Pahadi,Rampuria Abbal,177787,58504,1627,ram puriya awwal,Chitrakoot,Pahari,Ram Puriya Awwal,46487,0.85,0.85,,,,
up2021__385293,1627,dhoruchmafi,Chitrakoot,Pahadi,Dhoruchmafi,177789,58465,1627,daheruchh mafi,Chitrakoot,Pahari,Daheruchh Mafi,14167,0.887012987012987,0.887012987012987,,,,
up2021__323790,1627,raipur,Chitrakoot,Pahadi,Raipur,177791,58503,1627,raipur bangar,Chitrakoot,Pahari,Raipur Bangar,45446,0.8923076923076924,0.8923076923076924,,,,
up2021__304792,1627,kandhvaniya,Chitrakoot,Pahadi,Kandhvaniya,177793,58480,1627,kandha baniya,Chitrakoot,Pahari,Kandha Baniya,26512,0.8956643356643357,0.8956643356643357,,,,
up2021__352717,1627,berar,Chitrakoot,Pahadi,Berar,177800,58447,1627,beraur banger,Chitrakoot,Pahari,Beraur Banger,8148,0.8769230769230769,0.8769230769230769,,,,
up2021__268526,1627,babupur,Chitrakoot,Pahadi,Babupur,177818,58441,1627,baboopur,Chitrakoot,Pahari,Baboopur,3383,0.8694444444444446,0.8694444444444446,,,,
up2021__445016,1627,biharwa,Chitrakoot,Pahadi,Biharwa,177822,58452,1627,biharwa bangar,Chitrakoot,Pahari,Biharwa Bangar,10762,0.9,0.9,,,,
up2021__365601,1627,chechriha khurd,Chitrakoot,Pahadi,Chechriha Khurd,177826,58462,1627,chhechheriha khurd,Chitrakoot,Pahari,Chhechheriha Khurd,13393,0.8666666666666667,0.8666666666666667,,,,
up2021__412842,1627,ashoh,Chitrakoot,Pahadi,Ashoh,177828,58438,1627,asoh,Chitrakoot,Pahari,Asoh,2710,0.88,0.88,,,,
up2021__374380,1627,chakjaphar mafi,Chitrakoot,Pahadi,Chakjaphar Mafi,177830,58458,1627,chak jafar,Chitrakoot,Pahari,Chak Jafar,12142,0.8933333333333334,0.8933333333333334,,,,
up2021__434526,1627,hasta,Chitrakoot,Pahadi,Hasta,177833,58474,1627,hasta bangar,Chitrakoot,Pahari,Hasta Bangar,21932,0.8833333333333334,0.8833333333333334,,,,
up2021__427188,1627,naini,Chitrakoot,Pahadi,Naini,177835,58493,1627,naini bangar,Chitrakoot,Pahari,Naini Bangar,39127,0.8833333333333334,0.8833333333333334,,,,
up2021__323797,1626,kotera khamba,Chitrakoot,Mau,Kotera Khamba,177838,58409,1626,kotara khambha,Chitrakoot,Mau,Kotara Khambha,30720,0.8709401709401708,0.8709401709401708,,,,
up2021__279682,1626,chiwalha,Chitrakoot,Mau,Chiwalha,177848,58389,1626,chhiolaha,Chitrakoot,Mau,Chhiolaha,13447,0.8693121693121693,0.8693121693121693,,,,
up2021__279007,1626,tilauli,Chitrakoot,Mau,Tilauli,177849,58433,1626,tilauli mustakil,Chitrakoot,Mau,Tilauli Mustakil,55990,0.8875,0.8875,,,,
up2021__284808,1626,chitravaar,Chitrakoot,Mau,Chitravaar,177856,58390,1626,chitawar,Chitrakoot,Mau,Chitawar,13747,0.8864285714285713,0.8864285714285713,,,,
up2021__284259,1626,kohar,Chitrakoot,Mau,Kohar,177871,58405,1626,khohar,Chitrakoot,Mau,Khohar,29739,0.8900000000000001,0.8900000000000001,,,,
up2021__280697,1626,hardi kala,Chitrakoot,Mau,Hardi Kala,177875,58397,1626,haradi kalan,Chitrakoot,Mau,Haradi Kalan,21240,0.8911111111111111,0.8911111111111111,,,,
up2021__440039,1626,sesasubkara,Chitrakoot,Mau,Sesasubkara,177880,58427,1626,sesa subakara mustkil,Chitrakoot,Mau,Sesa Subakara Mustkil,51235,0.8683982683982684,0.8683982683982684,,,,
up2021__228935,1626,chakur,Chitrakoot,Mau,Chakur,177883,58388,1626,chakaur mustkil,Chitrakoot,Mau,Chakaur Mustkil,12027,0.88,0.88,,,,
up2021__232767,1626,barwar,Chitrakoot,Mau,Barwar,177888,58384,1626,barwar mustkil,Chitrakoot,Mau,Barwar Mustkil,6954,0.8857142857142858,0.8857142857142858,,,,
up2021__302043,1626,pardawan,Chitrakoot,Mau,Pardawan,177891,58421,1626,pardawan mustakil,Chitrakoot,Mau,Pardawan Mustakil,42599,0.8941176470588236,0.8941176470588236,,,,
up2021__278738,1625,gauriya,Chitrakoot,Manikpur,Gauriya,177896,58341,1625,gouria,Chitrakoot,Manikpur,Gouria,20395,0.8642857142857143,0.8642857142857143,,,,
up2021__226054,1625,arvara,Chitrakoot,Manikpur,Arvara,177904,58321,1625,aruwara,Chitrakoot,Manikpur,Aruwara,2463,0.8793650793650793,0.8793650793650793,,,,
up2021__292869,1625,udkimafi,Chitrakoot,Manikpur,Udkimafi,177906,58376,1625,udki,Chitrakoot,Manikpur,Udki,56614,0.9,0.9,,,,
up2021__299730,1625,gadchpa,Chitrakoot,Manikpur,Gadchpa,177919,58338,1625,gadhchapa,Chitrakoot,Manikpur,Gadhchapa,18200,0.8814814814814815,0.8814814814814815,,,,
up2021__272641,1625,uchadih,Chitrakoot,Manikpur,Uchadih,177948,58377,1625,unchadeeh,Chitrakoot,Manikpur,Unchadeeh,56954,0.8571428571428572,0.8571428571428572,,,,
up2021__323226,1628,hanibinayka,Chitrakoot,Ramnagar,Hanibinayka,177952,58527,1628,hanna binaika,Chitrakoot,Ramnagar,Hanna Binaika,21184,0.854941724941725,0.854941724941725,,,,
up2021__215178,1628,rupauli,Chitrakoot,Ramnagar,Rupauli,177966,58544,1628,rupauli mustkil,Chitrakoot,Ramnagar,Rupauli Mustkil,48094,0.8933333333333334,0.8933333333333334,,,,
up2021__241105,1628,tirmau,Chitrakoot,Ramnagar,Tirmau,177967,58549,1628,tir mau mustkil,Chitrakoot,Ramnagar,Tir Mau Mustkil,56103,0.86,0.86,,,,
up2021__257100,1628,naandin kurmiyan,Chitrakoot,Ramnagar,Naandin Kurmiyan,177968,58536,1628,nadin kurmiyan,Chitrakoot,Ramnagar,Nadin Kurmiyan,38510,0.8523809523809522,0.8523809523809522,,,,
up2021__263737,1628,bhabet,Chitrakoot,Ramnagar,Bhabet,177969,58520,1628,bhambhet mustkil,Chitrakoot,Ramnagar,Bhambhet Mustkil,8937,0.8541666666666666,0.8541666666666666,,,,
up2021__248904,1628,ragauli,Chitrakoot,Ramnagar,Ragauli,177972,58540,1628,ragauli mustkil,Chitrakoot,Ramnagar,Ragauli Mustkil,45127,0.8933333333333334,0.8933333333333334,,,,
up2021__337937,1628,dhununwa,Chitrakoot,Ramnagar,Dhununwa,177976,58525,1628,ghunuwa,Chitrakoot,Ramnagar,Ghunuwa,19671,0.8690476190476191,0.8690476190476191,,,,
up2021__586257,1798,pandaura,Jalaun,Kadoura,Pandaura,177997,266649,1798,pandora,Jalaun,Kadaura,Pandora,42237,0.8880952380952382,0.8880952380952382,,,,
up2021__565288,1798,raila,Jalaun,Kadoura,Raila,178016,68763,1798,raela,Jalaun,Kadaura,Raela,45104,0.8933333333333333,0.8933333333333333,,,,
up2021__575483,1798,ukasa,Jalaun,Kadoura,Ukasa,178035,68756,1798,okasa,Jalaun,Kadaura,Okasa,41061,0.8666666666666667,0.8666666666666667,,,,
up2021__616600,1798,barkhera,Jalaun,Kadoura,Barkhera,178041,68772,1798,var khera,Jalaun,Kadaura,Var Khera,57279,0.8842592592592592,0.8842592592592592,,,,
up2021__473564,1798,kuankheda,Jalaun,Kadoura,Kuankheda,178051,68742,1798,kuane khera,Jalaun,Kadaura,Kuane Khera,30937,0.8982323232323232,0.8982323232323232,,,,
up2021__481228,1800,laher kanar,Jalaun,Kuthound,Laher Kanar,178057,68871,1800,lahar kanar,Jalaun,Kuthaund,Lahar Kanar,31963,0.8875757575757576,0.8875757575757576,,,,
up2021__641683,1800,taulkapur,Jalaun,Kuthound,Taulkapur,178088,68901,1800,tolakpur,Jalaun,Kuthaund,Tolakpur,56233,0.8529761904761904,0.8529761904761904,,,,
up2021__585405,1800,nahili,Jalaun,Kuthound,Nahili,178098,68876,1800,nahali,Jalaun,Kuthaund,Nahali,39041,0.8755555555555556,0.8755555555555556,,,,
up2021__587878,1800,saeedpur ubaaree,Jalaun,Kuthound,Saeedpur Ubaaree,178107,68890,1800,saidpur ubari,Jalaun,Kuthaund,Saidpur Ubari,48784,0.8756410256410256,0.8756410256410256,,,,
up2021__506501,1800,neemgaon,Jalaun,Kuthound,Neemgaon,178108,68881,1800,nimgaon,Jalaun,Kuthaund,Nimgaon,40685,0.8821428571428571,0.8821428571428571,,,,
up2021__496882,1800,raampura jaalaun,Jalaun,Kuthound,RaamPura Jaalaun,178109,68887,1800,rampura jalaun,Jalaun,Kuthaund,Rampura Jalaun,46332,0.8714285714285714,0.8714285714285714,,,,
up2021__582396,1799,chiravali,Jalaun,Kochan,Chiravali,178122,68798,1799,chhiraoli,Jalaun,Konch,Chhiraoli,13451,0.8814814814814814,0.8814814814814814,,,,
up2021__634905,1799,kaushalapura mangara,Jalaun,Kochan,Kaushalapūra Mangarā,178138,68814,1799,kaushalpur,Jalaun,Konch,Kaushalpur,28031,0.9,0.9,,,,
up2021__546728,1799,paraitha,Jalaun,Kochan,Paraitha,178143,68828,1799,paretha,Jalaun,Konch,Paretha,42614,0.8694444444444446,0.8694444444444446,,,,
up2021__545330,1799,imlauri,Jalaun,Kochan,Imlauri,178146,68806,1799,imlori,Jalaun,Konch,Imlori,22705,0.8944444444444445,0.8944444444444445,,,,
up2021__662494,1799,gendoli,Jalaun,Kochan,Gendoli,178151,68801,1799,gaindoli,Jalaun,Konch,Gaindoli,18364,0.8821428571428571,0.8821428571428571,,,,
up2021__591637,1799,viraasni,Jalaun,Kochan,Viraasni,178152,68787,1799,birasni,Jalaun,Konch,Birasni,11136,0.8690476190476191,0.8690476190476191,,,,
up2021__577952,1799,ameeta,Jalaun,Kochan,Ameeta,178162,68775,1799,amita,Jalaun,Konch,Amita,1837,0.8577777777777779,0.8577777777777779,,,,
up2021__488816,1799,kaithi mothi,Jalaun,Kochan,Kaithi Mothi,178169,68813,1799,kaithi,Jalaun,Konch,Kaithi,25751,0.9,0.9,,,,
up2021__626888,1797,kuthaunda buzurg,Jalaun,Jalaun,Kuthaunda Buzurg,178180,68678,1797,kuthondabujurg,Jalaun,Jalaun,Kuthondabujurg,31729,0.8880952380952382,0.8880952380952382,,,,
up2021__527728,1797,badwan,Jalaun,Jalaun,Badwan,178197,68651,1797,bhadvan,Jalaun,Jalaun,Bhadvan,8461,0.8642857142857143,0.8642857142857143,,,,
up2021__558901,1797,makrandpura,Jalaun,Jalaun,Makrandpura,178210,68681,1797,makarandpura,Jalaun,Jalaun,Makarandpura,34672,0.8957070707070707,0.8957070707070707,,,,
up2021__488419,1797,gidhausa,Jalaun,Jalaun,Gidhausa,178214,68664,1797,gidhosa,Jalaun,Jalaun,Gidhosa,19740,0.8880952380952382,0.8880952380952382,,,,
up2021__583347,1797,kunwarpura,Jalaun,Jalaun,Kunwarpura,178219,68676,1797,kunvarpura jalaun,Jalaun,Jalaun,Kunvarpura Jalaun,31323,0.8668627450980393,0.8668627450980393,,,,
up2021__679111,1796,dhargauwan,Jalaun,Dakor,Dhargauwan,178244,68597,1796,dhar goan,Jalaun,Dakore,Dhar Goan,16115,0.8955555555555555,0.8955555555555555,,,,
up2021__680175,1796,karui bujurg,Jalaun,Dakor,Karui Bujurg,178250,68616,1796,karwi buzurg,Jalaun,Dakore,Karwi Buzurg,27410,0.8755555555555556,0.8755555555555556,,,,
up2021__713059,1796,bahmauri kalan,Jalaun,Dakor,Bahmauri Kalan,178254,68578,1796,bamohri kalan,Jalaun,Dakore,Bamohri Kalan,5302,0.8525030525030524,0.8525030525030524,,,,
up2021__696818,1796,ragauli,Jalaun,Dakor,Ragauli,178260,68635,1796,ragoli,Jalaun,Dakore,Ragoli,45207,0.8944444444444445,0.8944444444444445,,,,
up2021__632755,1796,aonta,Jalaun,Dakor,Aonta,178261,68576,1796,aunta,Jalaun,Dakore,Aunta,3040,0.88,0.88,,,,
up2021__638205,1796,kukragav,Jalaun,Dakor,Kukragav,178272,68621,1796,kukar gaon,Jalaun,Dakore,Kukar Gaon,31097,0.8674999999999999,0.8674999999999999,,,,
up2021__591435,1796,jaasari kalan,Jalaun,Dakor,Jaasari Kalan,178296,68608,1796,jaisari kalan,Jalaun,Dakore,Jaisari Kalan,23581,0.8923076923076924,0.8923076923076924,,,,
up2021__624668,1796,gudha,Jalaun,Dakor,Gudha,178311,68603,1796,gurha,Jalaun,Dakore,Gurha,20796,0.8933333333333333,0.8933333333333333,,,,
up2021__565613,1803,raba,Jalaun,Nadigaon,Raba,178319,69077,1803,rawa,Jalaun,Nadigaon,Rawa,47467,0.8666666666666667,0.8666666666666667,,,,
up2021__677016,1803,khirabar,Jalaun,Nadigaon,Khirabar,178321,69055,1803,kherawar,Jalaun,Nadigaon,Kherawar,29492,0.8666666666666667,0.8666666666666667,,,,
up2021__661176,1803,gaderna,Jalaun,Nadigaon,Gaderna,178335,69037,1803,gaderana khurd,Jalaun,Nadigaon,Gaderana Khurd,18180,0.8714285714285714,0.8714285714285714,,,,
up2021__677720,1803,dabbar madhaugarh,Jalaun,Nadigaon,Dabbar Madhaugarh,178336,69032,1803,dawar madhogarh,Jalaun,Nadigaon,Dawar Madhogarh,14933,0.8811865258924082,0.8811865258924082,,,,
up2021__672880,1803,kutounda,Jalaun,Nadigaon,Kutounda,178337,69061,1803,kuthaunda,Jalaun,Nadigaon,Kuthaunda,31721,0.8523148148148149,0.8523148148148149,,,,
up2021__678409,1803,ingu i madhaugadh,Jalaun,Nadigaon,Īngu'ī Mādhaugadh,178340,69042,1803,ingai madhogarh,Jalaun,Nadigaon,Ingai Madhogarh,22797,0.8601407742584213,0.8601407742584213,,,,
up2021__607229,1803,nawali,Jalaun,Nadigaon,Nawali,178348,69069,1803,naoli,Jalaun,Nadigaon,Naoli,39387,0.8577777777777779,0.8577777777777779,,,,
up2021__619432,1803,anaghoora,Jalaun,Nadigaon,Anaghoora,178350,69020,1803,anghaura,Jalaun,Nadigaon,Anghaura,2098,0.8693121693121693,0.8693121693121693,,,,
up2021__481420,1803,gidwasa,Jalaun,Nadigaon,Gidwasa,178359,69040,1803,gidhawasa,Jalaun,Nadigaon,Gidhawasa,19737,0.8814814814814815,0.8814814814814815,,,,
up2021__524004,1803,bavali,Jalaun,Nadigaon,Bavali,178362,69024,1803,baoli,Jalaun,Nadigaon,Baoli,5840,0.8577777777777779,0.8577777777777779,,,,
up2021__583991,1803,khutaila,Jalaun,Nadigaon,Khutaila,178371,69056,1803,khutela,Jalaun,Nadigaon,Khutela,29968,0.8880952380952382,0.8880952380952382,,,,
up2021__595259,1803,dhaurpur,Jalaun,Nadigaon,Dhaurpur,178376,69036,1803,dhorpur,Jalaun,Nadigaon,Dhorpur,16501,0.8507936507936509,0.8507936507936509,,,,
up2021__633299,1802,jitamau,Jalaun,Mahewa,Jitamau,178393,68980,1802,jitamau mustakil,Jalaun,Maheva,Jitamau Mustakil,25074,0.8875,0.8875,,,,
up2021__531460,1802,padri,Jalaun,Mahewa,Padri,178405,69001,1802,padri mustakil,Jalaun,Maheva,Padri Mustakil,41462,0.8714285714285714,0.8714285714285714,,,,
up2021__552138,1802,hirapur,Jalaun,Mahewa,Hirapur,178407,68979,1802,hirapur mustakil,Jalaun,Maheva,Hirapur Mustakil,22317,0.8875,0.8875,,,,
up2021__542259,1802,devkali,Jalaun,Mahewa,Devkali,178409,68974,1802,devkali mustakil,Jalaun,Maheva,Devkali Mustakil,15418,0.8875,0.8875,,,,
up2021__579943,1802,shekhpur gudha,Jalaun,Mahewa,Shekhpur Gudha,178411,69013,1802,shekhpur gura mustakil,Jalaun,Maheva,Shekhpur Gura Mustakil,51912,0.8805194805194805,0.8805194805194805,,,,
up2021__578568,1802,musamariya,Jalaun,Mahewa,Musamariya,178413,68994,1802,musmirya,Jalaun,Maheva,Musmirya,38308,0.895,0.895,,,,
up2021__564793,1802,noorpur,Jalaun,Mahewa,Noorpur,178416,69000,1802,nurpur,Jalaun,Maheva,Nurpur,40978,0.8642857142857143,0.8642857142857143,,,,
up2021__624269,1802,binaura vaidya,Jalaun,Mahewa,Binaura Vaidya,178417,68969,1802,binaura,Jalaun,Maheva,Binaura,11041,0.9,0.9,,,,
up2021__579623,1802,nipaniya,Jalaun,Mahewa,Nipaniya,178437,68997,1802,nepanyan,Jalaun,Maheva,Nepanyan,40369,0.8500000000000001,0.8500000000000001,,,,
up2021__667081,1801,rudpur,Jalaun,Madhaugadh,Rudpur,178459,68947,1801,rudpura madhogarh,Jalaun,Madhogarh,Rudpura Madhogarh,47994,0.8705882352941177,0.8705882352941177,,,,
up2021__621965,1801,gora bhupka,Jalaun,Madhaugadh,Gora Bhupka,178469,68922,1801,gorabhoopaka,Jalaun,Madhogarh,Gorabhoopaka,20251,0.8914141414141414,0.8914141414141414,,,,
up2021__596618,1801,rasulpur,Jalaun,Madhaugadh,Rasulpur,178480,68946,1801,rasoolpura,Jalaun,Madhogarh,Rasoolpura,47061,0.8674999999999999,0.8674999999999999,,,,
up2021__527872,1804,dhuta,Jalaun,Rampura,Dhuta,178517,69100,1804,dhoota,Jalaun,Rampura,Dhoota,16483,0.8577777777777779,0.8577777777777779,,,,
up2021__532839,1804,gudha,Jalaun,Rampura,Gudha,178523,69104,1804,gurha,Jalaun,Rampura,Gurha,20797,0.8933333333333333,0.8933333333333333,,,,
up2021__559605,1804,narol,Jalaun,Rampura,Narol,178531,69121,1804,naraul,Jalaun,Rampura,Naraul,39482,0.8755555555555556,0.8755555555555556,,,,
up2021__1037037,1811,bhausni,Jaunpur,Karanja Kala,Bhausni,178549,69547,1811,bhaisani,Jaunpur,Karanja Kala,Bhaisani,8814,0.8694444444444446,0.8694444444444446,,,,
up2021__1056104,1811,kohda,Jaunpur,Karanja Kala,Kohda,178593,69585,1811,kohara,Jaunpur,Karanja Kala,Kohara,30350,0.8755555555555556,0.8755555555555556,,,,
up2021__384140,1811,visamvhara urf jamunipur,Jaunpur,Karanja Kala,Visamvhara Urf Jamunipur,178595,69550,1811,bishambhara urf zamunipur,Jaunpur,Karanja Kala,Bishambhara Urf Zamunipur,11319,0.8891269841269841,0.8891269841269841,,,,
up2021__1046057,1811,patna,Jaunpur,Karanja Kala,Patna,178598,69609,1811,patahana,Jaunpur,Karanja Kala,Patahana,43089,0.8658333333333332,0.8658333333333332,,,,
up2021__372786,1811,utarpatti,Jaunpur,Karanja Kala,Utarpatti,178601,69622,1811,uttar patti,Jaunpur,Karanja Kala,Uttar Patti,57207,0.8922558922558923,0.8922558922558923,,,,
up2021__1088450,1811,naroli,Jaunpur,Karanja Kala,Naroli,178609,69601,1811,narauli,Jaunpur,Karanja Kala,Narauli,39490,0.8944444444444445,0.8944444444444445,,,,
up2021__416652,1812,gauspur,Jaunpur,Kerakat,Gauspur,178632,69647,1812,gaushpur maniyara,Jaunpur,Kerakat,Gaushpur Maniyara,19289,0.8823529411764706,0.8823529411764706,,,,
up2021__207549,1812,ataraura,Jaunpur,Kerakat,Ataraura,178638,69626,1812,atraura,Jaunpur,Kerakat,Atraura,2962,0.8904761904761905,0.8904761904761905,,,,
up2021__31697,1812,ghuddaoud,Jaunpur,Kerakat,Ghuddaoud,178666,69648,1812,ghurdaur,Jaunpur,Kerakat,Ghurdaur,19682,0.8638888888888888,0.8638888888888888,,,,
up2021__152976,1813,usaroli,Jaunpur,Khutahan,Usaroli,178691,69764,1813,usrauli,Jaunpur,Khuthan,Usrauli,57137,0.8793650793650793,0.8793650793650793,,,,
up2021__137479,1813,virmpur,Jaunpur,Khutahan,Virmpur,178693,69696,1813,birampur,Jaunpur,Khuthan,Birampur,11124,0.8690476190476191,0.8690476190476191,,,,
up2021__467086,1813,lavaan,Jaunpur,Khutahan,Lavaan,178724,69728,1813,lawayan,Jaunpur,Khuthan,Lawayan,32621,0.8793650793650793,0.8793650793650793,,,,
up2021__467053,1813,chakbasuhudas mafi,Jaunpur,Khutahan,Chakbasuhudas Mafi,178726,69698,1813,chak bisahudasa maphi,Jaunpur,Khuthan,Chak Bisahudasa Maphi,12060,0.8801587301587301,0.8801587301587301,,,,
up2021__160084,1813,bhojipur,Jaunpur,Khutahan,Bhojipur,178746,69735,1813,mojipur,Jaunpur,Khuthan,Mojipur,37451,0.8690476190476191,0.8690476190476191,,,,
up2021__166891,1813,pooraadhari,Jaunpur,Khutahan,Pooraadhari,178747,69748,1813,pura andhari,Jaunpur,Khuthan,Pura Andhari,44638,0.8704545454545455,0.8704545454545455,,,,
up2021__488160,1813,chakquti,Jaunpur,Khutahan,Chakquti,178749,69699,1813,chakkutubee,Jaunpur,Khuthan,Chakkutubee,12167,0.8590909090909091,0.8590909090909091,,,,
up2021__136969,1813,nuruddinpur,Jaunpur,Khutahan,Nuruddinpur,178777,270734,1813,nooruddinpur,Jaunpur,Khuthan,Nooruddinpur,40933,0.8927272727272727,0.8927272727272727,,,,
up2021__14769,1810,jarhila kala,Jaunpur,Jalalpur,Jarhila Kala,178782,69498,1810,jarahila kalan,Jaunpur,Jalal Pur,Jarahila Kalan,24404,0.888888888888889,0.888888888888889,,,,
up2021__392640,1810,u dapu r,Jaunpur,Jalalpur,U Dapu r,178800,69536,1810,udpur,Jaunpur,Jalal Pur,Udpur,56623,0.8875,0.8875,,,,
up2021__30610,1810,kusawan,Jaunpur,Jalalpur,Kusawan,178807,69504,1810,kushaw,Jaunpur,Jalal Pur,Kushaw,31612,0.8944444444444445,0.8944444444444445,,,,
up2021__23788,1809,madhi,Jaunpur,Dobhi,Madhi,178854,69466,1809,marhi,Jaunpur,Dobhi,Marhi,35786,0.8933333333333333,0.8933333333333333,,,,
up2021__132211,1809,bagrawan,Jaunpur,Dobhi,Bagrawan,178870,69427,1809,bagerwa,Jaunpur,Dobhi,Bagerwa,3892,0.8694444444444446,0.8694444444444446,,,,
up2021__118591,1809,vishunpur labruwa,Jaunpur,Dobhi,Vishunpur Labruwa,178877,69439,1809,bishunpur lebrua,Jaunpur,Dobhi,Bishunpur Lebrua,11402,0.851890756302521,0.851890756302521,,,,
up2021__132604,1809,karne hua,Jaunpur,Dobhi,Karne Hua,178884,69457,1809,karnehua uchehua,Jaunpur,Dobhi,Karnehua Uchehua,27301,0.8680555555555556,0.8680555555555556,,,,
up2021__114047,1808,vishnupur basavat,Jaunpur,Dharmapur,Vishnupur Basavat,178939,69380,1808,bishunpur basawat,Jaunpur,Dharma Pur,Bishunpur Basawat,11392,0.8993464052287582,0.8993464052287582,,,,
up2021__1128666,1806,pipiri,Jaunpur,Buxa,Pipiri,178949,69278,1806,pipari,Jaunpur,Baksha,Pipari,43953,0.8755555555555556,0.8755555555555556,,,,
up2021__1191201,1806,chauri,Jaunpur,Buxa,Chauri,178970,69237,1806,chanvari,Jaunpur,Baksha,Chanvari,12782,0.8736111111111112,0.8736111111111112,,,,
up2021__1147949,1806,dariyavagaj,Jaunpur,Buxa,Dariyavagaj,178978,69243,1806,dariyaw ganj,Jaunpur,Baksha,Dariyaw Ganj,14611,0.8914141414141414,0.8914141414141414,,,,
up2021__1147880,1806,agaraura,Jaunpur,Buxa,Agaraura,178980,69216,1806,agraura,Jaunpur,Baksha,Agraura,435,0.8904761904761905,0.8904761904761905,,,,
up2021__1149800,1806,aauka,Jaunpur,Buxa,Aauka,178988,69219,1806,aunka,Jaunpur,Baksha,Aunka,3037,0.88,0.88,,,,
up2021__1134417,1806,gairikala,Jaunpur,Buxa,Gairikala,178998,69252,1806,gauri kala,Jaunpur,Baksha,Gauri Kala,19237,0.8837037037037038,0.8837037037037038,,,,
up2021__1136241,1806,jagepur,Jaunpur,Buxa,Jagepur,179002,69258,1806,jangi pur,Jaunpur,Baksha,Jangi Pur,24337,0.873015873015873,0.873015873015873,,,,
up2021__199375,1806,bhivarhan,Jaunpur,Buxa,Bhivarhan,179011,69231,1806,bhioraha,Jaunpur,Baksha,Bhioraha,10010,0.8856481481481482,0.8856481481481482,,,,
up2021__1148292,1806,barraipatti,Jaunpur,Buxa,Barraipatti,179032,270481,1806,barrre patti,Jaunpur,Baksha,Barrre Patti,6791,0.8914141414141414,0.8914141414141414,,,,
up2021__156191,1805,satauli,Jaunpur,Badlapur,Satauli,179047,69211,1805,sutauli,Jaunpur,Badla Pur,Sutauli,54613,0.8642857142857143,0.8642857142857143,,,,
up2021__293505,1805,dugoli khurd,Jaunpur,Badlapur,Dugoli Khurd,179056,69161,1805,dugauli khurd,Jaunpur,Badla Pur,Dugauli Khurd,17128,0.881021756021756,0.881021756021756,,,,
up2021__152541,1805,bhoola,Jaunpur,Badlapur,Bhoola,179065,69147,1805,bhula,Jaunpur,Badla Pur,Bhula,10440,0.8577777777777779,0.8577777777777779,,,,
up2021__1117411,1805,sigramau,Jaunpur,Badlapur,Sigramau,179073,69208,1805,singaramau,Jaunpur,Badla Pur,Singaramau,52940,0.88,0.88,,,,
up2021__284611,1805,kushha,Jaunpur,Badlapur,Kushha,179085,272298,1805,kushaha 2,Jaunpur,Badla Pur,Kushaha 2,31601,0.9,0.9,,,,
up2021__974824,1805,medha,Jaunpur,Badlapur,Medha,179090,69188,1805,merha,Jaunpur,Badla Pur,Merha,36586,0.8933333333333333,0.8933333333333333,,,,
up2021__28967,1805,machhligav,Jaunpur,Badlapur,Machhligav,179099,69184,1805,machhaligaon,Jaunpur,Badla Pur,Machhaligaon,33071,0.8855555555555555,0.8855555555555555,,,,
up2021__157839,1805,virbhanpur,Jaunpur,Badlapur,Virbhanpur,179100,69148,1805,birbhanpur,Jaunpur,Badla Pur,Birbhanpur,11158,0.8962962962962964,0.8962962962962964,,,,
up2021__973646,1805,oodpur ghaatampur,Jaunpur,Badlapur,Oodpur Ghaatampur,179114,69215,1805,udpur ghatampur,Jaunpur,Badla Pur,Udpur Ghatampur,56626,0.8713352007469655,0.8713352007469655,,,,
up2021__272409,1805,bahadi,Jaunpur,Badlapur,Bahadi,179121,270124,1805,bachhari,Jaunpur,Badla Pur,Bachhari,3466,0.8555555555555556,0.8555555555555556,,,,
up2021__59798,1805,salekhnapatti,Jaunpur,Badlapur,Salekhnapatti,179126,270146,1805,salekhan patti urf bangaon,Jaunpur,Badla Pur,Salekhan Patti Urf Bangaon,49160,0.8846153846153847,0.8846153846153847,,,,
up2021__1126383,1805,poorarjawar,Jaunpur,Badlapur,Poorarjawar,179133,270258,1805,pura rajwar,Jaunpur,Badla Pur,Pura Rajwar,44780,0.8575757575757575,0.8575757575757575,,,,
up2021__162301,1807,khadwa dhava,Jaunpur,Barsathi,Khadwa Dhava,179136,69347,1807,khadawa dhawa,Jaunpur,Barasathi,Khadawa Dhawa,28335,0.8980186480186481,0.8980186480186481,,,,
up2021__174160,1807,dataanv,Jaunpur,Barsathi,Dataanv,179155,69322,1807,dataw,Jaunpur,Barasathi,Dataw,14725,0.8742857142857142,0.8742857142857142,,,,
up2021__1022454,1807,bhannoor,Jaunpur,Barsathi,Bhannoor,179163,69313,1807,bhannaur,Jaunpur,Barasathi,Bhannaur,9023,0.9,0.9,,,,
up2021__41746,1807,aalamganj,Jaunpur,Barsathi,Aalamganj,179165,69300,1807,alamganj,Jaunpur,Barasathi,Alamganj,1195,0.8916666666666667,0.8916666666666667,,,,
up2021__1049732,1807,gothavan,Jaunpur,Barsathi,Gothavan,179167,69338,1807,gothaw,Jaunpur,Barasathi,Gothaw,20369,0.8916666666666667,0.8916666666666667,,,,
up2021__1052364,1807,dawoodpur,Jaunpur,Barsathi,Dawoodpur,179187,69323,1807,daudpur,Jaunpur,Barasathi,Daudpur,14767,0.873015873015873,0.873015873015873,,,,
up2021__1074063,1807,siroli,Jaunpur,Barsathi,Siroli,179193,69375,1807,sirauli,Jaunpur,Barasathi,Sirauli,53110,0.8944444444444445,0.8944444444444445,,,,
up2021__165113,1807,katwar,Jaunpur,Barsathi,Katwar,179205,69346,1807,katavar,Jaunpur,Barasathi,Katavar,27702,0.8944444444444445,0.8944444444444445,,,,
up2021__349436,1816,sudinipur,Jaunpur,Madiyahu,Sudinipur,179222,69988,1816,shudanipur,Jaunpur,Mariyahu,Shudanipur,52332,0.8691666666666668,0.8691666666666668,,,,
up2021__972141,1816,dawilha,Jaunpur,Madiyahu,Dawilha,179267,69926,1816,dabilaha,Jaunpur,Mariyahu,Dabilaha,13990,0.8507936507936509,0.8507936507936509,,,,
up2021__474518,1816,badowan,Jaunpur,Madiyahu,Badowan,179287,69917,1816,badaunwa,Jaunpur,Mariyahu,Badaunwa,3609,0.8694444444444446,0.8694444444444446,,,,
up2021__78965,1816,suguampur,Jaunpur,Madiyahu,Suguampur,179301,69993,1816,sungul pur,Jaunpur,Mariyahu,Sungul Pur,54382,0.8607407407407408,0.8607407407407408,,,,
up2021__104388,1816,hardua,Jaunpur,Madiyahu,Hardua,179309,270876,1816,harhuwa,Jaunpur,Mariyahu,Harhuwa,21477,0.8944444444444445,0.8944444444444445,,,,
up2021__193696,1816,yaqubpur,Jaunpur,Madiyahu,Yaqubpur,179315,270890,1816,yakutpur,Jaunpur,Mariyahu,Yakutpur,57627,0.8666666666666667,0.8666666666666667,,,,
up2021__470060,1816,bahraicha,Jaunpur,Madiyahu,Bahraicha,179318,270909,1816,baharaicha,Jaunpur,Mariyahu,Baharaicha,4202,0.8988888888888888,0.8988888888888888,,,,
up2021__1172684,1815,savanasa,Jaunpur,Maharajganj,Savanasa,179332,69905,1815,sawansa,Jaunpur,Maharaj Ganj,Sawansa,50817,0.8507936507936509,0.8507936507936509,,,,
up2021__1174829,1815,fattehpur,Jaunpur,Maharajganj,Fattehpur,179343,69870,1815,fattu pur,Jaunpur,Maharaj Ganj,Fattu Pur,17949,0.8825396825396825,0.8825396825396825,,,,
up2021__1033084,1815,bagaujhar,Jaunpur,Maharajganj,Bagaujhar,179353,69852,1815,bagojhar,Jaunpur,Maharaj Ganj,Bagojhar,4044,0.8856481481481482,0.8856481481481482,,,,
up2021__465888,1815,dalupur,Jaunpur,Maharajganj,Dalupur,179380,69867,1815,daloopur,Jaunpur,Maharaj Ganj,Daloopur,14300,0.8694444444444446,0.8694444444444446,,,,
up2021__120354,1817,ekoni,Jaunpur,Muftiganj,Ekoni,179420,70015,1817,ekauni,Jaunpur,Mufti Ganj,Ekauni,17447,0.8577777777777779,0.8577777777777779,,,,
up2021__33627,1817,virmpur,Jaunpur,Muftiganj,Virmpur,179439,70012,1817,birampur,Jaunpur,Mufti Ganj,Birampur,11125,0.8690476190476191,0.8690476190476191,,,,
up2021__44421,1817,asawara,Jaunpur,Muftiganj,Asawara,179458,70001,1817,aswara,Jaunpur,Mufti Ganj,Aswara,2773,0.873015873015873,0.873015873015873,,,,
up2021__428355,1819,jamliyo,Jaunpur,Ramnagar,Jamliyo,179472,70153,1819,jamalia,Jaunpur,Ram Nagar,Jamalia,23938,0.8666666666666668,0.8666666666666668,,,,
up2021__427016,1819,kanoa,Jaunpur,Ramnagar,Kanoa,179475,70158,1819,kanawa,Jaunpur,Ram Nagar,Kanawa,26462,0.8755555555555556,0.8755555555555556,,,,
up2021__1026909,1819,daundi,Jaunpur,Ramnagar,Daundi,179476,70136,1819,dauri,Jaunpur,Ram Nagar,Dauri,14905,0.8755555555555556,0.8755555555555556,,,,
up2021__1045746,1819,srauna,Jaunpur,Ramnagar,Srauna,179497,70191,1819,sarauna,Jaunpur,Ram Nagar,Sarauna,50176,0.8571428571428572,0.8571428571428572,,,,
up2021__161406,1819,utarpatti,Jaunpur,Ramnagar,Utarpatti,179518,70202,1819,uttar patti,Jaunpur,Ram Nagar,Uttar Patti,57208,0.8922558922558923,0.8922558922558923,,,,
up2021__420342,1819,siroli,Jaunpur,Ramnagar,Siroli,179522,70196,1819,sirauli,Jaunpur,Ram Nagar,Sirauli,53111,0.8944444444444445,0.8944444444444445,,,,
up2021__454232,1819,saray vikaram,Jaunpur,Ramnagar,Saray Vikaram,179529,70190,1819,sarai bikram,Jaunpur,Ram Nagar,Sarai Bikram,49805,0.8805128205128206,0.8805128205128206,,,,
up2021__1113100,1819,chagapur na 2,Jaunpur,Ramnagar,Chagapur Na 2,179531,70133,1819,chhangapur no 2,Jaunpur,Ram Nagar,Chhangapur No. 2,13250,0.8594871794871796,0.8594871794871796,,,,
up2021__1019279,1819,dedarpur,Jaunpur,Ramnagar,Deḍarpur,179552,271044,1819,darapur,Jaunpur,Ram Nagar,Darapur,14482,0.8821428571428571,0.8821428571428571,,,,
up2021__470943,1820,sakra,Jaunpur,Rampur,Sakra,179562,70269,1820,sakaraa,Jaunpur,Ram Pur,Sakaraa,48923,0.8866666666666667,0.8866666666666667,,,,
up2021__467293,1820,banidiha,Jaunpur,Rampur,Banidiha,179576,70207,1820,banideeh,Jaunpur,Ram Pur,Banideeh,5556,0.9,0.9,,,,
up2021__150890,1820,jamadih,Jaunpur,Rampur,Jamadih,179605,70228,1820,jamdeeh,Jaunpur,Ram Pur,Jamdeeh,24039,0.8666666666666668,0.8666666666666668,,,,
up2021__491897,1820,saraydih,Jaunpur,Rampur,Saraydih,179629,70271,1820,sarai deeh,Jaunpur,Ram Pur,Sarai Deeh,49831,0.8864285714285713,0.8864285714285713,,,,
up2021__1007378,1822,sadaat vinduli,Jaunpur,Sikarara,Sadaat Vinduli,179645,70424,1822,sadat benduli,Jaunpur,Sikrara,Sadat Benduli,48277,0.89000999000999,0.89000999000999,,,,
up2021__1050642,1822,kulanamoo,Jaunpur,Sikarara,Kulanamoo,179654,70404,1822,kulhanamau,Jaunpur,Sikrara,Kulhanamau,31141,0.8781481481481481,0.8781481481481481,,,,
up2021__1038454,1822,masida,Jaunpur,Sikarara,Masida,179657,70410,1822,maseeda,Jaunpur,Sikrara,Maseeda,35878,0.8944444444444445,0.8944444444444445,,,,
up2021__1026809,1822,sithapur,Jaunpur,Sikarara,Sithapur,179659,70429,1822,seethapur,Jaunpur,Sikrara,Seethapur,50876,0.8958333333333333,0.8958333333333333,,,,
up2021__1066003,1822,lajiipaar,Jaunpur,Sikarara,Lajiipaar,179665,70407,1822,lazipar,Jaunpur,Sikrara,Lazipar,32669,0.873015873015873,0.873015873015873,,,,
up2021__1052783,1822,sharwa,Jaunpur,Sikarara,Sharwa,179672,70431,1822,sherawan,Jaunpur,Sikrara,Sherawan,51988,0.888888888888889,0.888888888888889,,,,
up2021__1052957,1822,dudoli,Jaunpur,Sikarara,Dudoli,179674,70386,1822,dudauli,Jaunpur,Sikrara,Dudauli,17074,0.8944444444444445,0.8944444444444445,,,,
up2021__1053107,1822,dahajuri,Jaunpur,Sikarara,Dahajuri,179679,70384,1822,dehjuri,Jaunpur,Sikrara,Dehjuri,15042,0.8821428571428571,0.8821428571428571,,,,
up2021__1015141,1822,rajitpur,Jaunpur,Sikarara,Rajitpur,179686,70421,1822,ranjeetpur,Jaunpur,Sikrara,Ranjeetpur,46908,0.8866666666666667,0.8866666666666667,,,,
up2021__1048202,1822,ladhua,Jaunpur,Sikarara,Ladhua,179687,70408,1822,ledhuva,Jaunpur,Sikrara,Ledhuva,32676,0.8642857142857143,0.8642857142857143,,,,
up2021__136194,1822,kappara,Jaunpur,Sikarara,Kappara,179694,70403,1822,khaparaha,Jaunpur,Sikrara,Khaparaha,29023,0.8571428571428572,0.8571428571428572,,,,
up2021__1052294,1822,bhuiyla,Jaunpur,Sikarara,Bhuiyla,179699,70379,1822,bhoila,Jaunpur,Sikrara,Bhoila,10206,0.8793650793650793,0.8793650793650793,,,,
up2021__1052392,1822,badauli ahiran,Jaunpur,Sikarara,Badauli Ahiran,179712,271651,1822,badouli ahiran,Jaunpur,Sikrara,Badouli Ahiran,3776,0.8948717948717949,0.8948717948717949,,,,
up2021__1066491,1822,chaura santdas,Jaunpur,Sikarara,Chaura Santdas,179714,271654,1822,chourasant das,Jaunpur,Sikrara,Chourasant Das,13883,0.8593406593406594,0.8593406593406594,,,,
up2021__1053090,1822,deupur,Jaunpur,Sikarara,Deupur,179715,271656,1822,deopur,Jaunpur,Sikrara,Deopur,15174,0.8577777777777779,0.8577777777777779,,,,
up2021__409230,1823,izari,Jaunpur,Srikoni,Izari,179724,70460,1823,ijari,Jaunpur,Sirkoni,Ijari,22609,0.88,0.88,,,,
up2021__144877,1823,maharupur,Jaunpur,Srikoni,Maharupur,179735,70472,1823,mahroopur,Jaunpur,Sirkoni,Mahroopur,34105,0.8629629629629629,0.8629629629629629,,,,
up2021__473606,1823,surahpur,Jaunpur,Srikoni,Surahpur,179749,70493,1823,surhurpur,Jaunpur,Sirkoni,Surhurpur,54522,0.8856481481481482,0.8856481481481482,,,,
up2021__960441,1823,hirapur,Jaunpur,Srikoni,Hirapur,179754,70457,1823,heerapur,Jaunpur,Sirkoni,Heerapur,22140,0.8821428571428571,0.8821428571428571,,,,
up2021__274228,1823,kadipur,Jaunpur,Srikoni,Kadipur,179755,70465,1823,kadee pur,Jaunpur,Sirkoni,Kadee Pur,25515,0.888888888888889,0.888888888888889,,,,
up2021__950846,1823,suguampur,Jaunpur,Srikoni,Suguampur,179762,70492,1823,sungul pur,Jaunpur,Sirkoni,Sungul Pur,54383,0.8607407407407408,0.8607407407407408,,,,
up2021__196592,1824,usaroli,Jaunpur,Suitha Kala,Usaroli,179795,70560,1824,usrauli,Jaunpur,Suitha Kala,Usrauli,57138,0.8793650793650793,0.8793650793650793,,,,
up2021__480574,1824,husainabad,Jaunpur,Suitha Kala,Husainabad,179812,70521,1824,husenabad,Jaunpur,Suitha Kala,Husenabad,22494,0.8690740740740741,0.8690740740740741,,,,
up2021__1046813,1824,dehri,Jaunpur,Suitha Kala,Dehri,179815,70514,1824,deharee,Jaunpur,Suitha Kala,Deharee,15028,0.8533333333333333,0.8533333333333333,,,,
up2021__284805,1824,sukarnakalan,Jaunpur,Suitha Kala,Sukarnakalan,179849,70557,1824,sukarana kala,Jaunpur,Suitha Kala,Sukarana Kala,54087,0.8980186480186481,0.8980186480186481,,,,
up2021__1021246,1824,jangipur,Jaunpur,Suitha Kala,Jangipur,179863,271840,1824,zagipur,Jaunpur,Suitha Kala,Zagipur,57672,0.8690476190476191,0.8690476190476191,,,,
up2021__185177,1824,raudhauli,Jaunpur,Suitha Kala,Raudhauli,179866,70546,1824,rudhauli,Jaunpur,Suitha Kala,Rudhauli,47985,0.8916666666666667,0.8916666666666667,,,,
up2021__219042,1825,tarasav,Jaunpur,Sujangang,Tarasav,179872,70644,1825,tarsanawa,Jaunpur,Sujan Ganj,Tarsanawa,55145,0.85,0.85,,,,
up2021__204102,1825,mishrammau,Jaunpur,Sujangang,Mishrammau,179885,70612,1825,misirmau,Jaunpur,Sujan Ganj,Misirmau,36933,0.8674999999999999,0.8674999999999999,,,,
up2021__127044,1825,patna,Jaunpur,Sujangang,Patna,179892,70621,1825,patahana,Jaunpur,Sujan Ganj,Patahana,43090,0.8658333333333332,0.8658333333333332,,,,
up2021__1104033,1825,gharpara,Jaunpur,Sujangang,Gharpara,179910,70597,1825,gaharpara,Jaunpur,Sujan Ganj,Gaharpara,18298,0.8541666666666666,0.8541666666666666,,,,
up2021__195721,1825,sakra 2,Jaunpur,Sujangang,Sakra - 2,179919,70632,1825,sakara no 2,Jaunpur,Sujan Ganj,Sakara No. 2,48929,0.8818181818181818,0.8818181818181818,,,,
up2021__172101,1825,beramaw,Jaunpur,Sujangang,Beramaw,179924,70579,1825,bermanw,Jaunpur,Sujan Ganj,Bermanw,8178,0.8944444444444445,0.8944444444444445,,,,
up2021__1127060,1825,bikharipur,Jaunpur,Sujangang,Bikharipur,179932,70582,1825,bhikharipur khas,Jaunpur,Sujan Ganj,Bhikharipur Khas,9919,0.8575,0.8575,,,,
up2021__1081164,1825,ramgarh ta madhupur,Jaunpur,Sujangang,Ramgarh Ta. Madhupur,179953,271950,1825,ramgara taluka madhupur,Jaunpur,Sujan Ganj,Ramgara Taluka Madhupur,46024,0.8904398677854055,0.8904398677854055,,,,
up2021__44276,1825,mirpur ta0 madhupur,Jaunpur,Sujangang,Mirpur Ta0 Madhupur,179955,271951,1825,meerapur ta madhupur,Jaunpur,Sujan Ganj,Meerapur Ta Madhupur,36419,0.8528328173374613,0.8528328173374613,,,,
up2021__1112854,1825,khaadaari,Jaunpur,Sujangang,Khaadaari,179956,271952,1825,kharari,Jaunpur,Sujan Ganj,Kharari,29089,0.888888888888889,0.888888888888889,,,,
up2021__146183,1831,bagarwoni,Jhanshi,Gursarai,Bagarwoni,179968,70906,1831,bagrauni,Jhansi,Gursarai,Bagrauni,4053,0.8856481481481482,0.8856481481481482,,,,
up2021__146012,1831,chirora bujurg,Jhanshi,Gursarai,Chirora Bujurg,179969,70916,1831,chhiraura buzurg,Jhansi,Gursarai,Chhiraura Buzurg,13454,0.8507936507936509,0.8507936507936509,,,,
up2021__101024,1831,devarakhurda,Jhanshi,Gursarai,Devarakhurda,179972,265605,1831,deora khurd,Jhansi,Gursarai,Deora Khurd,15186,0.8552188552188553,0.8552188552188553,,,,
up2021__75683,1831,chaukari,Jhanshi,Gursarai,Chaukari,179989,70917,1831,chokri,Jhansi,Gursarai,Chokri,13833,0.8555555555555556,0.8555555555555556,,,,
up2021__135859,1831,bsari,Jhanshi,Gursarai,Bsari,180002,70910,1831,basari,Jhansi,Gursarai,Basari,7111,0.8900000000000001,0.8900000000000001,,,,
up2021__97830,1831,bankpahadi,Jhanshi,Gursarai,Bankpahadi,180020,70908,1831,banka pahari,Jhansi,Gursarai,Banka Pahari,5620,0.8855555555555555,0.8855555555555555,,,,
up2021__117258,1831,badhwar,Jhanshi,Gursarai,Badhwar,180025,70909,1831,barwar,Jhansi,Gursarai,Barwar,6945,0.8793650793650793,0.8793650793650793,,,,
up2021__103867,1831,ataroli,Jhanshi,Gursarai,Ataroli,180031,70951,1831,atrauli,Jhansi,Gursarai,Atrauli,2952,0.8793650793650793,0.8793650793650793,,,,
up2021__13791,1830,gadhuka,Jhanshi,Chirgaon,Gadhuka,180060,70870,1830,gadooka,Jhansi,Chirgaon,Gadooka,18247,0.8666666666666668,0.8666666666666668,,,,
up2021__115319,1830,atwei,Jhanshi,Chirgaon,Atwei,180064,70849,1830,atpei,Jhansi,Chirgaon,Atpei,2930,0.8933333333333333,0.8933333333333333,,,,
up2021__15488,1830,baghera,Jhanshi,Chirgaon,Baghera,180079,70851,1830,baghaira,Jhansi,Chirgaon,Baghaira,3919,0.8880952380952382,0.8880952380952382,,,,
up2021__59344,1830,kukarg,Jhanshi,Chirgaon,Kukarg,180086,70876,1830,kukur gaon,Jhansi,Chirgaon,Kukur Gaon,31124,0.8677777777777779,0.8677777777777779,,,,
up2021__14868,1830,pachargarh,Jhanshi,Chirgaon,Pachargarh,180092,70888,1830,pachchar garh,Jhansi,Chirgaon,Pachchar Garh,41188,0.8938461538461538,0.8938461538461538,,,,
up2021__79518,1830,ujiyan,Jhanshi,Chirgaon,Ujiyan,180094,70904,1830,ujayan,Jhansi,Chirgaon,Ujayan,56676,0.8577777777777779,0.8577777777777779,,,,
up2021__163191,1830,itwan,Jhanshi,Chirgaon,Itwan,180095,70872,1830,itwan khurd,Jhansi,Chirgaon,Itwan Khurd,23100,0.890909090909091,0.890909090909091,,,,
up2021__189722,1829,javan,Jhanshi,Bhangra,Javan,180099,70817,1829,jawan,Jhansi,Bangra,Jawan,24718,0.8933333333333333,0.8933333333333333,,,,
up2021__190089,1829,pathaakaraka,Jhanshi,Bhangra,Pathaakaraka,180101,70837,1829,patha kharka,Jhansi,Bangra,Patha Kharka,43180,0.8933333333333334,0.8933333333333334,,,,
up2021__130143,1829,bangradhwa,Jhanshi,Bhangra,Bangradhwa,180110,70799,1829,bangara dhawa,Jhansi,Bangra,Bangara Dhawa,5486,0.8938461538461538,0.8938461538461538,,,,
up2021__190102,1829,bsari,Jhanshi,Bhangra,Bsari,180120,70800,1829,basari,Jhansi,Bangra,Basari,7110,0.8900000000000001,0.8900000000000001,,,,
up2021__156022,1829,katera dehat,Jhanshi,Bhangra,Katera Dehat,180133,70819,1829,katera rural,Jhansi,Bangra,Katera Rural,27720,0.8666666666666666,0.8666666666666666,,,,
up2021__189621,1829,adjar,Jhanshi,Bhangra,Adjar,180139,70796,1829,arjar,Jhansi,Bangra,Arjar,2354,0.88,0.88,,,,
up2021__202641,1829,chadhardhwari,Jhanshi,Bhangra,Chadhardhwari,180142,70810,1829,charhrau dhawari,Jhansi,Bangra,Charhrau Dhawari,12851,0.8653846153846155,0.8653846153846155,,,,
up2021__170502,1827,babal,Jhanshi,Badagaon,Babal,180150,70700,1827,bawal,Jhansi,Badagaon,Bawal,7504,0.8933333333333333,0.8933333333333333,,,,
up2021__145281,1827,madora,Jhanshi,Badagaon,Madora,180163,70718,1827,marora,Jhansi,Badagaon,Marora,35819,0.8577777777777779,0.8577777777777779,,,,
up2021__147894,1827,chiplauta,Jhanshi,Badagaon,Chiplauta,180172,264950,1827,chiplotha,Jhansi,Badagaon,Chiplotha,13654,0.8825396825396825,0.8825396825396825,,,,
up2021__176230,1827,taindol,Jhanshi,Badagaon,Taindol,180174,70735,1827,tendol,Jhansi,Badagaon,Tendol,55386,0.8642857142857143,0.8642857142857143,,,,
up2021__134335,1827,lewa,Jhanshi,Badagaon,Lewa,180182,70716,1827,leva,Jhansi,Badagaon,Leva,32711,0.8666666666666667,0.8666666666666667,,,,
up2021__153310,1827,raunija,Jhanshi,Badagaon,Raunija,180183,265133,1827,ronija,Jhansi,Badagaon,Ronija,47861,0.8642857142857143,0.8642857142857143,,,,
up2021__27206,1827,parari,Jhanshi,Badagaon,Parari,180185,70720,1827,padri,Jhansi,Badagaon,Padri,41443,0.8577777777777779,0.8577777777777779,,,,
up2021__162868,1826,badora,Jhanshi,Babina,Badora,180199,70656,1826,barora,Jhansi,Babina,Barora,6754,0.8577777777777779,0.8577777777777779,,,,
up2021__158614,1826,budpura,Jhanshi,Babina,Budpura,180201,70659,1826,burhpura,Jhansi,Babina,Burhpura,11834,0.8507936507936509,0.8507936507936509,,,,
up2021__154877,1826,guavali,Jhanshi,Babina,Guāvalī,180203,70666,1826,guaoli,Jhansi,Babina,Guaoli,20498,0.8944444444444445,0.8944444444444445,,,,
up2021__178982,1826,sainyer,Jhanshi,Babina,Sainyer,180208,70691,1826,saiyar,Jhansi,Babina,Saiyar,48893,0.8944444444444445,0.8944444444444445,,,,
up2021__1139602,1826,killachawarabujurg,Jhanshi,Babina,Killachawarabujurg,180217,70673,1826,kichalwara bujurg,Jhansi,Babina,Kichalwara Bujurg,30010,0.8880174291938997,0.8880174291938997,,,,
up2021__174999,1826,bamer,Jhanshi,Babina,Bamer,180239,264898,1826,bamair,Jhansi,Babina,Bamair,5207,0.8755555555555556,0.8755555555555556,,,,
up2021__109615,1828,duddi,Jhanshi,Bamour,Duddi,180262,70758,1828,dundi,Jhansi,Bamaur,Dundi,17304,0.8933333333333333,0.8933333333333333,,,,
up2021__115472,1828,devari,Jhanshi,Bamour,Devari,180267,70754,1828,deori,Jhansi,Bamaur,Deori,15200,0.8577777777777779,0.8577777777777779,,,,
up2021__48157,1828,durakhuru,Jhanshi,Bamour,Durakhuru,180289,70759,1828,durkhuroo,Jhansi,Bamaur,Durkhuroo,17385,0.8962962962962963,0.8962962962962963,,,,
up2021__147865,1828,dakneshwar,Jhanshi,Bamour,Dakneshwar,180304,70753,1828,dakhaneshwar,Jhansi,Bamaur,Dakhaneshwar,14232,0.8911111111111111,0.8911111111111111,,,,
up2021__54562,1828,iskil bujurg,Jhanshi,Bamour,Iskil Bujurg,180309,70760,1828,eskil buzurg,Jhansi,Bamaur,Eskil Buzurg,17536,0.8555555555555556,0.8555555555555556,,,,
up2021__26387,1828,gendak bula,Jhanshi,Bamour,Gendak-Bula,180313,70762,1828,genda kaboola,Jhansi,Bamaur,Genda Kaboola,19378,0.8956643356643357,0.8956643356643357,,,,
up2021__33611,1832,syawni khurd,Jhanshi,Mauranipur,Syawni Khurd,180320,71016,1832,siyawnikhurd,Jhansi,Mauranipur,Siyawnikhurd,53512,0.8954545454545454,0.8954545454545454,,,,
up2021__67870,1832,roopadhamana,Jhanshi,Mauranipur,RoopaDhamana,180322,71012,1832,rupa dhamana,Jhansi,Mauranipur,Rupa Dhamana,48081,0.9,0.9,,,,
up2021__132351,1832,barori,Jhanshi,Mauranipur,Barori,180328,70969,1832,barauri,Jhansi,Mauranipur,Barauri,6232,0.8944444444444445,0.8944444444444445,,,,
up2021__149780,1832,chitaun,Jhanshi,Mauranipur,Chitaun,180349,70979,1832,chitawad,Jhansi,Mauranipur,Chitawad,13744,0.8678571428571429,0.8678571428571429,,,,
up2021__35233,1832,deverighat,Jhanshi,Mauranipur,Deverighat,180365,70981,1832,deori ghat,Jhansi,Mauranipur,Deori Ghat,15240,0.8933333333333333,0.8933333333333333,,,,
up2021__84139,1833,joura,Jhanshi,Moth,Joura,180399,71049,1833,jaura,Jhansi,Moth,Jaura,24685,0.88,0.88,,,,
up2021__64999,1833,imilia,Jhanshi,Moth,Imilia,180408,71046,1833,imiliya state,Jhansi,Moth,Imiliya (State),22687,0.8923076923076924,0.8923076923076924,,,,
up2021__50499,1833,lavan,Jhanshi,Moth,Lavan,180418,71059,1833,lawan,Jhansi,Moth,Lawan,32615,0.8933333333333333,0.8933333333333333,,,,
up2021__87117,1833,babai,Jhanshi,Moth,Babai,180428,71032,1833,bawai,Jhansi,Moth,Bawai,7501,0.8933333333333333,0.8933333333333333,,,,
up2021__8541,1833,pahadpura,Jhanshi,Moth,Pahadpura,180429,71066,1833,paharpura estate,Jhansi,Moth,Paharpura (Estate),41594,0.8527777777777777,0.8527777777777777,,,,
up2021__501106,1638,virva,Devaria,Gauribazar,Virva,180454,59135,1638,virwan,Deoria,Gauri Bazar,Virwan,57469,0.8755555555555556,0.8755555555555556,,,,
up2021__491856,1638,luvhathi,Devaria,Gauribazar,Luvhathi,180477,59168,1638,luathahi,Deoria,Gauri Bazar,Luathahi,32976,0.8952380952380953,0.8952380952380953,,,,
up2021__764970,1638,lakshmipur,Devaria,Gauribazar,Lakshmipur,180481,59166,1638,laxmipur,Deoria,Gauri Bazar,Laxmipur,32644,0.8866666666666667,0.8866666666666667,,,,
up2021__606794,1638,labkani,Devaria,Gauribazar,Labkani,180484,59165,1638,lavakani,Deoria,Gauri Bazar,Lavakani,32605,0.8507936507936509,0.8507936507936509,,,,
up2021__661396,1638,savana parshuram,Devaria,Gauribazar,Savana Parshuram,180502,59188,1638,sauna parushram,Deoria,Gauri Bazar,Sauna Parushram,50762,0.8726984126984128,0.8726984126984128,,,,
up2021__776071,1638,akatehiya urf matiyari,Devaria,Gauribazar,Akatehiya Urf Matiyari,180514,59118,1638,aktahia urf matiyari,Deoria,Gauri Bazar,Aktahia Urf Matiyari,1144,0.8957575757575758,0.8957575757575758,,,,
up2021__717318,1638,karjihin,Devaria,Gauribazar,Karjihin,180527,270415,1638,karjahi,Deoria,Gauri Bazar,Karjahi,27186,0.8880952380952382,0.8880952380952382,,,,
up2021__687398,1638,pannankunda,Devaria,Gauribazar,Pannankunda,180534,270427,1638,paanan kunda,Deoria,Gauri Bazar,Paanan Kunda,41144,0.877979797979798,0.877979797979798,,,,
up2021__571967,1638,jangalpipra,Devaria,Gauribazar,Jangalpipra,180538,270435,1638,jungle pipra,Deoria,Gauri Bazar,Jungle Pipra,25338,0.8704545454545455,0.8704545454545455,,,,
up2021__535513,1644,konhwaliya,Devaria,Tarkulwa,Konhwaliya,180545,241741,1644,konhavalia,Deoria,Tarkalua,Konhavalia,30544,0.895,0.895,,,,
up2021__471009,1644,sirsia gotha,Devaria,Tarkulwa,Sirsia Gotha,180557,241761,1644,sirasiya gotha,Deoria,Tarkalua,Sirasiya Gotha,53101,0.888888888888889,0.888888888888889,,,,
up2021__492745,1644,sonhula ramnagar,Devaria,Tarkulwa,Sonhula Ramnagar,180561,241765,1644,sonahula ramnagar,Deoria,Tarkalua,Sonahula Ramnagar,53647,0.8987745098039216,0.8987745098039216,,,,
up2021__758345,1636,siswaan,Devaria,Deoria Sadar,Siswaan,180591,59067,1636,sisvan,Deoria,Deoria Sadar,Sisvan,53370,0.8944444444444445,0.8944444444444445,,,,
up2021__641334,1636,bagha mathiya,Devaria,Deoria Sadar,Bagha Mathiya,180605,59039,1636,bagah amathia,Deoria,Deoria Sadar,Bagah Amathia,3843,0.8863247863247864,0.8863247863247864,,,,
up2021__665649,1636,majhgaon,Devaria,Deoria Sadar,Majhgaon,180621,59035,1636,majhaganvan,Deoria,Deoria Sadar,Majhaganvan,34443,0.8737012987012986,0.8737012987012986,,,,
up2021__674125,1636,mohinidei,Devaria,Deoria Sadar,Mohinidei,180622,59040,1636,mohanidei,Deoria,Deoria Sadar,Mohanidei,37271,0.8898148148148148,0.8898148148148148,,,,
up2021__689144,1636,fulwaria lachchi,Devaria,Deoria Sadar,Fulwaria Lachchi,180634,59056,1636,phulvaria lachhi,Deoria,Deoria Sadar,Phulvaria Lachhi,43706,0.875,0.875,,,,
up2021__724631,1636,pipra chadrabhan,Devaria,Deoria Sadar,Pipra Chadrabhan,180641,59059,1636,pipara chandrbhan,Deoria,Deoria Sadar,Pipara Chandrbhan,43906,0.8987745098039216,0.8987745098039216,,,,
up2021__590654,1636,dumriya lala,Devaria,Deoria Sadar,Dumriya Lala,180650,59021,1636,dumaria,Deoria,Deoria Sadar,Dumaria,17267,0.8694444444444446,0.8694444444444446,,,,
up2021__483424,1636,asna,Devaria,Deoria Sadar,Asna,180655,58988,1636,asana,Deoria,Deoria Sadar,Asana,2526,0.88,0.88,,,,
up2021__711812,1636,baukundhpur,Devaria,Deoria Sadar,Baukundhpur,180657,58996,1636,baikunthpur,Deoria,Deoria Sadar,Baikunthpur,4563,0.8734006734006734,0.8734006734006734,,,,
up2021__589319,1636,bardiha lala,Devaria,Deoria Sadar,Bardiha Lala,180673,58999,1636,baradihalala,Deoria,Deoria Sadar,Baradihalala,5888,0.8762626262626263,0.8762626262626263,,,,
up2021__489017,1636,barwa,Devaria,Deoria Sadar,Barwa,180674,59002,1636,baravan,Deoria,Deoria Sadar,Baravan,6241,0.8533333333333333,0.8533333333333333,,,,
up2021__535507,1637,belwaan,Devaria,Deshi Deoria,Belwaan,180691,59077,1637,belva,Deoria,Desai Deoria,Belva,7995,0.8533333333333333,0.8533333333333333,,,,
up2021__517989,1637,devariya nakched,Devaria,Deshi Deoria,Devariya Nakched,180722,59081,1637,deoria nakchhed,Deoria,Desai Deoria,Deoria (Nakchhed),15234,0.8529059829059829,0.8529059829059829,,,,
up2021__471043,1637,jangal belwa,Devaria,Deshi Deoria,Jangal Belwa,180739,59095,1637,jungle belwa,Deoria,Desai Deoria,Jungle Belwa,25310,0.8700000000000001,0.8700000000000001,,,,
up2021__604264,1640,malsi,Devaria,Pathardevaa,Malsi,180743,59288,1640,malsi khas,Deoria,Pathar Dewa,Malsi Khas,35043,0.9,0.9,,,,
up2021__497416,1640,lohroli,Devaria,Pathardevaa,Lohroli,180767,59284,1640,loharauli,Deoria,Pathar Dewa,Loharauli,32846,0.888888888888889,0.888888888888889,,,,
up2021__503206,1640,malghat biraicha,Devaria,Pathardevaa,Malghat Biraicha,180774,59287,1640,malghotviraicha,Deoria,Pathar Dewa,Malghotviraicha,34899,0.8742948717948718,0.8742948717948718,,,,
up2021__637443,1640,baghadaa mahuavaarii,Devaria,Pathardevaa,BaghaDaa Mahuavaarii,180781,59257,1640,baghramahuari,Deoria,Pathar Dewa,Baghramahuari,4011,0.8712820512820513,0.8712820512820513,,,,
up2021__502822,1640,vriksha patti,Devaria,Pathardevaa,Vriksha Patti,180785,59317,1640,virchhapatti,Deoria,Pathar Dewa,Virchhapatti,57452,0.8507692307692308,0.8507692307692308,,,,
up2021__470053,1640,malwaabar,Devaria,Pathardevaa,Malwaabar,180798,59289,1640,malvabar,Deoria,Pathar Dewa,Malvabar,35052,0.8856481481481482,0.8856481481481482,,,,
up2021__554747,1630,vasdevpur alias gobarhi,Devaria,Bankata,Vasdevpur alias Gobarhi,180820,58636,1630,vasdevpur urf gobarahi,Deoria,Bankata,Vasdevpur Urf Gobarahi,57287,0.8958394008737258,0.8958394008737258,,,,
up2021__641557,1630,chafwan kala,Devaria,Bankata,Chafwan Kala,180840,58646,1630,chafavan kala,Deoria,Bankata,Chafavan Kala,11922,0.8980186480186481,0.8980186480186481,,,,
up2021__597873,1630,bhadasar,Devaria,Bankata,Bhadasar,180849,58640,1630,bharsar,Deoria,Bankata,Bharsar,9237,0.8694444444444446,0.8694444444444446,,,,
up2021__475608,1630,cheriha,Devaria,Bankata,Cheriha,180863,58648,1630,chheriha,Deoria,Bankata,Chheriha,13410,0.8904761904761905,0.8904761904761905,,,,
up2021__509320,1630,pakdi narhiya,Devaria,Bankata,Pakdi Narhiya,180869,58675,1630,pakari narahiya,Deoria,Bankata,Pakari Narahiya,41827,0.8576068376068375,0.8576068376068375,,,,
up2021__619383,1630,inderwa,Devaria,Bankata,Inderwa,180874,58656,1630,indarva,Deoria,Bankata,Indarva,22753,0.8666666666666668,0.8666666666666668,,,,
up2021__598360,1630,sikatea dinacha,Devaria,Bankata,Sikatea Dinacha,180876,58688,1630,siktia deenanachak,Deoria,Bankata,Siktia Deenanachak,52769,0.898888888888889,0.898888888888889,,,,
up2021__595025,1630,bouliya pandey,Devaria,Bankata,Bouliya Pandey,180877,58644,1630,baulia pandey,Deoria,Bankata,Baulia Pandey,7449,0.8590659340659341,0.8590659340659341,,,,
up2021__633836,1630,dikshitauli,Devaria,Bankata,Dikshitauli,180891,58651,1630,distauli,Deoria,Bankata,Distauli,16799,0.8606060606060606,0.8606060606060606,,,,
up2021__520929,1631,mahanbabu,Devaria,Barhaj,Mahanbabu,180897,58725,1631,mahen babu,Deoria,Barhaj,Mahen Babu,33805,0.8982407407407408,0.8982407407407408,,,,
up2021__515986,1631,karjahan,Devaria,Barhaj,Karjahan,180901,58716,1631,karajaha,Deoria,Barhaj,Karajaha,26875,0.8750000000000001,0.8750000000000001,,,,
up2021__579090,1631,parsia tiwari,Devaria,Barhaj,Parsia Tiwari,180905,58736,1631,parasiya tivari,Deoria,Barhaj,Parasiya Tivari,42514,0.8770512820512821,0.8770512820512821,,,,
up2021__580349,1631,lavkani ganga,Devaria,Barhaj,Lavkani Ganga,180910,58724,1631,lavakani ganga,Deoria,Barhaj,Lavakani Ganga,32606,0.8935897435897436,0.8935897435897436,,,,
up2021__546802,1631,bhadela pratham,Devaria,Barhaj,Bhadela Pratham,180912,58701,1631,bhadila awwal,Deoria,Barhaj,Bhadila Awwal,8396,0.8584615384615384,0.8584615384615384,,,,
up2021__538795,1631,sisi gulab rai,Devaria,Barhaj,Sisi Gulab Rai,180914,58740,1631,sisai gulabrai,Deoria,Barhaj,Sisai Gulabrai,53292,0.8948717948717949,0.8948717948717949,,,,
up2021__528808,1631,badakaa gaav,Devaria,Barhaj,BadaKaa Gaav,180918,58698,1631,badaka gaon,Deoria,Barhaj,Badaka Gaon,3544,0.8914141414141414,0.8914141414141414,,,,
up2021__527507,1631,sasrawan,Devaria,Barhaj,Sasrawan,180932,267342,1631,sasrao,Deoria,Barhaj,Sasrao,50621,0.8916666666666667,0.8916666666666667,,,,
up2021__511117,1631,lakshmipur,Devaria,Barhaj,Lakshmipur,180933,267388,1631,laxmipur,Deoria,Barhaj,Laxmipur,32651,0.8866666666666667,0.8866666666666667,,,,
up2021__562810,1629,lakshmipur,Devaria,Baitaalpur,Lakshmipur,180944,58595,1629,laxmi pur,Deoria,Baitalpur,Laxmi Pur,32652,0.8607407407407408,0.8607407407407408,,,,
up2021__491955,1629,bhooripakad,Devaria,Baitaalpur,Bhooripakad,180953,58571,1629,bhudi pakad,Deoria,Baitalpur,Bhudi Pakad,10394,0.8545454545454546,0.8545454545454546,,,,
up2021__530505,1629,cheriha,Devaria,Baitaalpur,Cheriha,180954,58579,1629,chheriha,Deoria,Baitalpur,Chheriha,13409,0.8904761904761905,0.8904761904761905,,,,
up2021__475088,1629,parsona,Devaria,Baitaalpur,Parsona,180960,58607,1629,parsauna,Deoria,Baitalpur,Parsauna,42833,0.8880952380952382,0.8880952380952382,,,,
up2021__520085,1629,bhagwanpur chaube,Devaria,Baitaalpur,Bhagwanpur Chaube,180971,58569,1629,bhagvanpur,Deoria,Baitalpur,Bhagvanpur,8577,0.8858823529411766,0.8858823529411766,,,,
up2021__700033,1629,chitthi bazaar,Devaria,Baitaalpur,Chitthi Bazaar,180990,58580,1629,chhitahibazar,Deoria,Baitalpur,Chhitahibazar,13462,0.8525030525030524,0.8525030525030524,,,,
up2021__525301,1629,tiwai,Devaria,Baitaalpur,Tiwai,180993,58622,1629,tivai,Deoria,Baitalpur,Tivai,56152,0.8933333333333333,0.8933333333333333,,,,
up2021__519369,1629,naktapur,Devaria,Baitaalpur,Naktapur,180997,58603,1629,nakatapar,Deoria,Baitalpur,Nakatapar,39181,0.8856481481481482,0.8856481481481482,,,,
up2021__821888,1634,veersinghpur,Devaria,Bhatni,Veersinghpur,181035,58881,1634,virsinghpur,Deoria,Bhatni,Virsinghpur,57468,0.8927272727272727,0.8927272727272727,,,,
up2021__508788,1634,vardihao,Devaria,Bhatni,Vardihao,181036,58877,1634,bardiha,Deoria,Bhatni,Bardiha,6310,0.8690476190476191,0.8690476190476191,,,,
up2021__654203,1634,belwababu,Devaria,Bhatni,Belwababu,181048,58879,1634,belava babu,Deoria,Bhatni,Belava Babu,7869,0.8812710437710437,0.8812710437710437,,,,
up2021__607790,1634,piparadikshit,Devaria,Bhatni,Piparadikshit,181061,58912,1634,pipra dixit,Deoria,Bhatni,Pipra Dixit,44083,0.8598549598549599,0.8598549598549599,,,,
up2021__554597,1634,jigina dixit,Devaria,Bhatni,Jigina Dixit,181063,58894,1634,jigana dixit,Deoria,Bhatni,Jigana Dixit,24963,0.8974747474747474,0.8974747474747474,,,,
up2021__550717,1634,amwa pandey,Devaria,Bhatni,Amwa Pandey,181076,58872,1634,amavan pandey,Deoria,Bhatni,Amavan Pandey,1658,0.8608857808857808,0.8608857808857808,,,,
up2021__529071,1634,lakshmipur,Devaria,Bhatni,Lakshmipur,181079,58899,1634,laxmipur,Deoria,Bhatni,Laxmipur,32643,0.8866666666666667,0.8866666666666667,,,,
up2021__546471,1633,nagwan,Devaria,Bhaluani,Nagwan,181107,58842,1633,nagavan,Deoria,Bhaluani,Nagavan,38661,0.8944444444444445,0.8944444444444445,,,,
up2021__481447,1633,fulwaria pandey,Devaria,Bhaluani,Fulwaria pandey,181124,58851,1633,phulvaria pandey,Deoria,Bhaluani,Phulvaria Pandey,43707,0.8930555555555556,0.8930555555555556,,,,
up2021__615362,1633,lakhna naranga,Devaria,Bhaluani,Lakhna Naranga,181128,58834,1633,lakhana,Deoria,Bhaluani,Lakhana,32071,0.8714285714285714,0.8714285714285714,,,,
up2021__559952,1633,marhwan,Devaria,Bhaluani,Marhwan,181131,58838,1633,marahavan,Deoria,Bhaluani,Marahavan,35704,0.85,0.85,,,,
up2021__562671,1633,barwan babhani,Devaria,Bhaluani,Barwan Babhani,181143,58808,1633,barava babhani,Deoria,Bhaluani,Barava Babhani,6239,0.8750000000000001,0.8750000000000001,,,,
up2021__625274,1633,sherwabbhanauli,Devaria,Bhaluani,Sherwabbhanauli,181148,58859,1633,serva babhanauli,Deoria,Bhaluani,Serva Babhanauli,51227,0.8575961538461538,0.8575961538461538,,,,
up2021__571579,1633,langda bazar,Devaria,Bhaluani,Langda Bazar,181151,58835,1633,langra,Deoria,Bhaluani,Langra,32467,0.85,0.85,,,,
up2021__500711,1633,sukui parsiya,Devaria,Bhaluani,Sukui Parsiya,181159,58865,1633,sukai parsia,Deoria,Bhaluani,Sukai Parsia,54081,0.8598096348096348,0.8598096348096348,,,,
up2021__597974,1632,vabhaniyav,Devaria,Bhagalpur,Vabhaniyav,181187,58743,1632,babhaniav,Deoria,Bhagalpur,Babhaniav,3318,0.8546296296296297,0.8546296296296297,,,,
up2021__481847,1632,adila,Devaria,Bhagalpur,Adila,181195,58742,1632,arila,Deoria,Bhagalpur,Arila,2337,0.88,0.88,,,,
up2021__529066,1632,dyodhi,Devaria,Bhagalpur,Dyodhi,181229,58755,1632,deodhi,Deoria,Bhagalpur,Deodhi,15121,0.9,0.9,,,,
up2021__492762,1632,chittpur,Devaria,Bhagalpur,Chittpur,181230,267923,1632,chhitupur,Deoria,Bhagalpur,Chhitupur,13514,0.8693121693121693,0.8693121693121693,,,,
up2021__537331,1632,badhonaharaudo,Devaria,Bhagalpur,Badhonaharaudo,181233,267936,1632,barhauna hardo,Deoria,Bhagalpur,Barhauna Hardo,6499,0.8793650793650793,0.8793650793650793,,,,
up2021__470334,1632,piparapathak,Devaria,Bhagalpur,Piparapathak,181235,267940,1632,pipra pathak,Deoria,Bhagalpur,Pipra Pathak,44153,0.8974747474747474,0.8974747474747474,,,,
up2021__548127,1635,pakri babu,Devaria,Bhatpar Rani,Pakri Babu,181243,58973,1635,pakadi babu,Deoria,Bhatpar Rani,Pakadi Babu,41766,0.8823905723905724,0.8823905723905724,,,,
up2021__508298,1635,tadwa,Devaria,Bhatpar Rani,Tadwa,181258,58982,1635,tadava,Deoria,Bhatpar Rani,Tadava,54664,0.8755555555555556,0.8755555555555556,,,,
up2021__688921,1635,kathghara,Devaria,Bhatpar Rani,Kathghara,181289,58952,1635,kataghara,Deoria,Bhatpar Rani,Kataghara,27619,0.8898148148148148,0.8898148148148148,,,,
up2021__477196,1635,mehrouna,Devaria,Bhatpar Rani,mehrouna,181292,58967,1635,meharauna,Deoria,Bhatpar Rani,Meharauna,36488,0.8856481481481482,0.8856481481481482,,,,
up2021__577085,1641,tawkkalpur,Devaria,Rampur Kaarkhana,Tawkkalpur,181335,59371,1641,tavakkalpur,Deoria,Rampur Karkhana,Tavakkalpur,55222,0.8952188552188552,0.8952188552188552,,,,
up2021__486103,1641,savrezhi kharg,Devaria,Rampur Kaarkhana,Savrezhi Kharg,181338,59365,1641,savareji kharag,Deoria,Rampur Karkhana,Savareji Kharag,50795,0.8811111111111112,0.8811111111111112,,,,
up2021__636111,1641,chakarwaghoos,Devaria,Rampur Kaarkhana,Chakarwaghoos,181346,59330,1641,chakrava dhus,Deoria,Rampur Karkhana,Chakrava Dhus,12244,0.8547008547008547,0.8547008547008547,,,,
up2021__524422,1641,parsa vrawan,Devaria,Rampur Kaarkhana,Parsa Vrawan,181371,59358,1641,parsa barawa,Deoria,Rampur Karkhana,Parsa Barawa,42734,0.8933333333333334,0.8933333333333334,,,,
up2021__488104,1642,harha,Devaria,Roodrapur,Harha,181390,59379,1642,bharohia,Deoria,Rudrapur,Bharohia,9211,0.875,0.875,,,,
up2021__495781,1642,jameera,Devaria,Roodrapur,Jameera,181399,59398,1642,jamira,Deoria,Rudrapur,Jamira,24075,0.8944444444444445,0.8944444444444445,,,,
up2021__493450,1642,daharoli bujurg,Devaria,Roodrapur,Daharoli Bujurg,181422,59372,1642,dahrauli buzurg,Deoria,Rudrapur,Dahrauli Buzurg,14208,0.8839316239316239,0.8839316239316239,,,,
up2021__549859,1642,shital majha,Devaria,Roodrapur,Shital Majha,181423,59436,1642,seetal majha,Deoria,Rudrapur,Seetal Majha,50875,0.9,0.9,,,,
up2021__522717,1642,jafarabadkotia,Devaria,Roodrapur,Jafarabadkotia,181456,271019,1642,jafrabad kotia,Deoria,Rudrapur,Jafrabad Kotia,23201,0.876923076923077,0.876923076923077,,,,
up2021__527588,1642,ghazipur bhaisihi,Devaria,Roodrapur,Ghazipur Bhaisihi,181457,59391,1642,gajipur bhainsahi,Deoria,Rudrapur,Gajipur Bhainsahi,18429,0.8726890756302521,0.8726890756302521,,,,
up2021__586660,1639,dikshitauli,Devaria,Lar,Dikshitauli,181463,59213,1639,dixitauli,Deoria,Lar,Dixitauli,16830,0.8976430976430976,0.8976430976430976,,,,
up2021__596741,1639,ajna,Devaria,Lar,Ajna,181464,59194,1639,ajana,Deoria,Lar,Ajana,799,0.88,0.88,,,,
up2021__493718,1639,sahajor,Devaria,Lar,Sahajor,181468,59249,1639,sahjaur,Deoria,Lar,Sahjaur,48605,0.8944444444444445,0.8944444444444445,,,,
up2021__579588,1639,matil upadhyay,Devaria,Lar,Matil Upadhyay,181480,59232,1639,mathil upadhayay,Deoria,Lar,Mathil Upadhayay,36015,0.8875000000000001,0.8875000000000001,,,,
up2021__478149,1639,sadakada,Devaria,Lar,Sadakada,181481,59251,1639,sarakara,Deoria,Lar,Sarakara,50118,0.8666666666666667,0.8666666666666667,,,,
up2021__513201,1639,jamsada,Devaria,Lar,Jamsada,181500,59219,1639,jamasara,Deoria,Lar,Jamasara,24015,0.8694444444444446,0.8694444444444446,,,,
up2021__501317,1639,mahaalaa manjhariyaa,Devaria,Lar,Mahaalaa Manjhariyaa,181504,59229,1639,mahal manjharia,Deoria,Lar,Mahal Manjharia,33639,0.8833333333333333,0.8833333333333333,,,,
up2021__487618,1639,majhauliyan,Devaria,Lar,Majhauliyan,181516,270437,1639,majhwalia 2,Deoria,Lar,Majhwalia-2,34625,0.890909090909091,0.890909090909091,,,,
up2021__530714,1639,kathori,Devaria,Lar,Kathori,181517,270439,1639,katauri,Deoria,Lar,Katauri,27700,0.8666666666666668,0.8666666666666668,,,,
up2021__491871,1639,padri gajraj,Devaria,Lar,Padri Gajraj,181527,59237,1639,padari gajaraj,Deoria,Lar,Padari Gajaraj,41365,0.888888888888889,0.888888888888889,,,,
up2021__501374,1643,lohroli,Devaria,Salempur,Lohroli,181538,59506,1643,loharauli,Deoria,Salempur,Loharauli,32847,0.888888888888889,0.888888888888889,,,,
up2021__602080,1643,sohnang,Devaria,Salempur,Sohnang,181539,59515,1643,sohanag,Deoria,Salempur,Sohanag,53543,0.8944444444444445,0.8944444444444445,,,,
up2021__576418,1643,ituhua chandauli,Devaria,Salempur,Ituhua Chandauli,181554,59477,1643,itahua chandauli,Deoria,Salempur,Itahua Chandauli,22989,0.8955555555555555,0.8955555555555555,,,,
up2021__480306,1643,ataroli,Devaria,Salempur,Ataroli,181573,59444,1643,atrauli,Deoria,Salempur,Atrauli,2946,0.8793650793650793,0.8793650793650793,,,,
up2021__476004,1643,mujuri khurd,Devaria,Salempur,Mujuri Khurd,181582,59494,1643,mazuri khurd,Deoria,Salempur,Mazuri Khurd,36352,0.9,0.9,,,,
up2021__483587,1643,chaudapar,Devaria,Salempur,Chaudapar,181583,59463,1643,chandpar,Deoria,Salempur,Chandpar,12590,0.8856481481481482,0.8856481481481482,,,,
up2021__492623,1643,vindavaliya,Devaria,Salempur,Vindavaliya,181603,59459,1643,vindwalia,Deoria,Salempur,Vindwalia,57426,0.8982323232323232,0.8982323232323232,,,,
up2021__539586,1643,hichora lala,Devaria,Salempur,Hichora Lala,181608,272169,1643,hichhaura lala,Deoria,Salempur,Hichhaura Lala,22190,0.8859307359307359,0.8859307359307359,,,,
up2021__510675,1643,sahila,Devaria,Salempur,Sahila,181617,59513,1643,sahala,Deoria,Salempur,Sahala,48476,0.8755555555555556,0.8755555555555556,,,,
up2021__547253,2021,sahawan nagariya,Pilibhit,Amariya,Sahawan Nagariya,181622,81788,2021,sahgawan nagria,Pilibhit,Amariya,Sahgawan Nagria,48567,0.8719444444444445,0.8719444444444445,,,,
up2021__696524,2021,gulria dulhan,Pilibhit,Amariya,Gulria Dulhan,181628,266732,2021,gulariya dulhan,Pilibhit,Amariya,Gulariya Dulhan,20632,0.897094017094017,0.897094017094017,,,,
up2021__573910,2021,ardouli,Pilibhit,Amariya,Ardouli,181645,81723,2021,arauli,Pilibhit,Amariya,Arauli,2285,0.8793650793650793,0.8793650793650793,,,,
up2021__594806,2021,andrayan,Pilibhit,Amariya,Andrayan,181654,81722,2021,andrayan mustqil,Pilibhit,Amariya,Andrayan Mustqil,2073,0.9,0.9,,,,
up2021__638204,2021,tumdiya,Pilibhit,Amariya,Tumdiya,181672,81803,2021,tumria,Pilibhit,Amariya,Tumria,56362,0.8944444444444445,0.8944444444444445,,,,
up2021__625333,2021,kaitutanda,Pilibhit,Amariya,Kaitutanda,181676,81762,2021,kaichu tanda,Pilibhit,Amariya,Kaichu Tanda,25611,0.8924074074074073,0.8924074074074073,,,,
up2021__499998,2021,udra,Pilibhit,Amariya,Udra,181689,81805,2021,udara,Pilibhit,Amariya,Udara,56544,0.88,0.88,,,,
up2021__720389,2021,dioraniya,Pilibhit,Amariya,Dioraniya,181697,81748,2021,deorania,Pilibhit,Amariya,Deorania,15191,0.8958333333333333,0.8958333333333333,,,,
up2021__716506,2021,surajpur,Pilibhit,Amariya,Surajpur,181702,81797,2021,surajpur ehatmali,Pilibhit,Amariya,Surajpur Ehatmali,54460,0.8941176470588236,0.8941176470588236,,,,
up2021__510847,2021,pansoli,Pilibhit,Amariya,Pansoli,181704,81782,2021,pansoli mustqil,Pilibhit,Amariya,Pansoli Mustqil,42305,0.8933333333333334,0.8933333333333334,,,,
up2021__610080,2021,tanda vijyasi,Pilibhit,Amariya,Tanda Vijyasi,181705,81799,2021,tanda bijaisi sahrai,Pilibhit,Amariya,Tanda Bijaisi Sahrai,54956,0.8610489510489511,0.8610489510489511,,,,
up2021__668097,2021,kurri,Pilibhit,Amariya,Kurri,181721,81769,2021,kurri mustqil,Pilibhit,Amariya,Kurri Mustqil,31523,0.8769230769230769,0.8769230769230769,,,,
up2021__672739,2021,jatpura,Pilibhit,Amariya,Jatpura,181725,81760,2021,jatpura amaria,Pilibhit,Amariya,Jatpura(Amaria),24650,0.9,0.9,,,,
up2021__625776,2027,abhayapur jagatpur,Pilibhit,Purnanpur,Abhayapur Jagatpur,181758,82161,2027,abhaipur j jagatpur,Pilibhit,Puranpur,Abhaipur J. Jagatpur,128,0.8961988304093567,0.8961988304093567,,,,
up2021__674291,2027,grant no 21 aka dhakkachant,Pilibhit,Purnanpur,Grant No. 21 aka DhakkaChant,181761,82204,2027,grant no21 urf dhakkachat,Pilibhit,Puranpur,Grant No21 Urf Dhakkachat,20492,0.8935084175084175,0.8935084175084175,,,,
up2021__649754,2027,patna,Pilibhit,Purnanpur,Patna,181781,82264,2027,patihan,Pilibhit,Puranpur,Patihan,43250,0.8533333333333333,0.8533333333333333,,,,
up2021__677996,2027,baamanpuri bhaagirath,Pilibhit,Purnanpur,Baamanpuri Bhaagirath,181782,82171,2027,bamanpura bhagirath,Pilibhit,Puranpur,Bamanpura Bhagirath,5215,0.8763575605680868,0.8763575605680868,,,,
up2021__559804,2027,guldia bhup singh,Pilibhit,Purnanpur,Guldia Bhup Singh,181803,82205,2027,gularia bhoopsingh,Pilibhit,Puranpur,Gularia Bhoopsingh,20615,0.8903050108932462,0.8903050108932462,,,,
up2021__631661,2027,balrampur,Pilibhit,Purnanpur,Balrampur,181805,82170,2027,balrampur j ranmustpur,Pilibhit,Puranpur,Balrampur J.Ranmustpur,5152,0.8818181818181818,0.8818181818181818,,,,
up2021__687209,2027,nagariya khurdkalan,Pilibhit,Purnanpur,Nagariya Khurdkalan,181810,82254,2027,nagria khurd kalan,Pilibhit,Puranpur,Nagria Khurd Kalan,39006,0.8801226923517944,0.8801226923517944,,,,
up2021__649886,2027,mallupur khajuriya,Pilibhit,Purnanpur,Mallupur Khajuriya,181817,82245,2027,malahpur khajuria,Pilibhit,Puranpur,Malahpur Khajuria,34795,0.8558823529411764,0.8558823529411764,,,,
up2021__697970,2027,madhautaanda,Pilibhit,Purnanpur,Madhautaanda,181837,82312,2027,madho tanda,Pilibhit,Puranpur,Madho Tanda,33351,0.8691919191919192,0.8691919191919192,,,,
up2021__552327,2027,chadupura,Pilibhit,Purnanpur,Chadupura,181851,82184,2027,chandopur,Pilibhit,Puranpur,Chandopur,12581,0.8629629629629629,0.8629629629629629,,,,
up2021__714312,2027,abhayapur mu shahgarh,Pilibhit,Purnanpur,Abhayapur Mu Shahgarh,181856,82162,2027,abhaipur m shahgarh,Pilibhit,Puranpur,Abhaipur M. Shahgarh,130,0.894235588972431,0.894235588972431,,,,
up2021__563053,2027,itoriya j0 biharipur,Pilibhit,Purnanpur,Itoriya J0 Biharipur,181866,82210,2027,itauria j biharipur,Pilibhit,Puranpur,Itauria J.Biharipur,23048,0.8534984520123838,0.8534984520123838,,,,
up2021__668014,2027,amaraiya kalan,Pilibhit,Purnanpur,Amaraiya Kalan,181881,82164,2027,amraiya kalan,Pilibhit,Puranpur,Amraiya Kalan,1904,0.8783882783882784,0.8783882783882784,,,,
up2021__668822,2027,roodrapur,Pilibhit,Purnanpur,Roodrapur,181883,82282,2027,rudrapur,Pilibhit,Puranpur,Rudrapur,48004,0.8958333333333333,0.8958333333333333,,,,
up2021__954312,2027,makarandpur ta0 pipariya dulai,Pilibhit,Purnanpur,Makarandpur Ta0 Pipariya Dulai,181898,82244,2027,makranpur t pipriya dulai,Pilibhit,Puranpur,Makranpur T.Pipriya Dulai,34762,0.8771111111111112,0.8771111111111112,,,,
up2021__951782,2027,pipariya dulhai,Pilibhit,Purnanpur,Pipariya Dulhai,181899,82271,2027,pipriya dulai,Pilibhit,Puranpur,Pipriya Dulai,44237,0.897094017094017,0.897094017094017,,,,
up2021__654976,2027,simaria ta0 ajitpur bilha,Pilibhit,Purnanpur,Simaria Ta0 Ajitpur Bilha,181909,82301,2027,simriya t ajitpur bilha,Pilibhit,Puranpur,Simriya T. Ajitpur Bilha,52876,0.8664005270092227,0.8664005270092227,,,,
up2021__579007,2027,abhayapur madhaupur,Pilibhit,Purnanpur,Abhayapur Madhaupur,181913,82163,2027,abhaipur madhopur,Pilibhit,Puranpur,Abhaipur Madhopur,129,0.881031991744066,0.881031991744066,,,,
up2021__519917,2027,keshaupur ta0 ghunchihai,Pilibhit,Purnanpur,Keshaupur TA0 Ghunchihai,181914,82227,2027,keshopur t ghunchai,Pilibhit,Puranpur,Keshopur T. Ghunchai,28230,0.8728070175438596,0.8728070175438596,,,,
up2021__975803,2022,bakaunia ta0 mahd,Pilibhit,Barkheda,Bakaunia Ta0 Mahd,181919,81817,2022,bakainia talluka mahad,Pilibhit,Barkhera,Bakainia Talluka Mahad,4800,0.8836898395721925,0.8836898395721925,,,,
up2021__839055,2022,pachpeda ta0 shahpur,Pilibhit,Barkheda,Pachpeda Ta0 Shahpur,181920,81859,2022,pachpera talluka shahpura,Pilibhit,Barkhera,Pachpera Talluka Shahpura,41286,0.8906666666666667,0.8906666666666667,,,,
up2021__799646,2022,kurraiya ta0 phuta kuan,Pilibhit,Barkheda,Kurraiya Ta0 Phuta Kuan,181924,81845,2022,kuraiya talluka phuta kuwan,Pilibhit,Barkhera,Kuraiya Talluka Phuta Kuwan,31396,0.8723027375201288,0.8723027375201288,,,,
up2021__822805,2022,amdar,Pilibhit,Barkheda,Amdar,181931,81810,2022,aamdar,Pilibhit,Barkhera,Aamdar,35,0.8900000000000001,0.8900000000000001,,,,
up2021__789422,2022,kajrabojhi,Pilibhit,Barkheda,Kajrabojhi,181935,81840,2022,kazar bojhi,Pilibhit,Barkhera,Kazar Bojhi,28076,0.8952188552188552,0.8952188552188552,,,,
up2021__778546,2022,masit,Pilibhit,Barkheda,Masit,181938,81850,2022,maseet,Pilibhit,Barkhera,Maseet,35881,0.8755555555555556,0.8755555555555556,,,,
up2021__972384,2022,itaroda,Pilibhit,Barkheda,Itaroda,181963,81835,2022,inta rora,Pilibhit,Barkhera,Inta Rora,22810,0.8571428571428572,0.8571428571428572,,,,
up2021__942726,2022,pipariya manda,Pilibhit,Barkheda,Pipariya Manda,181965,81870,2022,pipria mandan,Pilibhit,Barkhera,Pipria Mandan,44211,0.8709401709401708,0.8709401709401708,,,,
up2021__765732,2022,pachpeda puka,Pilibhit,Barkheda,Pachpeda Puka,181971,81862,2022,panchpera purna,Pilibhit,Barkhera,Panchpera Purna,42169,0.8878632478632478,0.8878632478632478,,,,
up2021__820883,2022,bakainiya dixit,Pilibhit,Barkheda,Bakainiya Dixit,181987,81818,2022,baknia dixit,Pilibhit,Barkhera,Baknia Dixit,4897,0.895,0.895,,,,
up2021__947531,2022,ajnyari,Pilibhit,Barkheda,Ajnyari,181998,81812,2022,agyari,Pilibhit,Barkhera,Agyari,451,0.8642857142857143,0.8642857142857143,,,,
up2021__686776,2023,marorikhas,Pilibhit,Bilsanda,Marorikhas,182010,81935,2023,marauri khas,Pilibhit,Bilsanda,Marauri Khas,35728,0.8664814814814815,0.8664814814814815,,,,
up2021__661736,2023,babura,Pilibhit,Bilsanda,Babura,182011,81892,2023,baboora,Pilibhit,Bilsanda,Baboora,3385,0.8944444444444445,0.8944444444444445,,,,
up2021__683581,2023,chaparwa kuyan,Pilibhit,Bilsanda,Chaparwa Kuyan,182015,81903,2023,chaprua kuiya,Pilibhit,Bilsanda,Chaprua Kuiya,12822,0.89000999000999,0.89000999000999,,,,
up2021__789129,2023,pakdia ta0 deoria,Pilibhit,Bilsanda,Pakdia Ta0 Deoria,182034,81950,2023,pakria t deoria,Pilibhit,Bilsanda,Pakria T.Deoria,41896,0.8599346405228758,0.8599346405228758,,,,
up2021__823602,2023,labhua,Pilibhit,Bilsanda,Labhua,182035,268449,2023,lamua,Pilibhit,Bilsanda,Lamua,32456,0.8577777777777779,0.8577777777777779,,,,
up2021__803915,2023,bhagotipur,Pilibhit,Bilsanda,Bhagotipur,182037,268447,2023,bhgautipur,Pilibhit,Bilsanda,Bhgautipur,9840,0.8577777777777779,0.8577777777777779,,,,
up2021__954784,2023,bhadenagkanja,Pilibhit,Bilsanda,Bhadenagkanja,182042,81899,2023,bhadeg kanja,Pilibhit,Bilsanda,Bhadeg Kanja,8350,0.8980186480186481,0.8980186480186481,,,,
up2021__576437,2023,dhurikhas,Pilibhit,Bilsanda,Dhurikhas,182051,81913,2023,ghuri khas,Pilibhit,Bilsanda,Ghuri Khas,19697,0.8962962962962964,0.8962962962962964,,,,
up2021__637871,2023,nadiya marauri,Pilibhit,Bilsanda,Nadiya Marauri,182065,268095,2023,nabadiya marori,Pilibhit,Bilsanda,Nabadiya Marori,38438,0.8633455433455434,0.8633455433455434,,,,
up2021__555108,2024,pakariya mangili,Pilibhit,Bisalpur,Pakariya Mangili,182070,82014,2024,pakria mangli,Pilibhit,Bisalpur,Pakria Mangli,41894,0.8844551282051283,0.8844551282051283,,,,
up2021__548231,2024,nagaria fatehpur,Pilibhit,Bisalpur,Nagaria Fatehpur,182088,82012,2024,nagria fatehpur must,Pilibhit,Bisalpur,Nagria Fatehpur Must.,39004,0.8804166666666666,0.8804166666666666,,,,
up2021__596799,2024,karma,Pilibhit,Bisalpur,Karma,182104,268110,2024,karmapur maafi,Pilibhit,Bisalpur,Karmapur Maafi,27256,0.8714285714285714,0.8714285714285714,,,,
up2021__712292,2024,mighona,Pilibhit,Bisalpur,Mighona,182114,82007,2024,mighauna,Pilibhit,Bisalpur,Mighauna,36639,0.8880952380952382,0.8880952380952382,,,,
up2021__494504,2024,richola ghasi,Pilibhit,Bisalpur,Richola Ghasi,182126,82023,2024,richhola ghasi must,Pilibhit,Bisalpur,Richhola Ghasi Must.,47729,0.8906882591093117,0.8906882591093117,,,,
up2021__496436,2024,rasula,Pilibhit,Bisalpur,Rasula,182144,82021,2024,rasula mustkil,Pilibhit,Bisalpur,Rasula Mustkil,47138,0.8857142857142858,0.8857142857142858,,,,
up2021__537747,2026,bhamora,Pilibhit,Marauri,Bhamora,182153,82099,2026,bhamaura,Pilibhit,Marori,Bhamaura,8932,0.8880952380952382,0.8880952380952382,,,,
up2021__574377,2026,auraiya,Pilibhit,Marauri,Auraiya,182155,82095,2026,auria,Pilibhit,Marori,Auria,3134,0.8866666666666667,0.8866666666666667,,,,
up2021__711052,2026,behri,Pilibhit,Marauri,Behri,182168,82098,2026,behari mustqil,Pilibhit,Marori,Behari Mustqil,7669,0.85,0.85,,,,
up2021__552111,2026,himmatnagar,Pilibhit,Marauri,Himmatnagar,182175,82118,2026,himmat nager urf chiraidipur,Pilibhit,Marori,Himmat Nager Urf Chiraidipur,22228,0.8603896103896104,0.8603896103896104,,,,
up2021__651684,2026,tahpoota,Pilibhit,Marauri,Tahpoota,182183,82158,2026,tah,Pilibhit,Marori,Tah,54692,0.8541666666666666,0.8541666666666666,,,,
up2021__651588,2026,purwa bhuda mu,Pilibhit,Marauri,Purwa Bhuda Mu.,182189,267870,2026,purawa bhooda mu,Pilibhit,Marori,Purawa Bhooda Mu,44796,0.8677884615384616,0.8677884615384616,,,,
up2021__526730,2026,nyoriya husainapur d0sah0,Pilibhit,Marauri,Nyoriya Husainapur D0sah0,182203,82144,2026,neoria husainpur,Pilibhit,Marori,Neoria Husainpur,40362,0.86125,0.86125,,,,
up2021__708710,2026,gajraulakalanmu0,Pilibhit,Marauri,GajraulaKalanMu0,182212,82113,2026,gajraula kalan saharai,Pilibhit,Marori,Gajraula Kalan Saharai,18457,0.8806818181818182,0.8806818181818182,,,,
up2021__590114,2026,diyuni bahadurganj,Pilibhit,Marauri,Diyuni Bahadurganj,182227,267888,2026,diyoni bhadurganj,Pilibhit,Marori,Diyoni Bhadurganj,16839,0.887431917211329,0.887431917211329,,,,
up2021__577121,2026,banauli,Pilibhit,Marauri,Banauli,182228,82096,2026,banausa,Pilibhit,Marori,Banausa,5371,0.8857142857142858,0.8857142857142858,,,,
up2021__698158,2026,richaula mu,Pilibhit,Marauri,Richaula Mu.,182237,267846,2026,richola mu,Pilibhit,Marori,Richola Mu,47732,0.8991919191919192,0.8991919191919192,,,,
up2021__653383,2025,umarsad mu,Pilibhit,Lalauri kheda,Umarsad Mu,182243,82091,2025,umarsar mustqil,Pilibhit,Lalaurikhera,Umarsar Mustqil,56866,0.9,0.9,,,,
up2021__632343,2025,guldia jafrapur,Pilibhit,Lalauri kheda,Guldia Jafrapur,182248,267976,2025,guriya gafarpur,Pilibhit,Lalaurikhera,Guriya Gafarpur,20809,0.8711111111111112,0.8711111111111112,,,,
up2021__652932,2025,ujhwania rampura,Pilibhit,Lalauri kheda,Ujhwania Rampura,182254,82090,2025,ujhainia rampur mustqil,Pilibhit,Lalaurikhera,Ujhainia Rampur Mustqil,56677,0.8628623188405797,0.8628623188405797,,,,
up2021__579055,2025,sarori,Pilibhit,Lalauri kheda,Sarori,182258,82084,2025,sarauri,Pilibhit,Lalaurikhera,Sarauri,50188,0.8944444444444445,0.8944444444444445,,,,
up2021__580865,2025,gounridan,Pilibhit,Lalauri kheda,Gounridan,182261,82049,2025,gauneri dan,Pilibhit,Lalaurikhera,Gauneri Dan,19079,0.8848484848484848,0.8848484848484848,,,,
up2021__546123,2025,karaia nawada,Pilibhit,Lalauri kheda,Karaia Nawada,182269,267958,2025,kariya nabada,Pilibhit,Lalaurikhera,Kariya Nabada,27177,0.8645687645687645,0.8645687645687645,,,,
up2021__593805,2025,ruppur kamalu,Pilibhit,Lalauri kheda,Ruppur Kamalu,182278,82079,2025,roop pur kamalu,Pilibhit,Lalaurikhera,Roop Pur Kamalu,47896,0.866923076923077,0.866923076923077,,,,
up2021__580969,2025,mathudaandi,Pilibhit,Lalauri kheda,Mathudaandi,182279,82069,2025,mathu dandi mustqil,Pilibhit,Lalaurikhera,Mathu Dandi Mustqil,36037,0.8870813397129187,0.8870813397129187,,,,
up2021__589518,2025,sadiya mu,Pilibhit,Lalauri kheda,Sadiya Mu,182281,82082,2025,sandia mustqil,Pilibhit,Lalaurikhera,Sandia Mustqil,49579,0.8560846560846561,0.8560846560846561,,,,
up2021__595812,2025,piparawale,Pilibhit,Lalauri kheda,Piparawale,182286,82076,2025,pipra bale,Pilibhit,Lalaurikhera,Pipra Bale,44056,0.8775000000000001,0.8775000000000001,,,,
up2021__655637,2025,gahaluiya,Pilibhit,Lalauri kheda,Gahaluiya,182287,82046,2025,gahluia,Pilibhit,Lalaurikhera,Gahluia,18322,0.8814814814814815,0.8814814814814815,,,,
up2021__605103,2025,raipur,Pilibhit,Lalauri kheda,Raipur,182290,82077,2025,raipur mustqil,Pilibhit,Lalaurikhera,Raipur Mustqil,45494,0.8857142857142858,0.8857142857142858,,,,
up2021__547860,2025,simariya tarachand,Pilibhit,Lalauri kheda,Simariya Tarachand,182291,82087,2025,simria tarachandra,Pilibhit,Lalaurikhera,Simria Tarachandra,52874,0.8779956427015251,0.8779956427015251,,,,
up2021__667252,2025,saizana mu,Pilibhit,Lalauri kheda,Saizana Mu,182302,274039,2025,saijana mustquil,Pilibhit,Lalaurikhera,Saijana Mustquil,48820,0.8745833333333333,0.8745833333333333,,,,
up2021__655222,2025,amarganj,Pilibhit,Lalauri kheda,Amarganj,182308,82036,2025,amarganj mustqil,Pilibhit,Lalaurikhera,Amarganj Mustqil,1583,0.9,0.9,,,,
up2021__635519,2025,naand pasiyapur,Pilibhit,Lalauri kheda,Naand Pasiyapur,182310,82071,2025,nand pasiapur,Pilibhit,Lalaurikhera,Nand Pasiapur,39310,0.8823931623931623,0.8823931623931623,,,,
up2021__281536,2028,aorain,Pratapgarh,Aspur Devsara,Aorain,182311,82321,2028,aurain,Pratapgarh,Aspur Deosara,Aurain,3061,0.9,0.9,,,,
up2021__326335,2028,mahdora,Pratapgarh,Aspur Devsara,Mahdora,182337,82365,2028,mahdaura,Pratapgarh,Aspur Deosara,Mahdaura,33777,0.8880952380952382,0.8880952380952382,,,,
up2021__263697,2028,rmai pur nevada,Pratapgarh,Aspur Devsara,Rmai pur Nevada,182350,82378,2028,ramaipur newada,Pratapgarh,Aspur Deosara,Ramaipur Newada,45926,0.8507692307692308,0.8507692307692308,,,,
up2021__380338,2028,bhorohan,Pratapgarh,Aspur Devsara,Bhorohan,182356,82330,2028,bhrokhan,Pratapgarh,Aspur Deosara,Bhrokhan,10373,0.8952380952380953,0.8952380952380953,,,,
up2021__217694,2028,gahabaraa,Pratapgarh,Aspur Devsara,Gahabaraa,182362,82348,2028,gahbara,Pratapgarh,Aspur Deosara,Gahbara,18303,0.8814814814814815,0.8814814814814815,,,,
up2021__424805,2028,tivipura,Pratapgarh,Aspur Devsara,Tivipura,182365,82391,2028,tibipur,Pratapgarh,Aspur Deosara,Tibipur,55752,0.8952380952380953,0.8952380952380953,,,,
up2021__266391,2028,rampur bavarihaa,Pratapgarh,Aspur Devsara,Rampur Bavarihaa,182371,82381,2028,rampur babreeha,Pratapgarh,Aspur Deosara,Rampur Babreeha,46357,0.8933333333333334,0.8933333333333334,,,,
up2021__1245428,2028,kewatli,Pratapgarh,Aspur Devsara,Kewatli,182372,270199,2028,keotali,Pratapgarh,Aspur Deosara,Keotali,28149,0.8793650793650793,0.8793650793650793,,,,
up2021__369272,2028,banbirpur,Pratapgarh,Aspur Devsara,Banbirpur,182374,267102,2028,banveerpur,Pratapgarh,Aspur Deosara,Banveerpur,5824,0.8781481481481481,0.8781481481481481,,,,
up2021__513959,2028,turkholi,Pratapgarh,Aspur Devsara,Turkholi,182376,274041,2028,turkauli,Pratapgarh,Aspur Deosara,Turkauli,56392,0.9,0.9,,,,
up2021__451276,2033,revli,Pratapgarh,Kalakankar,Revli,182384,82699,2033,rewli,Pratapgarh,Kalakankar,Rewli,47709,0.8933333333333333,0.8933333333333333,,,,
up2021__256564,2033,bijlipur bangadwa,Pratapgarh,Kalakankar,Bijlipur Bangadwa,182388,82666,2033,bijalipurbangarwa,Pratapgarh,Kalakankar,Bijalipurbangarwa,10803,0.851764705882353,0.851764705882353,,,,
up2021__272739,2033,panigo,Pratapgarh,Kalakankar,Panigo,182390,82693,2033,panigaun,Pratapgarh,Kalakankar,Panigaun,42270,0.8916666666666667,0.8916666666666667,,,,
up2021__447731,2033,badera,Pratapgarh,Kalakankar,Badera,182397,82662,2033,barera,Pratapgarh,Kalakankar,Barera,6362,0.8577777777777779,0.8577777777777779,,,,
up2021__422942,2033,sahijini,Pratapgarh,Kalakankar,Sahijini,182418,82700,2033,sahjani,Pratapgarh,Kalakankar,Sahjani,48597,0.8694444444444446,0.8694444444444446,,,,
up2021__416533,2033,kharhuji,Pratapgarh,Kalakankar,Kharhuji,182422,82680,2033,khuruhuji,Pratapgarh,Kalakankar,Khuruhuji,29917,0.8693121693121693,0.8693121693121693,,,,
up2021__455040,2034,saraikeerat,Pratapgarh,Kunda,Saraikeerat,182451,82772,2034,saraykirt,Pratapgarh,Kunda,Saraykirt,50274,0.8982323232323232,0.8982323232323232,,,,
up2021__449689,2034,yaadavpatti,Pratapgarh,Kunda,Yaadavpatti,182459,82733,2034,yadaupatti,Pratapgarh,Kunda,Yadaupatti,57606,0.8655892255892256,0.8655892255892256,,,,
up2021__202651,2034,sahu mai,Pratapgarh,Kunda,sahu mai,182466,82769,2034,sahumaee,Pratapgarh,Kunda,Sahumaee,48660,0.9,0.9,,,,
up2021__391812,2034,pingri,Pratapgarh,Kunda,Pingri,182472,82762,2034,pingaree,Pratapgarh,Kunda,Pingaree,43870,0.8916666666666667,0.8916666666666667,,,,
up2021__296743,2034,sariavao,Pratapgarh,Kunda,Sariavao,182474,82773,2034,sariyawan,Pratapgarh,Kunda,Sariyawan,50416,0.8833333333333333,0.8833333333333333,,,,
up2021__481076,2034,saja,Pratapgarh,Kunda,Saja,182480,82774,2034,saza,Pratapgarh,Kunda,Saza,50840,0.8666666666666667,0.8666666666666667,,,,
up2021__464035,2034,naubasata,Pratapgarh,Kunda,Naubasata,182485,82757,2034,navbasta,Pratapgarh,Kunda,Navbasta,40143,0.8693121693121693,0.8693121693121693,,,,
up2021__530419,2034,hat hgawa,Pratapgarh,Kunda,Hat hgawa,182490,82731,2034,hathigwan,Pratapgarh,Kunda,Hathigwan,22002,0.8629629629629629,0.8629629629629629,,,,
up2021__602557,2034,barai,Pratapgarh,Kunda,Barai,182491,82716,2034,baraee,Pratapgarh,Kunda,Baraee,5892,0.8933333333333334,0.8933333333333334,,,,
up2021__653794,2034,mawai kala,Pratapgarh,Kunda,Mawai Kala,182493,82752,2034,mavaee kalan,Pratapgarh,Kunda,Mavaee Kalan,36242,0.8577777777777779,0.8577777777777779,,,,
up2021__608186,2034,chakadaral,Pratapgarh,Kunda,Chakadaral,182499,82722,2034,chak adilali,Pratapgarh,Kunda,Chak Adilali,11987,0.8683333333333333,0.8683333333333333,,,,
up2021__377746,2034,purnenmau upahaar,Pratapgarh,Kunda,Purnenmau Upahaar,182510,82763,2034,purnemau,Pratapgarh,Kunda,Purnemau,44960,0.8941176470588236,0.8941176470588236,,,,
up2021__324304,2034,kusahilabazar,Pratapgarh,Kunda,Kusahilabazar,182519,82743,2034,kushahil bazar,Pratapgarh,Kunda,Kushahil Bazar,31603,0.8903846153846154,0.8903846153846154,,,,
up2021__421323,2034,amliha,Pratapgarh,Kunda,Amliha,182522,267607,2034,amilaha,Pratapgarh,Kunda,Amilaha,1781,0.873015873015873,0.873015873015873,,,,
up2021__610831,2034,panahnagar barai,Pratapgarh,Kunda,Panahnagar Barai,182523,269082,2034,panah nagar,Pratapgarh,Kunda,Panah Nagar,42133,0.8829545454545455,0.8829545454545455,,,,
up2021__297319,2032,mirpur,Pratapgarh,Gaura,Mirpur,182533,82625,2032,meerpur,Pratapgarh,Gaura,Meerpur,36434,0.8642857142857143,0.8642857142857143,,,,
up2021__365233,2032,bhawanigad,Pratapgarh,Gaura,Bhawanigad,182548,82602,2032,bhavani garh,Pratapgarh,Gaura,Bhavani Garh,9607,0.8755555555555556,0.8755555555555556,,,,
up2021__451827,2032,behadolkhurd,Pratapgarh,Gaura,Behadolkhurd,182551,82601,2032,behdaul khurd,Pratapgarh,Gaura,Behdaul Khurd,7681,0.881021756021756,0.881021756021756,,,,
up2021__418079,2032,dsiya bhanpur,Pratapgarh,Gaura,Dsiya Bhanpur,182560,82607,2032,dasiya bhanpur,Pratapgarh,Gaura,Dasiya Bhanpur,14691,0.8862637362637362,0.8862637362637362,,,,
up2021__374138,2032,vorra,Pratapgarh,Gaura,Vorra,182570,82604,2032,borra,Pratapgarh,Gaura,Borra,11590,0.8666666666666667,0.8666666666666667,,,,
up2021__420740,2032,mahmdpur pali,Pratapgarh,Gaura,Mahmdpur Pali,182572,82627,2032,mahamadpur ali,Pratapgarh,Gaura,Mahamadpur Ali,33644,0.8903846153846154,0.8903846153846154,,,,
up2021__291681,2039,kohraav,Pratapgarh,Patti,Kohraav,182597,83068,2039,koharoa,Pratapgarh,Patti,Koharoa,30360,0.8944444444444445,0.8944444444444445,,,,
up2021__390201,2039,dhooti,Pratapgarh,Patti,Dhooti,182599,83064,2039,dhuti,Pratapgarh,Patti,Dhuti,16589,0.8577777777777779,0.8577777777777779,,,,
up2021__364702,2039,raichand patti,Pratapgarh,Patti,Raichand Patti,182615,83080,2039,rai chandra patti,Pratapgarh,Patti,Rai Chandra Patti,45329,0.8921568627450981,0.8921568627450981,,,,
up2021__370822,2039,charaia,Pratapgarh,Patti,Charaia,182619,83056,2039,charriya,Pratapgarh,Patti,Charriya,12871,0.8880952380952382,0.8880952380952382,,,,
up2021__415645,2039,duboulisukhoo,Pratapgarh,Patti,Duboulisukhoo,182620,83057,2039,dubauli sukhavu,Pratapgarh,Patti,Dubauli Sukhavu,17044,0.8683760683760685,0.8683760683760685,,,,
up2021__394960,2039,haripur vardeetan,Pratapgarh,Patti,Haripur Vardeetan,182622,83066,2039,haripur bar daita,Pratapgarh,Patti,Haripur Bar Daita,21577,0.8904977375565611,0.8904977375565611,,,,
up2021__388263,2039,thaneppur gopaapur,Pratapgarh,Patti,Thaneppur Gopaapur,182628,83093,2039,thneypur gopapur,Pratapgarh,Patti,Thneypur Gopapur,55706,0.8677777777777778,0.8677777777777778,,,,
up2021__396257,2039,dawoodpur,Pratapgarh,Patti,Dawoodpur,182629,83059,2039,daudpur,Pratapgarh,Patti,Daudpur,14772,0.873015873015873,0.873015873015873,,,,
up2021__407408,2039,usaroli,Pratapgarh,Patti,Usaroli,182634,83095,2039,usrauli,Pratapgarh,Patti,Usrauli,57139,0.8793650793650793,0.8793650793650793,,,,
up2021__408892,2039,varikhurd,Pratapgarh,Patti,Varikhurd,182636,270504,2039,bari khurd,Pratapgarh,Patti,Bari Khurd,6585,0.8962962962962964,0.8962962962962964,,,,
up2021__434720,2039,amisaray saifkho,Pratapgarh,Patti,Amisaray Saifkho,182641,266858,2039,ami saray saif khan,Pratapgarh,Patti,Ami Saray Saif Khan,1835,0.8896271929824562,0.8896271929824562,,,,
up2021__413375,2030,nawada khurd,Pratapgarh,Baabaganj,Nawada Khurd,182706,82502,2030,newada khurd,Pratapgarh,Babaganj,Newada Khurd,40483,0.8954545454545454,0.8954545454545454,,,,
up2021__386033,2030,sahab atero,Pratapgarh,Baabaganj,Sahab Atero,182715,267938,2030,saheb ateru,Pratapgarh,Babaganj,Saheb Ateru,48555,0.8892255892255891,0.8892255892255891,,,,
up2021__272037,2029,bashirpur,Pratapgarh,Baabaa Belkharnath Dhaam,Bashirpur,182720,82398,2029,baseerpur,Pratapgarh,Baba Belkharnath Dham,Baseerpur,7195,0.8962962962962963,0.8962962962962963,,,,
up2021__425129,2029,sauga patti,Pratapgarh,Baabaa Belkharnath Dhaam,Sauga Patti,182723,82448,2029,saanga patti,Pratapgarh,Baba Belkharnath Dham,Saanga Patti,48168,0.877979797979798,0.877979797979798,,,,
up2021__417636,2029,ganidih,Pratapgarh,Baabaa Belkharnath Dhaam,Ganidih,182731,82409,2029,ganaideeh,Pratapgarh,Baba Belkharnath Dham,Ganaideeh,18519,0.888888888888889,0.888888888888889,,,,
up2021__447234,2029,maruan,Pratapgarh,Baabaa Belkharnath Dhaam,Maruan,182738,82429,2029,marooaan,Pratapgarh,Baba Belkharnath Dham,Marooaan,35817,0.8736111111111112,0.8736111111111112,,,,
up2021__287863,2029,lauwar,Pratapgarh,Baabaa Belkharnath Dhaam,Lauwar,182743,82427,2029,lauvaar,Pratapgarh,Baba Belkharnath Dham,Lauvaar,32597,0.8944444444444445,0.8944444444444445,,,,
up2021__206811,2029,mahokhari,Pratapgarh,Baabaa Belkharnath Dhaam,mahokhari,182747,82432,2029,mhaukhari,Pratapgarh,Baba Belkharnath Dham,Mhaukhari,36621,0.8958333333333333,0.8958333333333333,,,,
up2021__359639,2029,udaiyadih,Pratapgarh,Baabaa Belkharnath Dhaam,Udaiyadih,182748,82456,2029,udaya deeh,Pratapgarh,Baba Belkharnath Dham,Udaya Deeh,56552,0.8781481481481481,0.8781481481481481,,,,
up2021__448264,2029,khuezikala,Pratapgarh,Baabaa Belkharnath Dhaam,Khuezikala,182751,82425,2029,khughi kala,Pratapgarh,Baba Belkharnath Dham,Khughi Kala,29841,0.8896969696969697,0.8896969696969697,,,,
up2021__291073,2029,dhangadi sarai chiwalaha,Pratapgarh,Baabaa Belkharnath Dhaam,Dhangadi Sarai Chiwalaha,182753,82402,2029,dhangarhsarayechiblaha,Pratapgarh,Baba Belkharnath Dham,Dhangarhsarayechiblaha,15865,0.8609180035650624,0.8609180035650624,,,,
up2021__592950,2029,purepandey,Pratapgarh,Baabaa Belkharnath Dhaam,Purepandey,182763,82440,2029,poore pandeya,Pratapgarh,Baba Belkharnath Dham,Poore Pandeya,44432,0.8776923076923078,0.8776923076923078,,,,
up2021__594659,2029,mirnapur,Pratapgarh,Baabaa Belkharnath Dhaam,Mirnapur,182770,82431,2029,meeranpur,Pratapgarh,Baba Belkharnath Dham,Meeranpur,36399,0.8529761904761904,0.8529761904761904,,,,
up2021__522614,2029,fenha,Pratapgarh,Baabaa Belkharnath Dhaam,Fenha,182775,82406,2029,faneha,Pratapgarh,Baba Belkharnath Dham,Faneha,17637,0.8900000000000001,0.8900000000000001,,,,
up2021__372557,2031,chakvad,Pratapgarh,Bihar,Chakvad,182796,82538,2031,chakwar,Pratapgarh,Bihar,Chakwar,12295,0.8857142857142858,0.8857142857142858,,,,
up2021__296352,2031,devari hardopatti,Pratapgarh,Bihar,Devari Hardopatti,182797,82540,2031,deverhardo patti,Pratapgarh,Bihar,Deverhardo Patti,15354,0.8957434640522876,0.8957434640522876,,,,
up2021__362642,2031,phulpur rama,Pratapgarh,Bihar,Phulpur Rama,182799,82567,2031,phoolpurrama,Pratapgarh,Bihar,Phoolpurrama,43673,0.8844444444444445,0.8844444444444445,,,,
up2021__213260,2031,bhav,Pratapgarh,Bihar,Bhav,182806,82531,2031,bhaw,Pratapgarh,Bihar,Bhaw,9640,0.8833333333333334,0.8833333333333334,,,,
up2021__331829,2031,varna,Pratapgarh,Bihar,Varna,182813,82528,2031,barna,Pratapgarh,Bihar,Barna,6701,0.8666666666666667,0.8666666666666667,,,,
up2021__463066,2031,jausawa,Pratapgarh,Bihar,Jausawa,182814,82545,2031,jaisawan,Pratapgarh,Bihar,Jaisawan,23584,0.8952380952380953,0.8952380952380953,,,,
up2021__463853,2031,kudha,Pratapgarh,Bihar,Kudha,182815,82556,2031,kurha,Pratapgarh,Bihar,Kurha,31466,0.8933333333333333,0.8933333333333333,,,,
up2021__462620,2031,samasatpur damu,Pratapgarh,Bihar,Samasatpur Damu,182822,82576,2031,samaspur damoo,Pratapgarh,Bihar,Samaspur Damoo,49382,0.8814285714285713,0.8814285714285713,,,,
up2021__450885,2031,sarai sudkhan,Pratapgarh,Bihar,Sarai Sudkhan,182830,82577,2031,saray saiyed khan,Pratapgarh,Bihar,Saray Saiyed Khan,50289,0.8757918552036199,0.8757918552036199,,,,
up2021__375093,2037,purbapatti,Pratapgarh,Magraura,Purbapatti,182879,82935,2037,poorab patti,Pratapgarh,Magraura,Poorab Patti,44417,0.8616666666666666,0.8616666666666666,,,,
up2021__1224808,2037,bojhi,Pratapgarh,Magraura,Bojhi,182883,82905,2037,boghi,Pratapgarh,Magraura,Boghi,11534,0.8933333333333333,0.8933333333333333,,,,
up2021__226264,2037,sarsi dih,Pratapgarh,Magraura,Sarsi Dih,182892,82941,2037,sarasideeh,Pratapgarh,Magraura,Sarasideeh,50160,0.8781481481481481,0.8781481481481481,,,,
up2021__384377,2037,bhadona,Pratapgarh,Magraura,Bhadona,182899,82900,2037,bhadauna,Pratapgarh,Magraura,Bhadauna,8317,0.8880952380952382,0.8880952380952382,,,,
up2021__273090,2037,bhaidpur,Pratapgarh,Magraura,Bhaidpur,182901,82903,2037,bhedpur,Pratapgarh,Magraura,Bhedpur,9758,0.8952380952380953,0.8952380952380953,,,,
up2021__304990,2037,barikala,Pratapgarh,Magraura,Barikala,182911,82896,2037,baarikala,Pratapgarh,Magraura,Baarikala,3256,0.8703703703703703,0.8703703703703703,,,,
up2021__359419,2037,dhaurauli mufrid,Pratapgarh,Magraura,Dhaurauli Mufrid,182916,82912,2037,dharauli mufreed,Pratapgarh,Magraura,Dharauli Mufreed,16091,0.8750000000000001,0.8750000000000001,,,,
up2021__378301,2037,poorebhikha,Pratapgarh,Magraura,Poorebhikha,182934,270502,2037,pure bhikha,Pratapgarh,Magraura,Pure Bhikha,44831,0.890909090909091,0.890909090909091,,,,
up2021__302647,2038,uddih,Pratapgarh,Mandhaata,Uddih,182966,83041,2038,udideeh,Pratapgarh,Mandhata,Udideeh,56610,0.8704761904761905,0.8704761904761905,,,,
up2021__286068,2038,ghazipur,Pratapgarh,Mandhaata,Ghazipur,182970,82979,2038,gajipur,Pratapgarh,Mandhata,Gajipur,18425,0.8821428571428571,0.8821428571428571,,,,
up2021__313073,2038,pure motilal,Pratapgarh,Mandhaata,Pure Motilal,183021,83019,2038,purela,Pratapgarh,Mandhata,Purela,44875,0.9,0.9,,,,
up2021__363141,2038,birmpur,Pratapgarh,Mandhaata,Birmpur,183030,82964,2038,beerm pur,Pratapgarh,Mandhata,Beerm Pur,7613,0.8571428571428572,0.8571428571428572,,,,
up2021__317402,2038,haisi jaychand,Pratapgarh,Mandhaata,Haisi Jaychand,183033,268399,2038,haisichandra,Pratapgarh,Mandhata,Haisichandra,21023,0.8859307359307359,0.8859307359307359,,,,
up2021__304201,2041,jasmadha,Pratapgarh,Rampursangramgarh,Jasmadha,183048,83189,2041,jasmerha,Pratapgarh,Rampur Sanramgarh,Jasmerha,24558,0.8666666666666667,0.8666666666666667,,,,
up2021__240264,2041,khaurapureshchemi,Pratapgarh,Rampursangramgarh,Khaurapureshchemi,183060,83197,2041,khairapure chhemi,Pratapgarh,Rampur Sanramgarh,Khairapure Chhemi,28441,0.8984313725490196,0.8984313725490196,,,,
up2021__389360,2041,jevai,Pratapgarh,Rampursangramgarh,Jevai,183067,83190,2041,jewain,Pratapgarh,Rampur Sanramgarh,Jewain,24803,0.8577777777777779,0.8577777777777779,,,,
up2021__270318,2041,purafettasih,Pratapgarh,Rampursangramgarh,Purafettasih,183074,83215,2041,pure fattesingh,Pratapgarh,Rampur Sanramgarh,Pure Fattesingh,44852,0.8971212121212121,0.8971212121212121,,,,
up2021__257339,2041,narai,Pratapgarh,Rampursangramgarh,Narai,183079,83206,2041,naraee,Pratapgarh,Rampur Sanramgarh,Naraee,39396,0.8933333333333334,0.8933333333333334,,,,
up2021__396589,2041,pureanirudd,Pratapgarh,Rampursangramgarh,Pureanirudd,183085,83211,2041,pure anurudh,Pratapgarh,Rampur Sanramgarh,Pure Anurudh,44812,0.8914141414141414,0.8914141414141414,,,,
up2021__362813,2035,lakshmanpur,Pratapgarh,Lakshmanpur,Lakshmanpur,183104,82813,2035,laxmanpur,Pratapgarh,Lakshamanpur,Laxmanpur,32630,0.8976430976430976,0.8976430976430976,,,,
up2021__351387,2035,barapur bheerv,Pratapgarh,Lakshmanpur,Barapur Bheerv,183108,82785,2035,barapur bhikh,Pratapgarh,Lakshamanpur,Barapur Bhikh,6124,0.8967032967032967,0.8967032967032967,,,,
up2021__289937,2035,handoor,Pratapgarh,Lakshmanpur,Handoor,183112,82804,2035,handaur,Pratapgarh,Lakshamanpur,Handaur,21180,0.8857142857142858,0.8857142857142858,,,,
up2021__257163,2035,gaahiri,Pratapgarh,Lakshmanpur,Gaahiri,183123,82800,2035,gahri,Pratapgarh,Lakshamanpur,Gahri,18341,0.8704761904761905,0.8704761904761905,,,,
up2021__389770,2035,kataiya nevada,Pratapgarh,Lakshmanpur,Kataiya nevada,183135,82811,2035,kateiya newada,Pratapgarh,Lakshamanpur,Kateiya Newada,27718,0.8944444444444445,0.8944444444444445,,,,
up2021__381660,2035,chhemar saraiya,Pratapgarh,Lakshmanpur,Chhemar Saraiya,183137,82789,2035,chaemar saraiya,Pratapgarh,Lakshamanpur,Chaemar Saraiya,11918,0.8501587301587302,0.8501587301587302,,,,
up2021__391486,2035,devli,Pratapgarh,Lakshmanpur,Devli,183139,82794,2035,deoli,Pratapgarh,Lakshamanpur,Deoli,15164,0.8933333333333333,0.8933333333333333,,,,
up2021__414262,2035,sidhour,Pratapgarh,Lakshmanpur,Sidhour,183145,82832,2035,sindhaur,Pratapgarh,Lakshamanpur,Sindhaur,52894,0.8952380952380953,0.8952380952380953,,,,
up2021__419798,2035,chamrupur shuklaan,Pratapgarh,Lakshmanpur,Chamrupur Shuklaan,183165,82790,2035,chamrupur,Pratapgarh,Lakshamanpur,Chamrupur,12368,0.9,0.9,,,,
up2021__251803,2036,kaithola,Pratapgarh,Lalganj,Kaithola,183177,82863,2036,kethola,Pratapgarh,Lalganj,Kethola,28253,0.8821428571428571,0.8821428571428571,,,,
up2021__267288,2036,itaila,Pratapgarh,Lalganj,Itaila,183200,82856,2036,etaila,Pratapgarh,Lalganj,Etaila,17542,0.888888888888889,0.888888888888889,,,,
up2021__262401,2044,kuraadih,Pratapgarh,Shivgarh,Kuraadih,183240,83395,2044,kura deeh,Pratapgarh,Shivgarh,Kura Deeh,31383,0.8833333333333333,0.8833333333333333,,,,
up2021__1132044,2044,bichchhoor,Pratapgarh,Shivgarh,Bichchhoor,183261,83367,2044,bichhur,Pratapgarh,Shivgarh,Bichhur,10648,0.8914285714285715,0.8914285714285715,,,,
up2021__1077968,2044,tawakalpur,Pratapgarh,Shivgarh,Tawakalpur,183266,83414,2044,taukalpur,Pratapgarh,Shivgarh,Taukalpur,55207,0.8837037037037038,0.8837037037037038,,,,
up2021__1092117,2044,jagdishpur 2,Pratapgarh,Shivgarh,Jagdishpur - 2,183285,241222,2044,jagdishpur midhauli kala,Pratapgarh,Shivgarh,Jagdishpur(Midhauli Kala),23371,0.875,0.875,,,,
up2021__1254907,2042,kotha navida,Pratapgarh,Sandwaa Chandrika,Kotha Navida,183287,83260,2042,kothanwariya,Pratapgarh,Sandwa Chandrika,Kothanwariya,30752,0.9,0.9,,,,
up2021__447822,2042,raiberjanipur,Pratapgarh,Sandwaa Chandrika,Raiberjanipur,183303,83275,2042,raivi rajanipur,Pratapgarh,Sandwa Chandrika,Raivi Rajanipur,45536,0.8594560994560995,0.8594560994560995,,,,
up2021__418587,2042,bandakhutaar,Pratapgarh,Sandwaa Chandrika,Bandakhutaar,183318,83238,2042,bunda khutar,Pratapgarh,Sandwa Chandrika,Bunda Khutar,11795,0.8700000000000001,0.8700000000000001,,,,
up2021__464261,2042,saruavo,Pratapgarh,Sandwaa Chandrika,Saruavo,183332,83282,2042,saruanwa,Pratapgarh,Sandwa Chandrika,Saruanwa,50556,0.8678571428571429,0.8678571428571429,,,,
up2021__463562,2042,kolbajardih,Pratapgarh,Sandwaa Chandrika,Kolbajardih,183334,83259,2042,kol bazardeeha,Pratapgarh,Sandwa Chandrika,Kol Bazardeeha,30450,0.8742424242424243,0.8742424242424243,,,,
up2021__1239547,2042,sihani,Pratapgarh,Sandwaa Chandrika,Sihani,183337,83285,2042,singhani,Pratapgarh,Sandwa Chandrika,Singhani,52961,0.888888888888889,0.888888888888889,,,,
up2021__276885,2040,katkawali,Pratapgarh,Sadar,Katkawali,183357,83124,2040,kataka bali,Pratapgarh,Pratapgarh (Sadar),Kataka Bali,27657,0.8812710437710437,0.8812710437710437,,,,
up2021__224796,2040,renvir,Pratapgarh,Sadar,Renvir,183359,83154,2040,rendveer,Pratapgarh,Pratapgarh (Sadar),Rendveer,47646,0.8736111111111112,0.8736111111111112,,,,
up2021__221333,2040,poorekhusai,Pratapgarh,Sadar,Poorekhusai,183360,83145,2040,pure khusai,Pratapgarh,Pratapgarh (Sadar),Pure Khusai,44872,0.890909090909091,0.890909090909091,,,,
up2021__266290,2040,mazhilha,Pratapgarh,Sadar,Mazhilha,183373,83133,2040,majhilaha,Pratapgarh,Pratapgarh (Sadar),Majhilaha,34572,0.8693121693121693,0.8693121693121693,,,,
up2021__239442,2043,pureyannarayandas,Pratapgarh,Sangipur,Pureyannarayandas,183446,83339,2043,pure naryandas,Pratapgarh,Sangipur,Pure Naryandas,44895,0.8925016160310278,0.8925016160310278,,,,
up2021__229186,2043,purevijayasimh,Pratapgarh,Sangipur,Purevijayasimh,183449,83340,2043,purevijaisingh,Pratapgarh,Sangipur,Purevijaisingh,44926,0.8961038961038961,0.8961038961038961,,,,
up2021__400139,2043,bhagoora,Pratapgarh,Sangipur,Bhagoora,183457,83302,2043,bhagaura,Pratapgarh,Sangipur,Bhagaura,8500,0.8666666666666667,0.8666666666666667,,,,
up2021__386057,2043,sogipur,Pratapgarh,Sangipur,Sogipur,183475,83346,2043,sangipur,Pratapgarh,Sangipur,Sangipur,49614,0.8821428571428571,0.8821428571428571,,,,
up2021__178232,1432,sorawapti,Prayagraj,Uruwa,Sorawapti,183493,45607,1432,soranv pati,Prayagraj,Uruwan,Soranv Pati,53869,0.8982323232323232,0.8982323232323232,,,,
up2021__119722,1432,onau,Prayagraj,Uruwa,Onau,183503,45596,1432,onaur uparhar,Prayagraj,Uruwan,Onaur Uparhar,41071,0.8615384615384615,0.8615384615384615,,,,
up2021__18326,1432,parani pur,Prayagraj,Uruwa,parani pur,183509,45598,1432,paranipur uparhar,Prayagraj,Uruwan,Paranipur Uparhar,42430,0.8776470588235296,0.8776470588235296,,,,
up2021__158408,1432,achhola,Prayagraj,Uruwa,Achhola,183517,45560,1432,achhola uparhar,Prayagraj,Uruwan,Achhola Uparhar,201,0.8933333333333334,0.8933333333333334,,,,
up2021__388,1432,raipura,Prayagraj,Uruwa,Raipura,183520,45601,1432,raipura uparhar,Prayagraj,Uruwan,Raipura Uparhar,45445,0.8933333333333334,0.8933333333333334,,,,
up2021__162223,1432,bhuipara,Prayagraj,Uruwa,bhuipara,183521,45571,1432,bhuipara uparhar,Prayagraj,Uruwan,Bhuipara Uparhar,10417,0.9,0.9,,,,
up2021__161104,1432,kanjauli,Prayagraj,Uruwa,Kanjauli,183522,45585,1432,kanjauli uparhar,Prayagraj,Uruwan,Kanjauli Uparhar,26651,0.9,0.9,,,,
up2021__169044,1432,madramukundpur,Prayagraj,Uruwa,Madramukundpur,183526,45591,1432,madara mukundpur uparhar,Prayagraj,Uruwan,Madara Mukundpur Uparhar,33173,0.8861111111111112,0.8861111111111112,,,,
up2021__87366,1432,akodha,Prayagraj,Uruwa,Akodha,183530,45561,1432,akora,Prayagraj,Uruwan,Akora,1124,0.8755555555555556,0.8755555555555556,,,,
up2021__15462,1432,lehdi,Prayagraj,Uruwa,Lehdi,183532,45590,1432,lehari,Prayagraj,Uruwan,Lehari,32692,0.8755555555555556,0.8755555555555556,,,,
up2021__63020,1420,rokdi,Prayagraj,Karachna,Rokdi,183549,44766,1420,rokari,Prayagraj,Karchhana,Rokari,47850,0.8755555555555556,0.8755555555555556,,,,
up2021__22045,1420,ghadhiyaw,Prayagraj,Karachna,Ghadhiyaw,183556,44724,1420,gandhiyawa,Prayagraj,Karchhana,Gandhiyawa,18547,0.8691666666666668,0.8691666666666668,,,,
up2021__70967,1420,majhua,Prayagraj,Karachna,Majhua,183557,44746,1420,maghuwa,Prayagraj,Karchhana,Maghuwa,33533,0.8793650793650793,0.8793650793650793,,,,
up2021__21050,1420,badha,Prayagraj,Karachna,Badha,183561,44707,1420,bardaha,Prayagraj,Karchhana,Bardaha,6284,0.8704761904761905,0.8704761904761905,,,,
up2021__4393,1420,ligdahiya,Prayagraj,Karachna,Ligdahiya,183563,44743,1420,ligadahiya,Prayagraj,Karchhana,Ligadahiya,32722,0.8988888888888888,0.8988888888888888,,,,
up2021__80772,1420,nauwa,Prayagraj,Karachna,Nauwa,183566,44753,1420,naiwa,Prayagraj,Karchhana,Naiwa,39153,0.8933333333333333,0.8933333333333333,,,,
up2021__40437,1420,gadaila,Prayagraj,Karachna,Gadaila,183585,44723,1420,gadaila uperhar,Prayagraj,Karchhana,Gadaila Uperhar,18112,0.8933333333333334,0.8933333333333334,,,,
up2021__8062,1420,bendau,Prayagraj,Karachna,Bendau,183589,44711,1420,bendo,Prayagraj,Karchhana,Bendo,8086,0.8933333333333334,0.8933333333333334,,,,
up2021__22517,1420,pachdevara,Prayagraj,Karachna,pachdevaRa,183597,44758,1420,pach dewra,Prayagraj,Karchhana,Pach Dewra,41205,0.895,0.895,,,,
up2021__5999,1420,panasa,Prayagraj,Karachna,Panasa,183612,44759,1420,panasa uperhar,Prayagraj,Karchhana,Panasa Uperhar,42149,0.8857142857142858,0.8857142857142858,,,,
up2021__38119,1420,barraw,Prayagraj,Karachna,Barraw,183626,44706,1420,barawan,Prayagraj,Karchhana,Barawan,6254,0.8944444444444445,0.8944444444444445,,,,
up2021__113362,1423,ghagasahi,Prayagraj,Koraon,Ghagasahi,183637,44973,1423,gheghasahi,Prayagraj,Koraon,Gheghasahi,19546,0.8837037037037038,0.8837037037037038,,,,
up2021__144481,1423,madha kala,Prayagraj,Koraon,Madha Kala,183651,44998,1423,madafa kalan,Prayagraj,Koraon,Madafa Kalan,33102,0.8664814814814815,0.8664814814814815,,,,
up2021__34072,1423,birhakarpiya,Prayagraj,Koraon,Birhakarpiya,183660,44956,1423,biraha karpiya,Prayagraj,Koraon,Biraha Karpiya,11092,0.888888888888889,0.888888888888889,,,,
up2021__1011911,1423,ratyaurkarpiya,Prayagraj,Koraon,Ratyaurkarpiya,183661,45017,1423,retaura karpiya,Prayagraj,Koraon,Retaura Karpiya,47668,0.8924175824175824,0.8924175824175824,,,,
up2021__226667,1423,basgadi,Prayagraj,Koraon,Basgadi,183689,44949,1423,bashgarhi,Prayagraj,Koraon,Bashgarhi,7231,0.888888888888889,0.888888888888889,,,,
up2021__234804,1423,chapar,Prayagraj,Koraon,Chapar,183693,44961,1423,chhaper,Prayagraj,Koraon,Chhaper,13275,0.8793650793650793,0.8793650793650793,,,,
up2021__51018,1423,newadiapal,Prayagraj,Koraon,Newadiapal,183708,45004,1423,nevadhiya pal,Prayagraj,Koraon,Nevadhiya Pal,40421,0.8912820512820513,0.8912820512820513,,,,
up2021__62940,1423,pautiha,Prayagraj,Koraon,Pautiha,183711,45006,1423,paitiha,Prayagraj,Koraon,Paitiha,41750,0.8793650793650793,0.8793650793650793,,,,
up2021__114247,1423,alhwa,Prayagraj,Koraon,Alhwa,183713,44934,1423,alhava,Prayagraj,Koraon,Alhava,1314,0.8755555555555556,0.8755555555555556,,,,
up2021__84785,1422,pirdallu,Prayagraj,Kaundihar,Pirdallu,183719,44908,1422,peer dallu,Prayagraj,Kaurihar,Peer Dallu,43529,0.8725,0.8725,,,,
up2021__201473,1422,khiziraapur uparhaar,Prayagraj,Kaundihar,Khiziraapur Uparhaar,183728,44879,1422,khizirpur uperhar,Prayagraj,Kaurihar,Khizirpur Uperhar,29728,0.8982352941176471,0.8982352941176471,,,,
up2021__202601,1422,kursar upharhar,Prayagraj,Kaundihar,Kursar Upharhar,183729,44881,1422,kureser uperhar,Prayagraj,Kaurihar,Kureser Uperhar,31456,0.8872222222222222,0.8872222222222222,,,,
up2021__177093,1422,kasimpur juda alias musepur,Prayagraj,Kaundihar,Kasimpur Juda alias Musepur,183739,44873,1422,kasimpurjuda urf musepur,Prayagraj,Kaurihar,Kasimpurjuda Urf Musepur,27561,0.8734126984126984,0.8734126984126984,,,,
up2021__187117,1422,judahapur jhinhar urf baribojha,Prayagraj,Kaundihar,Judahapur Jhinhar Urf Baribojha,183749,44866,1422,judapur jhinher urfbaribojh,Prayagraj,Kaurihar,Judapur Jhinher Urfbaribojh,25254,0.8757191434610789,0.8757191434610789,,,,
up2021__181386,1421,bhanau,Prayagraj,Kaudhiyara,Bhanau,183753,44785,1421,bhanaori,Prayagraj,Kaudhiyara,Bhanaori,8961,0.8916666666666667,0.8916666666666667,,,,
up2021__197540,1421,bari wazhiya,Prayagraj,Kaudhiyara,Bari Wazhiya,183762,44780,1421,bari bajahiya,Prayagraj,Kaudhiyara,Bari Bajahiya,6556,0.8805128205128206,0.8805128205128206,,,,
up2021__983131,1421,tikri,Prayagraj,Kaudhiyara,Tikri,183768,44814,1421,tikri ta kalmai,Prayagraj,Kaudhiyara,Tikri Ta.Kalmai,55942,0.8666666666666666,0.8666666666666666,,,,
up2021__283579,1421,lahbara koilha,Prayagraj,Kaudhiyara,Lahbara / Koilha,183769,44803,1421,lahabara koilaha,Prayagraj,Kaudhiyara,Lahabara Koilaha,31943,0.8875000000000001,0.8875000000000001,,,,
up2021__271255,1421,gaura,Prayagraj,Kaudhiyara,Gaura,183772,44791,1421,gaura ta purva,Prayagraj,Kaudhiyara,Gaura Ta. Purva,19190,0.8714285714285714,0.8714285714285714,,,,
up2021__164620,1421,pd,Prayagraj,Kaudhiyara,PD,183776,44774,1421,pidi,Prayagraj,Kaudhiyara,Pidi,43754,0.8500000000000001,0.8500000000000001,,,,
up2021__209904,1421,piparow urf kathauli kachnawa,Prayagraj,Kaudhiyara,Piparow Urf Kathauli Kachnawa,183782,44810,1421,piparawan urf kathauli,Prayagraj,Kaudhiyara,Piparawan Urf Kathauli,43932,0.8595462009255113,0.8595462009255113,,,,
up2021__284889,1421,piperhata,Prayagraj,Kaudhiyara,Piperhata,183787,44811,1421,piparhatta,Prayagraj,Kaudhiyara,Piparhatta,43942,0.8690740740740741,0.8690740740740741,,,,
up2021__195901,1419,kauti,Prayagraj,Jasra,Kauti,183815,44671,1419,kanti,Prayagraj,Jasra,Kanti,26736,0.8933333333333333,0.8933333333333333,,,,
up2021__135918,1419,tikri kala,Prayagraj,Jasra,Tikri Kala,183830,44699,1419,tikari kalan,Prayagraj,Jasra,Tikari Kalan,55870,0.8911111111111111,0.8911111111111111,,,,
up2021__131244,1419,bheta,Prayagraj,Jasra,Bheta,183842,44648,1419,bhita,Prayagraj,Jasra,Bhita,10048,0.8933333333333333,0.8933333333333333,,,,
up2021__207120,1416,kirav,Prayagraj,Dhanupur,Kirav,183874,44471,1416,kirawn,Prayagraj,Dhanupur,Kirawn,30081,0.8933333333333334,0.8933333333333334,,,,
up2021__198271,1416,mithupur,Prayagraj,Dhanupur,Mithupur,183894,44482,1416,meethupur,Prayagraj,Dhanupur,Meethupur,36458,0.8958333333333333,0.8958333333333333,,,,
up2021__25272,1416,madhopur,Prayagraj,Dhanupur,Madhopur,183895,44474,1416,madhopur siya dih,Prayagraj,Dhanupur,Madhopur Siya Dih,33346,0.8941176470588236,0.8941176470588236,,,,
up2021__177824,1416,damagaddaa,Prayagraj,Dhanupur,DamaGaDdaa,183902,44440,1416,damagarha,Prayagraj,Dhanupur,Damagarha,14322,0.8955555555555555,0.8955555555555555,,,,
up2021__195369,1416,sahariboj,Prayagraj,Dhanupur,Sahariboj,183905,44503,1416,shahari bojh,Prayagraj,Dhanupur,Shahari Bojh,51355,0.8916666666666667,0.8916666666666667,,,,
up2021__182453,1416,rehthu,Prayagraj,Dhanupur,Rehthu,183907,44496,1416,rehathoo,Prayagraj,Dhanupur,Rehathoo,47603,0.8736111111111112,0.8736111111111112,,,,
up2021__136091,1416,birapur ghobaha,Prayagraj,Dhanupur,Birapur Ghobaha,183919,44512,1416,virapur dhowaha,Prayagraj,Dhanupur,Virapur Dhowaha,57446,0.8666666666666667,0.8666666666666667,,,,
up2021__65139,1428,bajti,Prayagraj,Pratapur,Bajti,183936,45298,1428,bazati,Prayagraj,Pratappur,Bazati,7534,0.8577777777777779,0.8577777777777779,,,,
up2021__167280,1428,basnehta,Prayagraj,Pratapur,Basnehta,183947,45297,1428,basanehata,Prayagraj,Pratappur,Basanehata,7023,0.895,0.895,,,,
up2021__88625,1428,golva gothaava,Prayagraj,Pratapur,Golva Gothaava,183961,45314,1428,golawa gothawa,Prayagraj,Pratappur,Golawa Gothawa,19997,0.8750000000000001,0.8750000000000001,,,,
up2021__217537,1428,jhaaree,Prayagraj,Pratapur,Jhaaree,183971,45319,1428,jhari,Prayagraj,Pratappur,Jhari,24873,0.8533333333333333,0.8533333333333333,,,,
up2021__82644,1428,chatouna,Prayagraj,Pratapur,Chatouna,183978,45309,1428,chhatauna,Prayagraj,Pratappur,Chhatauna,13340,0.8693121693121693,0.8693121693121693,,,,
up2021__166184,1428,barestatakala,Prayagraj,Pratapur,Barestatakala,183990,45293,1428,barista kala,Prayagraj,Pratappur,Barista Kala,6605,0.8605982905982907,0.8605982905982907,,,,
up2021__164519,1428,babupur bela,Prayagraj,Pratapur,Babupur Bela,183997,45289,1428,baboopur belo,Prayagraj,Pratappur,Baboopur Belo,3384,0.8839316239316239,0.8839316239316239,,,,
up2021__33529,1427,agarapatti,Prayagraj,Phoolpur,Agarapatti,184015,45208,1427,agra patti,Prayagraj,Phulpur,Agra Patti,430,0.8874074074074074,0.8874074074074074,,,,
up2021__97772,1427,chamroopur alias nandout,Prayagraj,Phoolpur,Chamroopur alias Nandout,184020,45224,1427,chamrupur urf nandout,Prayagraj,Phulpur,Chamrupur Urf Nandout,12370,0.8800420168067227,0.8800420168067227,,,,
up2021__5139,1427,sarai ghoordas urf mahjudwa,Prayagraj,Phoolpur,Sarai Ghoordas Urf Mahjudwa,184022,45272,1427,saray ghurdas urf mahajudwa,Prayagraj,Phulpur,Saray Ghurdas Urf Mahajudwa,50257,0.8888888888888888,0.8888888888888888,,,,
up2021__66544,1427,ataraura,Prayagraj,Phoolpur,Ataraura,184038,45212,1427,atraura,Prayagraj,Phulpur,Atraura,2960,0.8904761904761905,0.8904761904761905,,,,
up2021__22721,1427,saraykutubuddin uraf jogiya sheshpur,Prayagraj,Phoolpur,Saraykutubuddin Uraf Jogiya Sheshpur,184043,45273,1427,saray kutubddin urf shekhpur j,Prayagraj,Phulpur,Saray Kutubddin Urf Shekhpur J,50275,0.8993650793650794,0.8993650793650794,,,,
up2021__129835,1427,kaseravemay chak aulia,Prayagraj,Phoolpur,Kaseravemay Chak Aulia,184046,45246,1427,kasarawe may chakoliya,Prayagraj,Phulpur,Kasarawe May Chakoliya,27435,0.8749601275917065,0.8749601275917065,,,,
up2021__125884,1427,saroylili urf khozapur,Prayagraj,Phoolpur,Saroylili Urf Khozapur,184060,45271,1427,sarai lili urf khojapur,Prayagraj,Phulpur,Sarai LILI Urf Khojapur,49925,0.8907600027737327,0.8907600027737327,,,,
up2021__129158,1427,saroy abdul mallik,Prayagraj,Phoolpur,Saroy Abdul Mallik,184061,45267,1427,sarai abdulmalik,Prayagraj,Phulpur,Sarai Abdulmalik,49765,0.8523148148148149,0.8523148148148149,,,,
up2021__133841,1427,chakabdul karim alias purebhuli,Prayagraj,Phoolpur,ChakAbdul Karim alias Purebhuli,184064,45226,1427,chaq abdulkarim urf pure bhulai,Prayagraj,Phulpur,Chaq Abdulkarim Urf Pure Bhulai,12825,0.8708850289495451,0.8708850289495451,,,,
up2021__131043,1427,sarayan abhaychand urf chandauki,Prayagraj,Phoolpur,Sarayan Abhaychand Urf Chandauki,184071,265831,1427,sarai abhaichand urf chandauki,Prayagraj,Phulpur,Sarai Abhaichand Urf Chandauki,49766,0.8902380952380953,0.8902380952380953,,,,
up2021__37356,1427,chakbhikhari urph parsadih,Prayagraj,Phoolpur,Chakbhikhari Urph Parsadih,184073,265842,1427,chak bhikhari urf parsadeeh,Prayagraj,Phulpur,Chak Bhikhari Urf Parsadeeh,12055,0.8690325777282298,0.8690325777282298,,,,
up2021__65069,1427,harbhanpur,Prayagraj,Phoolpur,HarbhaNpur,184075,45240,1427,herbhanpur,Prayagraj,Phulpur,Herbhanpur,22169,0.8733333333333334,0.8733333333333334,,,,
up2021__116043,1414,harinam patti alias katnai,Prayagraj,Baharia,Harinam Patti alias Katnai,184089,44318,1414,hariram patti urf katnae,Prayagraj,Bahria,Hariram Patti Urf Katnae,21587,0.8729082321187585,0.8729082321187585,,,,
up2021__165274,1414,amaipur,Prayagraj,Baharia,Amaipur,184099,44283,1414,abhaipur,Prayagraj,Bahria,Abhaipur,124,0.8821428571428571,0.8821428571428571,,,,
up2021__17152,1414,saraya jodhray,Prayagraj,Baharia,Saraya Jodhray,184103,44357,1414,sarai jodhrai,Prayagraj,Bahria,Sarai Jodhrai,49886,0.8718281718281718,0.8718281718281718,,,,
up2021__123000,1414,parmananandpur,Prayagraj,Baharia,Parmananandpur,184106,44350,1414,permanandpur,Prayagraj,Bahria,Permanandpur,43585,0.8561688311688311,0.8561688311688311,,,,
up2021__23626,1414,bhanemoo,Prayagraj,Baharia,Bhanemoo,184113,44296,1414,bhane mau,Prayagraj,Bahria,Bhane Mau,8996,0.8833333333333333,0.8833333333333333,,,,
up2021__978915,1414,jhuguni dih,Prayagraj,Baharia,Jhuguni Dih,184115,44327,1414,jugunideeh,Prayagraj,Bahria,Jugunideeh,25278,0.8581818181818182,0.8581818181818182,,,,
up2021__109328,1414,purushottamapur alias garapur,Prayagraj,Baharia,Purushottamapur (alias Garapur),184125,44351,1414,purusottampur urf garapur,Prayagraj,Bahria,Purusottampur Urf Garapur,44972,0.882269592476489,0.882269592476489,,,,
up2021__108289,1414,malakamay bhaisai,Prayagraj,Baharia,Malakamay Bhaisai,184126,44339,1414,malaka mai bhaisahi,Prayagraj,Bahria,Malaka Mai Bhaisahi,34799,0.8941563467492261,0.8941563467492261,,,,
up2021__58863,1414,masurpur,Prayagraj,Baharia,Masurpur,184132,44340,1414,mansoorpur,Prayagraj,Bahria,Mansoorpur,35647,0.8866666666666667,0.8866666666666667,,,,
up2021__44439,1414,moolhaapur,Prayagraj,Baharia,Moolhaapur,184142,44342,1414,mulhapur,Prayagraj,Bahria,Mulhapur,37924,0.8725,0.8725,,,,
up2021__84275,1414,chakshyam urf pure hincha,Prayagraj,Baharia,Chakshyam Urf Pure Hincha,184147,44306,1414,chaq syam urf poore hinchha,Prayagraj,Bahria,Chaq Syam Urf Poore Hinchha,12831,0.8651537598204265,0.8651537598204265,,,,
up2021__177118,1414,mirkapur,Prayagraj,Baharia,Mirkapur,184159,270782,1414,meerakpur,Prayagraj,Bahria,Meerakpur,36394,0.8529761904761904,0.8529761904761904,,,,
up2021__38923,1414,birapur,Prayagraj,Baharia,Birapur,184163,44293,1414,beerapur,Prayagraj,Bahria,Beerapur,7602,0.8821428571428571,0.8821428571428571,,,,
up2021__493564,1413,devaria,Prayagraj,Bahadurpur,Devaria,184164,44212,1413,dewariya,Prayagraj,Bahadurpur,Dewariya,15539,0.8952380952380953,0.8952380952380953,,,,
up2021__437111,1413,bahadurpur kachhar,Prayagraj,Bahadurpur,Bahadurpur Kachhar,184166,44194,1413,bahadurpur ta ibrahimpur,Prayagraj,Bahadurpur,Bahadurpur Ta.Ibrahimpur,4176,0.8783333333333333,0.8783333333333333,,,,
up2021__459774,1413,faizullapur,Prayagraj,Bahadurpur,Faizullapur,184169,44220,1413,faijjula pur,Prayagraj,Bahadurpur,Faijjula Pur,17581,0.8992424242424243,0.8992424242424243,,,,
up2021__1110387,1413,patti baisali,Prayagraj,Bahadurpur,Patti Baisali,184211,44256,1413,patti bairishal uperhar,Prayagraj,Bahadurpur,Patti Bairishal Uperhar,43363,0.8822742474916387,0.8822742474916387,,,,
up2021__483855,1413,chakhinauta,Prayagraj,Bahadurpur,Chakhinauta,184217,44205,1413,chakiya hinauta,Prayagraj,Bahadurpur,Chakiya Hinauta,12139,0.8921212121212122,0.8921212121212122,,,,
up2021__481910,1413,bhadkar,Prayagraj,Bahadurpur,Bhadkar,184221,44199,1413,bhadkar uperhar,Prayagraj,Bahadurpur,Bhadkar Uperhar,8402,0.8933333333333334,0.8933333333333334,,,,
up2021__589852,1413,dhokari,Prayagraj,Bahadurpur,Dhokari,184228,44215,1413,dhokariuperhar,Prayagraj,Bahadurpur,Dhokariuperhar,16451,0.9,0.9,,,,
up2021__35284,1425,baramoo,Prayagraj,Mau Aima,Baramoo,184235,45098,1425,baramau,Prayagraj,Mauaima,Baramau,6087,0.8857142857142858,0.8857142857142858,,,,
up2021__106427,1425,vishambharpur,Prayagraj,Mau Aima,Vishambharpur,184246,45100,1425,bishambherpur,Prayagraj,Mauaima,Bishambherpur,11320,0.8974358974358975,0.8974358974358975,,,,
up2021__122701,1425,sisva,Prayagraj,Mau Aima,Sisva,184256,45141,1425,siswan,Prayagraj,Mauaima,Siswan,53395,0.8755555555555556,0.8755555555555556,,,,
up2021__73817,1425,ghinpur,Prayagraj,Mau Aima,Ghinpur,184268,45109,1425,gheenpur,Prayagraj,Mauaima,Gheenpur,19545,0.8952380952380953,0.8952380952380953,,,,
up2021__95485,1425,badgawa,Prayagraj,Mau Aima,Badgawa,184285,45096,1425,badgaon,Prayagraj,Mauaima,Badgaon,3644,0.8857142857142858,0.8857142857142858,,,,
up2021__5487,1424,chakadiha,Prayagraj,Manda,Chakadiha,184308,45048,1424,chak deeha,Prayagraj,Manda,Chak Deeha,12079,0.8955555555555555,0.8955555555555555,,,,
up2021__24149,1424,hata,Prayagraj,Manda,Hata,184311,45060,1424,hata jagir,Prayagraj,Manda,Hata Jagir,21956,0.88,0.88,,,,
up2021__78879,1424,sonawarsa,Prayagraj,Manda,Sonawarsa,184318,45087,1424,son barsa,Prayagraj,Manda,Son Barsa,53722,0.8629629629629629,0.8629629629629629,,,,
up2021__5828,1424,vaghaura khwassan,Prayagraj,Manda,Vaghaura Khwassan,184333,45037,1424,baghoura khawasan,Prayagraj,Manda,Baghoura Khawasan,4003,0.8549019607843137,0.8549019607843137,,,,
up2021__31075,1424,saivsa,Prayagraj,Manda,Saivsa,184350,268217,1424,saibesa,Prayagraj,Manda,Saibesa,48677,0.8944444444444445,0.8944444444444445,,,,
up2021__5366,1426,medra,Prayagraj,Meja,Medra,184357,45185,1426,merara,Prayagraj,Meja,Merara,36584,0.8577777777777779,0.8577777777777779,,,,
up2021__861,1426,meja,Prayagraj,Meja,Meja,184372,45184,1426,meja khas,Prayagraj,Meja,Meja Khas,36547,0.888888888888889,0.888888888888889,,,,
up2021__68434,1426,kohdaar,Prayagraj,Meja,Kohdaar,184377,45175,1426,kohrar,Prayagraj,Meja,Kohrar,30383,0.8944444444444445,0.8944444444444445,,,,
up2021__50144,1426,tanudwa khurd,Prayagraj,Meja,Tanudwa Khurd,184381,45204,1426,tenduva khurd,Prayagraj,Meja,Tenduva Khurd,55424,0.8804195804195803,0.8804195804195803,,,,
up2021__14672,1426,koonta,Prayagraj,Meja,Koonta,184403,45174,1426,khoota,Prayagraj,Meja,Khoota,29772,0.9,0.9,,,,
up2021__42246,1426,itwa kala,Prayagraj,Meja,Itwa Kala,184406,45169,1426,itava kala,Prayagraj,Meja,Itava Kala,23054,0.8503703703703704,0.8503703703703704,,,,
up2021__66377,1426,pooralakshan,Prayagraj,Meja,Pooralakshan,184413,268315,1426,pura lakshan,Prayagraj,Meja,Pura Lakshan,44740,0.9,0.9,,,,
up2021__150546,1426,visahinkhurd,Prayagraj,Meja,Visahinkhurd,184417,268410,1426,bisahijan khurd,Prayagraj,Meja,Bisahijan Khurd,11278,0.8833333333333333,0.8833333333333333,,,,
up2021__135661,1426,salaayakala,Prayagraj,Meja,Salaayakala,184422,268457,1426,salaiya kala,Prayagraj,Meja,Salaiya Kala,49085,0.8884848484848485,0.8884848484848485,,,,
up2021__119225,1426,jharyihi,Prayagraj,Meja,Jharyihi,184423,268467,1426,jhadiyahi,Prayagraj,Meja,Jhadiyahi,24818,0.8856481481481482,0.8856481481481482,,,,
up2021__107653,1426,itwakhrud,Prayagraj,Meja,Itwakhrud,184425,268489,1426,itawa khurd,Prayagraj,Meja,Itawa Khurd,23059,0.8922558922558923,0.8922558922558923,,,,
up2021__153600,1426,barseta,Prayagraj,Meja,Barseta,184427,45151,1426,barsaita,Prayagraj,Meja,Barsaita,6798,0.8880952380952382,0.8880952380952382,,,,
up2021__1266846,1429,paudan,Prayagraj,Saidabad,Paudan,184430,45424,1429,poadan,Prayagraj,Saidabad,Poadan,44356,0.9,0.9,,,,
up2021__1131356,1429,byur,Prayagraj,Saidabad,Byur,184447,45377,1429,biyour,Prayagraj,Saidabad,Biyour,11502,0.8999999999999999,0.8999999999999999,,,,
up2021__1131146,1429,kanakpur,Prayagraj,Saidabad,Kanakpur,184449,45404,1429,kanakpur mavaiya,Prayagraj,Saidabad,Kanakpur Mavaiya,26434,0.9,0.9,,,,
up2021__1131297,1429,ganshipur,Prayagraj,Saidabad,Ganshipur,184450,45391,1429,ganeshipur uperhar,Prayagraj,Saidabad,Ganeshipur Uperhar,18561,0.8833333333333334,0.8833333333333334,,,,
up2021__1084353,1429,rasulpur,Prayagraj,Saidabad,Rasulpur,184465,45428,1429,rasulpur mavaiya,Prayagraj,Saidabad,Rasulpur Mavaiya,47235,0.9,0.9,,,,
up2021__1149408,1429,dumduma,Prayagraj,Saidabad,Dumduma,184468,45388,1429,duma duma,Prayagraj,Saidabad,Duma Duma,17247,0.8814814814814815,0.8814814814814815,,,,
up2021__148707,1429,nawli,Prayagraj,Saidabad,Nawli,184472,45419,1429,navali,Prayagraj,Saidabad,Navali,40133,0.8577777777777779,0.8577777777777779,,,,
up2021__179541,1431,sorav,Prayagraj,Sorav,Sorav,184495,45552,1431,soraon,Prayagraj,Soraon,Soraon,53870,0.8933333333333334,0.8933333333333334,,,,
up2021__187587,1431,bhidiura,Prayagraj,Sorav,Bhidiura,184498,45510,1431,bhideora,Prayagraj,Soraon,Bhideora,9849,0.9,0.9,,,,
up2021__181319,1431,sarsa,Prayagraj,Sorav,Sarsa,184505,45548,1431,sersa,Prayagraj,Soraon,Sersa,51221,0.88,0.88,,,,
up2021__77760,1431,saray lal khatoon urf shivgarh,Prayagraj,Sorav,Saray Lal Khatoon urf Shivgarh,184519,45546,1431,sarailalkhatoon urf sheogarh,Prayagraj,Soraon,Sarailalkhatoon Urf Sheogarh,49922,0.8892380952380952,0.8892380952380952,,,,
up2021__57569,1431,saray nandan urf samsapur,Prayagraj,Sorav,Saray Nandan Urf Samsapur,184527,45545,1431,saraichandrabhan urf samaspur,Prayagraj,Soraon,Saraichandrabhan Urf Samaspur,49811,0.8549968652037617,0.8549968652037617,,,,
up2021__64255,1431,saray fatte,Prayagraj,Sorav,Saray Fatte,184530,45547,1431,saraiphatte,Prayagraj,Soraon,Saraiphatte,49982,0.890909090909091,0.890909090909091,,,,
up2021__31282,1431,jotwardih,Prayagraj,Sorav,Jotwardih,184532,45520,1431,jaitwardih,Prayagraj,Soraon,Jaitwardih,23663,0.8691666666666668,0.8691666666666668,,,,
up2021__155706,1417,chak aziz urf beerapur,Prayagraj,Handiya,Chak Aziz Urf Beerapur,184547,44532,1417,chak ajij urph birapur,Prayagraj,Handia,Chak Ajij Urph Birapur,11991,0.8855614973262032,0.8855614973262032,,,,
up2021__176318,1417,pipiri,Prayagraj,Handiya,Pipiri,184563,44563,1417,pipari,Prayagraj,Handia,Pipari,43948,0.8755555555555556,0.8755555555555556,,,,
up2021__7184,1417,tela,Prayagraj,Handiya,Tela,184565,44582,1417,tela khas,Prayagraj,Handia,Tela Khas,55337,0.888888888888889,0.888888888888889,,,,
up2021__173994,1417,mugarauv,Prayagraj,Handiya,Mugarauv,184566,44561,1417,muga raw,Prayagraj,Handia,Muga Raw,37747,0.9,0.9,,,,
up2021__88363,1417,samho,Prayagraj,Handiya,Samho,184576,44573,1417,samaha,Prayagraj,Handia,Samaha,49326,0.8755555555555556,0.8755555555555556,,,,
up2021__137948,1417,dileepachandaapur,Prayagraj,Handiya,DileepachandaaPur,184582,44537,1417,dilipchandpur,Prayagraj,Handia,Dilipchandpur,16734,0.8939793866264455,0.8939793866264455,,,,
up2021__212904,1417,maharwara,Prayagraj,Handiya,Maharwara,184586,44558,1417,mahakhara,Prayagraj,Handia,Mahakhara,33630,0.8825396825396825,0.8825396825396825,,,,
up2021__84497,1417,vilari,Prayagraj,Handiya,Vilari,184588,44530,1417,bilari,Prayagraj,Handia,Bilari,10933,0.888888888888889,0.888888888888889,,,,
up2021__816358,1686,jaara,Fatehpur,Amauli,Jaara,184595,62023,1686,jara,Fatehpur,Amauli,Jara,24399,0.88,0.88,,,,
up2021__637086,1686,budhvao,Fatehpur,Amauli,Budhvao,184615,62007,1686,budhwan,Fatehpur,Amauli,Budhwan,11757,0.8857142857142858,0.8857142857142858,,,,
up2021__481258,1686,khairbad,Fatehpur,Amauli,Khairbad,184653,270960,1686,kherabad,Fatehpur,Amauli,Kherabad,29448,0.8952380952380953,0.8952380952380953,,,,
up2021__633019,1687,jamlamau,Fatehpur,Asothar,Jamlamau,184665,62074,1687,jamalamaw,Fatehpur,Asothar,Jamalamaw,23935,0.8523148148148149,0.8523148148148149,,,,
up2021__479769,1687,datoli,Fatehpur,Asothar,Datoli,184683,62066,1687,dattauli,Fatehpur,Asothar,Dattauli,14741,0.8736111111111112,0.8736111111111112,,,,
up2021__489648,1687,susvanburzug,Fatehpur,Asothar,SusvanBurzug,184692,62098,1687,suswan bujurg,Fatehpur,Asothar,Suswan Bujurg,54605,0.8839316239316239,0.8839316239316239,,,,
up2021__533544,1687,aizhi,Fatehpur,Asothar,Aizhi,184698,62056,1687,ainjhi,Fatehpur,Asothar,Ainjhi,754,0.8577777777777779,0.8577777777777779,,,,
up2021__591380,1685,izurabuzurg,Fatehpur,Airayan,Izurabuzurg,184737,61967,1685,ijura bujurg,Fatehpur,Airayan,Ijura Bujurg,22610,0.8704545454545455,0.8704545454545455,,,,
up2021__492750,1694,madraw,Fatehpur,Khajooha,Madraw,184761,62530,1694,mandraon,Fatehpur,Khajuha,Mandraon,35222,0.8555555555555556,0.8555555555555556,,,,
up2021__503287,1694,aalamganj,Fatehpur,Khajooha,Aalamganj,184765,62487,1694,alamganj,Fatehpur,Khajuha,Alamganj,1194,0.8916666666666667,0.8916666666666667,,,,
up2021__534324,1696,mansurpur modhanpur,Fatehpur,Teliani,Mansurpur Modhanpur,184832,62654,1696,mansoor modhanpur,Fatehpur,Telyani,Mansoor Modhanpur,35644,0.8676986584107327,0.8676986584107327,,,,
up2021__546825,1696,kasaruva,Fatehpur,Teliani,Kasaruva,184833,62648,1696,kaseruwa,Fatehpur,Telyani,Kaseruwa,27488,0.8833333333333334,0.8833333333333334,,,,
up2021__532553,1696,ojikhargausenpur may bhaddava,Fatehpur,Teliani,Ojikhargausenpur May Bhaddava,184862,62661,1696,ojhi kharagsenpur maibhadwa,Fatehpur,Telyani,Ojhi Kharagsenpur Maibhadwa,41058,0.8577266922094509,0.8577266922094509,,,,
up2021__687420,1696,thithaura,Fatehpur,Teliani,Thithaura,184866,62672,1696,dhidhaura,Fatehpur,Telyani,Dhidhaura,16359,0.8518518518518517,0.8518518518518517,,,,
up2021__528016,1696,mawaiya,Fatehpur,Teliani,Mawaiya,184886,62644,1696,mawaiya jalalpur,Fatehpur,Telyani,Mawaiya Jalalpur,36313,0.8875,0.8875,,,,
up2021__537088,1690,devmayi,Fatehpur,Devmai,Devmayi,184895,62243,1690,dewmai,Fatehpur,Devmai,Dewmai,15553,0.8793650793650793,0.8793650793650793,,,,
up2021__566448,1690,kpala pur bindha,Fatehpur,Devmai,Kpala pur Bindha,184912,62265,1690,kripalpur bindha,Fatehpur,Devmai,Kripalpur Bindha,30896,0.8821428571428571,0.8821428571428571,,,,
up2021__507022,1690,jaffarpur sithra,Fatehpur,Devmai,Jaffarpur Sithra,184930,62290,1690,zafarpur sitharra,Fatehpur,Devmai,Zafarpur Sitharra,57669,0.8757002801120448,0.8757002801120448,,,,
up2021__657475,1690,barigwao,Fatehpur,Devmai,Barigwao,184935,62235,1690,barigavan,Fatehpur,Devmai,Barigavan,6569,0.8833333333333333,0.8833333333333333,,,,
up2021__638173,1691,keshavaraypur kevatmai,Fatehpur,Dhata,Keshavaraypur Kevatmai,184954,62325,1691,keshoraipur kawatmai,Fatehpur,Dhata,Keshoraipur Kawatmai,28231,0.8657219251336898,0.8657219251336898,,,,
up2021__686463,1691,devrar,Fatehpur,Dhata,Devrar,184989,62311,1691,davrar,Fatehpur,Dhata,Davrar,14926,0.9,0.9,,,,
up2021__548679,1691,aalampur goriya,Fatehpur,Dhata,Aalampur Goriya,185015,62295,1691,alampur geria,Fatehpur,Dhata,Alampur Geria,1240,0.8919230769230769,0.8919230769230769,,,,
up2021__624385,1688,ghazipur,Fatehpur,Bahua,Ghazipur,185020,62121,1688,gajipur,Fatehpur,Bahua,Gajipur,18423,0.8821428571428571,0.8821428571428571,,,,
up2021__634997,1688,ayya,Fatehpur,Bahua,Ayya,185029,274142,1688,ayah,Fatehpur,Bahua,Ayah,3196,0.8666666666666667,0.8666666666666667,,,,
up2021__667042,1688,mewli,Fatehpur,Bahua,Mewli,185035,62137,1688,mevli,Fatehpur,Bahua,Mevli,36609,0.8933333333333333,0.8933333333333333,,,,
up2021__501577,1688,mohanpur,Fatehpur,Bahua,Mohanpur,185040,62112,1688,mohanpur allipur,Fatehpur,Bahua,Mohanpur Allipur,37298,0.9,0.9,,,,
up2021__550649,1688,gauri,Fatehpur,Bahua,Gauri,185045,62124,1688,gouri,Fatehpur,Bahua,Gouri,20394,0.88,0.88,,,,
up2021__616590,1688,mahamatpur,Fatehpur,Bahua,Mahamatpur,185052,62268,1688,mahmadpur,Fatehpur,Bahua,Mahmadpur,33927,0.8982407407407408,0.8982407407407408,,,,
up2021__474760,1689,kevai,Fatehpur,Bhitaura,Kevai,185095,62190,1689,kewai,Fatehpur,Bhitaura,Kewai,28271,0.8933333333333333,0.8933333333333333,,,,
up2021__607378,1689,chhattisapur,Fatehpur,Bhitaura,Chhattisapur,185112,62172,1689,chitisapur,Fatehpur,Bhitaura,Chitisapur,13765,0.877037037037037,0.877037037037037,,,,
up2021__550611,1689,chhuka husenganj,Fatehpur,Bhitaura,Chhuka Husenganj,185117,62171,1689,chhewka husainganj,Fatehpur,Bhitaura,Chhewka Husainganj,13417,0.8998611111111112,0.8998611111111112,,,,
up2021__608531,1689,karmchandpur sanda,Fatehpur,Bhitaura,Karmchandpur Sanda,185129,62187,1689,karamchandpur sanda,Fatehpur,Bhitaura,Karamchandpur Sanda,26889,0.8969785575048732,0.8969785575048732,,,,
up2021__596517,1689,kaudarpur,Fatehpur,Bhitaura,Kaudarpur,185133,62192,1689,kodarpur,Fatehpur,Bhitaura,Kodarpur,30296,0.8529761904761904,0.8529761904761904,,,,
up2021__488611,1689,devaranar,Fatehpur,Bhitaura,Devaranar,185148,62173,1689,devra nar,Fatehpur,Bhitaura,Devra Nar,15466,0.8898148148148148,0.8898148148148148,,,,
up2021__649649,1689,chauhutta,Fatehpur,Bhitaura,Chauhutta,185153,270893,1689,chaohatta,Fatehpur,Bhitaura,Chaohatta,12787,0.8629629629629629,0.8629629629629629,,,,
up2021__489114,1695,itrora plikhani,Fatehpur,Malwan,Itrora Plikhani,185156,62581,1695,itarora pilkhini,Fatehpur,Malwan,Itarora Pilkhini,23013,0.8766666666666667,0.8766666666666667,,,,
up2021__671358,1695,bikampur,Fatehpur,Malwan,Bikampur,185173,62564,1695,bheekhampur,Fatehpur,Malwan,Bheekhampur,9763,0.8534090909090909,0.8534090909090909,,,,
up2021__474447,1695,darveshabad,Fatehpur,Malwan,Darveshabad,185185,62570,1695,darveshpur,Fatehpur,Malwan,Darveshpur,14640,0.8672727272727273,0.8672727272727273,,,,
up2021__481882,1697,khakhreru,Fatehpur,Vijayipur,Khakhreru,185228,270985,1697,khakhari,Fatehpur,Vijayipur,Khakhari,28639,0.8833333333333333,0.8833333333333333,,,,
up2021__614755,1697,kullee,Fatehpur,Vijayipur,Kullee,185234,62699,1697,kulli,Fatehpur,Vijayipur,Kulli,31156,0.8933333333333334,0.8933333333333334,,,,
up2021__631427,1697,naroli,Fatehpur,Vijayipur,Naroli,185253,62708,1697,narauli,Fatehpur,Vijayipur,Narauli,39488,0.8944444444444445,0.8944444444444445,,,,
up2021__668967,1697,peri,Fatehpur,Vijayipur,Peri,185255,62710,1697,pari,Fatehpur,Vijayipur,Pari,42647,0.8500000000000001,0.8500000000000001,,,,
up2021__497637,1697,umra,Fatehpur,Vijayipur,Umra,185260,62730,1697,umara,Fatehpur,Vijayipur,Umara,56754,0.88,0.88,,,,
up2021__611989,1697,madoli,Fatehpur,Vijayipur,Madoli,185273,62704,1697,madauli,Fatehpur,Vijayipur,Madauli,33225,0.8944444444444445,0.8944444444444445,,,,
up2021__613191,1697,garhiwa majhingwan,Fatehpur,Vijayipur,Garhiwa Majhingwan,185286,270981,1697,gadhiva majhigawan,Fatehpur,Vijayipur,Gadhiva Majhigawan,18215,0.8933333333333333,0.8933333333333333,,,,
up2021__554221,1693,kasaruva,Fatehpur,Hatgham,Kasaruva,185304,62440,1693,kaseruwa,Fatehpur,Hathgaon,Kaseruwa,27487,0.8833333333333334,0.8833333333333334,,,,
up2021__544603,1693,naroli khurd,Fatehpur,Hatgham,Naroli Khurd,185337,62459,1693,narauli khurd,Fatehpur,Hathgaon,Narauli Khurd,39496,0.881021756021756,0.881021756021756,,,,
up2021__564027,1693,iravatipur dharmangadpur,Fatehpur,Hatgham,Iravatipur Dharmangadpur,185340,62434,1693,iradatpur dharmgadpur,Fatehpur,Hathgaon,Iradatpur Dharmgadpur,22819,0.88,0.88,,,,
up2021__649457,1693,sawat,Fatehpur,Hatgham,Sawat,185345,62471,1693,sanvat,Fatehpur,Hathgaon,Sanvat,49722,0.8577777777777779,0.8577777777777779,,,,
up2021__605690,1693,raipur muari,Fatehpur,Hatgham,Raipur Muari,185352,62467,1693,rampur muwari,Fatehpur,Hathgaon,Rampur Muwari,46592,0.8882672882672883,0.8882672882672883,,,,
up2021__549135,1693,akhari,Fatehpur,Hatgham,Akhari,185357,62444,1693,akhari khalispur,Fatehpur,Hathgaon,Akhari Khalispur,1052,0.875,0.875,,,,
up2021__581340,1692,murav,Fatehpur,Haswa,Murav,185415,62388,1692,murawan,Fatehpur,Haswa,Murawan,38172,0.8742857142857142,0.8742857142857142,,,,
up2021__887623,1680,bandarkheda,Farrukhabad,Kamalganj,Bandarkheda,185451,61564,1680,bander khera,Farrukhabad,Kamalganj,Bander Khera,5412,0.8691919191919192,0.8691919191919192,,,,
up2021__932857,1680,jiragaur,Farrukhabad,Kamalganj,Jiragaur,185458,61599,1680,jeeragaur,Farrukhabad,Kamalganj,Jeeragaur,24748,0.8958333333333333,0.8958333333333333,,,,
up2021__903304,1680,dugarpur,Farrukhabad,Kamalganj,Dugarpur,185473,61581,1680,doogar pur,Farrukhabad,Kamalganj,Doogar Pur,16964,0.8725,0.8725,,,,
up2021__733550,1680,lauwa no maanpatti,Farrukhabad,Kamalganj,Lauwa No. Maanpatti,185476,61610,1680,laua nagla manpatti,Farrukhabad,Kamalganj,Laua Nagla Manpatti,32548,0.8934819688109162,0.8934819688109162,,,,
up2021__775825,1680,mohammadpur amlaiya,Farrukhabad,Kamalganj,Mohammadpur Amlaiya,185504,61612,1680,mahmadpur amlaiya,Farrukhabad,Kamalganj,Mahmadpur Amlaiya,33935,0.880185758513932,0.880185758513932,,,,
up2021__920104,1680,ranukheda,Farrukhabad,Kamalganj,Ranukheda,185505,61635,1680,ranoo khera,Farrukhabad,Kamalganj,Ranoo Khera,46932,0.8632996632996633,0.8632996632996633,,,,
up2021__798976,1680,shringirampur,Farrukhabad,Kamalganj,Shringirampur,185510,61648,1680,singhirampur,Farrukhabad,Kamalganj,Singhirampur,52980,0.851923076923077,0.851923076923077,,,,
up2021__930034,1680,mohammadpur aachlaa,Farrukhabad,Kamalganj,Mohammadpur Aachlaa,185511,61611,1680,mahmadpur achla,Farrukhabad,Kamalganj,Mahmadpur Achla,33934,0.8768421052631579,0.8768421052631579,,,,
up2021__762266,1680,gagani,Farrukhabad,Kamalganj,Gagani,185521,61586,1680,gangni,Farrukhabad,Kamalganj,Gangni,18718,0.8577777777777779,0.8577777777777779,,,,
up2021__900258,1680,ahimalapur,Farrukhabad,Kamalganj,Ahimalapur,185525,61558,1680,ahmila pur,Farrukhabad,Kamalganj,Ahmila Pur,674,0.8874074074074074,0.8874074074074074,,,,
up2021__900156,1680,huseynpur nawakhanda,Farrukhabad,Kamalganj,Huseynpur Nawakhanda,185533,61592,1680,husainpur naukhanda,Farrukhabad,Kamalganj,Husainpur Naukhanda,22476,0.8992621259029927,0.8992621259029927,,,,
up2021__924220,1680,narayanpur garhiya,Farrukhabad,Kamalganj,Narayanpur Garhiya,185536,61627,1680,naryanpur gariya,Farrukhabad,Kamalganj,Naryanpur Gariya,39775,0.8865740740740741,0.8865740740740741,,,,
up2021__889672,1680,nagla daarooh,Farrukhabad,Kamalganj,Nagla Daarooh,185539,61622,1680,nagla daud,Farrukhabad,Kamalganj,Nagla Daud,38764,0.8830769230769232,0.8830769230769232,,,,
up2021__789850,1679,jhabbooppur,Farrukhabad,Kayamganj,Jhabbooppur,185545,61504,1679,jhabbupur,Farrukhabad,Kaimganj,Jhabbupur,24810,0.8982323232323232,0.8982323232323232,,,,
up2021__777797,1679,rautol,Farrukhabad,Kayamganj,Rautol,185549,61542,1679,rutoul,Farrukhabad,Kaimganj,Rutoul,48162,0.9,0.9,,,,
up2021__841106,1679,sinoli,Farrukhabad,Kayamganj,Sinoli,185556,61552,1679,sinauli,Farrukhabad,Kaimganj,Sinauli,52880,0.8944444444444445,0.8944444444444445,,,,
up2021__896887,1679,qadaradadpur sarai,Farrukhabad,Kayamganj,Qadaradadpur Sarai,185564,61509,1679,kadar dadpur sarai,Farrukhabad,Kaimganj,Kadar Dadpur Sarai,25499,0.8842592592592592,0.8842592592592592,,,,
up2021__887169,1679,pauraurii,Farrukhabad,Kayamganj,Pauraurii,185566,61534,1679,purauri,Farrukhabad,Kaimganj,Purauri,44793,0.8904761904761904,0.8904761904761904,,,,
up2021__772513,1679,nizamuuddinpur,Farrukhabad,Kayamganj,Nizamuuddinpur,185568,61528,1679,nijamuddinpur,Farrukhabad,Kaimganj,Nijamuddinpur,40654,0.896947496947497,0.896947496947497,,,,
up2021__867919,1679,brahimpur jagir,Farrukhabad,Kayamganj,BrahImpur Jagir,185581,61492,1679,birahampur jagir,Farrukhabad,Kaimganj,Birahampur Jagir,11093,0.88125,0.88125,,,,
up2021__887508,1679,mau rashidabad,Farrukhabad,Kayamganj,Mau Rashidabad,185587,61522,1679,maursidabad,Farrukhabad,Kaimganj,Maursidabad,36224,0.8863636363636364,0.8863636363636364,,,,
up2021__878572,1679,mohaddinpur,Farrukhabad,Kayamganj,Mohaddinpur,185625,61539,1679,mohiuddinpur,Farrukhabad,Kaimganj,Mohiuddinpur,37376,0.86989898989899,0.86989898989899,,,,
up2021__921648,1682,alhadarpur,Farrukhabad,Nawabganj,Alhadarpur,185634,61738,1682,aladadpur,Farrukhabad,Nawabganj,Aladadpur,1160,0.8837037037037038,0.8837037037037038,,,,
up2021__871377,1682,jyoona,Farrukhabad,Nawabganj,Jyoona,185648,61763,1682,jiyouna,Farrukhabad,Nawabganj,Jiyouna,25111,0.8642857142857143,0.8642857142857143,,,,
up2021__866781,1682,sulempur dunedmai,Farrukhabad,Nawabganj,Sulempur Dunedmai,185650,61786,1682,salempur dundemai,Farrukhabad,Nawabganj,Salempur Dundemai,49222,0.8709558823529412,0.8709558823529412,,,,
up2021__886510,1682,patyaura,Farrukhabad,Nawabganj,Patyaura,185656,61778,1682,patyora,Farrukhabad,Nawabganj,Patyora,43419,0.8880952380952382,0.8880952380952382,,,,
up2021__892205,1682,pariuli kharidai,Farrukhabad,Nawabganj,Pariuli Kharidai,185681,266999,1682,parauli khardai,Farrukhabad,Nawabganj,Parauli Khardai,42564,0.8886111111111111,0.8886111111111111,,,,
up2021__834578,1682,aachara takipur,Farrukhabad,Nawabganj,Aachara Takipur,185685,266828,1682,achra takipur,Farrukhabad,Nawabganj,Achra Takipur,213,0.8907692307692308,0.8907692307692308,,,,
up2021__758825,1678,bhaggua nagla,Farrukhabad,Badhpur,Bhaggua Nagla,185743,266513,1678,bhgua nagla,Farrukhabad,Barhpur,Bhgua Nagla,9841,0.862004662004662,0.862004662004662,,,,
up2021__778086,1678,gangauli,Farrukhabad,Badhpur,Gangauli,185746,61451,1678,gagoli,Farrukhabad,Barhpur,Gagoli,18284,0.8555555555555556,0.8555555555555556,,,,
up2021__776575,1678,noorpur,Farrukhabad,Badhpur,Noorpur,185748,61472,1678,noorpur garhiya,Farrukhabad,Barhpur,Noorpur Garhiya,40918,0.8933333333333334,0.8933333333333334,,,,
up2021__716703,1681,ninwakarori,Farrukhabad,Mohammadabad,Ninwakarori,185762,61707,1681,nibkarori,Farrukhabad,Mohamdabad,Nibkarori,40571,0.8643097643097643,0.8643097643097643,,,,
up2021__789972,1681,bighamau,Farrukhabad,Mohammadabad,Bighamau,185766,61662,1681,beeghamau,Farrukhabad,Mohamdabad,Beeghamau,7580,0.8958333333333333,0.8958333333333333,,,,
up2021__725295,1681,alawalpur,Farrukhabad,Mohammadabad,Alawalpur,185778,61656,1681,allabal pur,Farrukhabad,Mohamdabad,Allabal Pur,1434,0.8643097643097643,0.8643097643097643,,,,
up2021__834027,1681,gausinhpur,Farrukhabad,Mohammadabad,Gausinhpur,185786,61672,1681,gaisingh pur,Farrukhabad,Mohamdabad,Gaisingh Pur,18377,0.877037037037037,0.877037037037037,,,,
up2021__753844,1681,devsenii,Farrukhabad,Mohammadabad,Devsenii,185795,61669,1681,deosni,Farrukhabad,Mohamdabad,Deosni,15249,0.8555555555555556,0.8555555555555556,,,,
up2021__771198,1681,kanhuyakootpur,Farrukhabad,Mohammadabad,Kanhuyakootpur,185805,61685,1681,kanhaiyaqub pur,Farrukhabad,Mohamdabad,Kanhaiyaqub Pur,26597,0.8561904761904762,0.8561904761904762,,,,
up2021__796852,1681,roopnagar,Farrukhabad,Mohammadabad,Roopnagar,185813,61719,1681,rup nagar,Farrukhabad,Mohamdabad,Rup Nagar,48100,0.8666666666666666,0.8666666666666666,,,,
up2021__778504,1681,pipergaon,Farrukhabad,Mohammadabad,Pipergaon,185814,61714,1681,pipar gaon,Farrukhabad,Mohamdabad,Pipar Gaon,43935,0.8982407407407408,0.8982407407407408,,,,
up2021__878068,1681,daaudpur nagla baag,Farrukhabad,Mohammadabad,Daaudpur Nagla Baag,185821,61668,1681,daudpur nagla bag,Farrukhabad,Mohamdabad,Daudpur Nagla Bag,14787,0.8621259029927761,0.8621259029927761,,,,
up2021__814157,1681,huseenpura dariya masmuulee,Farrukhabad,Mohammadabad,Huseenpura Dariya Masmuulee,185831,266642,1681,husainpur dariyamasmule,Farrukhabad,Mohamdabad,Husainpur Dariyamasmule,22461,0.8936148928902551,0.8936148928902551,,,,
up2021__885349,1681,dawoodpur mazra nadansa,Farrukhabad,Mohammadabad,Dawoodpur Mazra Nadansa,185837,266745,1681,daudpur majra nandsa,Farrukhabad,Mohamdabad,Daudpur Majra Nandsa,14786,0.8709178743961352,0.8709178743961352,,,,
up2021__1142073,1683,g anghi,Farrukhabad,Raajepur,G'anghi,185851,61819,1683,gandhi,Farrukhabad,Rajepur,Gandhi,18541,0.8642857142857143,0.8642857142857143,,,,
up2021__878868,1683,mahammadpur gadia,Farrukhabad,Raajepur,Mahammadpur Gadia,185852,61843,1683,mahmadpur gadiya,Farrukhabad,Rajepur,Mahmadpur Gadiya,33940,0.8646323529411765,0.8646323529411765,,,,
up2021__927528,1683,siddhechakar pur,Farrukhabad,Raajepur,Siddhechakar Pur,185860,61859,1683,sirhe cakarpur,Farrukhabad,Rajepur,Sirhe Cakarpur,53138,0.8694139194139194,0.8694139194139194,,,,
up2021__827433,1683,ujramau nayagaon,Farrukhabad,Raajepur,Ujramau Nayagaon,185867,61864,1683,ujaramau nayagaon,Farrukhabad,Rajepur,Ujaramau Nayagaon,56674,0.8843137254901962,0.8843137254901962,,,,
up2021__864558,1683,dwari,Farrukhabad,Raajepur,Dwari,185868,61814,1683,dabri,Farrukhabad,Rajepur,Dabri,14000,0.88,0.88,,,,
up2021__902518,1683,valipatty ranigaon,Farrukhabad,Raajepur,Valipatty Ranigaon,185881,61802,1683,balipatti rani gaon,Farrukhabad,Rajepur,Balipatti Rani Gaon,5060,0.8686647173489278,0.8686647173489278,,,,
up2021__910971,1683,fakarpu,Farrukhabad,Raajepur,Fakarpu,185882,61818,1683,fakherpur,Farrukhabad,Rajepur,Fakherpur,17627,0.888888888888889,0.888888888888889,,,,
up2021__1149549,1683,virsingpur,Farrukhabad,Raajepur,Virsingpur,185887,61811,1683,birsingh pur,Farrukhabad,Rajepur,Birsingh Pur,11258,0.8833333333333333,0.8833333333333333,,,,
up2021__836373,1683,udharan leelapur,Farrukhabad,Raajepur,Udharan Leelapur,185898,61863,1683,udhranpur leelapur,Farrukhabad,Rajepur,Udhranpur Leelapur,56604,0.86875,0.86875,,,,
up2021__933133,1683,ghazipur,Farrukhabad,Raajepur,Ghazipur,185912,267657,1683,gajipur,Farrukhabad,Rajepur,Gajipur,18427,0.8821428571428571,0.8821428571428571,,,,
up2021__923578,1683,gujarpur gahlwar,Farrukhabad,Raajepur,Gujarpur Gahlwar,185917,267234,1683,goojarpur gahilwar,Farrukhabad,Rajepur,Goojarpur Gahilwar,20076,0.8912500000000001,0.8912500000000001,,,,
up2021__954138,1684,smaspur bhikhari,Farrukhabad,Shamshabaad,Smaspur Bhikhari,185937,61937,1684,shamaspur bhikhari,Farrukhabad,Shamsabad,Shamaspur Bhikhari,51702,0.8729166666666667,0.8729166666666667,,,,
up2021__920423,1684,gutti dakshin,Farrukhabad,Shamshabaad,Gutti Dakshin,185950,61897,1684,gutaiti dakhin,Farrukhabad,Shamsabad,Gutaiti Dakhin,20850,0.8903846153846154,0.8903846153846154,,,,
up2021__782673,1684,papdi khurd bujurg,Farrukhabad,Shamshabaad,Papdi Khurd Bujurg,185953,61926,1684,papari khurd,Farrukhabad,Shamsabad,Papari Khurd,42342,0.8686026936026936,0.8686026936026936,,,,
up2021__860757,1684,kuyia ghir,Farrukhabad,Shamshabaad,Kuyia Ghir,185978,61909,1684,kuiyadhir,Farrukhabad,Shamsabad,Kuiyadhir,31077,0.8837037037037038,0.8837037037037038,,,,
up2021__791170,1684,nagala kallar,Farrukhabad,Shamshabaad,Nagala Kallar,185991,61921,1684,naglakalar,Farrukhabad,Shamsabad,Naglakalar,38825,0.8761538461538462,0.8761538461538462,,,,
up2021__863358,1684,baksooree,Farrukhabad,Shamshabaad,Baksooree,185992,61877,1684,baksuri,Farrukhabad,Shamsabad,Baksuri,4932,0.8539682539682539,0.8539682539682539,,,,
up2021__847286,1684,samaichipur chitar,Farrukhabad,Shamshabaad,Samaichipur Chitar,186000,267500,1684,samechipur chitar,Farrukhabad,Shamsabad,Samechipur Chitar,49433,0.887431917211329,0.887431917211329,,,,
up2021__1283352,1684,jhoua,Farrukhabad,Shamshabaad,Jhoua,186011,267584,1684,jhaua,Farrukhabad,Shamsabad,Jhaua,24889,0.8933333333333333,0.8933333333333333,,,,
up2021__729156,1698,vamai,Firozabad,Aaraon,Vamai,186018,62735,1698,bamai,Firozabad,Araon,Bamai,5205,0.8666666666666667,0.8666666666666667,,,,
up2021__636153,1698,dariyagpur bharaol,Firozabad,Aaraon,Dariyagpur Bharaol,186053,62740,1698,daragapur bharaul,Firozabad,Araon,Daragapur Bharaul,14467,0.8714379084967321,0.8714379084967321,,,,
up2021__624087,1698,guraiya suraelapur,Firozabad,Aaraon,Guraiya Suraelapur,186054,62745,1698,guraiya sohilpur,Firozabad,Araon,Guraiya Sohilpur,20741,0.8761752136752138,0.8761752136752138,,,,
up2021__631719,1698,sheikhupur,Firozabad,Aaraon,Sheikhupur,186063,264852,1698,shekhpura,Firozabad,Araon,Shekhpura,51895,0.8982407407407408,0.8982407407407408,,,,
up2021__645684,1699,nayan gajadhar singh,Firozabad,Eka,Nayan Gajadhar Singh,186100,62814,1699,namangjadharsingh,Firozabad,Eka,Namangjadharsingh,39237,0.8976470588235295,0.8976470588235295,,,,
up2021__573079,1699,aazampur silouta,Firozabad,Eka,Aazampur Silouta,186116,62781,1699,ajampursiloota,Firozabad,Eka,Ajampursiloota,796,0.8821428571428571,0.8821428571428571,,,,
up2021__573015,1699,farida,Firozabad,Eka,Farida,186119,62790,1699,farida pedat,Firozabad,Eka,Farida Pedat,17692,0.9,0.9,,,,
up2021__682844,1699,hathauli jayasinghpur,Firozabad,Eka,Hathauli Jayasinghpur,186126,62795,1699,hathooli jaisinghpur,Firozabad,Eka,Hathooli Jaisinghpur,22037,0.8966106442577031,0.8966106442577031,,,,
up2021__549827,1702,parauli,Firozabad,Jasrana,Parauli,186137,62991,1702,paroli,Firozabad,Jasrana,Paroli,42713,0.8944444444444445,0.8944444444444445,,,,
up2021__628613,1702,chanari,Firozabad,Jasrana,Chanari,186142,62966,1702,chinari,Firozabad,Jasrana,Chinari,13636,0.8793650793650793,0.8793650793650793,,,,
up2021__664823,1702,vahat,Firozabad,Jasrana,Vahat,186147,62958,1702,bahat,Firozabad,Jasrana,Bahat,4234,0.8666666666666667,0.8666666666666667,,,,
up2021__658160,1702,darapaur milawalii,Firozabad,Jasrana,Darapaur Milawalii,186148,62967,1702,darapur milavli,Firozabad,Jasrana,Darapur Milavli,14488,0.8993650793650794,0.8993650793650794,,,,
up2021__656345,1702,ghaghuu no pandey,Firozabad,Jasrana,Ghaghuu no Pandey,186150,62969,1702,ghaghu nagla panday,Firozabad,Jasrana,Ghaghu Nagla Panday,19417,0.8977885891198584,0.8977885891198584,,,,
up2021__698701,1702,utarara,Firozabad,Jasrana,Utarara,186172,63000,1702,utrara,Firozabad,Jasrana,Utrara,57178,0.873015873015873,0.873015873015873,,,,
up2021__590655,1706,dinauli,Firozabad,Tundla,Dinauli,186183,63194,1706,danauli,Firozabad,Tundla,Danauli,14361,0.8642857142857143,0.8642857142857143,,,,
up2021__497840,1706,marsaina,Firozabad,Tundla,Marsaina,186204,63212,1706,marsena,Firozabad,Tundla,Marsena,35828,0.8880952380952382,0.8880952380952382,,,,
up2021__587837,1706,siroliya,Firozabad,Tundla,Siroliya,186217,63230,1706,siraulia,Firozabad,Tundla,Siraulia,53115,0.8833333333333334,0.8833333333333334,,,,
up2021__591358,1706,pamari,Firozabad,Tundla,Pamari,186230,63221,1706,panwari,Firozabad,Tundla,Panwari,42327,0.8793650793650793,0.8793650793650793,,,,
up2021__474140,1704,rudhau pahadpur,Firozabad,Narkhi,RUDHAU PAHADPUR,186242,63117,1704,rudau pahar pur,Firozabad,Narkhi,Rudau Pahar Pur,47974,0.8659829059829061,0.8659829059829061,,,,
up2021__487086,1704,bheetri,Firozabad,Narkhi,Bheetri,186255,63073,1704,bhitri,Firozabad,Narkhi,Bhitri,10151,0.8793650793650793,0.8793650793650793,,,,
up2021__620208,1704,akalabad hasanpur,Firozabad,Narkhi,Akalabad Hasanpur,186258,63064,1704,akilabad hanspur,Firozabad,Narkhi,Akilabad Hanspur,1089,0.8630718954248365,0.8630718954248365,,,,
up2021__498130,1704,kutkapur chanaura,Firozabad,Narkhi,Kutkapur Chanaura,186261,63101,1704,kutukpur chunaurar,Firozabad,Narkhi,Kutukpur Chunaurar,31778,0.8558823529411764,0.8558823529411764,,,,
up2021__529227,1704,muiuddinpur,Firozabad,Narkhi,Muiuddinpur,186264,63104,1704,muiniddinpur,Firozabad,Narkhi,Muiniddinpur,37818,0.8932323232323233,0.8932323232323233,,,,
up2021__497408,1704,bendipur vidarkha,Firozabad,Narkhi,Bendipur Vidarkha,186275,63071,1704,bedipur bidirika,Firozabad,Narkhi,Bedipur Bidirika,7565,0.8667420814479638,0.8667420814479638,,,,
up2021__522262,1704,naya wachs,Firozabad,Narkhi,Naya Wachs,186277,63109,1704,nayabash,Firozabad,Narkhi,Nayabash,40247,0.8864285714285713,0.8864285714285713,,,,
up2021__602663,1704,kheriakala,Firozabad,Narkhi,Kheriakala,186286,63098,1704,kheri kalan,Firozabad,Narkhi,Kheri Kalan,29521,0.8991919191919192,0.8991919191919192,,,,
up2021__656009,1704,oukhara,Firozabad,Narkhi,Oukhara,186291,63111,1704,okhra,Firozabad,Narkhi,Okhra,41063,0.8542857142857143,0.8542857142857143,,,,
up2021__709090,1700,bazirpur jehlpur,Firozabad,Firozabad,Bazirpur Jehlpur,186293,62894,1700,wazirpur jihalpur,Firozabad,Firozabad,Wazirpur Jihalpur,57601,0.8995098039215685,0.8995098039215685,,,,
up2021__726855,1700,matsaina,Firozabad,Firozabad,Matsaina,186297,62870,1700,matsena,Firozabad,Firozabad,Matsena,36116,0.8880952380952382,0.8880952380952382,,,,
up2021__716352,1700,fulaichi,Firozabad,Firozabad,Fulaichi,186299,62879,1700,phulaichi,Firozabad,Firozabad,Phulaichi,43681,0.8842592592592592,0.8842592592592592,,,,
up2021__754114,1700,sadaamai,Firozabad,Firozabad,Sadaamai,186302,62884,1700,saramai,Firozabad,Firozabad,Saramai,50126,0.8507936507936509,0.8507936507936509,,,,
up2021__676297,1700,roopsapur,Firozabad,Firozabad,Roopsapur,186312,264801,1700,rupaspur,Firozabad,Firozabad,Rupaspur,48091,0.8529761904761904,0.8529761904761904,,,,
up2021__669765,1700,vijayapur bhikanpur,Firozabad,Firozabad,Vijayapur Bhikanpur,186321,264798,1700,bijaipur bhikanpur,Firozabad,Firozabad,Bijaipur Bhikanpur,10799,0.8894980506822612,0.8894980506822612,,,,
up2021__517812,1700,jaroli kalan,Firozabad,Firozabad,Jaroli Kalan,186325,62857,1700,jarauli kalan,Firozabad,Firozabad,Jarauli Kalan,24441,0.881021756021756,0.881021756021756,,,,
up2021__695104,1700,usayni,Firozabad,Firozabad,Usayni,186328,62891,1700,usaini,Firozabad,Firozabad,Usaini,57070,0.8755555555555556,0.8755555555555556,,,,
up2021__671613,1700,saingai,Firozabad,Firozabad,Saingai,186341,62885,1700,sengai,Firozabad,Firozabad,Sengai,51186,0.8642857142857143,0.8642857142857143,,,,
up2021__556179,1703,lauhrai,Firozabad,Madanpur,Lauhrai,186367,63034,1703,loharai,Firozabad,Madanpur,Loharai,32841,0.8642857142857143,0.8642857142857143,,,,
up2021__631000,1703,vachehmai,Firozabad,Madanpur,Vachehmai,186371,63005,1703,bachhmai,Firozabad,Madanpur,Bachhmai,3489,0.8842592592592592,0.8842592592592592,,,,
up2021__516051,1703,syarmau rayalal,Firozabad,Madanpur,Syarmau Rayalal,186384,63053,1703,siarmau ramlal,Firozabad,Madanpur,Siarmau Ramlal,52387,0.8721428571428571,0.8721428571428571,,,,
up2021__525845,1703,tilaiyani,Firozabad,Madanpur,Tilaiyani,186394,63057,1703,tilyani,Firozabad,Madanpur,Tilyani,56046,0.8814814814814815,0.8814814814814815,,,,
up2021__622734,1703,gadsan,Firozabad,Madanpur,Gadsan,186405,63017,1703,garshan,Firozabad,Madanpur,Garshan,19012,0.8793650793650793,0.8793650793650793,,,,
up2021__552046,1703,punchchha,Firozabad,Madanpur,Punchchha,186429,63044,1703,punnachha,Firozabad,Madanpur,Punnachha,44615,0.8962962962962963,0.8962962962962963,,,,
up2021__679233,1705,nawali,Firozabad,Shikohabad,Nawali,186434,63171,1705,naoli,Firozabad,Shikohabad,Naoli,39386,0.8577777777777779,0.8577777777777779,,,,
up2021__656522,1705,gagayee,Firozabad,Shikohabad,Gagayee,186436,63147,1705,gagai,Firozabad,Shikohabad,Gagai,18269,0.8742857142857142,0.8742857142857142,,,,
up2021__662031,1705,jahanagipur galerai,Firozabad,Shikohabad,Jahanagipur Galerai,186440,63157,1705,jhangirpurgalrai,Firozabad,Shikohabad,Jhangirpurgalrai,24854,0.8580921052631579,0.8580921052631579,,,,
up2021__665566,1705,glamai,Firozabad,Shikohabad,Glamai,186449,63148,1705,galamai,Firozabad,Shikohabad,Galamai,18474,0.8571428571428572,0.8571428571428572,,,,
up2021__799510,1705,rapdi,Firozabad,Shikohabad,Rapdi,186468,63177,1705,rapari,Firozabad,Shikohabad,Rapari,46949,0.8755555555555556,0.8755555555555556,,,,
up2021__834866,1705,mewli,Firozabad,Shikohabad,Mewli,186479,63163,1705,meoli,Firozabad,Shikohabad,Meoli,36573,0.8933333333333333,0.8933333333333333,,,,
up2021__667784,1705,aasdevmai nurpur,Firozabad,Shikohabad,Aasdevmai Nurpur,186496,264828,1705,asdeomai nurpur,Firozabad,Shikohabad,Asdeomai Nurpur,2568,0.8996428571428571,0.8996428571428571,,,,
up2021__707231,1705,asua,Firozabad,Shikohabad,Asua,186501,63126,1705,asva,Firozabad,Shikohabad,Asva,2763,0.8666666666666667,0.8666666666666667,,,,
up2021__683727,1705,roopsapur,Firozabad,Shikohabad,Roopsapur,186507,63180,1705,rupaspur,Firozabad,Shikohabad,Rupaspur,48090,0.8529761904761904,0.8529761904761904,,,,
up2021__714714,1701,itauli,Firozabad,Hathwant,Itauli,186517,264868,1701,itoli,Firozabad,Hathwant,Itoli,23081,0.8577777777777779,0.8577777777777779,,,,
up2021__921833,1701,ahmadpur madha,Firozabad,Hathwant,Ahmadpur Madha,186519,62895,1701,ahamadpur madha,Firozabad,Hathwant,Ahamadpur Madha,474,0.867936507936508,0.867936507936508,,,,
up2021__781411,1701,akwarpur geetam singh,Firozabad,Hathwant,Akwarpur Geetam Singh,186520,62896,1701,akbarpur gitamsingh,Firozabad,Hathwant,Akbarpur Gitamsingh,999,0.8897636247481449,0.8897636247481449,,,,
up2021__876707,1701,varathra,Firozabad,Hathwant,Varathra,186537,62901,1701,barthara,Firozabad,Hathwant,Barthara,6847,0.8690476190476191,0.8690476190476191,,,,
up2021__692911,1701,kudhi,Firozabad,Hathwant,Kudhi,186546,62928,1701,kurhi,Firozabad,Hathwant,Kurhi,31476,0.8933333333333333,0.8933333333333333,,,,
up2021__622281,1701,barauli,Firozabad,Hathwant,Barauli,186550,62900,1701,baroli,Firozabad,Hathwant,Baroli,6739,0.8944444444444445,0.8944444444444445,,,,
up2021__667343,1701,prithvipur,Firozabad,Hathwant,Prithvipur,186551,62940,1701,prathvipur,Firozabad,Hathwant,Prathvipur,44547,0.8874074074074074,0.8874074074074074,,,,
up2021__693582,1701,khairgarh,Firozabad,Hathwant,Khairgarh,186560,62924,1701,khergarh,Firozabad,Hathwant,Khergarh,29495,0.8693121693121693,0.8693121693121693,,,,
up2021__710888,1701,hussainpur jage,Firozabad,Hathwant,Hussainpur Jage,186572,62915,1701,husenpur jage,Firozabad,Hathwant,Husenpur Jage,22508,0.8770512820512821,0.8770512820512821,,,,
up2021__338394,1581,shehzadnagar,Budaun,Ambiyapur,Shehzadnagar,186591,55731,1581,shahzadnagar,Budaun,Ambiapur,Shahzadnagar,51662,0.8585858585858586,0.8585858585858586,,,,
up2021__271295,1581,kheda,Budaun,Ambiyapur,Kheda,186602,55709,1581,kherha,Budaun,Ambiapur,Kherha,29496,0.8755555555555556,0.8755555555555556,,,,
up2021__294555,1581,sirtora,Budaun,Ambiyapur,Sirtora,186628,55737,1581,sirtaul,Budaun,Ambiapur,Sirtaul,53269,0.8857142857142858,0.8857142857142858,,,,
up2021__254841,1581,vasavanpur,Budaun,Ambiyapur,Vasavanpur,186633,55690,1581,basawanpur,Budaun,Ambiapur,Basawanpur,7149,0.8666666666666667,0.8666666666666667,,,,
up2021__276355,1582,lakshmipur,Budaun,Aasfpur,Lakshmipur,186655,55770,1582,laxmipur,Budaun,Asafpur,Laxmipur,32642,0.8866666666666667,0.8866666666666667,,,,
up2021__233867,1582,basomi,Budaun,Aasfpur,Basomi,186678,55745,1582,basaumi,Budaun,Asafpur,Basaumi,7132,0.8944444444444445,0.8944444444444445,,,,
up2021__301221,1582,mugara,Budaun,Aasfpur,Mugara,186693,55775,1582,mugrra,Budaun,Asafpur,Mugrra,37759,0.8755555555555556,0.8755555555555556,,,,
up2021__205131,1582,dawari,Budaun,Aasfpur,Dawari,186695,55752,1582,davri,Budaun,Asafpur,Davri,14927,0.8577777777777779,0.8577777777777779,,,,
up2021__323442,1582,bijoori,Budaun,Aasfpur,Bijoori,186711,266053,1582,bijauri,Budaun,Asafpur,Bijauri,10838,0.8666666666666668,0.8666666666666668,,,,
up2021__334397,1582,aharoli,Budaun,Aasfpur,Aharoli,186717,55739,1582,ahrauli,Budaun,Asafpur,Ahrauli,683,0.8793650793650793,0.8793650793650793,,,,
up2021__337055,1587,saadatpur nachni,Budaun,Islamnagar,Saadatpur Nachni,186728,56091,1587,sadatpur nachani,Budaun,Islamnagar,Sadatpur Nachani,48282,0.9,0.9,,,,
up2021__337727,1587,gaddi khanpur,Budaun,Islamnagar,Gaddi Khanpur,186731,56064,1587,garhikhanpur,Budaun,Islamnagar,Garhikhanpur,18941,0.8673504273504273,0.8673504273504273,,,,
up2021__337589,1587,kundawali musia nagla,Budaun,Islamnagar,Kundawali Musia Nagla,186746,56073,1587,kundavali,Budaun,Islamnagar,Kundavali,31265,0.8539682539682539,0.8539682539682539,,,,
up2021__328600,1587,kisera ibadullahnagar,Budaun,Islamnagar,Kisera Ibadullahnagar,186750,56072,1587,kisaira ibadulla nagar,Budaun,Islamnagar,Kisaira Ibadulla Nagar,30104,0.8599946836788943,0.8599946836788943,,,,
up2021__280113,1587,vikrampur charsoura,Budaun,Islamnagar,Vikrampur Charsoura,186761,56101,1587,vikarampur charsaura,Budaun,Islamnagar,Vikarampur Charsaura,57389,0.87364522417154,0.87364522417154,,,,
up2021__287023,1587,shivnagar chidiya khera,Budaun,Islamnagar,Shivnagar Chidiya Khera,186763,56095,1587,shiv nagar chiria khera,Budaun,Islamnagar,Shiv Nagar Chiria Khera,52176,0.8985507246376812,0.8985507246376812,,,,
up2021__230219,1596,sajni,Budaun,Ujhani,Sajni,186797,56649,1596,saijani,Budaun,Ujhani,Saijani,48821,0.8704761904761905,0.8704761904761905,,,,
up2021__324440,1596,gathona,Budaun,Ujhani,Gathona,186805,56624,1596,gathauna,Budaun,Ujhani,Gathauna,19031,0.8880952380952382,0.8880952380952382,,,,
up2021__312010,1596,dehmu,Budaun,Ujhani,Dehmu,186830,56618,1596,dahemu,Budaun,Ujhani,Dahemu,14161,0.8900000000000001,0.8900000000000001,,,,
up2021__294188,1596,phoolpur,Budaun,Ujhani,Phoolpur,186831,56641,1596,phul pur,Budaun,Ujhani,Phul Pur,43698,0.8666666666666667,0.8666666666666667,,,,
up2021__237112,1596,piparool pukhtaa,Budaun,Ujhani,Piparool Pukhtaa,186833,56643,1596,pipraul pukhta,Budaun,Ujhani,Pipraul Pukhta,44181,0.8857371794871796,0.8857371794871796,,,,
up2021__273533,1596,pirnagar,Budaun,Ujhani,Pirnagar,186852,264775,1596,peer nagar,Budaun,Ujhani,Peer Nagar,43534,0.8725,0.8725,,,,
up2021__331019,1597,usaawa dehat,Budaun,Usao,Usaawa Dehat,186860,56699,1597,usawan dehat,Budaun,Usawan,Usawan Dehat,57099,0.8974747474747474,0.8974747474747474,,,,
up2021__335816,1597,sareli pakhta,Budaun,Usao,Sareli Pakhta,186876,56691,1597,sareli,Budaun,Usawan,Sareli,50337,0.8923076923076924,0.8923076923076924,,,,
up2021__334231,1597,asamaya rahatpur pakka,Budaun,Usao,Asamaya Rahatpur Pakka,186877,56659,1597,asamya rafatpur,Budaun,Usawan,Asamya Rafatpur,2521,0.8853679653679654,0.8853679653679654,,,,
up2021__267555,1597,masudpura,Budaun,Usao,Masudpura,186890,56681,1597,masoodpura,Budaun,Usawan,Masoodpura,35913,0.8982407407407408,0.8982407407407408,,,,
up2021__342667,1597,lilwa,Budaun,Usao,Lilwa,186909,56680,1597,lilvan,Budaun,Usawan,Lilvan,32748,0.8755555555555556,0.8755555555555556,,,,
up2021__321120,1591,kudhaashaahpur,Budaun,Kadarchauk,Kudhaashaahpur,186919,56304,1591,kurha shahpur,Budaun,Qadar Chowk,Kurha Shahpur,31473,0.8775890775890776,0.8775890775890776,,,,
up2021__244508,1588,budhwai,Budaun,Jagat,Budhwai,186974,56110,1588,budhvayee,Budaun,Jagat,Budhvayee,11755,0.8539682539682539,0.8539682539682539,,,,
up2021__246290,1588,harnathpur aka talgaon,Budaun,Jagat,Harnathpur aka Talgaon,186976,56119,1588,harnathpur urf talgaov,Budaun,Jagat,Harnathpur Urf Talgaov,21653,0.8939393939393939,0.8939393939393939,,,,
up2021__244291,1588,padua,Budaun,Jagat,Padua,186978,56148,1588,padauva,Budaun,Jagat,Padauva,41387,0.8866666666666667,0.8866666666666667,,,,
up2021__319177,1588,khoonak,Budaun,Jagat,Khoonak,186979,56132,1588,khunak,Budaun,Jagat,Khunak,29864,0.8793650793650793,0.8793650793650793,,,,
up2021__311531,1588,wakarpur kharer,Budaun,Jagat,Wakarpur Kharer,186980,56105,1588,bakarpur kharair,Budaun,Jagat,Bakarpur Kharair,4827,0.8930555555555556,0.8930555555555556,,,,
up2021__331682,1588,auramai,Budaun,Jagat,Auramai,186993,56103,1588,ahoramai,Budaun,Jagat,Ahoramai,677,0.8821428571428571,0.8821428571428571,,,,
up2021__312203,1588,kaisarua,Budaun,Jagat,Kaisarua,187014,56133,1588,kisrua,Budaun,Jagat,Kisrua,30210,0.875,0.875,,,,
up2021__235060,1588,malgaon,Budaun,Jagat,Malgaon,187024,56141,1588,mal gav,Budaun,Jagat,Mal Gav,34894,0.8666666666666668,0.8666666666666668,,,,
up2021__313026,1588,nawada sulra,Budaun,Jagat,Nawada Sulra,187030,264052,1588,navda sulhara,Budaun,Jagat,Navda Sulhara,40144,0.864024864024864,0.864024864024864,,,,
up2021__238748,1584,raftpur maurujanubi,Budaun,Dahagawa,Raftpur Maurujanubi,187052,55911,1584,rafatpur maur janoobi,Budaun,Dahgavan,Rafatpur Maur Janoobi,45110,0.8623667010663915,0.8623667010663915,,,,
up2021__213638,1584,salavaatpur bhud,Budaun,Dahagawa,Salavaatpur Bhud,187053,55916,1584,salawatpur bhoorh,Budaun,Dahgavan,Salawatpur Bhoorh,49146,0.8911764705882353,0.8911764705882353,,,,
up2021__238639,1584,kariyaben,Budaun,Dahagawa,Kariyaben,187056,55889,1584,karia bain,Budaun,Dahgavan,Karia Bain,27123,0.8955555555555555,0.8955555555555555,,,,
up2021__294684,1584,durgaur zarifangar,Budaun,Dahagawa,Durgaur Zarifangar,187073,242146,1584,durgpur jarifnagar,Budaun,Dahgavan,Durgpur Jarifnagar,17366,0.8930555555555555,0.8930555555555555,,,,
up2021__285844,1584,nainol wagwala,Budaun,Dahagawa,Nainol Wagwala,187074,55907,1584,nainaul bagwala,Budaun,Dahgavan,Nainaul Bagwala,39125,0.8814285714285713,0.8814285714285713,,,,
up2021__262397,1584,diohra shekhpur,Budaun,Dahagawa,Diohra Shekhpur,187076,55879,1584,dayohara shekhpur,Budaun,Dahgavan,Dayohara Shekhpur,14962,0.8842016806722689,0.8842016806722689,,,,
up2021__220572,1584,khairapura,Budaun,Dahagawa,khairapura,187097,55892,1584,khairpur balli,Budaun,Dahgavan,Khairpur Balli,28487,0.8641269841269842,0.8641269841269842,,,,
up2021__288490,1584,shahpur taharkheda,Budaun,Dahagawa,Shahpur TaharKheda,187102,55920,1584,shahpur tahirpur khera,Budaun,Dahgavan,Shahpur Tahirpur Khera,51637,0.8982323232323232,0.8982323232323232,,,,
up2021__208770,1584,raafatpur maru sumali,Budaun,Dahagawa,Raafatpur Maru Sumali,187110,266126,1584,rafatpur mauru shumali,Budaun,Dahgavan,Rafatpur Mauru Shumali,45111,0.883059163059163,0.883059163059163,,,,
up2021__313810,1584,kharkabari bhood,Budaun,Dahagawa,Kharkabari Bhood,187112,266114,1584,kharakwari bhurh,Budaun,Dahgavan,Kharakwari Bhurh,29080,0.85,0.85,,,,
up2021__326005,1585,kudha kuthia sultanpur,Budaun,Dataganj,Kudha Kuthia Sultanpur,187125,55969,1585,kutha kuthia sultanpur,Budaun,Dataganj,Kutha Kuthia Sultanpur,31719,0.8868686868686868,0.8868686868686868,,,,
up2021__241449,1585,beladandi,Budaun,Dataganj,Beladandi,187135,242147,1585,vela dandi,Budaun,Dataganj,Vela Dandi,57326,0.8962962962962964,0.8962962962962964,,,,
up2021__339504,1585,birmpur,Budaun,Dataganj,Birmpur,187137,55989,1585,virampur,Budaun,Dataganj,Virampur,57438,0.8690476190476191,0.8690476190476191,,,,
up2021__341471,1585,bhagotipur,Budaun,Dataganj,Bhagotipur,187142,55940,1585,bhagautipur,Budaun,Dataganj,Bhagautipur,8506,0.8991919191919192,0.8991919191919192,,,,
up2021__316912,1585,diyauri,Budaun,Dataganj,Diyauri,187147,55951,1585,diyori,Budaun,Dataganj,Diyori,16844,0.8944444444444445,0.8944444444444445,,,,
up2021__339734,1585,azampur bisauriya,Budaun,Dataganj,Azampur Bisauriya,187156,55935,1585,azampur,Budaun,Dataganj,Azampur,3219,0.8823529411764706,0.8823529411764706,,,,
up2021__285214,1583,wasai,Budaun,Bisauli,Wasai,187180,55807,1583,basai,Budaun,Bisauli,Basai,6992,0.8666666666666667,0.8666666666666667,,,,
up2021__252369,1583,kalupur,Budaun,Bisauli,Kalupur,187185,55827,1583,kaloopur,Budaun,Bisauli,Kaloopur,26085,0.8694444444444446,0.8694444444444446,,,,
up2021__218457,1583,ajnawar,Budaun,Bisauli,Ajnawar,187192,55803,1583,ajanavar,Budaun,Bisauli,Ajanavar,801,0.8507936507936509,0.8507936507936509,,,,
up2021__279524,1583,mujumpur,Budaun,Bisauli,Mujumpur,187195,55837,1583,maujampur,Budaun,Bisauli,Maujampur,36171,0.8958333333333333,0.8958333333333333,,,,
up2021__203242,1583,dharaira,Budaun,Bisauli,Dharaira,187210,55816,1583,dharera,Budaun,Bisauli,Dharera,16114,0.8880952380952382,0.8880952380952382,,,,
up2021__230058,1583,nasaraul,Budaun,Bisauli,Nasaraul,187214,55842,1583,nasrol,Budaun,Bisauli,Nasrol,39874,0.8736111111111112,0.8736111111111112,,,,
up2021__330182,1583,nagpur nurpur,Budaun,Bisauli,Nagpur Nurpur,187225,55841,1583,nagpur,Budaun,Bisauli,Nagpur,38981,0.8923076923076924,0.8923076923076924,,,,
up2021__278803,1590,naveenganj,Budaun,Myau,Naveenganj,187254,56271,1590,naviganj,Budaun,Mion,Naviganj,40148,0.8674999999999999,0.8674999999999999,,,,
up2021__241993,1590,gautaara mukut halli,Budaun,Myau,Gautaara Mukut Halli,187260,56246,1590,gautaripatti mukathalli,Budaun,Mion,Gautaripatti Mukathalli,19312,0.8698550724637681,0.8698550724637681,,,,
up2021__343612,1590,vishnupuri,Budaun,Myau,Vishnupuri,187272,56234,1590,bishunpuri,Budaun,Mion,Bishunpuri,11395,0.8962962962962964,0.8962962962962964,,,,
up2021__270032,1590,chitora dhanaora,Budaun,Myau,Chitora Dhanaora,187281,56236,1590,chitaura dhanaura,Budaun,Mion,Chitaura Dhanaura,13739,0.8682773109243698,0.8682773109243698,,,,
up2021__225899,1590,alappur chandi fazil,Budaun,Myau,Alappur Chandi Fazil,187283,56224,1590,allapurpatti chandi fazil,Budaun,Mion,Allapurpatti Chandi Fazil,1455,0.8533333333333334,0.8533333333333334,,,,
up2021__326714,1590,viriya danda,Budaun,Myau,Viriya Danda,187293,56232,1590,biriadanda,Budaun,Mion,Biriadanda,11193,0.8833333333333333,0.8833333333333333,,,,
up2021__223152,1590,alappur bhola bhajju,Budaun,Myau,Alappur Bhola Bhajju,187296,265142,1590,allapurpatti bhola bhajju,Budaun,Mion,Allapurpatti Bhola Bhajju,1454,0.8666666666666667,0.8666666666666667,,,,
up2021__258830,1590,baghora urf gausganj,Budaun,Myau,Baghora urf Gausganj,187307,265854,1590,baghaura urf ghausganj,Budaun,Mion,Baghaura Urf Ghausganj,3960,0.8995693779904306,0.8995693779904306,,,,
up2021__224445,1598,byauli,Budaun,Wazirganj,Byauli,187317,56706,1598,byoli,Budaun,Wazirganj,Byoli,11868,0.8577777777777779,0.8577777777777779,,,,
up2021__239140,1598,ruppura,Budaun,Wazirganj,Ruppura,187320,56733,1598,roop pura,Budaun,Wazirganj,Roop Pura,47894,0.8571428571428572,0.8571428571428572,,,,
up2021__269559,1598,nadvari,Budaun,Wazirganj,Nadvari,187330,56727,1598,nandwari,Budaun,Wazirganj,Nandwari,39332,0.8952380952380953,0.8952380952380953,,,,
up2021__329796,1598,sursena,Budaun,Wazirganj,Sursena,187335,56739,1598,sursaina,Budaun,Wazirganj,Sursaina,54565,0.8880952380952382,0.8880952380952382,,,,
up2021__244720,1598,pempl,Budaun,Wazirganj,Pempl,187341,56730,1598,pepal,Budaun,Wazirganj,Pepal,43573,0.8933333333333333,0.8933333333333333,,,,
up2021__311777,1598,warora amanullahpur,Budaun,Wazirganj,Warora Amanullahpur,187346,56704,1598,barour amanullapur,Budaun,Wazirganj,Barour Amanullapur,6770,0.8686647173489278,0.8686647173489278,,,,
up2021__238543,1598,kasar panauta,Budaun,Wazirganj,Kasar Panauta,187357,56718,1598,kaser panauta,Budaun,Wazirganj,Kaser Panauta,27481,0.8863247863247864,0.8863247863247864,,,,
up2021__260859,1595,amarauli,Budaun,Samarer,Amarauli,187365,56546,1595,amroli,Budaun,Samrer,Amroli,1935,0.8555555555555556,0.8555555555555556,,,,
up2021__261008,1595,rukumpur pukta,Budaun,Samarer,Rukumpur Pukta,187366,56588,1595,rukampur pukhta,Budaun,Samrer,Rukampur Pukhta,48040,0.8983760683760684,0.8983760683760684,,,,
up2021__338776,1595,garha,Budaun,Samarer,Garha,187377,56559,1595,gadha,Budaun,Samrer,Gadha,18189,0.8933333333333333,0.8933333333333333,,,,
up2021__252962,1595,muzhiyaana,Budaun,Samarer,Muzhiyaana,187385,56580,1595,mujhiyana,Budaun,Samrer,Mujhiyana,37854,0.8837037037037038,0.8837037037037038,,,,
up2021__252211,1595,jaipalpur dhanaura abbal,Budaun,Samarer,Jaipalpur Dhanaura Abbal,187389,56566,1595,jaipal pur dhanaura,Budaun,Samrer,Jaipal Pur Dhanaura,23556,0.8951754385964912,0.8951754385964912,,,,
up2021__335797,1595,khurdi,Budaun,Samarer,Khurdi,187405,56572,1595,khurdi jailal,Budaun,Samrer,Khurdi Jailal,29893,0.8923076923076924,0.8923076923076924,,,,
up2021__336365,1595,bachhalia pakka,Budaun,Samarer,Bachhalia Pakka,187409,56547,1595,bachhiliya pukhta,Budaun,Samrer,Bachhiliya Pukhta,3484,0.8678431372549019,0.8678431372549019,,,,
up2021__331202,1595,kohni jafर ब द,Budaun,Samarer,Kohni Jafराबाद,187413,264955,1595,kohni jafrabad,Budaun,Samrer,Kohni Jafrabad,30375,0.8571428571428571,0.8571428571428571,,,,
up2021__260253,1595,badhupura,Budaun,Samarer,Badhupura,187417,265139,1595,budhupura,Budaun,Samrer,Budhupura,11754,0.8583333333333333,0.8583333333333333,,,,
up2021__271565,1593,rasula,Budaun,Sahaswan,Rasula,187424,56458,1593,rasoola,Budaun,Sahaswan,Rasoola,47024,0.8944444444444445,0.8944444444444445,,,,
up2021__339773,1593,parsona,Budaun,Sahaswan,Parsona,187427,272316,1593,parsauna,Budaun,Sahaswan,Parsauna,42841,0.8880952380952382,0.8880952380952382,,,,
up2021__209139,1593,raftar pur banjara,Budaun,Sahaswan,Raftar pur banjara,187441,56453,1593,rafatpur banjra,Budaun,Sahaswan,Rafatpur Banjra,45109,0.8833333333333334,0.8833333333333334,,,,
up2021__345577,1593,khukniya ramray,Budaun,Sahaswan,Khukniya Ramray,187449,56434,1593,khukhania ramrai,Budaun,Sahaswan,Khukhania Ramrai,29855,0.8742948717948718,0.8742948717948718,,,,
up2021__338264,1593,kyavli,Budaun,Sahaswan,Kyavli,187453,56437,1593,kyawali,Budaun,Sahaswan,Kyawali,31818,0.8944444444444445,0.8944444444444445,,,,
up2021__242513,1593,rionai dalai,Budaun,Sahaswan,Rionai Dalai,187459,56461,1593,reonae dalae,Budaun,Sahaswan,Reonae Dalae,47651,0.8500000000000001,0.8500000000000001,,,,
up2021__309608,1593,sarai bघoli,Budaun,Sahaswan,Sarai Bघoli,187466,56465,1593,sarah baghauli,Budaun,Sahaswan,Sarah Baghauli,49754,0.8597402597402598,0.8597402597402598,,,,
up2021__242119,1593,gadaulia patti tasol,Budaun,Sahaswan,Gadaulia Patti Tasol,187477,56413,1593,gadholiya patti tasol,Budaun,Sahaswan,Gadholiya Patti Tasol,18220,0.8785185185185185,0.8785185185185185,,,,
up2021__242216,1593,jareefpur gadia,Budaun,Sahaswan,Jareefpur Gadia,187478,56422,1593,jarifpur garhiya,Budaun,Sahaswan,Jarifpur Garhiya,24484,0.895,0.895,,,,
up2021__299042,1593,aanandpur,Budaun,Sahaswan,Aanandpur,187485,56398,1593,anandipur,Budaun,Sahaswan,Anandipur,1975,0.8958333333333333,0.8958333333333333,,,,
up2021__242317,1593,kaulhar,Budaun,Sahaswan,Kaulhar,187503,56436,1593,kolhar,Budaun,Sahaswan,Kolhar,30458,0.8642857142857143,0.8642857142857143,,,,
up2021__337309,1593,bhamori,Budaun,Sahaswan,Bhamori,187505,56406,1593,bhamori gauspur,Budaun,Sahaswan,Bhamori Gauspur,8949,0.8933333333333334,0.8933333333333334,,,,
up2021__327406,1593,mewli,Budaun,Sahaswan,Mewli,187510,56441,1593,mevali,Budaun,Sahaswan,Mevali,36607,0.8577777777777779,0.8577777777777779,,,,
up2021__225538,1594,imaliya,Budaun,Salarpur,Imaliya,187541,56482,1594,imiliya,Budaun,Salarpur,Imiliya,22679,0.8793650793650793,0.8793650793650793,,,,
up2021__272226,1594,kaili,Budaun,Salarpur,Kaili,187543,56511,1594,kailee,Budaun,Salarpur,Kailee,25632,0.8933333333333334,0.8933333333333334,,,,
up2021__196233,1594,kuwargaon dehat,Budaun,Salarpur,Kuwargaon Dehat,187548,56518,1594,kunwar gaon dehat,Budaun,Salarpur,Kunwar Gaon Dehat,31332,0.897516339869281,0.897516339869281,,,,
up2021__277748,1594,karauli,Budaun,Salarpur,Karauli,187559,56513,1594,kartoli,Budaun,Salarpur,Kartoli,27390,0.8666666666666668,0.8666666666666668,,,,
up2021__264144,1594,mullapur,Budaun,Salarpur,Mullapur,187571,56525,1594,mullapur mutalika faridpur,Budaun,Salarpur,Mullapur Mutalika Faridpur,37934,0.8615384615384615,0.8615384615384615,,,,
up2021__233865,1594,tisga,Budaun,Salarpur,Tisga,187601,264027,1594,tisanga,Budaun,Salarpur,Tisanga,56117,0.8866666666666667,0.8866666666666667,,,,
up2021__60738,1541,chakpur,Bareilly,Alampur Jafrabaad,Chakpur,187623,52723,1541,chkarpur,Bareilly,Aalampur Jafarabad,Chkarpur,13817,0.8904761904761905,0.8904761904761905,,,,
up2021__46752,1541,karpiya kisanana,Bareilly,Alampur Jafrabaad,Karpiya Kisanana,187641,52739,1541,karpia khas,Bareilly,Aalampur Jafarabad,Karpia Khas,27339,0.8868181818181818,0.8868181818181818,,,,
up2021__1134713,1541,kiyona shadipur,Bareilly,Alampur Jafrabaad,Kiyona Shadipur,187643,52745,1541,keona sadipuur,Bareilly,Aalampur Jafarabad,Keona Sadipuur,28144,0.8971428571428571,0.8971428571428571,,,,
up2021__24548,1541,manjanu pur,Bareilly,Alampur Jafrabaad,Manjanu Pur,187647,52754,1541,majnupur,Bareilly,Aalampur Jafarabad,Majnupur,34637,0.893939393939394,0.893939393939394,,,,
up2021__62003,1541,kadda,Bareilly,Alampur Jafrabaad,Kadda,187653,52748,1541,kudda,Bareilly,Aalampur Jafarabad,Kudda,31012,0.88,0.88,,,,
up2021__31285,1541,bilori,Bareilly,Alampur Jafrabaad,Bilori,187662,52718,1541,bilauri,Bareilly,Aalampur Jafarabad,Bilauri,10967,0.8944444444444445,0.8944444444444445,,,,
up2021__86066,1541,bhimpur,Bareilly,Alampur Jafrabaad,Bhimpur,187665,52714,1541,bheempur,Bareilly,Aalampur Jafarabad,Bheempur,9771,0.8952380952380953,0.8952380952380953,,,,
up2021__23433,1541,naurgarh,Bareilly,Alampur Jafrabaad,Naurgarh,187671,52762,1541,naurangpur,Bareilly,Aalampur Jafarabad,Naurangpur,40055,0.8864285714285713,0.8864285714285713,,,,
up2021__44468,1541,taand,Bareilly,Alampur Jafrabaad,Taand,187677,52779,1541,tanda,Bareilly,Aalampur Jafarabad,Tanda,54936,0.8933333333333333,0.8933333333333333,,,,
up2021__83505,1541,behat,Bareilly,Alampur Jafrabaad,Behat,187678,52717,1541,bihat,Bareilly,Aalampur Jafarabad,Bihat,10765,0.88,0.88,,,,
up2021__85197,1541,virpura,Bareilly,Alampur Jafrabaad,Virpura,187681,52783,1541,veerpura,Bareilly,Aalampur Jafarabad,Veerpura,57318,0.8821428571428571,0.8821428571428571,,,,
up2021__2661,1541,dalippur,Bareilly,Alampur Jafrabaad,Dalippur,187695,266210,1541,dilippur,Bareilly,Aalampur Jafarabad,Dilippur,16735,0.8821428571428571,0.8821428571428571,,,,
up2021__30344,1550,chandraur kazian,Bareilly,Kyara,Chandraur Kazian,187722,53331,1550,chandpur kaziyan,Bareilly,Kyara,Chandpur Kaziyan,12651,0.8928571428571429,0.8928571428571429,,,,
up2021__162478,1550,sudanpur,Bareilly,Kyara,Sudanpur,187727,53362,1550,sudanpur mustqil,Bareilly,Kyara,Sudanpur Mustqil,53966,0.9,0.9,,,,
up2021__37895,1550,raundhi,Bareilly,Kyara,Raundhi,187729,53357,1550,rondhi,Bareilly,Kyara,Rondhi,47857,0.8642857142857143,0.8642857142857143,,,,
up2021__3206,1550,dharupur thakur,Bareilly,Kyara,Dharupur Thakur,187730,53338,1550,dharoopur thakuran,Bareilly,Kyara,Dharoopur Thakuran,16190,0.8850793650793651,0.8850793650793651,,,,
up2021__111188,1550,karauda,Bareilly,Kyara,Karauda,187738,53346,1550,karonda,Bareilly,Kyara,Karonda,27317,0.8666666666666668,0.8666666666666668,,,,
up2021__19732,1547,udra,Bareilly,Damkhoda,Udra,187741,53204,1547,udara,Bareilly,Damkhauda,Udara,56543,0.88,0.88,,,,
up2021__22728,1547,dweepura,Bareilly,Damkhoda,Dweepura,187767,53160,1547,devipura,Bareilly,Damkhauda,Devipura,15392,0.8500000000000001,0.8500000000000001,,,,
up2021__100591,1547,sidhoura,Bareilly,Damkhoda,Sidhoura,187782,53198,1547,sindhaura,Bareilly,Damkhauda,Sindhaura,52895,0.8693121693121693,0.8693121693121693,,,,
up2021__123959,1547,jangandandi,Bareilly,Damkhoda,Jangandandi,187783,53167,1547,jagandandi,Bareilly,Damkhauda,Jagandandi,23221,0.8957575757575758,0.8957575757575758,,,,
up2021__25525,1547,unheni jagir,Bareilly,Damkhoda,Unheni Jagir,187804,267192,1547,unhaini jagir,Bareilly,Damkhauda,Unhaini Jagir,56994,0.881021756021756,0.881021756021756,,,,
up2021__197036,1553,eedh jagir,Bareilly,Nawabganj,Eedh Jagir,187814,53527,1553,indh jagir,Bareilly,Nawabganj,Indh Jagir,22770,0.8666666666666667,0.8666666666666667,,,,
up2021__158420,1553,rasula kamrul nisha,Bareilly,Nawabganj,Rasula Kamrul Nisha,187820,268554,1553,rasoola qamrul nisan,Bareilly,Nawabganj,Rasoola Qamrul Nisan,47031,0.8727412280701754,0.8727412280701754,,,,
up2021__77441,1553,miyampur,Bareilly,Nawabganj,Miyampur,187824,53545,1553,mianpur,Bareilly,Nawabganj,Mianpur,36625,0.8952380952380953,0.8952380952380953,,,,
up2021__198494,1553,pandari sameep baraur,Bareilly,Nawabganj,Pandari Sameep Baraur,187830,53554,1553,pandri samip baraur,Bareilly,Nawabganj,Pandri Samip Baraur,42249,0.894235588972431,0.894235588972431,,,,
up2021__133814,1553,laikhada,Bareilly,Nawabganj,Laikhada,187835,53539,1553,laikhera,Bareilly,Nawabganj,Laikhera,32024,0.9,0.9,,,,
up2021__67483,1553,samooha,Bareilly,Nawabganj,Samooha,187847,53567,1553,samuha,Bareilly,Nawabganj,Samuha,49507,0.8944444444444445,0.8944444444444445,,,,
up2021__19229,1553,lawakheda talib hussain,Bareilly,Nawabganj,Lawakheda Talib Hussain,187850,53541,1553,lava khera talib husain,Bareilly,Nawabganj,Lava Khera Talib Husain,32608,0.863768115942029,0.863768115942029,,,,
up2021__17768,1553,ahmedabad,Bareilly,Nawabganj,Ahmedabad,187851,53496,1553,ahamdabad,Bareilly,Nawabganj,Ahamdabad,477,0.874074074074074,0.874074074074074,,,,
up2021__36668,1553,madhukarpur kachnari,Bareilly,Nawabganj,Madhukarpur Kachnari,187860,53542,1553,madhukar pur,Bareilly,Nawabganj,Madhukar Pur,33376,0.8866666666666667,0.8866666666666667,,,,
up2021__60163,1553,milk alinagar,Bareilly,Nawabganj,Milk Alinagar,187868,53546,1553,milak ali nagar,Bareilly,Nawabganj,Milak Ali Nagar,36656,0.897094017094017,0.897094017094017,,,,
up2021__1562,1553,lambakheda badri prasad,Bareilly,Nawabganj,Lambakheda Badri Prasad,187877,53540,1553,lavakhera badri prasad,Bareilly,Nawabganj,Lavakhera Badri Prasad,32607,0.8609749670619234,0.8609749670619234,,,,
up2021__172760,1553,prem nagar murarpur,Bareilly,Nawabganj,Prem Nagar Murarpur,187890,53550,1553,prempur murarpur,Bareilly,Nawabganj,Prempur Murarpur,44565,0.8795112781954887,0.8795112781954887,,,,
up2021__188165,1553,gram,Bareilly,Nawabganj,Gram,187904,53519,1553,grem,Bareilly,Nawabganj,Grem,20494,0.8666666666666667,0.8666666666666667,,,,
up2021__165901,1553,navdiya bamanpuri,Bareilly,Nawabganj,Navdiya Bamanpuri,187907,268352,1553,nawadia bamanpuri,Bareilly,Nawabganj,Nawadia Bamanpuri,40205,0.8661437908496732,0.8661437908496732,,,,
up2021__8648,1549,kharasaini,Bareilly,Fatehganj(P0),Kharasaini,187943,53295,1549,kharseni,Bareilly,Fatehganj West,Kharseni,29240,0.8864285714285713,0.8864285714285713,,,,
up2021__58423,1549,nara faridaabad,Bareilly,Fatehganj(P0),Nara Faridaabad,187945,53283,1549,nara faridpur,Bareilly,Fatehganj West,Nara Faridpur,39397,0.8871794871794872,0.8871794871794872,,,,
up2021__4276,1549,viviyapur kayasthan,Bareilly,Fatehganj(P0),Viviyapur Kayasthan,187955,53280,1549,bibia pur kayasthan,Bareilly,Fatehganj West,Bibia Pur Kayasthan,10568,0.8530701754385964,0.8530701754385964,,,,
up2021__10025,1549,mirapur,Bareilly,Fatehganj(P0),Mirapur,187959,53303,1549,meerapur,Bareilly,Fatehganj West,Meerapur,36402,0.8821428571428571,0.8821428571428571,,,,
up2021__6305,1549,buffri abdulnavipur,Bareilly,Fatehganj(P0),Buffri Abdulnavipur,187973,267396,1549,bafari abdul nabipur,Bareilly,Fatehganj West,Bafari Abdul Nabipur,3828,0.8551315789473684,0.8551315789473684,,,,
up2021__2254,1549,madauli,Bareilly,Fatehganj(P0),Madauli,187976,53302,1549,mandhouli,Bareilly,Fatehganj West,Mandhouli,35200,0.873015873015873,0.873015873015873,,,,
up2021__37656,1548,villehra,Bareilly,Faridpur,Villehra,188004,53215,1548,bilehra,Bareilly,Faridpur,Bilehra,10974,0.8690476190476191,0.8690476190476191,,,,
up2021__26279,1548,jigniya harchaalmuhal,Bareilly,Faridpur,Jigniya Harchaalmuhal,188007,53230,1548,jiganiya harchahar muhal,Bareilly,Faridpur,Jiganiya Harchahar Muhal,24976,0.8566666666666667,0.8566666666666667,,,,
up2021__29443,1548,mohanpur dhadhrua,Bareilly,Faridpur,Mohanpur Dhadhrua,188018,269837,1548,mohanpur,Bareilly,Faridpur,Mohanpur,37295,0.8941176470588236,0.8941176470588236,,,,
up2021__71456,1548,osad,Bareilly,Faridpur,Osad,188020,53252,1548,osar,Bareilly,Faridpur,Osar,41117,0.8833333333333334,0.8833333333333334,,,,
up2021__73971,1548,vehra,Bareilly,Faridpur,Vehra,188028,53212,1548,behra,Bareilly,Faridpur,Behra,7696,0.8666666666666667,0.8666666666666667,,,,
up2021__45411,1548,sukatia singhawari,Bareilly,Faridpur,Sukatia Singhawari,188033,53267,1548,suktiya singhabari,Bareilly,Faridpur,Suktiya Singhabari,54146,0.8752314814814814,0.8752314814814814,,,,
up2021__26303,1548,beelpur,Bareilly,Faridpur,Beelpur,188036,53216,1548,bilpur,Bareilly,Faridpur,Bilpur,11012,0.8642857142857143,0.8642857142857143,,,,
up2021__18297,1548,kajrauta,Bareilly,Faridpur,Kajrauta,188041,53232,1548,kajrota,Bareilly,Faridpur,Kajrota,25820,0.8880952380952382,0.8880952380952382,,,,
up2021__75858,1548,shivburi,Bareilly,Faridpur,Shivburi,188042,53264,1548,shivpuree,Bareilly,Faridpur,Shivpuree,52214,0.8833333333333333,0.8833333333333333,,,,
up2021__127143,1548,bhikampur e0 shivpuri,Bareilly,Faridpur,Bhikampur E0 Shivpuri,188061,267345,1548,bhikampur ilaka shivpuri,Bareilly,Faridpur,Bhikampur Ilaka Shivpuri,9864,0.8971804511278195,0.8971804511278195,,,,
up2021__116403,1548,shahpur baniyaan,Bareilly,Faridpur,Shahpur Baniyaan,188065,53260,1548,saahpur baniyan,Bareilly,Faridpur,Saahpur Baniyan,48166,0.88125,0.88125,,,,
up2021__162661,1542,wahpur,Bareilly,Bahedi,Wahpur,188067,52787,1542,bahpur,Bareilly,Baheri,Bahpur,4366,0.888888888888889,0.888888888888889,,,,
up2021__161636,1542,panvadiya,Bareilly,Bahedi,Panvadiya,188068,266323,1542,panwaria,Bareilly,Baheri,Panwaria,42332,0.8638888888888888,0.8638888888888888,,,,
up2021__126065,1542,chhittonia,Bareilly,Bahedi,Chhittonia,188095,52801,1542,chhitaunia,Bareilly,Baheri,Chhitaunia,13490,0.895,0.895,,,,
up2021__98015,1542,viharinpur,Bareilly,Bahedi,Viharinpur,188103,52797,1542,biharipur,Bareilly,Baheri,Biharipur,10742,0.8962962962962964,0.8962962962962964,,,,
up2021__138016,1542,bhausia,Bareilly,Bahedi,Bhausia,188129,52791,1542,bhainsia,Bareilly,Baheri,Bhainsia,8719,0.8694444444444446,0.8694444444444446,,,,
up2021__76784,1542,wargawna,Bareilly,Bahedi,Wargawnā,188145,52790,1542,bargawan,Bareilly,Baheri,Bargawan,6431,0.8690476190476191,0.8690476190476191,,,,
up2021__6493,1542,jaam anantrampur,Bareilly,Bahedi,Jaam Anantrampur,188147,52814,1542,jam antrampur,Bareilly,Baheri,Jam Antrampur,24007,0.8884615384615384,0.8884615384615384,,,,
up2021__63638,1542,mawaikajian,Bareilly,Bahedi,Mawaikajian,188151,52831,1542,mavai kaziyan,Bareilly,Baheri,Mavai Kaziyan,36250,0.8694638694638694,0.8694638694638694,,,,
up2021__1041705,1546,parwa kuirraya,Bareilly,Bithri Chainpur,Parwa Kuirraya,188178,53124,1546,parewa kuiyan,Bareilly,Bithiri Chainpur,Parewa Kuiyan,42624,0.892890442890443,0.892890442890443,,,,
up2021__1031948,1546,natthu rampura,Bareilly,Bithri Chainpur,Natthu Rampura,188179,272330,1546,nathoo rampura,Bareilly,Bithiri Chainpur,Nathoo Rampura,39909,0.8750000000000001,0.8750000000000001,,,,
up2021__196219,1546,chainamurarpur,Bareilly,Bithri Chainpur,Chainamurarpur,188201,53094,1546,chena murarpur,Bareilly,Bithiri Chainpur,Chena Murarpur,13171,0.8571428571428572,0.8571428571428572,,,,
up2021__169097,1546,bhindowlia,Bareilly,Bithri Chainpur,Bhindowlia,188212,53089,1546,bhindaulia,Bareilly,Bithiri Chainpur,Bhindaulia,9996,0.895,0.895,,,,
up2021__962267,1546,saudpurkhajuria,Bareilly,Bithri Chainpur,Saudpurkhajuria,188220,53129,1546,saidpur khajuria,Bareilly,Bithiri Chainpur,Saidpur Khajuria,48770,0.8726984126984128,0.8726984126984128,,,,
up2021__18818,1546,mudiya ahmadnagar,Bareilly,Bithri Chainpur,Mudiya Ahmadnagar,188221,53117,1546,mundia ahmed nagar,Bareilly,Bithiri Chainpur,Mundia Ahmed Nagar,38019,0.8886274509803922,0.8886274509803922,,,,
up2021__207738,1546,savarkheda,Bareilly,Bithri Chainpur,Savarkheda,188230,53132,1546,sawar khera,Bareilly,Bithiri Chainpur,Sawar Khera,50823,0.8739393939393939,0.8739393939393939,,,,
up2021__193120,1546,kiratpur,Bareilly,Bithri Chainpur,Kiratpur,188233,53105,1546,keeratpur,Bareilly,Bithiri Chainpur,Keeratpur,28109,0.8958333333333333,0.8958333333333333,,,,
up2021__24951,1543,purainia,Bareilly,Bhadpura,Purainia,188254,52931,1543,purenia,Bareilly,Bhadpura,Purenia,44897,0.8694444444444446,0.8694444444444446,,,,
up2021__20853,1543,mudia chaudhari,Bareilly,Bhadpura,Mudia Chaudhari,188277,52919,1543,mundia chowdhari,Bareilly,Bhadpura,Mundia Chowdhari,38025,0.8939316239316238,0.8939316239316238,,,,
up2021__25873,1543,bhua bazar,Bareilly,Bhadpura,Bhua Bazar,188287,52887,1543,bhawa bazar,Bareilly,Bhadpura,Bhawa Bazar,9642,0.8655892255892256,0.8655892255892256,,,,
up2021__2408,1543,amshah,Bareilly,Bhadpura,Amshah,188291,52878,1543,amsaha,Bareilly,Bhadpura,Amsaha,1939,0.8755555555555556,0.8755555555555556,,,,
up2021__8839,1543,visirampura,Bareilly,Bhadpura,Visirampura,188297,52889,1543,bishi rampura,Bareilly,Bhadpura,Bishi Rampura,11339,0.8927738927738927,0.8927738927738927,,,,
up2021__42905,1543,narhi naua nagla,Bareilly,Bhadpura,Narhi Naua Nagla,188300,52922,1543,narahi naua nagla,Bareilly,Bhadpura,Narahi Naua Nagla,39409,0.8987745098039216,0.8987745098039216,,,,
up2021__7127,1543,dabra dabari,Bareilly,Bhadpura,Dabra - Dabari,188304,52892,1543,dabri dabra,Bareilly,Bhadpura,Dabri Dabra,14001,0.8884848484848485,0.8884848484848485,,,,
up2021__51608,1545,mainpur kalan,Bareilly,Bhuta,Mainpur Kalan,188330,53055,1545,mekpur kala,Bareilly,Bhuta,Mekpur Kala,36551,0.8531468531468531,0.8531468531468531,,,,
up2021__35067,1545,mahmudapur,Bareilly,Bhuta,Mahmudapur,188334,53048,1545,mahmoodpur,Bareilly,Bhuta,Mahmoodpur,33954,0.895,0.895,,,,
up2021__1206,1545,dhir pur,Bareilly,Bhuta,Dhir Pur,188336,53024,1545,dheerpur,Bareilly,Bhuta,Dheerpur,16322,0.8666666666666667,0.8666666666666667,,,,
up2021__44944,1545,bebal barkatpur,Bareilly,Bhuta,Bebal Barkatpur,188337,53009,1545,bewel barkatpur,Bareilly,Bhuta,Bewel Barkatpur,8245,0.8673504273504273,0.8673504273504273,,,,
up2021__23042,1545,sunoora murarpur,Bareilly,Bhuta,Sunoora Murarpur,188375,53075,1545,sunaura murarpur,Bareilly,Bhuta,Sunaura Murarpur,54337,0.8750000000000001,0.8750000000000001,,,,
up2021__30779,1545,khardah e0 gajnera,Bareilly,Bhuta,Khardah E0 Gajnera,188377,53040,1545,khardaha elka gajnera,Bareilly,Bhuta,Khardaha Elka Gajnera,29119,0.8919701213818861,0.8919701213818861,,,,
up2021__6138,1545,bhautipurrajaram,Bareilly,Bhuta,BhautipurRajaram,188385,53011,1545,bhagwatipur rajaram,Bareilly,Bhuta,Bhagwatipur Rajaram,8664,0.8896271929824562,0.8896271929824562,,,,
up2021__35769,1545,viharinpur,Bareilly,Bhuta,Viharinpur,188386,53013,1545,biharipur,Bareilly,Bhuta,Biharipur,10743,0.8962962962962964,0.8962962962962964,,,,
up2021__9019,1545,kakara kalan,Bareilly,Bhuta,Kakara Kalan,188389,53034,1545,kakra kala,Bareilly,Bhuta,Kakra Kala,25898,0.8911111111111111,0.8911111111111111,,,,
up2021__128681,1545,dabaura gangapur,Bareilly,Bhuta,Dabaura Gangapur,188392,53020,1545,dabhora gangapur,Bareilly,Bhuta,Dabhora Gangapur,13987,0.8750000000000001,0.8750000000000001,,,,
up2021__138467,1545,roopiapur,Bareilly,Bhuta,Roopiapur,188416,267022,1545,rupiapur,Bareilly,Bhuta,Rupiapur,48099,0.8958333333333333,0.8958333333333333,,,,
up2021__119401,1544,kuatanada dhimini,Bareilly,Bhojipura,Kuatanada Dhimini,188420,52973,1544,kuan danda dhimni,Bareilly,Bhojipura,Kuan Danda Dhimni,30934,0.8509803921568627,0.8509803921568627,,,,
up2021__61992,1544,khitosa,Bareilly,Bhojipura,Khitosa,188422,52972,1544,khitausa,Bareilly,Bhojipura,Khitausa,29715,0.8880952380952382,0.8880952380952382,,,,
up2021__84710,1544,ghanghaura pipariya,Bareilly,Bhojipura,Ghanghaura Pipariya,188425,52957,1544,ghanghora piparia,Bareilly,Bhojipura,Ghanghora Piparia,19441,0.8941563467492261,0.8941563467492261,,,,
up2021__76685,1544,jatoua jafarpur,Bareilly,Bhojipura,Jatoua JafarPur,188433,52967,1544,jatawa japharpur,Bareilly,Bhojipura,Jatawa Japharpur,24619,0.856111111111111,0.856111111111111,,,,
up2021__75586,1544,naongwa ghatampur,Bareilly,Bhojipura,Naongwa Ghatampur,188443,52983,1544,naugawan ghatampur,Bareilly,Bhojipura,Naugawan Ghatampur,40001,0.8880174291938997,0.8880174291938997,,,,
up2021__37564,1544,abhayapur keshpur,Bareilly,Bhojipura,Abhayapur Keshpur,188452,52937,1544,abheypur keshonpur,Bareilly,Bhojipura,Abheypur Keshonpur,151,0.8869934640522876,0.8869934640522876,,,,
up2021__143517,1544,mazhonya gangapur,Bareilly,Bhojipura,Mazhonya Gangapur,188466,52977,1544,majhawa gangapur,Bareilly,Bhojipura,Majhawa Gangapur,34511,0.8667420814479638,0.8667420814479638,,,,
up2021__49835,1544,harvanshpur urf laxmiyampur,Bareilly,Bhojipura,Harvanshpur Urf Laxmiyampur,188481,52962,1544,harbanspur urf lachhmipur,Bareilly,Bhojipura,Harbanspur Urf Lachhmipur,21321,0.875759820426487,0.875759820426487,,,,
up2021__64803,1544,miyampur,Bareilly,Bhojipura,Miyampur,188482,266738,1544,mianpur,Bareilly,Bhojipura,Mianpur,36626,0.8952380952380953,0.8952380952380953,,,,
up2021__122002,1544,parewa mo ali,Bareilly,Bhojipura,Parewa Mo. Ali,188483,266742,1544,pareba mohammad ali khan,Bareilly,Bhojipura,Pareba Mohammad Ali Khan,42602,0.867948717948718,0.867948717948718,,,,
up2021__80091,1544,kamua makruka,Bareilly,Bhojipura,Kamua Makruka,188485,52969,1544,kamuan maqrooqa,Bareilly,Bhojipura,Kamuan Maqrooqa,26399,0.8871794871794872,0.8871794871794872,,,,
up2021__38488,1544,masit,Bareilly,Bhojipura,Masit,188488,266757,1544,maseet,Bareilly,Bhojipura,Maseet,35882,0.8755555555555556,0.8755555555555556,,,,
up2021__42261,1544,bujhian shumali,Bareilly,Bhojipura,Bujhian Shumali,188490,266769,1544,bhjhia shumali,Bareilly,Bhojipura,Bhjhia Shumali,10169,0.8693406593406594,0.8693406593406594,,,,
up2021__348,1551,kidouna,Bareilly,Majhgawan,Kidouna,188501,53401,1551,kedona,Bareilly,Majhgawan,Kedona,28104,0.8642857142857143,0.8642857142857143,,,,
up2021__36799,1551,behata bujurg,Bareilly,Majhgawan,Behata Bujurg,188506,53378,1551,bheta buzurg,Bareilly,Majhgawan,Bheta Buzurg,9825,0.8743006993006993,0.8743006993006993,,,,
up2021__8253,1551,parawaddinpur,Bareilly,Majhgawan,Parawaddinpur,188517,53422,1551,para bhauddenpur,Bareilly,Majhgawan,Para Bhauddenpur,42383,0.8703671328671329,0.8703671328671329,,,,
up2021__8641,1551,kachuradadi,Bareilly,Majhgawan,Kachuradadi,188531,53398,1551,kachoor dandi,Bareilly,Majhgawan,Kachoor Dandi,25482,0.8798756798756798,0.8798756798756798,,,,
up2021__35150,1551,gurugavan aitamali,Bareilly,Majhgawan,Gurugavan Aitamali,188535,53387,1551,gurganwa ahatmali,Bareilly,Majhgawan,Gurganwa Ahatmali,20774,0.8869934640522876,0.8869934640522876,,,,
up2021__13094,1551,jhaun nagla,Bareilly,Majhgawan,Jhaun Nagla,188536,53395,1551,jhaoonagla,Bareilly,Majhgawan,Jhaoonagla,24862,0.8896969696969697,0.8896969696969697,,,,
up2021__24385,1551,kanishivan nagar,Bareilly,Majhgawan,kanishivan nagar,188540,53399,1551,kaini shivnagar,Bareilly,Majhgawan,Kaini Shivnagar,25697,0.8536507936507938,0.8536507936507938,,,,
up2021__97245,1551,valai bhagvantpur,Bareilly,Majhgawan,Valai Bhagvantpur,188542,53435,1551,balaibhagvantpur,Bareilly,Majhgawan,Balaibhagvantpur,4958,0.8955065359477125,0.8955065359477125,,,,
up2021__9676,1551,gaini,Bareilly,Majhgawan,Gaini,188558,53383,1551,gainee,Bareilly,Majhgawan,Gainee,18366,0.8933333333333334,0.8933333333333334,,,,
up2021__5740,1551,rampura khourd,Bareilly,Majhgawan,Rampura Khourd,188569,267987,1551,rampura,Bareilly,Majhgawan,Rampura,46320,0.9,0.9,,,,
up2021__57965,1551,dhir pur,Bareilly,Majhgawan,Dhir Pur,188576,268092,1551,dheerpur,Bareilly,Majhgawan,Dheerpur,16323,0.8666666666666667,0.8666666666666667,,,,
up2021__20831,1552,goraloksnathpur,Bareilly,Mirganj,Goraloksnathpur,188605,53454,1552,gora loknathpur mustakil,Bareilly,Mirganj,Gora Loknathpur Mustakil,20273,0.8716666666666667,0.8716666666666667,,,,
up2021__1429,1552,madwa vashi,Bareilly,Mirganj,Madwa Vashi,188615,53469,1552,mandwa banshipur,Bareilly,Mirganj,Mandwa Banshipur,35230,0.8757575757575757,0.8757575757575757,,,,
up2021__2779,1552,manakra lamari,Bareilly,Mirganj,Manakra Lamari,188617,53470,1552,mankara,Bareilly,Mirganj,Mankara,35513,0.85,0.85,,,,
up2021__8612,1552,narali rasoolpur,Bareilly,Mirganj,Narali Rasoolpur,188620,53475,1552,narelirasulpur,Bareilly,Mirganj,Narelirasulpur,39610,0.85,0.85,,,,
up2021__29663,1552,gahwara,Bareilly,Mirganj,Gahwara,188630,53452,1552,gahabara,Bareilly,Mirganj,Gahabara,18287,0.8694444444444446,0.8694444444444446,,,,
up2021__8259,1552,pahucha bujurg,Bareilly,Mirganj,Pahucha Bujurg,188634,53479,1552,pahuncha buzurg mustakil,Bareilly,Mirganj,Pahuncha Buzurg Mustakil,41657,0.8940476190476191,0.8940476190476191,,,,
up2021__95335,1554,ajani mustaqil,Bareilly,Ramnagar,Ajani Mustaqil,188655,53583,1554,anjani mustkil,Bareilly,Ramnagar,Anjani Mustkil,2131,0.8892857142857142,0.8892857142857142,,,,
up2021__58322,1554,dhanaura gauri,Bareilly,Ramnagar,Dhanaura Gauri,188657,53595,1554,dhanora gauree,Bareilly,Ramnagar,Dhanora Gauree,15923,0.8597402597402598,0.8597402597402598,,,,
up2021__44515,1554,lihaur sahsa,Bareilly,Ramnagar,Lihaur Sahsa,188660,53613,1554,lelaur sahasa,Bareilly,Ramnagar,Lelaur Sahasa,32706,0.8507692307692308,0.8507692307692308,,,,
up2021__77154,1554,atta urf phundapur,Bareilly,Ramnagar,Atta Urf Phundapur,188663,53618,1554,atta urfh funda nagar,Bareilly,Ramnagar,Atta Urfh Funda Nagar,2978,0.8961904761904762,0.8961904761904762,,,,
up2021__98322,1554,gulidiya aril,Bareilly,Ramnagar,Gulidiya Aril,188666,53598,1554,gularia aril,Bareilly,Ramnagar,Gularia Aril,20614,0.8839316239316239,0.8839316239316239,,,,
up2021__69174,1554,jagtira,Bareilly,Ramnagar,Jagtira,188677,53604,1554,jangteera,Bareilly,Ramnagar,Jangteera,24354,0.873015873015873,0.873015873015873,,,,
up2021__109883,1554,ravti,Bareilly,Ramnagar,Ravti,188682,53627,1554,revati,Bareilly,Ramnagar,Revati,47681,0.8900000000000001,0.8900000000000001,,,,
up2021__84619,1554,gullee,Bareilly,Ramnagar,Gullee,188687,53599,1554,guleli,Bareilly,Ramnagar,Guleli,20651,0.8755555555555556,0.8755555555555556,,,,
up2021__72654,1554,daravanagar,Bareilly,Ramnagar,Daravanagar,188688,53592,1554,daraw nagar,Bareilly,Ramnagar,Daraw Nagar,14509,0.8828282828282829,0.8828282828282829,,,,
up2021__103846,1554,kanthari jafrapur,Bareilly,Ramnagar,Kanthari Jafrapur,188690,53607,1554,kanthri japharpur,Bareilly,Ramnagar,Kanthri Japharpur,26734,0.899607843137255,0.899607843137255,,,,
up2021__109938,1555,tanda,Bareilly,Shergarh,Tanda,188710,53704,1555,tanda manpur,Bareilly,Shergarh,Tanda Manpur,54964,0.8833333333333334,0.8833333333333334,,,,
up2021__71402,1555,nagariya purwi,Bareilly,Shergarh,Nagariya Purwi,188714,53683,1555,nagaria khurd,Bareilly,Shergarh,Nagaria Khurd,38629,0.8967032967032967,0.8967032967032967,,,,
up2021__41387,1555,nirgua,Bareilly,Shergarh,Nirgua,188717,53684,1555,nirbhua,Bareilly,Shergarh,Nirbhua,40735,0.8944444444444445,0.8944444444444445,,,,
up2021__52105,1555,parwa,Bareilly,Shergarh,Parwa,188730,53690,1555,pareva,Bareilly,Shergarh,Pareva,42616,0.8755555555555556,0.8755555555555556,,,,
up2021__32139,1555,guldiya,Bareilly,Shergarh,Guldiya,188738,53662,1555,gularia,Bareilly,Shergarh,Gularia,20612,0.8666666666666668,0.8666666666666668,,,,
up2021__58313,1555,rohili,Bareilly,Shergarh,Rohili,188742,53694,1555,rohali,Bareilly,Shergarh,Rohali,47804,0.8755555555555556,0.8755555555555556,,,,
up2021__108739,1555,vilsa,Bareilly,Shergarh,Vilsa,188743,53646,1555,bilsa,Bareilly,Shergarh,Bilsa,11018,0.8666666666666667,0.8666666666666667,,,,
up2021__136093,1555,sihor,Bareilly,Shergarh,Sihor,188755,53701,1555,sihaur,Bareilly,Shergarh,Sihaur,52503,0.8755555555555556,0.8755555555555556,,,,
up2021__166738,1555,augrabhad,Bareilly,Shergarh,Augrabhad,188762,53636,1555,aurangabad,Bareilly,Shergarh,Aurangabad,3070,0.8503703703703704,0.8503703703703704,,,,
up2021__7303,1555,bakainian virpur,Bareilly,Shergarh,Bakainian Virpur,188765,53638,1555,bakenia birpur,Bareilly,Shergarh,Bakenia Birpur,4842,0.8694444444444446,0.8694444444444446,,,,
up2021__82041,1555,baurmaangar,Bareilly,Shergarh,Baurmaangar,188769,53637,1555,bairamnagar,Bareilly,Shergarh,Bairamnagar,4609,0.8981818181818182,0.8981818181818182,,,,
up2021__7505,1555,kasarpur,Bareilly,Shergarh,Kasarpur,188770,53671,1555,keserpur,Bareilly,Shergarh,Keserpur,28188,0.8500000000000001,0.8500000000000001,,,,
up2021__25693,1555,dalpur,Bareilly,Shergarh,Dalpur,188773,53650,1555,delpur,Bareilly,Shergarh,Delpur,15100,0.9,0.9,,,,
up2021__497478,1516,utraula gramin,Balrampur,Utraula,Utraula Gramin,188798,51136,1516,utraula rural,Balrampur,Utraula,Utraula Rural,57180,0.8967032967032967,0.8967032967032967,,,,
up2021__568843,1516,uparauhula,Balrampur,Utraula,Uparauhula,188799,51135,1516,uprahula,Balrampur,Utraula,Uprahula,57029,0.88,0.88,,,,
up2021__572453,1516,pipararam,Balrampur,Utraula,Pipararam,188816,51121,1516,pipra ram,Balrampur,Utraula,Pipra Ram,44158,0.8898148148148148,0.8898148148148148,,,,
up2021__621558,1516,jogi vir,Balrampur,Utraula,Jogi Vir,188820,51101,1516,jogiveer,Balrampur,Utraula,Jogiveer,25170,0.9,0.9,,,,
up2021__536637,1516,rehramafi,Balrampur,Utraula,Rehramafi,188829,51125,1516,rehara maafi,Balrampur,Utraula,Rehara Maafi,47595,0.8898148148148148,0.8898148148148148,,,,
up2021__535374,1516,devaria mainha,Balrampur,Utraula,Devaria Mainha,188830,51094,1516,deoria mainaha,Balrampur,Utraula,Deoria Mainaha,15231,0.8798534798534798,0.8798534798534798,,,,
up2021__641962,1516,bilariyya,Balrampur,Utraula,Bilariyya,188839,51091,1516,bileria,Balrampur,Utraula,Bileria,10975,0.85,0.85,,,,
up2021__569395,1516,mu nagar grant,Balrampur,Utraula,Mu Nagar Grant,188850,51116,1516,mohd nagar grint,Balrampur,Utraula,Mohd. Nagar Grint,37341,0.8821428571428571,0.8821428571428571,,,,
up2021__563832,1516,ramwapur,Balrampur,Utraula,Ramwapur,188861,51123,1516,ramawapur kalan,Balrampur,Utraula,Ramawapur Kalan,45969,0.8619444444444444,0.8619444444444444,,,,
up2021__577214,1510,vijulia,Balrampur,Gainsadi,Vijulia,188864,50621,1510,bijuliya,Balrampur,Gaisri,Bijuliya,10878,0.8690476190476191,0.8690476190476191,,,,
up2021__605340,1510,halaura,Balrampur,Gainsadi,Halaura,188866,269139,1510,halowra,Balrampur,Gaisri,Halowra,21125,0.8666666666666668,0.8666666666666668,,,,
up2021__607787,1510,badhaipurwa,Balrampur,Gainsadi,Badhaipurwa,188883,50614,1510,barhay purwa,Balrampur,Gaisri,Barhay Purwa,6504,0.8848484848484849,0.8848484848484849,,,,
up2021__675675,1510,turakaulia,Balrampur,Gainsadi,Turakaulia,188893,50696,1510,turkauliya,Balrampur,Gaisri,Turkauliya,56399,0.8755555555555556,0.8755555555555556,,,,
up2021__580161,1510,jitpur,Balrampur,Gainsadi,Jitpur,188912,50645,1510,jeetpur,Balrampur,Gaisri,Jeetpur,24754,0.8642857142857143,0.8642857142857143,,,,
up2021__514261,1510,birpurkala,Balrampur,Gainsadi,Birpurkala,188917,50615,1510,beerpur kalan,Balrampur,Gaisri,Beerpur Kalan,7615,0.8776923076923078,0.8776923076923078,,,,
up2021__511417,1510,nathideeh,Balrampur,Gainsadi,Nathideeh,188932,50676,1510,nathai dih,Balrampur,Gaisri,Nathai Dih,39893,0.8955555555555555,0.8955555555555555,,,,
up2021__724075,1510,bhojaspurthaaru,Balrampur,Gainsadi,Bhojaspurthaaru,188943,50619,1510,bhojpur tharu,Balrampur,Gaisri,Bhojpur Tharu,10256,0.8946153846153847,0.8946153846153847,,,,
up2021__620284,1510,vishrampur,Balrampur,Gainsadi,Vishrampur,188956,50624,1510,bisrampur,Balrampur,Gaisri,Bisrampur,11425,0.8962962962962964,0.8962962962962964,,,,
up2021__625307,1510,mahadevshivpur,Balrampur,Gainsadi,Mahadevshivpur,188957,50663,1510,mahadeo seopur,Balrampur,Gaisri,Mahadeo Seopur,33573,0.8857142857142858,0.8857142857142858,,,,
up2021__552795,1510,sarvagulariya,Balrampur,Gainsadi,Sarvagulariya,188960,257824,1510,sarwagulriha,Balrampur,Gaisri,Sarwagulriha,50581,0.8839316239316239,0.8839316239316239,,,,
up2021__475062,1510,chauttarakhurda,Balrampur,Gainsadi,Chauttarakhurda,188975,268271,1510,chouhattarkhurd,Balrampur,Gaisri,Chouhattarkhurd,13873,0.8673504273504273,0.8673504273504273,,,,
up2021__543212,1510,madarhawa,Balrampur,Gainsadi,Madarhawa,188976,271942,1510,madrhwa,Balrampur,Gaisri,Madrhwa,33483,0.8814814814814815,0.8814814814814815,,,,
up2021__576116,1509,amhawa,Balrampur,Gaidas Buzurg,Amhawa,188992,50573,1509,amahawa,Balrampur,Gaindas Bujurg,Amahawa,1526,0.873015873015873,0.873015873015873,,,,
up2021__488863,1509,pirelamafi,Balrampur,Gaidas Buzurg,Pirelamafi,189006,50602,1509,piraila mafi,Balrampur,Gaindas Bujurg,Piraila Mafi,44250,0.8664814814814815,0.8664814814814815,,,,
up2021__547413,1515,mahodav jamuni,Balrampur,Tulsipur,Mahodav Jamuni,189022,51036,1515,mahadeo jumuni,Balrampur,Tulsipur,Mahadeo Jumuni,33571,0.8944444444444445,0.8944444444444445,,,,
up2021__638355,1515,lalanagar sipahiya,Balrampur,Tulsipur,Lalanagar Sipahiya,189023,51030,1515,lal nagar,Balrampur,Tulsipur,Lal Nagar,32315,0.8574074074074074,0.8574074074074074,,,,
up2021__1202920,1515,sugahanagar,Balrampur,Tulsipur,Sugahanagar,189054,51073,1515,suga nagar,Balrampur,Tulsipur,Suga Nagar,53983,0.8991919191919192,0.8991919191919192,,,,
up2021__684065,1515,mudadeeh,Balrampur,Tulsipur,Mudadeeh,189066,51041,1515,muda dih,Balrampur,Tulsipur,Muda Dih,37651,0.9,0.9,,,,
up2021__1114986,1515,nauvva,Balrampur,Tulsipur,Nauvva,189069,51046,1515,nauwa,Balrampur,Tulsipur,Nauwa,40094,0.8755555555555556,0.8755555555555556,,,,
up2021__1111559,1515,purebaks,Balrampur,Tulsipur,Purebaks,189071,51058,1515,pureybux,Balrampur,Tulsipur,Pureybux,44930,0.85,0.85,,,,
up2021__1099974,1515,nevajpur,Balrampur,Tulsipur,Nevajpur,189072,51048,1515,newazpur,Balrampur,Tulsipur,Newazpur,40520,0.8666666666666667,0.8666666666666667,,,,
up2021__1008603,1515,sudarshanjot,Balrampur,Tulsipur,Sudarshanjot,189085,51069,1515,shudarshan jote,Balrampur,Tulsipur,Shudarshan Jote,52333,0.865,0.865,,,,
up2021__648908,1515,laxmanpur,Balrampur,Tulsipur,Laxmanpur,189091,51028,1515,lakshmanpur,Balrampur,Tulsipur,Lakshmanpur,32236,0.8976430976430976,0.8976430976430976,,,,
up2021__557718,1515,gaidhwa,Balrampur,Tulsipur,Gaidhwa,189095,51010,1515,gairahwa,Balrampur,Tulsipur,Gairahwa,18371,0.8694444444444446,0.8694444444444446,,,,
up2021__578772,1515,auriya,Balrampur,Tulsipur,Auriya,189111,267473,1515,aourahiya,Balrampur,Tulsipur,Aourahiya,2217,0.8500000000000001,0.8500000000000001,,,,
up2021__603638,1515,kohdawra,Balrampur,Tulsipur,Kohdawra,189115,267565,1515,kohdhoura,Balrampur,Tulsipur,Kohdhoura,30368,0.8833333333333333,0.8833333333333333,,,,
up2021__1010475,1515,amarhwa,Balrampur,Tulsipur,Amarhwa,189117,268200,1515,aamrahwa,Balrampur,Tulsipur,Aamrahwa,47,0.8767857142857143,0.8767857142857143,,,,
up2021__612368,1512,vibhunpur vishram,Balrampur,Pachpedwa,Vibhunpur Vishram,189118,50806,1512,bishunpar bishram,Balrampur,Pachpedwa,Bishunpar Bishram,11359,0.8585434173669467,0.8585434173669467,,,,
up2021__627021,1512,vetaniya karahiya,Balrampur,Pachpedwa,Vetaniya Karahiya,189128,50798,1512,bethania karaihiya,Balrampur,Pachpedwa,Bethania Karaihiya,8217,0.8830065359477125,0.8830065359477125,,,,
up2021__704862,1512,haraaiyaa chandraseee,Balrampur,Pachpedwa,Haraaiyaa Chandraseee,189131,50818,1512,haraiya chandrasi,Balrampur,Pachpedwa,Haraiya Chandrasi,21265,0.8781162464985994,0.8781162464985994,,,,
up2021__630892,1512,vanagarh pipari,Balrampur,Pachpedwa,Vanagarh Pipari,189132,50794,1512,bangarh pipri,Balrampur,Pachpedwa,Bangarh Pipri,5488,0.8799145299145299,0.8799145299145299,,,,
up2021__698226,1512,vijinagar,Balrampur,Pachpedwa,Vijinagar,189143,50866,1512,vijay nager,Balrampur,Pachpedwa,Vijay Nager,57370,0.852104377104377,0.852104377104377,,,,
up2021__724628,1512,pipariya jamuni,Balrampur,Pachpedwa,Pipariya Jamuni,189145,50846,1512,pipra jamuni,Balrampur,Pachpedwa,Pipra Jamuni,44109,0.8755555555555556,0.8755555555555556,,,,
up2021__690416,1512,tilakhanna,Balrampur,Pachpedwa,Tilakhanna,189150,50863,1512,tilkahna,Balrampur,Pachpedwa,Tilkahna,56013,0.895,0.895,,,,
up2021__681150,1512,turakaulia,Balrampur,Pachpedwa,Turakaulia,189152,50865,1512,turkaulia,Balrampur,Pachpedwa,Turkaulia,56394,0.8988888888888888,0.8988888888888888,,,,
up2021__685402,1512,bhusahar achiwa,Balrampur,Pachpedwa,Bhusahar Achiwa,189162,50805,1512,bhushar uchwa,Balrampur,Pachpedwa,Bhushar Uchwa,10537,0.8779487179487179,0.8779487179487179,,,,
up2021__660426,1512,govari,Balrampur,Pachpedwa,Govari,189170,50816,1512,gobri,Balrampur,Pachpedwa,Gobri,19840,0.8577777777777779,0.8577777777777779,,,,
up2021__580292,1512,kusumhar,Balrampur,Pachpedwa,Kusumhar,189183,50827,1512,kushmahar,Balrampur,Pachpedwa,Kushmahar,31633,0.8856481481481482,0.8856481481481482,,,,
up2021__649618,1512,chaurasi,Balrampur,Pachpedwa,Chaurasi,189186,50808,1512,chorsi,Balrampur,Pachpedwa,Chorsi,13866,0.8555555555555556,0.8555555555555556,,,,
up2021__562449,1508,vasedila,Balrampur,Balrampur,Vasedila,189216,266972,1508,bansedilla,Balrampur,Balrampur,Bansedilla,5748,0.8583333333333334,0.8583333333333334,,,,
up2021__572929,1508,khairi,Balrampur,Balrampur,Khairi,189222,267035,1508,khairahee,Balrampur,Balrampur,Khairahee,28427,0.8777777777777778,0.8777777777777778,,,,
up2021__700302,1508,koiliha,Balrampur,Balrampur,Koiliha,189242,50532,1508,koeliha,Balrampur,Balrampur,Koeliha,30334,0.8793650793650793,0.8793650793650793,,,,
up2021__605272,1508,katarashankarnagar,Balrampur,Balrampur,Katarashankarnagar,189252,50529,1508,katrasankar nagar,Balrampur,Balrampur,Katrasankar Nagar,27914,0.8728485838779956,0.8728485838779956,,,,
up2021__681581,1508,devariyaranijot,Balrampur,Balrampur,Devariyaranijot,189258,50497,1508,deoria ranijot,Balrampur,Balrampur,Deoria Ranijot,15237,0.8641269841269842,0.8641269841269842,,,,
up2021__1216057,1508,gaizhwa,Balrampur,Balrampur,Gaizhwa,189270,50506,1508,gainjahwa,Balrampur,Balrampur,Gainjahwa,18367,0.85,0.85,,,,
up2021__515258,1508,balrampur dehat,Balrampur,Balrampur,Balrampur Dehat,189294,50481,1508,balrampur rural,Balrampur,Balrampur,Balrampur(Rural),5153,0.8933333333333334,0.8933333333333334,,,,
up2021__1216006,1508,ferenda,Balrampur,Balrampur,Ferenda,189299,50504,1508,farenda,Balrampur,Balrampur,Farenda,17675,0.8642857142857143,0.8642857142857143,,,,
up2021__1216015,1508,kaandhbhari,Balrampur,Balrampur,Kaandhbhari,189309,50526,1508,kandbhari,Balrampur,Balrampur,Kandbhari,26507,0.8922558922558923,0.8922558922558923,,,,
up2021__668944,1513,devaria inayat,Balrampur,Rahrabazar,Devaria Inayat,189330,50886,1513,deoria inayat,Balrampur,Rehera Bazaar,Deoria Inayat,15223,0.8525030525030524,0.8525030525030524,,,,
up2021__817566,1513,madhyaubekh,Balrampur,Rahrabazar,Madhyaubekh,189339,50910,1513,madhavbheekh,Balrampur,Rehera Bazaar,Madhavbheekh,33279,0.8914141414141414,0.8914141414141414,,,,
up2021__1112148,1513,budhipur,Balrampur,Rahrabazar,Budhipur,189347,50883,1513,boodhi pur,Balrampur,Rehera Bazaar,Boodhi Pur,11574,0.8725,0.8725,,,,
up2021__469696,1513,itwa,Balrampur,Rahrabazar,Itwa,189366,50895,1513,itawa,Balrampur,Rehera Bazaar,Itawa,23055,0.88,0.88,,,,
up2021__701527,1513,patkar pur,Balrampur,Rahrabazar,Patkar Pur,189381,50922,1513,patakpur,Balrampur,Rehera Bazaar,Patakpur,43101,0.895,0.895,,,,
up2021__829064,1513,datlupur,Balrampur,Rahrabazar,Datlupur,189384,50884,1513,dataloopur,Balrampur,Rehera Bazaar,Dataloopur,14710,0.8674999999999999,0.8674999999999999,,,,
up2021__834210,1513,nathipur kanun go,Balrampur,Rahrabazar,Nathipur Kanun Go,189386,50916,1513,nathaipur kanoongo,Balrampur,Rehera Bazaar,Nathaipur Kanoongo,39896,0.8764705882352941,0.8764705882352941,,,,
up2021__624267,1513,madhyoghat,Balrampur,Rahrabazar,Madhyoghat,189392,50911,1513,madhavghat,Balrampur,Rehera Bazaar,Madhavghat,33281,0.895,0.895,,,,
up2021__651521,1513,mirpur,Balrampur,Rahrabazar,Mirpur,189397,50914,1513,meerpur,Balrampur,Rehera Bazaar,Meerpur,36429,0.8642857142857143,0.8642857142857143,,,,
up2021__594248,1514,khamharia aladad,Balrampur,Shridattganj,Khamharia Aladad,189411,50962,1514,khameria alahadat,Balrampur,Shriduttganj,Khameria Alahadat,28756,0.8968487394957984,0.8968487394957984,,,,
up2021__644863,1514,mazhari wacchil,Balrampur,Shridattganj,Mazhari Wacchil,189412,50970,1514,majhari vachhil,Balrampur,Shriduttganj,Majhari Vachhil,34473,0.8933333333333333,0.8933333333333333,,,,
up2021__717293,1514,bhitodi,Balrampur,Shridattganj,Bhitodi,189415,50947,1514,bhithauri,Balrampur,Shriduttganj,Bhithauri,10106,0.8539682539682539,0.8539682539682539,,,,
up2021__705819,1514,rukhimjhri,Balrampur,Shridattganj,Rukhimjhri,189444,50982,1514,rookhi majhari,Balrampur,Shriduttganj,Rookhi Majhari,47873,0.8628571428571429,0.8628571428571429,,,,
up2021__628543,1514,pipara ramchandra,Balrampur,Shridattganj,Pipara Ramchandra,189451,50978,1514,pipraramchander,Balrampur,Shriduttganj,Pipraramchander,44159,0.8766013071895425,0.8766013071895425,,,,
up2021__560221,1514,chamrupur,Balrampur,Shridattganj,Chamrupur,189457,50948,1514,chamaroopur,Balrampur,Shriduttganj,Chamaroopur,12318,0.8982323232323232,0.8982323232323232,,,,
up2021__532305,1514,kaiyamjot,Balrampur,Shridattganj,Kaiyamjot,189460,269509,1514,kyamjot,Balrampur,Shriduttganj,Kyamjot,31813,0.8904761904761904,0.8904761904761904,,,,
up2021__694756,1514,puraainaa kanoonagau,Balrampur,Shridattganj,Puraainaa Kanoonagau,189470,269538,1514,puraina kanoongo,Balrampur,Shriduttganj,Puraina Kanoongo,44702,0.8975,0.8975,,,,
up2021__556836,1514,ahirola nagwa,Balrampur,Shridattganj,Ahirola Nagwa,189473,269553,1514,ahirouleenagwa,Balrampur,Shriduttganj,Ahirouleenagwa,597,0.89000999000999,0.89000999000999,,,,
up2021__1075460,1511,tedhiparas,Balrampur,Hariya Satgharwa,Tedhiparas,189480,50782,1511,terahi pras,Balrampur,Harriya Satgharwa,Terahi Pras,55484,0.8655892255892256,0.8655892255892256,,,,
up2021__964710,1511,nandanagarjammandih,Balrampur,Hariya Satgharwa,Nandanagarjammandih,189485,267300,1511,nandnagarjummandeeh,Balrampur,Harriya Satgharwa,Nandnagarjummandeeh,39302,0.8868421052631579,0.8868421052631579,,,,
up2021__793179,1511,laxmanpurdharampur,Balrampur,Hariya Satgharwa,Laxmanpurdharampur,189486,267248,1511,lakhsmanpurdharampur,Balrampur,Harriya Satgharwa,Lakhsmanpurdharampur,32210,0.8824400871459694,0.8824400871459694,,,,
up2021__758749,1511,chitauni,Balrampur,Hariya Satgharwa,Chitauni,189488,267255,1511,chitounee,Balrampur,Harriya Satgharwa,Chitounee,13771,0.8833333333333333,0.8833333333333333,,,,
up2021__1185600,1511,odarahiya,Balrampur,Hariya Satgharwa,Odarahiya,189489,267261,1511,odrahiya,Balrampur,Harriya Satgharwa,Odrahiya,41029,0.8703703703703703,0.8703703703703703,,,,
up2021__964953,1511,sarakahawa,Balrampur,Hariya Satgharwa,Sarakahawa,189493,50771,1511,sarkahwa,Balrampur,Harriya Satgharwa,Sarkahwa,50426,0.895,0.895,,,,
up2021__1186947,1511,shivpura,Balrampur,Hariya Satgharwa,Shivpura,189500,50773,1511,sheopura,Balrampur,Harriya Satgharwa,Sheopura,51978,0.8666666666666667,0.8666666666666667,,,,
up2021__1176812,1511,amwa,Balrampur,Hariya Satgharwa,Amwa,189506,50698,1511,amawa,Balrampur,Harriya Satgharwa,Amawa,1661,0.88,0.88,,,,
up2021__1184514,1511,binhuunikalaa,Balrampur,Hariya Satgharwa,Binhuunikalaa,189522,50714,1511,binoohnikalan,Balrampur,Harriya Satgharwa,Binoohnikalan,11078,0.8923076923076924,0.8923076923076924,,,,
up2021__936841,1511,bhitvariyaa kalaa,Balrampur,Hariya Satgharwa,Bhitvariyaa Kalaa,189523,50712,1511,bhitwaria kalan,Balrampur,Harriya Satgharwa,Bhitwaria Kalan,10156,0.8955052790346908,0.8955052790346908,,,,
up2021__1190169,1511,laxmanpur khairhaniya,Balrampur,Hariya Satgharwa,Laxmanpur Khairhaniya,189532,50744,1511,lakshmanpur khairhania,Balrampur,Harriya Satgharwa,Lakshmanpur Khairhania,32240,0.8540290119237487,0.8540290119237487,,,,
up2021__651309,1511,sugarnagar leharii,Balrampur,Hariya Satgharwa,SugarNagar Leharii,189543,50780,1511,suganagar,Balrampur,Harriya Satgharwa,Suganagar,53982,0.8555555555555555,0.8555555555555555,,,,
up2021__721813,1511,turakaulia,Balrampur,Hariya Satgharwa,Turakaulia,189569,50785,1511,turkaulia,Balrampur,Harriya Satgharwa,Turkaulia,56393,0.8988888888888888,0.8988888888888888,,,,
up2021__879447,1511,magrakohal,Balrampur,Hariya Satgharwa,Magrakohal,189572,50755,1511,mangara kohal,Balrampur,Harriya Satgharwa,Mangara Kohal,35271,0.8584615384615385,0.8584615384615385,,,,
up2021__963436,1511,godwa,Balrampur,Hariya Satgharwa,Godwa,189573,50724,1511,gondawa,Balrampur,Harriya Satgharwa,Gondawa,20043,0.8704761904761905,0.8704761904761905,,,,
up2021__963084,1511,bankatwa patjhi,Balrampur,Hariya Satgharwa,Bankatwa Patjhi,189579,50703,1511,bankatawa tikuli garh,Balrampur,Harriya Satgharwa,Bankatawa Tikuli Garh,5657,0.850989010989011,0.850989010989011,,,,
up2021__679742,1497,aasan,Baliya,Gadwar,Aasan,189591,49900,1497,asan,Ballia,Garwar,Asan,2522,0.865,0.865,,,,
up2021__684444,1497,siktauti,Baliya,Gadwar,Siktauti,189592,49951,1497,shikatoti,Ballia,Garwar,Shikatoti,52103,0.8529761904761904,0.8529761904761904,,,,
up2021__670591,1497,ekoni,Baliya,Gadwar,Ekoni,189596,49896,1497,akoni,Ballia,Garwar,Akoni,1120,0.8666666666666667,0.8666666666666667,,,,
up2021__661469,1497,ekavari,Baliya,Gadwar,Ekavari,189614,49917,1497,ekawari khas,Ballia,Garwar,Ekawari Khas,17449,0.85,0.85,,,,
up2021__675104,1497,chauri,Baliya,Gadwar,Chauri,189616,49911,1497,chawari,Ballia,Garwar,Chawari,13148,0.8944444444444445,0.8944444444444445,,,,
up2021__667239,1497,narayanapali,Baliya,Gadwar,Narayanapali,189619,49934,1497,narain pali,Ballia,Garwar,Narain Pali,39429,0.8914141414141414,0.8914141414141414,,,,
up2021__681184,1497,noorpur,Baliya,Gadwar,Noorpur,189625,49937,1497,nurpur,Ballia,Garwar,Nurpur,40976,0.8642857142857143,0.8642857142857143,,,,
up2021__617550,1495,j0 n0 margupur,Baliya,Chilakhar,J0 N0 Margupur,189628,49813,1495,margupur,Ballia,Chilkahar,Margupur,35765,0.8571428571428571,0.8571428571428571,,,,
up2021__679703,1495,pipra patti bahorapaur,Baliya,Chilakhar,Pipra Patti Bahorapaur,189632,49826,1495,piprapatti,Ballia,Chilkahar,Piprapatti,44154,0.890909090909091,0.890909090909091,,,,
up2021__644979,1495,gaura,Baliya,Chilakhar,Gaura,189636,49796,1495,goura,Ballia,Chilkahar,Goura,20385,0.88,0.88,,,,
up2021__664649,1495,savra,Baliya,Chilakhar,Savra,189637,49834,1495,sawra,Ballia,Chilkahar,Sawra,50831,0.8933333333333333,0.8933333333333333,,,,
up2021__642552,1495,balesara,Baliya,Chilakhar,Balesara,189657,49788,1495,belsara,Ballia,Chilkahar,Belsara,7981,0.8767857142857143,0.8767857142857143,,,,
up2021__661008,1495,sikariya kalaan,Baliya,Chilakhar,Sikariya Kalaan,189680,49835,1495,sikriya kala,Ballia,Chilkahar,Sikriya Kala,52746,0.8755555555555556,0.8755555555555556,,,,
up2021__665328,1495,nadauli urf pierhi,Baliya,Chilakhar,Nadauli Urf Pierhi,189681,49815,1495,nadaul urf piyarhi,Ballia,Chilkahar,Nadaul Urf Piyarhi,38480,0.8930555555555555,0.8930555555555555,,,,
up2021__622335,1496,arra,Baliya,Dubhad,Arra,189708,49846,1496,arara,Ballia,Dubhar,Arara,2279,0.88,0.88,,,,
up2021__634190,1496,ghodra,Baliya,Dubhad,Ghodra,189710,274337,1496,ghodahara,Ballia,Dubhar,Ghodahara,19573,0.9,0.9,,,,
up2021__624863,1496,bharsad,Baliya,Dubhad,Bharsad,189711,49852,1496,bharasar,Ballia,Dubhar,Bharasar,9100,0.8880952380952382,0.8880952380952382,,,,
up2021__677100,1501,barava rattipatti,Baliya,Nagra,Barava Rattipatti,189778,50087,1501,barwaratti patti,Ballia,Nagra,Barwaratti Patti,6952,0.8957434640522876,0.8957434640522876,,,,
up2021__635717,1501,indrauli malkauli,Baliya,Nagra,Indrauli Malkauli,189785,50106,1501,indouli malkouli,Ballia,Nagra,Indouli Malkouli,22772,0.8796568627450981,0.8796568627450981,,,,
up2021__548449,1501,barauli,Baliya,Nagra,Barauli,189795,50086,1501,barooli,Ballia,Nagra,Barooli,6751,0.8666666666666668,0.8666666666666668,,,,
up2021__619162,1501,biharahapur,Baliya,Nagra,Biharahapur,189800,50091,1501,bihraharpur,Ballia,Nagra,Bihraharpur,10780,0.8875757575757576,0.8875757575757576,,,,
up2021__518779,1502,chakravan,Baliya,Nawanagar,Chakravan,189804,50165,1502,chak khan,Ballia,Navanagar,Chak Khan,12157,0.8666666666666666,0.8666666666666666,,,,
up2021__584545,1502,devkali,Baliya,Nawanagar,Devkali,189814,50169,1502,dewakali,Ballia,Navanagar,Dewakali,15500,0.8507936507936509,0.8507936507936509,,,,
up2021__526131,1502,harnataar,Baliya,Nawanagar,HarnaTaar,189820,50176,1502,harnatar dayalpur,Ballia,Navanagar,Harnatar Dayalpur,21647,0.8836601307189542,0.8836601307189542,,,,
up2021__526035,1502,kathauda,Baliya,Nawanagar,Kathauda,189823,50184,1502,kathooda,Ballia,Navanagar,Kathooda,27804,0.8666666666666667,0.8666666666666667,,,,
up2021__629491,1502,raampur katrai,Baliya,Nawanagar,Raampur Katrai,189832,50195,1502,ranpur katrai,Ballia,Navanagar,Ranpur Katrai,46934,0.8525030525030524,0.8525030525030524,,,,
up2021__495191,1502,mazhwaliya,Baliya,Nawanagar,Mazhwaliya,189849,50192,1502,majhwallia,Ballia,Navanagar,Majhwallia,34626,0.8933333333333333,0.8933333333333333,,,,
up2021__491745,1503,gauri,Baliya,Pandah,Gauri,189855,50217,1503,gouri,Ballia,Pandah,Gouri,20393,0.88,0.88,,,,
up2021__591700,1503,raksadaniya,Baliya,Pandah,Raksadaniya,189861,50238,1503,raxa dannia,Ballia,Pandah,Raxa Dannia,47516,0.8545454545454546,0.8545454545454546,,,,
up2021__595317,1503,jogsara,Baliya,Pandah,Jogsara,189862,50221,1503,jugesara,Ballia,Pandah,Jugesara,25267,0.8821428571428571,0.8821428571428571,,,,
up2021__470064,1503,nanahun,Baliya,Pandah,Nanahun,189867,50232,1503,nanhul,Ballia,Pandah,Nanhul,39356,0.8944444444444445,0.8944444444444445,,,,
up2021__517316,1503,akhouni,Baliya,Pandah,Akhouni,189874,50203,1503,akhani,Ballia,Pandah,Akhani,1045,0.8944444444444445,0.8944444444444445,,,,
up2021__1135439,1492,kolakala,Baliya,Baasadeeh,Kolakala,189907,49698,1492,kol kala,Ballia,Bansdih,Kol Kala,30494,0.8750000000000001,0.8750000000000001,,,,
up2021__710489,1492,khewassar,Baliya,Baasadeeh,Khewassar,189909,49695,1492,khewsad,Ballia,Bansdih,Khewsad,29600,0.8714285714285714,0.8714285714285714,,,,
up2021__774106,1492,doohijaan,Baliya,Baasadeeh,Doohijaan,189917,49684,1492,duhijan,Ballia,Bansdih,Duhijan,17156,0.8571428571428572,0.8571428571428572,,,,
up2021__696577,1492,kevtaliakala,Baliya,Baasadeeh,Kevtaliakala,189926,49693,1492,kewtallia kala,Ballia,Bansdih,Kewtallia Kala,28304,0.8721500721500721,0.8721500721500721,,,,
up2021__663822,1492,bahwara,Baliya,Baasadeeh,Bahwara,189930,49671,1492,bahuaara,Ballia,Bansdih,Bahuaara,4428,0.8694444444444446,0.8694444444444446,,,,
up2021__681995,1492,banghav,Baliya,Baasadeeh,Banghav,189937,49670,1492,baghaw,Ballia,Bansdih,Baghaw,3962,0.8793650793650793,0.8793650793650793,,,,
up2021__619412,1494,berurwari,Baliya,Berurwari,Berurwari,189942,49755,1494,beruaar bari,Ballia,Beruarbari,Beruaar Bari,8189,0.8861111111111111,0.8861111111111111,,,,
up2021__487250,1494,sultanpur,Baliya,Berurwari,Sultanpur,189944,49779,1494,sultanpur taluka sukhpura,Ballia,Beruarbari,Sultanpur Taluka Sukhpura,54282,0.872,0.872,,,,
up2021__865794,1494,maryitar,Baliya,Berurwari,Maryitar,189958,49767,1494,mairitar,Ballia,Beruarbari,Mairitar,34417,0.8952380952380953,0.8952380952380953,,,,
up2021__865147,1494,aadar,Baliya,Berurwari,Aadar,189960,49750,1494,adar,Ballia,Beruarbari,Adar,265,0.865,0.865,,,,
up2021__668669,1494,aaschaura,Baliya,Berurwari,Aaschaura,189966,49749,1494,aaschoora,Ballia,Beruarbari,Aaschoora,60,0.8825396825396825,0.8825396825396825,,,,
up2021__516483,1493,javhi,Baliya,Belhari,Javhi,189987,49731,1493,jawahi,Ballia,Belhari,Jawahi,24707,0.8577777777777779,0.8577777777777779,,,,
up2021__586418,1493,bharasauta,Baliya,Belhari,Bharasauta,189994,49724,1493,bharsouta,Ballia,Belhari,Bharsouta,9250,0.8877777777777778,0.8877777777777778,,,,
up2021__545994,1493,nirupur,Baliya,Belhari,Nirupur,189999,49737,1493,niroopur,Ballia,Belhari,Niroopur,40746,0.8694444444444446,0.8694444444444446,,,,
up2021__554657,1493,pierauta,Baliya,Belhari,Pierauta,190002,49740,1493,piyaruta,Ballia,Belhari,Piyaruta,44353,0.8952380952380953,0.8952380952380953,,,,
up2021__583661,1493,baghauch,Baliya,Belhari,Baghauch,190009,49719,1493,baghoonch,Ballia,Belhari,Baghoonch,3996,0.8833333333333333,0.8833333333333333,,,,
up2021__651070,1491,shrikantpur alias narayangarh,Baliya,Bairiya,Shrikantpur alias Narayangarh,190015,49666,1491,shrikant pur urf narayangarh,Ballia,Bairia,Shrikant Pur Urf Narayangarh,52318,0.8869458128078818,0.8869458128078818,,,,
up2021__708890,1491,nawaka gaon,Baliya,Bairiya,Nawaka Gaon,190027,49662,1491,nauka gaon,Ballia,Bairia,Nauka Gaon,40019,0.8655892255892256,0.8655892255892256,,,,
up2021__559279,1491,gonhiyar chapra,Baliya,Bairiya,Gonhiyār Chapṛā,190033,49653,1491,gonniya chhapra,Ballia,Bairia,Gonniya Chhapra,20065,0.8855555555555555,0.8855555555555555,,,,
up2021__914748,1491,adhisijhva,Baliya,Bairiya,Adhisijhvā,190040,49640,1491,adhsijhua,Ballia,Bairia,Adhsijhua,302,0.8982407407407408,0.8982407407407408,,,,
up2021__471610,1499,vikrampur,Baliya,Maniyar,Vikrampur,190043,50052,1499,vikrampur pashchim,Ballia,Maniar,Vikrampur Pashchim,57403,0.9,0.9,,,,
up2021__580668,1499,asna,Baliya,Maniyar,Asna,190045,50016,1499,asana,Ballia,Maniar,Asana,2524,0.88,0.88,,,,
up2021__490539,1499,nipaniya,Baliya,Maniyar,Nipaniya,190047,50043,1499,nipnnia,Ballia,Maniar,Nipnnia,40727,0.8694444444444446,0.8694444444444446,,,,
up2021__643879,1499,sultanpur,Baliya,Maniyar,Sultanpur,190052,50051,1499,sultanpur taluka bansdih,Ballia,Maniar,Sultanpur Taluka Bansdih,54281,0.875,0.875,,,,
up2021__673308,1499,ajuaur,Baliya,Maniyar,Ajuaur,190060,50014,1499,ajaour,Ballia,Maniar,Ajaour,805,0.8577777777777779,0.8577777777777779,,,,
up2021__522599,1499,jigidsar,Baliya,Maniyar,Jigidsar,190064,50034,1499,jigirisand,Ballia,Maniar,Jigirisand,24994,0.8864285714285713,0.8864285714285713,,,,
up2021__579523,1499,rampur,Baliya,Maniyar,Rampur,190071,50048,1499,rampur taluka maniyar,Ballia,Maniar,Rampur Taluka Maniyar,46651,0.8571428571428571,0.8571428571428571,,,,
up2021__644525,1499,kotowaa,Baliya,Maniyar,Kotowaa,190078,272604,1499,kotwan,Ballia,Maniar,Kotwan,30869,0.8944444444444445,0.8944444444444445,,,,
up2021__675916,1499,durodha,Baliya,Maniyar,Durodha,190081,272607,1499,duraudha,Ballia,Maniar,Duraudha,17328,0.8694444444444446,0.8694444444444446,,,,
up2021__654462,1499,vishunpura,Baliya,Maniyar,Vishunpura,190085,50025,1499,bisunpura,Ballia,Maniar,Bisunpura,11444,0.8962962962962964,0.8962962962962964,,,,
up2021__589101,1499,patkholi purb,Baliya,Maniyar,Patkholi Purb,190086,50045,1499,path kholi poorab,Ballia,Maniar,Path Kholi Poorab,43224,0.8550904977375565,0.8550904977375565,,,,
up2021__677303,1500,dalki no 1,Baliya,Murli Chappa,Dalki No - 1,190089,50058,1500,dalki,Ballia,Murlichhapra,Dalki,14291,0.9,0.9,,,,
up2021__622763,1500,ibrahimabad uparwar,Baliya,Murli Chappa,Ibrahimabad Uparwar,190093,50061,1500,ibarahimabad uparwar,Ballia,Murlichhapra,Ibarahimabad Uparwar,22538,0.8743859649122807,0.8743859649122807,,,,
up2021__647577,1500,kodhara naubarar,Baliya,Murli Chappa,Kodhara Naubarar,190094,50062,1500,korrha naubarar,Ballia,Murlichhapra,Korrha Naubarar,30668,0.8536507936507938,0.8536507936507938,,,,
up2021__637570,1500,sonawarsa,Baliya,Murli Chappa,Sonawarsa,190096,50070,1500,sonbarsa,Ballia,Murlichhapra,Sonbarsa,53700,0.8856481481481482,0.8856481481481482,,,,
up2021__617541,1500,kodraha uparwar,Baliya,Murli Chappa,Kodraha Uparwar,190100,50063,1500,korrha uparwar,Ballia,Murlichhapra,Korrha Uparwar,30669,0.8633455433455434,0.8633455433455434,,,,
up2021__619840,1504,baswan,Baliya,Rasra,"Baswan,",190113,50253,1504,beswan,Ballia,Rasra,Beswan,8211,0.9,0.9,,,,
up2021__590023,1504,rasda baahari,Baliya,Rasra,RasDa Baahari,190143,50297,1504,rasra bahadi,Ballia,Rasra,Rasra Bahadi,47119,0.8839316239316239,0.8839316239316239,,,,
up2021__539537,1504,ramanagara urf basnahee,Baliya,Rasra,Ramanagara Urf Basnahee,190174,50295,1504,ramnagar urf basnahi,Ballia,Rasra,Ramnagar Urf Basnahi,46200,0.8617887109077039,0.8617887109077039,,,,
up2021__678986,1505,winha,Baliya,Revti,Winha,190200,274385,1505,vinha,Ballia,Reoti,Vinha,57428,0.8666666666666667,0.8666666666666667,,,,
up2021__628021,1505,hussainabad,Baliya,Revti,Hussainabad,190205,50329,1505,husenabad,Ballia,Reoti,Husenabad,22493,0.852104377104377,0.852104377104377,,,,
up2021__679779,1505,dumariya,Baliya,Revti,Dumariya,190209,50323,1505,dumeria,Ballia,Reoti,Dumeria,17286,0.8694444444444446,0.8694444444444446,,,,
up2021__651021,1505,rekhahanurpur,Baliya,Revti,Rekhahanurpur,190224,274392,1505,rakhaha nurpur,Ballia,Reoti,Rakhaha Nurpur,45875,0.884065934065934,0.884065934065934,,,,
up2021__604050,1506,bhadoratarchhapar,Baliya,Sier,Bhadoratarchhapar,190241,50362,1506,bhadaura tarchhapar,Ballia,Siar,Bhadaura Tarchhapar,8329,0.8941563467492261,0.8941563467492261,,,,
up2021__542587,1506,patoee,Baliya,Sier,patoee,190255,50406,1506,patoi,Ballia,Siar,Patoi,43329,0.8933333333333334,0.8933333333333334,,,,
up2021__588479,1506,khandrapur,Baliya,Sier,Khandrapur,190266,50385,1506,kandharapur,Ballia,Siar,Kandharapur,26518,0.8827272727272728,0.8827272727272728,,,,
up2021__549145,1506,malda,Baliya,Sier,Malda,190282,50397,1506,malera,Ballia,Siar,Malera,34880,0.8755555555555556,0.8755555555555556,,,,
up2021__501144,1506,satuhadee,Baliya,Sier,SatuhaDee,190292,50414,1506,satuhari,Ballia,Siar,Satuhari,50724,0.8833333333333333,0.8833333333333333,,,,
up2021__555184,1506,samaushuddinpur,Baliya,Sier,Samaushuddīnpur,190296,50411,1506,samsuddinpur,Ballia,Siar,Samsuddinpur,49500,0.895,0.895,,,,
up2021__556525,1506,pashuhadee,Baliya,Sier,Pashuhadee,190297,50404,1506,pashu hari,Ballia,Siar,Pashu Hari,43049,0.88,0.88,,,,
up2021__657800,1506,vithua,Baliya,Sier,Vithua,190305,50368,1506,bithua,Ballia,Siar,Bithua,11485,0.888888888888889,0.888888888888889,,,,
up2021__477297,1506,mishrauli,Baliya,Sier,Mishrauli,190308,50398,1506,misrooli,Ballia,Siar,Misrooli,36965,0.8638888888888888,0.8638888888888888,,,,
up2021__1291682,1507,amaw,Baliya,Sohaon,Amaw,190347,50429,1507,amao,Ballia,Sohanv,Amao,1556,0.8833333333333334,0.8833333333333334,,,,
up2021__691371,1507,kaaro,Baliya,Sohaon,Kaaro,190365,50445,1507,karown,Ballia,Sohanv,Karown,27336,0.8577777777777779,0.8577777777777779,,,,
up2021__685722,1507,usaroli,Baliya,Sohaon,Usaroli,190373,272583,1507,usrauli,Ballia,Sohanv,Usrauli,57140,0.8793650793650793,0.8793650793650793,,,,
up2021__645928,1507,khamirpurdih,Baliya,Sohaon,Khamirpurdih,190376,272586,1507,khameerpur deeh,Ballia,Sohanv,Khameerpur Deeh,28754,0.9,0.9,,,,
up2021__641665,1498,pakdi w o,Baliya,Hanumanganj,Pakdi W O,190440,272670,1498,pakadi,Ballia,Hanumanganj,Pakadi,41763,0.8574074074074074,0.8574074074074074,,,,
up2021__664895,1498,paramandapur,Baliya,Hanumanganj,Paramandapur,190443,50000,1498,permandapur,Ballia,Hanumanganj,Permandapur,43586,0.8627272727272728,0.8627272727272728,,,,
up2021__875329,1562,mazha,Basti,Kaptaiganj,Mazha,190457,54210,1562,majha,Basti,Kaptanganj,Majha,34439,0.8933333333333333,0.8933333333333333,,,,
up2021__881385,1562,naykapat,Basti,Kaptaiganj,Naykapat,190461,54217,1562,nayak para,Basti,Kaptanganj,Nayak Para,40276,0.8674999999999999,0.8674999999999999,,,,
up2021__736774,1562,marwatia tiwari,Basti,Kaptaiganj,Marwatia Tiwari,190491,54212,1562,marvariya tiwari,Basti,Kaptanganj,Marvariya Tiwari,35848,0.889241452991453,0.889241452991453,,,,
up2021__909087,1563,gonar,Basti,Kudrah,Gonar,190501,54266,1563,gunar,Basti,Kudaraha,Gunar,20693,0.88,0.88,,,,
up2021__913525,1563,jibiyaanv,Basti,Kudrah,Jibiyaanv,190513,54270,1563,jibhiyao,Basti,Kudaraha,Jibhiyao,24954,0.8638888888888888,0.8638888888888888,,,,
up2021__928523,1563,tegariharaaja,Basti,Kudrah,Tegariharaaja,190514,54301,1563,tengariya raja,Basti,Kudaraha,Tengariya Raja,55442,0.8775890775890776,0.8775890775890776,,,,
up2021__811658,1563,dihukpura urf shuklapara,Basti,Kudrah,Dihukpura Urf Shuklapara,190516,54259,1563,dihpura urf sukla pura,Basti,Kudaraha,Dihpura Urf Sukla Pura,16681,0.8602272727272728,0.8602272727272728,,,,
up2021__897132,1563,madhavpur,Basti,Kudrah,Madhavpur,190522,54238,1563,madopur,Basti,Kudaraha,Madopur,33460,0.888888888888889,0.888888888888889,,,,
up2021__924754,1563,waghi,Basti,Kudrah,Waghi,190526,54239,1563,baghi,Basti,Kudaraha,Baghi,3975,0.8666666666666667,0.8666666666666667,,,,
up2021__883310,1563,warighat,Basti,Kudrah,Warighat,190530,54244,1563,bari ghat,Basti,Kudaraha,Bari Ghat,6571,0.8842592592592592,0.8842592592592592,,,,
up2021__835863,1563,baidari ehtamali,Basti,Kudrah,Baidari Ehtamali,190531,54241,1563,bairari ahatmali,Basti,Kudaraha,Bairari Ahatmali,4622,0.8916666666666667,0.8916666666666667,,,,
up2021__930134,1563,mahuapaar kala,Basti,Kudrah,Mahuapaar Kala,190539,54278,1563,mahuwapur kalan,Basti,Kudaraha,Mahuwapur Kalan,34290,0.8814285714285713,0.8814285714285713,,,,
up2021__925530,1563,pasada,Basti,Kudrah,Pasada,190552,54288,1563,pasra,Basti,Kudaraha,Pasra,43072,0.8755555555555556,0.8755555555555556,,,,
up2021__898641,1563,sasi pandit,Basti,Kudrah,Sasi Pandit,190554,54298,1563,sisai pandit,Basti,Kudaraha,Sisai Pandit,53299,0.8659090909090909,0.8659090909090909,,,,
up2021__832313,1563,turakaulia,Basti,Kudrah,Turakaulia,190558,54304,1563,turkaulia,Basti,Kudaraha,Turkaulia,56395,0.8988888888888888,0.8988888888888888,,,,
up2021__844368,1563,dofda,Basti,Kudrah,Dofda,190559,54260,1563,dofara,Basti,Kudaraha,Dofara,16866,0.8755555555555556,0.8755555555555556,,,,
up2021__773261,1563,mishrauliya,Basti,Kudrah,Mishrauliya,190562,54283,1563,mishroulia,Basti,Kudaraha,Mishroulia,36931,0.8991919191919192,0.8991919191919192,,,,
up2021__876681,1560,gour,Basti,Gour,Gour,190575,54039,1560,gaur,Basti,Gaur,Gaur,19084,0.8500000000000001,0.8500000000000001,,,,
up2021__908628,1560,budhaua,Basti,Gour,Budhaua,190589,54028,1560,budhoowa,Basti,Gaur,Budhoowa,11746,0.8678571428571429,0.8678571428571429,,,,
up2021__909986,1560,musaharbahepeda,Basti,Gour,Musaharbahepeda,190627,54067,1560,musha braha pada,Basti,Gaur,Musha Braha Pada,38288,0.8533440170940171,0.8533440170940171,,,,
up2021__910818,1560,kaligdha,Basti,Gour,Kaligdha,190629,54048,1560,kaligara,Basti,Gaur,Kaligara,26033,0.9,0.9,,,,
up2021__916207,1560,mudilwa,Basti,Gour,Mudilwa,190643,54066,1560,mundulwa,Basti,Gaur,Mundulwa,38051,0.8952380952380953,0.8952380952380953,,,,
up2021__857726,1560,mazhouwa chaube,Basti,Gour,Mazhouwa Chaube,190645,54062,1560,majhauwa chaubey,Basti,Gaur,Majhauwa Chaubey,34500,0.8529059829059829,0.8529059829059829,,,,
up2021__910347,1560,tenuichetsih,Basti,Gour,TenuiChetsih,190646,54092,1560,tendai chet singh,Basti,Gaur,Tendai Chet Singh,55376,0.898202614379085,0.898202614379085,,,,
up2021__892618,1560,hardi,Basti,Gour,Hardi,190648,54044,1560,hardi khas,Basti,Gaur,Hardi Khas,21399,0.9,0.9,,,,
up2021__816987,1560,damruwajagal,Basti,Gour,Damruwajagal,190654,54034,1560,damarua jangal,Basti,Gaur,Damarua Jangal,14328,0.8669191919191919,0.8669191919191919,,,,
up2021__895084,1560,ainpur,Basti,Gour,Ainpur,190662,54003,1560,aenpur,Basti,Gaur,Aenpur,338,0.9,0.9,,,,
up2021__910857,1560,paukolia mu0,Basti,Gour,Paukolia Mu0,190663,54070,1560,pakoliya muslim,Basti,Gaur,Pakoliya Muslim,41881,0.8666666666666667,0.8666666666666667,,,,
up2021__866090,1560,nartheri,Basti,Gour,Nartheri,190672,54022,1560,narkhari,Basti,Gaur,Narkhari,39691,0.8833333333333334,0.8833333333333334,,,,
up2021__914388,1559,pakdi chauhan,Basti,Dubaulia,Pakdi Chauhan,190701,53982,1559,pakari chauhan,Basti,Dubauliya,Pakari Chauhan,41818,0.8709401709401708,0.8709401709401708,,,,
up2021__715951,1559,fersahan,Basti,Dubaulia,Fersahan,190704,53984,1559,phersahan,Basti,Dubauliya,Phersahan,43648,0.8842592592592592,0.8842592592592592,,,,
up2021__762142,1559,digrapur mu,Basti,Dubaulia,Digrapur Mu,190713,53967,1559,dingrapur mustahkam,Basti,Dubauliya,Dingrapur Mustahkam,16765,0.887719298245614,0.887719298245614,,,,
up2021__754699,1559,kewadi mu0,Basti,Dubaulia,Kewadi Mu0,190721,53975,1559,kewadi mustahkam,Basti,Dubauliya,Kewadi Mustahkam,28269,0.8925,0.8925,,,,
up2021__811028,1559,baradia lohar,Basti,Dubaulia,Baradia Lohar,190727,53954,1559,bardiya lohar,Basti,Dubauliya,Bardiya Lohar,6329,0.8863247863247864,0.8863247863247864,,,,
up2021__747629,1559,hangapur,Basti,Dubaulia,hangapur,190731,53973,1559,hengapur,Basti,Dubauliya,Hengapur,22164,0.8821428571428571,0.8821428571428571,,,,
up2021__747134,1559,suubarha,Basti,Dubaulia,Suubarha,190734,267875,1559,suaraha,Basti,Dubauliya,Suaraha,53928,0.8507936507936509,0.8507936507936509,,,,
up2021__1543679,1564,achraul,Basti,Parsrampur,Achraul,190746,54306,1564,acharwal,Basti,Paras Rampur,Acharwal,189,0.8694444444444446,0.8694444444444446,,,,
up2021__1489678,1564,jamoulia pandey,Basti,Parsrampur,Jamoulia Pandey,190752,267818,1564,jamauliya pandey,Basti,Paras Rampur,Jamauliya Pandey,24021,0.8719444444444445,0.8719444444444445,,,,
up2021__1456227,1564,hyderabad,Basti,Parsrampur,Hyderabad,190777,54333,1564,haidrabad,Basti,Paras Rampur,Haidrabad,21017,0.8666666666666666,0.8666666666666666,,,,
up2021__1495369,1564,itwa,Basti,Parsrampur,Itwa,190789,54336,1564,itawa,Basti,Paras Rampur,Itawa,23056,0.88,0.88,,,,
up2021__949778,1564,hari gram,Basti,Parsrampur,Hari Gram,190806,54334,1564,harigaon,Basti,Paras Rampur,Harigaon,21492,0.8833333333333333,0.8833333333333333,,,,
up2021__1543961,1564,pikoura bhat,Basti,Parsrampur,Pikoura Bhat,190809,54370,1564,pikaura bhat,Basti,Paras Rampur,Pikaura Bhat,43769,0.8974747474747474,0.8974747474747474,,,,
up2021__957537,1564,ragghupur,Basti,Parsrampur,Ragghupur,190826,54372,1564,raghoopur,Basti,Paras Rampur,Raghoopur,45142,0.8629629629629629,0.8629629629629629,,,,
up2021__782675,1557,devmi,Basti,Bankati,Devmi,190856,53805,1557,dewami,Basti,Bankati,Dewami,15506,0.8577777777777779,0.8577777777777779,,,,
up2021__843670,1557,makdumupur,Basti,Bankati,Makdumupur,190870,53836,1557,makdoompur,Basti,Bankati,Makdoompur,34685,0.895,0.895,,,,
up2021__784076,1557,mehda,Basti,Bankati,Mehda,190884,53839,1557,mehara,Basti,Bankati,Mehara,36485,0.8755555555555556,0.8755555555555556,,,,
up2021__739201,1557,hargaiya,Basti,Bankati,Hargaiya,190890,53814,1557,harriya,Basti,Bankati,Harriya,21738,0.8694444444444446,0.8694444444444446,,,,
up2021__734938,1557,nagara baudihar,Basti,Bankati,Nagara Baudihar,190896,53842,1557,nagra boadihar,Basti,Bankati,Nagra Boadihar,38992,0.8804273504273504,0.8804273504273504,,,,
up2021__863517,1557,khajui urf basgaon,Basti,Bankati,Khajui Urf Basgaon,190902,53824,1557,khajuriya urf basgaw,Basti,Bankati,Khajuriya Urf Basgaw,28625,0.8752777777777778,0.8752777777777778,,,,
up2021__850313,1557,khadauha,Basti,Bankati,Khadauha,190911,53827,1557,kharaoha,Basti,Bankati,Kharaoha,29084,0.8833333333333334,0.8833333333333334,,,,
up2021__877606,1557,daddwakachi,Basti,Bankati,Daddwakachi,190912,53800,1557,dadawa kanchi,Basti,Bankati,Dadawa Kanchi,14034,0.8782750582750583,0.8782750582750583,,,,
up2021__890660,1558,bhoop alpur,Basti,Basti Sadar,Bhoop alpur,190941,266623,1558,bhupalpur,Basti,Basti,Bhupalpur,10473,0.8976430976430976,0.8976430976430976,,,,
up2021__813150,1558,marha,Basti,Basti Sadar,Marha,190948,53919,1558,mandha,Basti,Basti,Mandha,35196,0.8577777777777779,0.8577777777777779,,,,
up2021__823184,1558,bhuaraniyajanpur,Basti,Basti Sadar,Bhuaraniyajanpur,190958,53938,1558,bhuar sarai,Basti,Basti,Bhuar Sarai,10378,0.8539141414141415,0.8539141414141415,,,,
up2021__858617,1558,bhaisinya,Basti,Basti Sadar,Bhaisinya,190963,53877,1558,bhashiya,Basti,Basti,Bhashiya,9324,0.8856481481481482,0.8856481481481482,,,,
up2021__696014,1558,chamrauha siyarapar,Basti,Basti Sadar,Chamrauha Siyarapar,190964,53883,1558,charoha sirapar,Basti,Basti,Charoha Sirapar,12867,0.856374269005848,0.856374269005848,,,,
up2021__687750,1558,didouha,Basti,Basti Sadar,Didouha,190975,53890,1558,didauwa,Basti,Basti,Didauwa,16607,0.8666666666666668,0.8666666666666668,,,,
up2021__866653,1558,susipar,Basti,Basti Sadar,Susipar,190989,53944,1558,soosipar,Basti,Basti,Soosipar,53857,0.8821428571428571,0.8821428571428571,,,,
up2021__862054,1558,mahso,Basti,Basti Sadar,mahso,190993,53917,1558,mahso khas,Basti,Basti,Mahso Khas,34117,0.9,0.9,,,,
up2021__901347,1558,kataraburjugi,Basti,Basti Sadar,Kataraburjugi,191000,53907,1558,katra buzurg,Basti,Basti,Katra Buzurg,27896,0.8605982905982907,0.8605982905982907,,,,
up2021__758626,1558,sikarapathan,Basti,Basti Sadar,SikarApathAn,191005,53941,1558,sikra pathan,Basti,Basti,Sikra Pathan,52718,0.8974747474747474,0.8974747474747474,,,,
up2021__836169,1558,barsaav,Basti,Basti Sadar,Barsaav,191011,53870,1558,barsaon,Basti,Basti,Barsaon,6805,0.8857142857142858,0.8857142857142858,,,,
up2021__801719,1558,tadijyot,Basti,Basti Sadar,Tadijyot,191016,53946,1558,tarijot,Basti,Basti,Tarijot,55122,0.8952380952380953,0.8952380952380953,,,,
up2021__821810,1558,jamdih shukla,Basti,Basti Sadar,Jamdih Shukla,191027,266431,1558,zaamdeeh shukla,Basti,Basti,Zaamdeeh Shukla,57662,0.8598290598290598,0.8598290598290598,,,,
up2021__811275,1558,jamrao,Basti,Basti Sadar,Jamrao,191033,266467,1558,zamrao,Basti,Basti,Zamrao,57686,0.888888888888889,0.888888888888889,,,,
up2021__857361,1558,pandaydih,Basti,Basti Sadar,Pandaydih,191036,266478,1558,pandeydeeh,Basti,Basti,Pandeydeeh,42204,0.8955555555555555,0.8955555555555555,,,,
up2021__877421,1558,gauura dwitiya,Basti,Basti Sadar,Gauura Dwitiya,191038,53896,1558,gaura,Basti,Basti,Gaura,19092,0.85,0.85,,,,
up2021__795624,1558,naroli,Basti,Basti Sadar,Naroli,191040,266620,1558,narauli,Basti,Basti,Narauli,39492,0.8944444444444445,0.8944444444444445,,,,
up2021__749618,1556,nevarigada kusraut,Basti,Bahadurpur,Nevarigada Kusraut,191044,53759,1556,nevree gana kusraut,Basti,Bahadurpur,Nevree Gana Kusraut,40437,0.8653216374269005,0.8653216374269005,,,,
up2021__843915,1556,bhediha,Basti,Bahadurpur,Bhediha,191053,53717,1556,bheriya,Basti,Bahadurpur,Bheriya,9821,0.8666666666666668,0.8666666666666668,,,,
up2021__888658,1556,khadouajat,Basti,Bahadurpur,Khadouajat,191072,53745,1556,khrauwajat,Basti,Bahadurpur,Khrauwajat,29811,0.8933333333333333,0.8933333333333333,,,,
up2021__819509,1556,nawli,Basti,Bahadurpur,Nawli,191083,53758,1556,nauli,Basti,Bahadurpur,Nauli,40023,0.8933333333333333,0.8933333333333333,,,,
up2021__815426,1556,padri,Basti,Bahadurpur,Padri,191086,53763,1556,parari,Basti,Bahadurpur,Parari,42447,0.8577777777777779,0.8577777777777779,,,,
up2021__873546,1556,madan,Basti,Bahadurpur,Madan,191091,53754,1556,maran,Basti,Bahadurpur,Maran,35714,0.8933333333333333,0.8933333333333333,,,,
up2021__887772,1556,phoolpur,Basti,Bahadurpur,Phoolpur,191096,53727,1556,foolpur,Basti,Bahadurpur,Foolpur,18055,0.8690476190476191,0.8690476190476191,,,,
up2021__866732,1556,kachure,Basti,Bahadurpur,Kachure,191105,53734,1556,kachoor,Basti,Bahadurpur,Kachoor,25480,0.8857142857142858,0.8857142857142858,,,,
up2021__856878,1556,karahli khurd,Basti,Bahadurpur,Karahli Khurd,191115,267519,1556,karhali buzurg,Basti,Bahadurpur,Karhali Buzurg,27107,0.8561538461538462,0.8561538461538462,,,,
up2021__749284,1556,agai bhagar,Basti,Bahadurpur,Agai Bhagar,191126,53706,1556,agaee bhagan,Basti,Bahadurpur,Agaee Bhagan,365,0.8992424242424243,0.8992424242424243,,,,
up2021__1538767,1569,roopgarh,Basti,Bikramjot,Roopgarh,191128,54741,1569,rupgarh,Basti,Vikram Jot,Rupgarh,48098,0.8821428571428571,0.8821428571428571,,,,
up2021__1538954,1569,bhabharauli,Basti,Bikramjot,Bhabharauli,191130,54690,1569,babhrauli,Basti,Vikram Jot,Babhrauli,3374,0.8787878787878789,0.8787878787878789,,,,
up2021__1540037,1569,natwa,Basti,Bikramjot,Natwa,191137,54731,1569,natauwa,Basti,Vikram Jot,Natauwa,39888,0.8866666666666667,0.8866666666666667,,,,
up2021__1537877,1569,dahda misra,Basti,Bikramjot,Dahda Misra,191140,54698,1569,daharha misra,Basti,Vikram Jot,Daharha Misra,14129,0.854941724941725,0.854941724941725,,,,
up2021__1539159,1569,ferenda,Basti,Bikramjot,Ferenda,191142,54729,1569,farenda,Basti,Vikram Jot,Farenda,17676,0.8642857142857143,0.8642857142857143,,,,
up2021__1539438,1569,kaulpur,Basti,Bikramjot,Kaulpur,191163,54715,1569,kewalpur,Basti,Vikram Jot,Kewalpur,28280,0.8821428571428571,0.8821428571428571,,,,
up2021__737335,1569,chatouna,Basti,Bikramjot,Chatouna,191166,54697,1569,chhitauna,Basti,Vikram Jot,Chhitauna,13476,0.8693121693121693,0.8693121693121693,,,,
up2021__1538748,1569,ataraura jham,Basti,Bikramjot,Ataraura Jham,191175,54687,1569,atraura jham,Basti,Vikram Jot,Atraura Jham,2965,0.8905982905982907,0.8905982905982907,,,,
up2021__1538982,1569,souri,Basti,Bikramjot,Souri,191176,54742,1569,sauri,Basti,Vikram Jot,Sauri,50783,0.88,0.88,,,,
up2021__1542182,1569,amodia,Basti,Bikramjot,Amodia,191178,54686,1569,amodha khas,Basti,Vikram Jot,Amodha Khas,1875,0.8575757575757575,0.8575757575757575,,,,
up2021__1542441,1569,bhabnagawa,Basti,Bikramjot,Bhabnagawa,191184,54689,1569,babhan ganwa,Basti,Vikram Jot,Babhan Ganwa,3301,0.8900000000000001,0.8900000000000001,,,,
up2021__726354,1569,siktaha pandey,Basti,Bikramjot,Siktaha Pandey,191188,54746,1569,sikaaha panday,Basti,Vikram Jot,Sikaaha Panday,52547,0.8944444444444445,0.8944444444444445,,,,
up2021__748939,1565,gadapurchak,Basti,Ramnagar,Gadapurchak,191211,54413,1565,gadahpur chak agya,Basti,Ramnagar,Gadahpur Chak Agya,18108,0.8858585858585859,0.8858585858585859,,,,
up2021__865779,1565,aasanhara,Basti,Ramnagar,Aasanhara,191217,54391,1565,asnahara,Basti,Ramnagar,Asnahara,2689,0.8541666666666666,0.8541666666666666,,,,
up2021__810613,1565,nakathar,Basti,Ramnagar,Nakathar,191227,54434,1565,nakdhar,Basti,Ramnagar,Nakdhar,39196,0.8694444444444446,0.8694444444444446,,,,
up2021__787221,1565,mazharibazar,Basti,Ramnagar,Mazharibazar,191253,54433,1565,manjharia bazar,Basti,Ramnagar,Manjharia Bazar,35468,0.8581818181818182,0.8581818181818182,,,,
up2021__739765,1565,manoudhi,Basti,Ramnagar,Manoudhi,191256,54432,1565,manauthi,Basti,Ramnagar,Manauthi,35139,0.8833333333333334,0.8833333333333334,,,,
up2021__805965,1565,maulani sahab wajid,Basti,Ramnagar,Maulani Sahab Wajid,191257,54429,1565,mailan saheb wajid,Basti,Ramnagar,Mailan Saheb Wajid,34358,0.894369911707373,0.894369911707373,,,,
up2021__773874,1565,sheikhapurchik dostmohammad,Basti,Ramnagar,Sheikhapurchik Dostmohammad,191262,54451,1565,shekhapur chak dost mohammad,Basti,Ramnagar,Shekhapur Chak Dost Mohammad,51867,0.8923827160493827,0.8923827160493827,,,,
up2021__689757,1565,badogi,Basti,Ramnagar,Badogi,191278,267832,1565,badaugi,Basti,Ramnagar,Badaugi,3597,0.8944444444444445,0.8944444444444445,,,,
up2021__732552,1565,asureyna,Basti,Ramnagar,Asureyna,191284,267841,1565,asuraina,Basti,Ramnagar,Asuraina,2761,0.8666666666666667,0.8666666666666667,,,,
up2021__913962,1566,kohara,Basti,Raudhauli,Kohara,191291,54494,1566,kohera,Basti,Rudauli,Kohera,30369,0.8755555555555556,0.8755555555555556,,,,
up2021__811577,1566,athdeuwa,Basti,Raudhauli,Athdeuwa,191294,54460,1566,athdeora,Basti,Rudauli,Athdeora,2899,0.9,0.9,,,,
up2021__907592,1566,dradwa pandey,Basti,Raudhauli,Dradwa Pandey,191324,54476,1566,dandwapanday,Basti,Rudauli,Dandwapanday,14414,0.8807692307692307,0.8807692307692307,,,,
up2021__765701,1566,rayath,Basti,Raudhauli,Rayath,191329,54515,1566,raitha,Basti,Rudauli,Raitha,45531,0.8577777777777779,0.8577777777777779,,,,
up2021__906590,1566,kurhi,Basti,Raudhauli,Kurhi,191330,54495,1566,kudhi,Basti,Rudauli,Kudhi,31029,0.8933333333333333,0.8933333333333333,,,,
up2021__930289,1566,majhua kala,Basti,Raudhauli,Majhua Kala,191345,54498,1566,majhoun kalan,Basti,Rudauli,Majhoun Kalan,34611,0.8956643356643357,0.8956643356643357,,,,
up2021__702408,1567,umrakhas,Basti,Saltoya Gopalpur,Umrakhas,191373,54609,1567,umara khas,Basti,Saltaua Gopal Pur,Umara Khas,56762,0.88,0.88,,,,
up2021__761036,1567,ekadegawa,Basti,Saltoya Gopalpur,Ekadegawa,191374,54552,1567,ekdengwa,Basti,Saltaua Gopal Pur,Ekdengwa,17463,0.8693121693121693,0.8693121693121693,,,,
up2021__767460,1567,sihaura,Basti,Saltoya Gopalpur,Sihaura,191381,54603,1567,sihawara,Basti,Saltaua Gopal Pur,Sihawara,52506,0.8880952380952382,0.8880952380952382,,,,
up2021__846213,1567,rengi,Basti,Saltoya Gopalpur,Rengi,191387,54594,1567,rengee,Basti,Saltaua Gopal Pur,Rengee,47648,0.8933333333333334,0.8933333333333334,,,,
up2021__861935,1567,roodrapur,Basti,Saltoya Gopalpur,Roodrapur,191388,54595,1567,rudrapur,Basti,Saltaua Gopal Pur,Rudrapur,47997,0.8958333333333333,0.8958333333333333,,,,
up2021__918792,1567,basaanpaar,Basti,Saltoya Gopalpur,BasaaNpaar,191425,54538,1567,bansapar,Basti,Saltaua Gopal Pur,Bansapar,5740,0.88,0.88,,,,
up2021__900145,1567,aama dwiteeya,Basti,Saltoya Gopalpur,Aama Dwiteeya,191430,267887,1567,aama ist,Basti,Saltaua Gopal Pur,Aama Ist,29,0.8826923076923077,0.8826923076923077,,,,
up2021__899501,1567,ajaigwaajgal,Basti,Saltoya Gopalpur,Ajaigwaajgal,191431,54531,1567,ajgaiba jangal,Basti,Saltaua Gopal Pur,Ajgaiba Jangal,821,0.8721500721500721,0.8721500721500721,,,,
up2021__897772,1567,sadiklap,Basti,Saltoya Gopalpur,Sadiklap,191433,54598,1567,sari kalp,Basti,Saltaua Gopal Pur,Sari Kalp,50389,0.8693121693121693,0.8693121693121693,,,,
up2021__900520,1567,betouha,Basti,Saltoya Gopalpur,Betouha,191434,54544,1567,betahua,Basti,Saltaua Gopal Pur,Betahua,8213,0.8944444444444445,0.8944444444444445,,,,
up2021__692927,1567,madhavaapur pratham,Basti,Saltoya Gopalpur,Madhavaapur Pratham,191441,268401,1567,madhwapur 1st,Basti,Saltaua Gopal Pur,Madhwapur 1st,33427,0.8591093117408907,0.8591093117408907,,,,
up2021__853680,1567,pakdee choubey,Basti,Saltoya Gopalpur,Pakdee Choubey,191445,267874,1567,pakadi chaubey,Basti,Saltaua Gopal Pur,Pakadi Chaubey,41769,0.9,0.9,,,,
up2021__902420,1567,sadihichha,Basti,Saltoya Gopalpur,Sadihichha,191455,267957,1567,sari hichchha,Basti,Saltaua Gopal Pur,Sari Hichchha,50387,0.8912820512820513,0.8912820512820513,,,,
up2021__931346,1568,majhwa,Basti,Saoraghat,Majhwa,191463,54653,1568,majhoameer,Basti,Sau Ghat,Majhoameer,34592,0.8666666666666667,0.8666666666666667,,,,
up2021__881804,1568,gaukhor,Basti,Saoraghat,Gaukhor,191467,54630,1568,gaookhor,Basti,Sau Ghat,Gaookhor,18818,0.8507936507936509,0.8507936507936509,,,,
up2021__726993,1568,barwa,Basti,Saoraghat,Barwa,191480,54619,1568,berwa,Basti,Sau Ghat,Berwa,8196,0.88,0.88,,,,
up2021__704940,1568,sabdeiya kala,Basti,Saoraghat,Sabdeiya Kala,191483,54679,1568,subdeiyakla,Basti,Sau Ghat,Subdeiyakla,53938,0.8734965034965034,0.8734965034965034,,,,
up2021__783957,1568,majhuwajagat,Basti,Saoraghat,Majhuwajagat,191486,54652,1568,majhaua jagat,Basti,Sau Ghat,Majhaua Jagat,34479,0.8980186480186481,0.8980186480186481,,,,
up2021__786975,1568,keshavara,Basti,Saoraghat,Keshavara,191491,54640,1568,keswara,Basti,Sau Ghat,Keswara,28251,0.85,0.85,,,,
up2021__700307,1568,vyotara,Basti,Saoraghat,Vyotara,191497,54683,1568,vyuthara,Basti,Sau Ghat,Vyuthara,57543,0.8952380952380953,0.8952380952380953,,,,
up2021__913172,1568,muzehana,Basti,Saoraghat,Muzehana,191516,54657,1568,mujhana,Basti,Sau Ghat,Mujhana,37845,0.8952380952380953,0.8952380952380953,,,,
up2021__873785,1568,moodadiha,Basti,Saoraghat,Moodadiha,191528,54656,1568,mudadiha,Basti,Sau Ghat,Mudadiha,37652,0.8958333333333333,0.8958333333333333,,,,
up2021__806535,1568,kaseela,Basti,Saoraghat,Kaseela,191540,266808,1568,kasaila,Basti,Sau Ghat,Kasaila,27417,0.8666666666666668,0.8666666666666668,,,,
up2021__813061,1561,ghazipur,Basti,Hargaiya,Ghazipur,191564,54120,1561,gajipur,Basti,Harraiya,Gajipur,18422,0.8821428571428571,0.8821428571428571,,,,
up2021__800984,1561,diwakarpur,Basti,Hargaiya,Diwakarpur,191565,54118,1561,divakerpur,Basti,Harraiya,Divakerpur,16808,0.8933333333333333,0.8933333333333333,,,,
up2021__767921,1561,majgawa,Basti,Hargaiya,Majgawa,191571,54143,1561,majhgavan,Basti,Harraiya,Majhgavan,34530,0.888888888888889,0.888888888888889,,,,
up2021__712690,1561,kauwadaad,Basti,Hargaiya,Kauwadaad,191589,54128,1561,kauadar,Basti,Harraiya,Kauadar,27967,0.888888888888889,0.888888888888889,,,,
up2021__786864,1561,badaria kuwar,Basti,Hargaiya,Badaria Kuwar,191604,54098,1561,baderiya kuwar,Basti,Harraiya,Baderiya Kuwar,3637,0.8709401709401708,0.8709401709401708,,,,
up2021__754529,1561,sarraiya tiwari,Basti,Hargaiya,Sarraiya Tiwari,191607,54168,1561,sariya tiyari,Basti,Harraiya,Sariya Tiyari,50414,0.8770512820512821,0.8770512820512821,,,,
up2021__812081,1561,basdewakubar,Basti,Hargaiya,Basdewakubar,191610,54103,1561,basdeo kunwar,Basti,Harraiya,Basdeo Kunwar,7163,0.8805128205128206,0.8805128205128206,,,,
up2021__795266,1561,majhwa kuwar,Basti,Hargaiya,Majhwa Kuwar,191619,266962,1561,majhaowakuwar,Basti,Harraiya,Majhaowakuwar,34454,0.8980186480186481,0.8980186480186481,,,,
up2021__748402,1561,sukarauli chaudhary,Basti,Hargaiya,Sukarauli Chaudhary,191620,266974,1561,sukrauli chaudhri,Basti,Harraiya,Sukrauli Chaudhri,54138,0.8910990712074304,0.8910990712074304,,,,
up2021__748895,1561,amapandey,Basti,Hargaiya,Amapandey,191626,267040,1561,aama pandey,Basti,Harraiya,Aama Pandey,30,0.8787878787878789,0.8787878787878789,,,,
up2021__755944,1561,devayavaks pandey,Basti,Hargaiya,Devayavaks Pandey,191628,274165,1561,debyabaks pandey,Basti,Harraiya,Debyabaks Pandey,14974,0.8624649859943978,0.8624649859943978,,,,
up2021__938515,1481,kudoni,Bahraich,Kaiserganj,Kudoni,191650,49038,1481,kudauni,Bahraich,Kaisarganj,Kudauni,31007,0.8944444444444445,0.8944444444444445,,,,
up2021__753348,1481,chulumbha,Bahraich,Kaiserganj,Chulumbha,191651,49016,1481,chulamma,Bahraich,Kaisarganj,Chulamma,13908,0.8833333333333333,0.8833333333333333,,,,
up2021__691601,1481,satauli,Bahraich,Kaiserganj,Satauli,191654,49056,1481,sutauli,Bahraich,Kaisarganj,Sutauli,54612,0.8642857142857143,0.8642857142857143,,,,
up2021__752619,1481,kadsar bitaora,Bahraich,Kaiserganj,Kadsar Bitaora,191667,49035,1481,karsar betaura,Bahraich,Kaisarganj,Karsar Betaura,27365,0.8614718614718615,0.8614718614718615,,,,
up2021__749789,1481,barakhudwarapur,Bahraich,Kaiserganj,Barakhudwarapur,191668,49007,1481,barkhur dyarapur,Bahraich,Kaisarganj,Barkhur Dyarapur,6682,0.8712927350427351,0.8712927350427351,,,,
up2021__790012,1481,revli,Bahraich,Kaiserganj,Revli,191674,49050,1481,rewali,Bahraich,Kaisarganj,Rewali,47692,0.8577777777777779,0.8577777777777779,,,,
up2021__738298,1481,karaila shahabazpur,Bahraich,Kaiserganj,Karaila Shahabazpur,191676,49034,1481,karela sahabajpur,Bahraich,Kaisarganj,Karela Sahabajpur,27079,0.8767595459236327,0.8767595459236327,,,,
up2021__918598,1481,haiderpur naubasta,Bahraich,Kaiserganj,Haiderpur Naubasta,191680,49026,1481,haidarpur nauvbasta,Bahraich,Kaisarganj,Haidarpur Nauvbasta,21005,0.8972480220158238,0.8972480220158238,,,,
up2021__788284,1481,bairakji,Bahraich,Kaiserganj,Bairakji,191686,49004,1481,baira qazi,Bahraich,Kaisarganj,Baira Qazi,4621,0.87,0.87,,,,
up2021__872451,1481,pacchhamba,Bahraich,Kaiserganj,Pacchhamba,191690,49045,1481,pachmbha,Bahraich,Kaisarganj,Pachmbha,41253,0.895,0.895,,,,
up2021__728428,1481,ituaa,Bahraich,Kaiserganj,Ituaa,191695,49029,1481,ituhua,Bahraich,Kaisarganj,Ituhua,23093,0.8755555555555556,0.8755555555555556,,,,
up2021__841136,1478,nauwwapatti,Bahraich,Chittaura,Nauwwapatti,191698,48841,1478,navva patti,Bahraich,Chitaura,Navva Patti,40160,0.8545454545454546,0.8545454545454546,,,,
up2021__863027,1478,bhojajoth,Bahraich,Chittaura,Bhojajoth,191714,48802,1478,bhoga jot,Bahraich,Chitaura,Bhoga Jot,10175,0.8629629629629629,0.8629629629629629,,,,
up2021__861154,1478,tediyaa,Bahraich,Chittaura,Tediyaa,191717,48858,1478,teriya,Bahraich,Chitaura,Teriya,55510,0.8793650793650793,0.8793650793650793,,,,
up2021__766995,1478,turhanirajzab,Bahraich,Chittaura,Turhanirajzab,191719,48859,1478,turhni rajjab,Bahraich,Chitaura,Turhni Rajjab,56378,0.8839160839160839,0.8839160839160839,,,,
up2021__778616,1478,samasatarhar,Bahraich,Chittaura,Samasatarhar,191722,48848,1478,samsa tarhar,Bahraich,Chitaura,Samsa Tarhar,49494,0.8974747474747474,0.8974747474747474,,,,
up2021__854351,1478,baghauda,Bahraich,Chittaura,Baghauda,191760,48794,1478,baghura,Bahraich,Chitaura,Baghura,4023,0.8880952380952382,0.8880952380952382,,,,
up2021__764793,1478,kamaliya,Bahraich,Chittaura,Kamaliya,191784,48826,1478,kamolia,Bahraich,Chitaura,Kamolia,26361,0.8694444444444446,0.8694444444444446,,,,
up2021__825091,1480,ramwapur raghuvir singh,Bahraich,Jarwal,Ramwapur Raghuvir Singh,191795,48988,1480,ramwapur,Bahraich,Jarwal,Ramwapur,46721,0.8695652173913043,0.8695652173913043,,,,
up2021__788786,1480,bholi,Bahraich,Jarwal,Bholi,191796,267317,1480,bhauli,Bahraich,Jarwal,Bhauli,9541,0.8577777777777779,0.8577777777777779,,,,
up2021__707942,1480,harna unaora,Bahraich,Jarwal,Harna Unaora,191799,48958,1480,harana unaura,Bahraich,Jarwal,Harana Unaura,21288,0.8598096348096348,0.8598096348096348,,,,
up2021__773019,1480,jayasinghapur,Bahraich,Jarwal,Jayasinghapur,191809,48963,1480,jaisinghpur,Bahraich,Jarwal,Jaisinghpur,23586,0.8875524475524476,0.8875524475524476,,,,
up2021__809456,1480,rewada,Bahraich,Jarwal,Rewada,191845,48991,1480,rewdha,Bahraich,Jarwal,Rewdha,47708,0.8755555555555556,0.8755555555555556,,,,
up2021__793157,1489,behtaa bhaaya,Bahraich,Tajwapur,Behtaa Bhaaya,191851,49518,1489,behat bhaya,Bahraich,Tajwapur,Behat Bhaya,7678,0.8792540792540793,0.8792540792540793,,,,
up2021__766364,1489,narhar gora,Bahraich,Tajwapur,Narhar Gora,191854,49554,1489,narahar gonda,Bahraich,Tajwapur,Narahar Gonda,39399,0.854941724941725,0.854941724941725,,,,
up2021__736643,1489,veer shahpur,Bahraich,Tajwapur,Veer Shahpur,191859,49523,1489,bir shahpur,Bahraich,Tajwapur,Bir Shahpur,11249,0.8560606060606061,0.8560606060606061,,,,
up2021__788127,1489,khamharia shukla,Bahraich,Tajwapur,Khamharia Shukla,191860,49546,1489,khmriha sukul,Bahraich,Tajwapur,Khmriha Sukul,29731,0.8683760683760684,0.8683760683760684,,,,
up2021__785265,1489,khambharia hardopatty,Bahraich,Tajwapur,Khambharia Hardopatty,191863,49544,1489,khamriya hardo patti,Bahraich,Tajwapur,Khamriya Hardo Patti,28796,0.8730812324929972,0.8730812324929972,,,,
up2021__919559,1489,dahaon,Bahraich,Tajwapur,Dahaon,191866,49528,1489,dahawa,Bahraich,Tajwapur,Dahawa,14141,0.8666666666666666,0.8666666666666666,,,,
up2021__716731,1489,basouna mafi,Bahraich,Tajwapur,Basouna Mafi,191891,49515,1489,basauna mafi,Bahraich,Tajwapur,Basauna Mafi,7134,0.8974747474747474,0.8974747474747474,,,,
up2021__868718,1489,sisae haiderpur,Bahraich,Tajwapur,Sisae Haiderpur,191905,49566,1489,sisai haidar,Bahraich,Tajwapur,Sisai Haidar,53293,0.86,0.86,,,,
up2021__850843,1489,shekdaher,Bahraich,Tajwapur,Shekdaher,191910,49564,1489,shekh dahir,Bahraich,Tajwapur,Shekh Dahir,51872,0.8982323232323232,0.8982323232323232,,,,
up2021__937343,1484,gavarakha,Bahraich,Nawabganj,Gavarakha,191921,49211,1484,gabarkha,Bahraich,Nawabganj,Gabarkha,18097,0.8693121693121693,0.8693121693121693,,,,
up2021__928347,1484,laxmanpur salarpur,Bahraich,Nawabganj,Laxmanpur Salarpur,191946,49227,1484,lakhamanpur salarpur,Bahraich,Nawabganj,Lakhamanpur Salarpur,32061,0.8667538126361656,0.8667538126361656,,,,
up2021__783652,1484,dewara,Bahraich,Nawabganj,Dewara,191971,49208,1484,dewera,Bahraich,Nawabganj,Dewera,15549,0.8755555555555556,0.8755555555555556,,,,
up2021__932457,1484,madhourpur nidona,Bahraich,Nawabganj,Madhourpur Nidona,191982,49229,1484,madhavpur nidauna,Bahraich,Nawabganj,Madhavpur Nidauna,33288,0.8579831932773109,0.8579831932773109,,,,
up2021__821538,1486,kului,Bahraich,Prayagpur,Kului,191993,266527,1486,kalui,Bahraich,Prayagpur,Kalui,26099,0.88,0.88,,,,
up2021__932639,1486,padi,Bahraich,Prayagpur,Padi,191998,49365,1486,paidi,Bahraich,Prayagpur,Paidi,41670,0.88,0.88,,,,
up2021__773678,1486,sevada,Bahraich,Prayagpur,Sevada,192013,49379,1486,sevdha,Bahraich,Prayagpur,Sevdha,51260,0.8755555555555556,0.8755555555555556,,,,
up2021__810719,1486,amadapur,Bahraich,Prayagpur,Amadapur,192032,49330,1486,amda pur,Bahraich,Prayagpur,Amda Pur,1733,0.8952380952380953,0.8952380952380953,,,,
up2021__878470,1486,sahasrawa,Bahraich,Prayagpur,Sahasrawa,192033,266540,1486,sahsrawan,Bahraich,Prayagpur,Sahsrawan,48650,0.8898148148148148,0.8898148148148148,,,,
up2021__875214,1486,udhrana thakurani,Bahraich,Prayagpur,Udhrana Thakurani,192053,266547,1486,udharana thakurain,Bahraich,Prayagpur,Udharana Thakurain,56586,0.890958605664488,0.890958605664488,,,,
up2021__916103,1485,terdwa mahant,Bahraich,Fakhrpur,Terdwa Mahant,192062,49327,1485,tendawa mahant,Bahraich,Phakharpur,Tendawa Mahant,55380,0.8747252747252747,0.8747252747252747,,,,
up2021__819670,1485,dauhora,Bahraich,Fakhrpur,Dauhora,192069,49275,1485,dahaura,Bahraich,Phakharpur,Dahaura,14139,0.8793650793650793,0.8793650793650793,,,,
up2021__785832,1485,singrau,Bahraich,Fakhrpur,Singrau,192072,49323,1485,singarao,Bahraich,Phakharpur,Singarao,52941,0.8880952380952382,0.8880952380952382,,,,
up2021__756736,1485,achauliya,Bahraich,Fakhrpur,Achauliya,192074,49253,1485,acholaya,Bahraich,Phakharpur,Acholaya,211,0.8856481481481482,0.8856481481481482,,,,
up2021__719889,1485,bhilorabasoo,Bahraich,Fakhrpur,Bhilorabasoo,192077,49270,1485,bhilaura baso,Bahraich,Phakharpur,Bhilaura Baso,9960,0.8805128205128206,0.8805128205128206,,,,
up2021__767541,1485,bhilorakaji,Bahraich,Fakhrpur,Bhilorakaji,192083,49271,1485,bhilaura kaji,Bahraich,Phakharpur,Bhilaura Kaji,9961,0.8956643356643357,0.8956643356643357,,,,
up2021__856017,1485,kandosa,Bahraich,Fakhrpur,Kandosa,192099,49291,1485,kandausa,Bahraich,Phakharpur,Kandausa,26504,0.8880952380952382,0.8880952380952382,,,,
up2021__800563,1485,betora sarasath,Bahraich,Fakhrpur,Betora Sarasath,192122,267154,1485,betaura sarshath,Bahraich,Phakharpur,Betaura Sarshath,8214,0.8719444444444445,0.8719444444444445,,,,
up2021__886441,1485,sahibapur mahipal singh,Bahraich,Fakhrpur,Sahibapur Mahipal Singh,192134,49311,1485,sahbajpur mahipal singh,Bahraich,Phakharpur,Sahbajpur Mahipal Singh,48547,0.8948616600790513,0.8948616600790513,,,,
up2021__886008,1485,dihwakala,Bahraich,Fakhrpur,Dihwakala,192137,49278,1485,dihawa kala,Bahraich,Phakharpur,Dihawa Kala,16671,0.8797979797979798,0.8797979797979798,,,,
up2021__860607,1485,gharekharankadilpur,Bahraich,Fakhrpur,Gharekharankadilpur,192141,268280,1485,dharehara nakdilpur,Bahraich,Phakharpur,Dharehara Nakdilpur,16110,0.8710010319917441,0.8710010319917441,,,,
up2021__899433,1477,hada basahri,Bahraich,Balha,Hada Basahri,192146,243890,1477,hara basneri,Bahraich,Balaha,Hara Basneri,21238,0.8666666666666667,0.8666666666666667,,,,
up2021__948551,1477,mehrabnagar,Bahraich,Balha,Mehrabnagar,192156,266141,1477,meharban nagar,Bahraich,Balaha,Meharban Nagar,36489,0.8863636363636364,0.8863636363636364,,,,
up2021__942052,1477,gaighat,Bahraich,Balha,Gaighat,192179,48752,1477,gayaghat,Bahraich,Balaha,Gayaghat,19321,0.8507936507936509,0.8507936507936509,,,,
up2021__943465,1477,pakdia diwan,Bahraich,Balha,Pakdia Diwan,192185,48776,1477,pakariya diwan,Bahraich,Balaha,Pakariya Diwan,41836,0.8881313131313131,0.8881313131313131,,,,
up2021__942866,1477,bhavaniyaanpur banghasari,Bahraich,Balha,Bhavaniyaanpur Banghasari,192188,48747,1477,bhawaniyapur banghusari,Bahraich,Balaha,Bhawaniyapur Banghusari,9703,0.8868212560386473,0.8868212560386473,,,,
up2021__847647,1477,gulariha jagatpur,Bahraich,Balha,Gulariha Jagatpur,192197,48756,1477,gulhariya jagta,Bahraich,Balaha,Gulhariya Jagta,20656,0.8932679738562092,0.8932679738562092,,,,
up2021__943016,1477,majhawa bhulora,Bahraich,Balha,Majhawa Bhulora,192201,48770,1477,majhauwa bhulaura,Bahraich,Balaha,Majhauwa Bhulaura,34498,0.8942296918767507,0.8942296918767507,,,,
up2021__754585,1482,singia naseerpur,Bahraich,Mahsi,Singia Naseerpur,192211,266528,1482,sigiyanasirpur,Bahraich,Mahasi,Sigiyanasirpur,52470,0.8507936507936509,0.8507936507936509,,,,
up2021__690598,1482,pura ganga prasad,Bahraich,Mahsi,Pura Ganga Prasad,192212,49111,1482,pure ganga prasad,Bahraich,Mahasi,Pure Ganga Prasad,44854,0.8850490196078432,0.8850490196078432,,,,
up2021__730606,1483,vishunapur,Bahraich,Mihipurwa,Vishunapur,192300,49135,1483,bisunapur,Bahraich,Mihinpurwa,Bisunapur,11435,0.8962962962962964,0.8962962962962964,,,,
up2021__831019,1483,manjhera,Bahraich,Mihipurwa,Manjhera,192302,49170,1483,majhara,Bahraich,Mihinpurwa,Majhara,34455,0.8507936507936509,0.8507936507936509,,,,
up2021__774254,1483,gudh,Bahraich,Mihipurwa,Gudh,192305,49150,1483,gurh,Bahraich,Mihinpurwa,Gurh,20790,0.8666666666666667,0.8666666666666667,,,,
up2021__786648,1483,antwa,Bahraich,Mihipurwa,Antwa,192323,49124,1483,antahwa,Bahraich,Mihinpurwa,Antahwa,2160,0.8866666666666667,0.8866666666666667,,,,
up2021__714034,1483,vishvanaathgaanv,Bahraich,Mihipurwa,VishvaNaathGaaNv,192329,49134,1483,vishwa nath gaon,Bahraich,Mihinpurwa,Vishwa Nath Gaon,57525,0.8666666666666667,0.8666666666666667,,,,
up2021__914336,1483,kanjadva,Bahraich,Mihipurwa,Kanjadva,192338,49159,1483,kanjarwa,Bahraich,Mihinpurwa,Kanjarwa,26642,0.9,0.9,,,,
up2021__884362,1483,gourapipra,Bahraich,Mihipurwa,Gourapipra,192346,49145,1483,gaura pipra,Bahraich,Mihinpurwa,Gaura Pipra,19181,0.8821212121212121,0.8821212121212121,,,,
up2021__896090,1487,puralast kha,Bahraich,Risia,Puralast Kha,192365,49442,1487,pure alast khan,Bahraich,Risia,Pure Alast Khan,44809,0.895,0.895,,,,
up2021__898096,1487,lakheya jadeed,Bahraich,Risia,Lakheya Jadeed,192378,49423,1487,lakhaiya jadid,Bahraich,Risia,Lakhaiya Jadid,32056,0.8779220779220779,0.8779220779220779,,,,
up2021__881650,1487,karonda,Bahraich,Risia,Karonda,192384,49420,1487,karaunda,Bahraich,Risia,Karaunda,26997,0.8694444444444446,0.8694444444444446,,,,
up2021__892006,1487,badgawa,Bahraich,Risia,Badgawa,192392,49399,1487,bargawan,Bahraich,Risia,Bargawan,6430,0.8952380952380953,0.8952380952380953,,,,
up2021__930973,1487,khairdikouli,Bahraich,Risia,Khairdikouli,192403,266135,1487,khairi dikauli,Bahraich,Risia,Khairi Dikauli,28473,0.8859307359307359,0.8859307359307359,,,,
up2021__861730,1487,husainipura,Bahraich,Risia,Husainipura,192413,49414,1487,huseni purwa,Bahraich,Risia,Huseni Purwa,22495,0.8733164983164984,0.8733164983164984,,,,
up2021__868143,1487,badhera,Bahraich,Risia,Badhera,192415,49398,1487,barehara,Bahraich,Risia,Barehara,6337,0.8507936507936509,0.8507936507936509,,,,
up2021__856750,1487,leelapara,Bahraich,Risia,Leelapara,192427,49426,1487,lila para,Bahraich,Risia,Lila Para,32731,0.8666666666666666,0.8666666666666666,,,,
up2021__889846,1487,tulamzhauwa,Bahraich,Risia,Tulamzhauwa,192436,49451,1487,tula majhauha,Bahraich,Risia,Tula Majhauha,56323,0.8576534576534577,0.8576534576534577,,,,
up2021__715518,1490,takia,Bahraich,Visheshwarganj,Takia,192438,49638,1490,tkiya,Bahraich,Visheshwarganj,Tkiya,56194,0.88,0.88,,,,
up2021__691624,1490,belbhariya,Bahraich,Visheshwarganj,Belbhariya,192451,49585,1490,beal bahiraya,Bahraich,Visheshwarganj,Beal Bahiraya,7545,0.8584615384615385,0.8584615384615385,,,,
up2021__836502,1490,khriha dpauli,Bahraich,Visheshwarganj,Khriha Dpauli,192458,49608,1490,khariha dhapauli,Bahraich,Visheshwarganj,Khariha Dhapauli,29189,0.867948717948718,0.867948717948718,,,,
up2021__890107,1490,kakra mahammadpur,Bahraich,Visheshwarganj,Kakra Mahammadpur,192480,49603,1490,kakra moh pur,Bahraich,Visheshwarganj,Kakra Moh Pur,25914,0.8986425339366516,0.8986425339366516,,,,
up2021__794212,1488,sohabatiyaa,Bahraich,Shivpur,Sohabatiyaa,192522,49509,1488,sohbatiya,Bahraich,Shivpur,Sohbatiya,53584,0.8797979797979798,0.8797979797979798,,,,
up2021__920818,1488,dalla purwa,Bahraich,Shivpur,Dalla Purwa,192524,49470,1488,dellapurwa,Bahraich,Shivpur,Dellapurwa,15097,0.8821212121212121,0.8821212121212121,,,,
up2021__827027,1488,tigada,Bahraich,Shivpur,Tigada,192525,49510,1488,tigra,Bahraich,Shivpur,Tigra,55779,0.8755555555555556,0.8755555555555556,,,,
up2021__794806,1488,behada,Bahraich,Shivpur,Behada,192541,49464,1488,behra,Bahraich,Shivpur,Behra,7695,0.8755555555555556,0.8755555555555556,,,,
up2021__943598,1488,alinegar kala,Bahraich,Shivpur,Alinegar Kala,192542,49454,1488,alinagar kalan,Bahraich,Shivpur,Alinagar Kalan,1362,0.8893772893772893,0.8893772893772893,,,,
up2021__794832,1488,lalluhu,Bahraich,Shivpur,Lalluhu,192543,49484,1488,laluhi,Bahraich,Shivpur,Laluhi,32415,0.8944444444444445,0.8944444444444445,,,,
up2021__761740,1488,tikuapaara,Bahraich,Shivpur,Tikuapaara,192561,266669,1488,tikwapara,Bahraich,Shivpur,Tikwapara,55963,0.8982407407407408,0.8982407407407408,,,,
up2021__711844,1488,aswa muhammadpur,Bahraich,Shivpur,Aswa muhammadpur,192569,49457,1488,aswa mohd pur,Bahraich,Shivpur,Aswa Mohd.Pur,2770,0.8703671328671329,0.8703671328671329,,,,
up2021__803443,1488,maina nawariya,Bahraich,Shivpur,Maina Nawariya,192575,49486,1488,mainanevariya,Bahraich,Shivpur,Mainanevariya,34377,0.89000999000999,0.89000999000999,,,,
up2021__761797,1488,aranwa,Bahraich,Shivpur,Aranwa,192579,49456,1488,arnava,Bahraich,Shivpur,Arnava,2406,0.8577777777777779,0.8577777777777779,,,,
up2021__836633,1479,yadavpur matehiya,Bahraich,Huzurpur,Yadavpur Matehiya,192589,48894,1479,yadou pur matehia,Bahraich,Huzoorpur,Yadou Pur Matehia,57613,0.8843137254901962,0.8843137254901962,,,,
up2021__803277,1479,behra,Bahraich,Huzurpur,Behra,192592,48868,1479,behada,Bahraich,Huzoorpur,Behada,7658,0.8755555555555556,0.8755555555555556,,,,
up2021__939079,1479,aliha,Bahraich,Huzurpur,Aliha,192624,48863,1479,ailiha,Bahraich,Huzoorpur,Ailiha,723,0.8900000000000001,0.8900000000000001,,,,
up2021__846878,1479,gudwapur,Bahraich,Huzurpur,Gudwapur,192656,48888,1479,guduwa pur,Bahraich,Huzoorpur,Guduwa Pur,20534,0.895,0.895,,,,
up2021__742341,1521,beera,Banda,Kamasin,Beera,192664,242059,1521,veera,Banda,Kamasin,Veera,57299,0.8666666666666667,0.8666666666666667,,,,
up2021__858839,1521,audha,Banda,Kamasin,Audha,192665,51328,1521,aoudaha,Banda,Kamasin,Aoudaha,2214,0.8542857142857143,0.8542857142857143,,,,
up2021__863234,1521,mundwara,Banda,Kamasin,Mundwara,192666,51360,1521,mudvara,Banda,Kamasin,Mudvara,37736,0.8952380952380953,0.8952380952380953,,,,
up2021__896965,1521,satyani,Banda,Kamasin,Satyani,192675,51369,1521,satnyava,Banda,Kamasin,Satnyava,50694,0.8694444444444446,0.8694444444444446,,,,
up2021__892850,1521,andauli,Banda,Kamasin,Andauli,192676,51326,1521,andaura,Banda,Kamasin,Andaura,2031,0.8857142857142858,0.8857142857142858,,,,
up2021__902130,1521,budhauli,Banda,Kamasin,Budhauli,192677,51336,1521,budhoulee,Banda,Kamasin,Budhoulee,11747,0.8833333333333333,0.8833333333333333,,,,
up2021__884882,1521,sikri lakhanpur,Banda,Kamasin,Sikri Lakhanpur,192682,51370,1521,sikaree lakhanpur,Banda,Kamasin,Sikaree Lakhanpur,52657,0.8932679738562092,0.8932679738562092,,,,
up2021__894062,1520,naroli,Banda,Jaspura,Naroli,192693,51314,1520,narauli,Banda,Jaspura,Narauli,39484,0.8944444444444445,0.8944444444444445,,,,
up2021__809722,1524,chirahutta,Banda,Tindwaari,Chirahutta,192739,51529,1524,chhirahuta,Banda,Tindwari,Chhirahuta,13450,0.8874074074074074,0.8874074074074074,,,,
up2021__947289,1524,rehuta,Banda,Tindwaari,Rehuta,192748,51558,1524,rahuta,Banda,Tindwari,Rahuta,45320,0.9,0.9,,,,
up2021__790525,1524,gazni,Banda,Tindwaari,Gazni,192757,51533,1524,gajani,Banda,Tindwari,Gajani,18396,0.8577777777777779,0.8577777777777779,,,,
up2021__833060,1524,bhidoura,Banda,Tindwaari,Bhidoura,192775,51525,1524,bhindaura,Banda,Tindwari,Bhindaura,9997,0.8856481481481482,0.8856481481481482,,,,
up2021__868941,1523,barakolakalan,Banda,Narani,Barakolakalan,192815,51450,1523,barkola kalan,Banda,Naraini,Barkola Kalan,6683,0.8863247863247864,0.8863247863247864,,,,
up2021__877699,1523,garha,Banda,Narani,Garha,192816,51461,1523,gadha,Banda,Naraini,Gadha,18188,0.8933333333333333,0.8933333333333333,,,,
up2021__698801,1523,kartaul,Banda,Narani,Kartaul,192825,51470,1523,karatal,Banda,Naraini,Karatal,26980,0.8944444444444445,0.8944444444444445,,,,
up2021__876772,1523,barooa kaligarh,Banda,Narani,Barooa Kaligarh,192837,51452,1523,barua kalinjar,Banda,Naraini,Barua Kalinjar,6869,0.8877777777777778,0.8877777777777778,,,,
up2021__807247,1523,nivi,Banda,Narani,Nivi,192840,51488,1523,nibi,Banda,Naraini,Nibi,40555,0.8666666666666667,0.8666666666666667,,,,
up2021__813377,1523,tarhati kaliyajhar,Banda,Narani,Tarhati Kaliyajhar,192847,51511,1523,tarahati kalinzar,Banda,Naraini,Tarahati Kalinzar,55037,0.8558823529411764,0.8558823529411764,,,,
up2021__696035,1517,mia baraoli,Banda,Baberu,Mia Baraoli,192864,51170,1517,miya baroulee,Banda,Baberu,Miya Baroulee,37029,0.8694638694638694,0.8694638694638694,,,,
up2021__834174,1517,parbanu begam,Banda,Baberu,Parbanu Begam,192869,51176,1517,para bannu begam,Banda,Baberu,Para Bannu Begam,42380,0.8844551282051283,0.8844551282051283,,,,
up2021__947263,1517,saatar,Banda,Baberu,Saatar,192872,51188,1517,santar,Banda,Baberu,Santar,49703,0.8577777777777779,0.8577777777777779,,,,
up2021__846983,1517,anwan,Banda,Baberu,Anwan,192874,51144,1517,anvan,Banda,Baberu,Anvan,2197,0.8933333333333333,0.8933333333333333,,,,
up2021__704098,1517,harauli,Banda,Baberu,Harauli,192879,51159,1517,hardaulee,Banda,Baberu,Hardaulee,21374,0.888888888888889,0.888888888888889,,,,
up2021__755858,1517,majhiwa,Banda,Baberu,Majhiwa,192890,51165,1517,majheevan,Banda,Baberu,Majheevan,34522,0.8539682539682539,0.8539682539682539,,,,
up2021__841083,1517,karhuli,Banda,Baberu,Karhuli,192895,51162,1517,karahulee,Banda,Baberu,Karahulee,26865,0.888888888888889,0.888888888888889,,,,
up2021__718010,1517,padri,Banda,Baberu,Padri,192896,51174,1517,padaree,Banda,Baberu,Padaree,41349,0.8533333333333333,0.8533333333333333,,,,
up2021__774741,1517,ghansaual,Banda,Baberu,Ghansaual,192907,51157,1517,dhan saul,Banda,Baberu,Dhan Saul,15952,0.8518518518518517,0.8518518518518517,,,,
up2021__947597,1517,nilahu,Banda,Baberu,Nilahu,192910,51172,1517,nelathu,Banda,Baberu,Nelathu,40352,0.8642857142857143,0.8642857142857143,,,,
up2021__697903,1517,barauli azam,Banda,Baberu,Barauli Azam,192911,51153,1517,baroolee azam,Banda,Baberu,Baroolee Azam,6750,0.869871794871795,0.869871794871795,,,,
up2021__909395,1519,singhpur,Banda,Bissanda,Singhpur,192917,51290,1519,shingh pur,Banda,Bisanda,Shingh Pur,52115,0.865,0.865,,,,
up2021__887724,1519,bachodha,Banda,Bissanda,Bachodha,192929,51250,1519,bachhaundha,Banda,Bisanda,Bachhaundha,3468,0.8737012987012986,0.8737012987012986,,,,
up2021__759518,1519,kairi,Banda,Bissanda,Kairi,192938,51269,1519,kairee,Banda,Bisanda,Kairee,25709,0.8933333333333334,0.8933333333333334,,,,
up2021__767788,1519,laulitikamau,Banda,Bissanda,Laulitikamau,192941,51277,1519,lauli teaka mau,Banda,Bisanda,Lauli Teaka Mau,32585,0.8936363636363637,0.8936363636363637,,,,
up2021__777164,1519,pabai,Banda,Bissanda,Pabai,192943,51284,1519,pawai,Banda,Bisanda,Pawai,43457,0.8933333333333333,0.8933333333333333,,,,
up2021__875592,1519,lamhata,Banda,Bissanda,Lamhata,192945,51276,1519,lamehta,Banda,Bisanda,Lamehta,32446,0.8944444444444445,0.8944444444444445,,,,
up2021__753767,1519,utarwakhurda,Banda,Bissanda,Utarwakhurda,192955,51293,1519,utarwan,Banda,Bisanda,Utarwan,57163,0.8714285714285714,0.8714285714285714,,,,
up2021__716669,1519,oran gramin,Banda,Bissanda,Oran Gramin,192956,51281,1519,oran rural,Banda,Bisanda,Oran (Rural),41094,0.8672727272727273,0.8672727272727273,,,,
up2021__890957,1519,bhaddavl,Banda,Bissanda,Bhaddavl,192958,51254,1519,bhadawal,Banda,Bisanda,Bhadawal,8336,0.9,0.9,,,,
up2021__887701,1518,hathoda,Banda,Baedokhar Khurd,Hathoda,192971,51219,1518,hathaura,Banda,Badokhar Khurd,Hathaura,21977,0.8678571428571429,0.8678571428571429,,,,
up2021__806028,1518,triveni,Banda,Baedokhar Khurd,Triveni,192975,51244,1518,treveni,Banda,Badokhar Khurd,Treveni,56269,0.8793650793650793,0.8793650793650793,,,,
up2021__889872,1518,bilbai,Banda,Baedokhar Khurd,Bilbai,192982,51204,1518,vilbai,Banda,Badokhar Khurd,Vilbai,57413,0.888888888888889,0.888888888888889,,,,
up2021__921142,1518,duradi,Banda,Baedokhar Khurd,Duradi,192987,51212,1518,durendi,Banda,Badokhar Khurd,Durendi,17334,0.8944444444444445,0.8944444444444445,,,,
up2021__832383,1518,badokhar khurd,Banda,Baedokhar Khurd,Badokhar Khurd,192995,51199,1518,barokhar khurd,Banda,Badokhar Khurd,Barokhar Khurd,6735,0.8593406593406594,0.8593406593406594,,,,
up2021__836468,1518,pipiri,Banda,Baedokhar Khurd,Pipiri,193012,267858,1518,pipari,Banda,Badokhar Khurd,Pipari,43957,0.8755555555555556,0.8755555555555556,,,,
up2021__897017,1522,itrrokhurd,Banda,Mahua,Itrrokhurd,193027,51401,1522,itara khurd,Banda,Mahuva,Itara Khurd,23009,0.8739393939393939,0.8739393939393939,,,,
up2021__955479,1522,barsandakhrud,Banda,Mahua,Barsandakhrud,193032,51387,1522,barsanda buzurg,Banda,Mahuva,Barsanda Buzurg,6801,0.8671794871794872,0.8671794871794872,,,,
up2021__854750,1522,pithorabad,Banda,Mahua,Pithorabad,193053,51432,1522,pithaurabad,Banda,Mahuva,Pithaurabad,44309,0.8991919191919192,0.8991919191919192,,,,
up2021__911553,1522,aila,Banda,Mahua,Aila,193058,51376,1522,aela,Banda,Mahuva,Aela,334,0.8500000000000001,0.8500000000000001,,,,
up2021__322339,1475,sakaroud,Bagpat,Khekhada,Sakaroud,193081,48683,1475,sankrod,Baghpat,Khekra,Sankrod,49673,0.8952380952380953,0.8952380952380953,,,,
up2021__265260,1475,sunheeda,Bagpat,Khekhada,Sunheeda,193085,48688,1475,sunehra,Baghpat,Khekra,Sunehra,54375,0.8694444444444446,0.8694444444444446,,,,
up2021__292420,1475,fakhrpur,Bagpat,Khekhada,Fakhrpur,193089,48656,1475,fakharpur mohammad shahpur,Baghpat,Khekra,Fakharpur Mohammad Shahpur,17623,0.8615384615384615,0.8615384615384615,,,,
up2021__233685,1475,aanandpoor urf bandpoor,Bagpat,Khekhada,Aanandpoor Urf Bandpoor,193104,48651,1475,anandpur urf bandpur,Baghpat,Khekra,Anandpur Urf Bandpur,1985,0.8714492753623189,0.8714492753623189,,,,
up2021__283098,1474,rathoda,Bagpat,Chhaparauli,Rathoda,193116,48642,1474,rathaura,Baghpat,Chhaprauli,Rathaura,47349,0.8678571428571429,0.8678571428571429,,,,
up2021__286675,1474,hewa mirpur,Bagpat,Chhaparauli,Hewa Mirpur,193118,48630,1474,hewa,Baghpat,Chhaprauli,Hewa,22185,0.8727272727272728,0.8727272727272728,,,,
up2021__265099,1474,tilwada,Bagpat,Chhaparauli,Tilwada,193119,48648,1474,tilwara sakin,Baghpat,Chhaprauli,Tilwara Sakin,56044,0.8637362637362637,0.8637362637362637,,,,
up2021__319465,1474,asara chighavi,Bagpat,Chhaparauli,Asara Chighavi,193126,48624,1474,asara,Baghpat,Chhaprauli,Asara,2538,0.8714285714285714,0.8714285714285714,,,,
up2021__337250,1474,bachhaud,Bagpat,Chhaparauli,Bachhaud,193128,48625,1474,bachhor,Baghpat,Chhaprauli,Bachhor,3490,0.8678571428571429,0.8678571428571429,,,,
up2021__345242,1474,basauli,Bagpat,Chhaparauli,Basauli,193135,48627,1474,basoli,Baghpat,Chhaprauli,Basoli,7281,0.8944444444444445,0.8944444444444445,,,,
up2021__303202,1476,kaharka harsiya,Bagpat,Pilana,Kaharka Harsiya,193137,48712,1476,kaharka,Baghpat,Pilana,Kaharka,25583,0.8933333333333334,0.8933333333333334,,,,
up2021__336912,1476,poothad,Bagpat,Pilana,Poothad,193141,48727,1476,poother,Baghpat,Pilana,Poother,44439,0.8857142857142858,0.8857142857142858,,,,
up2021__333604,1476,pura mahadev,Bagpat,Pilana,Pura Mahadev,193145,48728,1476,pura,Baghpat,Pilana,Pura,44629,0.8666666666666666,0.8666666666666666,,,,
up2021__269048,1476,sikhaida,Bagpat,Pilana,Sikhaida,193151,48735,1476,sikhera,Baghpat,Pilana,Sikhera,52696,0.8678571428571429,0.8678571428571429,,,,
up2021__341138,1476,khindauda,Bagpat,Pilana,Khindauda,193169,48716,1476,khindora,Baghpat,Pilana,Khindora,29637,0.8833333333333333,0.8833333333333333,,,,
up2021__199546,1472,badaawad,Bagpat,Baraut,Badaawad,193180,48529,1472,barawad,Baghpat,Baraut,Barawad,6250,0.8507936507936509,0.8507936507936509,,,,
up2021__250378,1472,johadi,Bagpat,Baraut,Johadi,193187,48549,1472,johri,Baghpat,Baraut,Johri,25188,0.8755555555555556,0.8755555555555556,,,,
up2021__306845,1472,chaubali bohla,Bagpat,Baraut,Chaubali Bohla,193202,48535,1472,chaubli,Baghpat,Baraut,Chaubli,12963,0.9,0.9,,,,
up2021__213662,1472,bavali,Bagpat,Baraut,Bavali,193211,48527,1472,baoli,Baghpat,Baraut,Baoli,5839,0.8577777777777779,0.8577777777777779,,,,
up2021__192976,1472,kotana khedi pradhan,Bagpat,Baraut,Kotana Khedi Pradhan,193215,48554,1472,kotana,Baghpat,Baraut,Kotana,30716,0.86,0.86,,,,
up2021__211236,1471,dhodra sadullapur,Bagpat,Bagpat,Dhodra Sadullapur,193226,48482,1471,dhodra,Baghpat,Baghpat,Dhodra,16445,0.8705882352941177,0.8705882352941177,,,,
up2021__225986,1471,chaupda maheshpur,Bagpat,Bagpat,Chaupda Maheshpur,193229,48479,1471,chopra maheshpur,Baghpat,Baghpat,Chopra Maheshpur,13845,0.8815126050420168,0.8815126050420168,,,,
up2021__215900,1471,karm alipur garhi,Bagpat,Bagpat,Karm Alipur Garhi,193233,48494,1471,karam alipur,Baghpat,Baghpat,Karam Alipur,26884,0.85359477124183,0.85359477124183,,,,
up2021__223844,1471,bichapeedi,Bagpat,Bagpat,Bichapeedi,193251,48476,1471,bichpari,Baghpat,Baghpat,Bichpari,10659,0.8864285714285713,0.8864285714285713,,,,
up2021__262970,1471,meetli rampur,Bagpat,Bagpat,Meetli Rampur,193263,48499,1471,meetli,Baghpat,Baghpat,Meetli,36459,0.8923076923076924,0.8923076923076924,,,,
up2021__214065,1471,pabla begamabad,Bagpat,Bagpat,Pabla Begamabad,193264,48505,1471,pawla begmabad,Baghpat,Baghpat,Pawla Begmabad,43479,0.8633455433455434,0.8633455433455434,,,,
up2021__207130,1473,teda,Bagpat,Binauli,Teda,193274,48622,1473,tera,Baghpat,Binauli,Tera,55471,0.8666666666666667,0.8666666666666667,,,,
up2021__252184,1473,mavikala,Bagpat,Binauli,Mavikala,193278,48601,1473,mawi kalan,Baghpat,Binauli,Mawi Kalan,36324,0.8866666666666667,0.8866666666666667,,,,
up2021__232252,1473,gagnouli,Bagpat,Binauli,Gagnouli,193280,48586,1473,gangnauli,Baghpat,Binauli,Gangnauli,18715,0.8693121693121693,0.8693121693121693,,,,
up2021__197972,1473,nagla kha,Bagpat,Binauli,Nagla Kha,193293,48608,1473,nagla rawa,Baghpat,Binauli,Nagla Rawa,38908,0.8955555555555555,0.8955555555555555,,,,
up2021__697609,1599,dhamedaa keerat,Bulandshahr,Agauta,Dhamedaa Keerat,193324,56921,1599,dhamera kirat,Bulandshahr,Agauta,Dhamera Kirat,15712,0.8795337995337995,0.8795337995337995,,,,
up2021__894740,1599,bahaadurpur mahashpur,Bulandshahr,Agauta,Bahaadurpur Mahashpur,193341,57274,1599,bahadur mahespur,Bulandshahr,Agauta,Bahadur Mahespur,4095,0.8636904761904762,0.8636904761904762,,,,
up2021__765530,1599,visundhra,Bulandshahr,Agauta,Visundhra,193344,57279,1599,bisundra,Bulandshahr,Agauta,Bisundra,11439,0.8842592592592592,0.8842592592592592,,,,
up2021__812393,1599,bhadoli,Bulandshahr,Agauta,Bhadoli,193348,57277,1599,bhandauli,Bulandshahr,Agauta,Bhandauli,8978,0.888888888888889,0.888888888888889,,,,
up2021__799860,1599,karakauda,Bulandshahr,Agauta,Karakauda,193351,56885,1599,karkaura,Bulandshahr,Agauta,Karkaura,27198,0.8523148148148149,0.8523148148148149,,,,
up2021__802171,1599,lohlara,Bulandshahr,Agauta,Lohlara,193352,56890,1599,lohrara,Bulandshahr,Agauta,Lohrara,32902,0.8944444444444445,0.8944444444444445,,,,
up2021__818433,1599,neemchana,Bulandshahr,Agauta,Neemchana,193353,56893,1599,nimchana,Bulandshahr,Agauta,Nimchana,40680,0.8958333333333333,0.8958333333333333,,,,
up2021__850032,1600,akbarpur alias bacchikheda,Bulandshahr,Anupshahr,"Akbarpur, alias Bacchikheda",193365,56747,1600,akbarpur urf bachchikhera bang,Bulandshahr,Anupshahr,Akbarpur Urf Bachchikhera Bang,1021,0.853919413919414,0.853919413919414,,,,
up2021__753566,1600,bodha,Bulandshahr,Anupshahr,Bodha,193401,266156,1600,borha,Bulandshahr,Anupshahr,Borha,11586,0.8933333333333333,0.8933333333333333,,,,
up2021__763429,1601,surajavali,Bulandshahr,Arniyaan,Surajavali,193411,56865,1601,surjawali,Bulandshahr,Araniya,Surjawali,54543,0.8982407407407408,0.8982407407407408,,,,
up2021__742738,1601,nageliya udaybhan,Bulandshahr,Arniyaan,Nageliya Udaybhan,193412,56847,1601,nagilia udhaybhan,Bulandshahr,Araniya,Nagilia Udhaybhan,38685,0.8828758169934641,0.8828758169934641,,,,
up2021__742212,1601,shahjahanpur daulat,Bulandshahr,Arniyaan,Shahjahanpur Daulat,193428,56862,1601,shahbajpur daulat,Bulandshahr,Araniya,Shahbajpur Daulat,51372,0.8941563467492261,0.8941563467492261,,,,
up2021__684984,1601,senda faridpur,Bulandshahr,Arniyaan,Senda Faridpur,193433,56860,1601,sanda faridpur,Bulandshahr,Araniya,Sanda Faridpur,49544,0.8879120879120879,0.8879120879120879,,,,
up2021__715096,1601,agoura ameerpur,Bulandshahr,Arniyaan,Agoura Ameerpur,193441,56812,1601,agaura amirpur,Bulandshahr,Araniya,Agaura Amirpur,397,0.8641269841269842,0.8641269841269842,,,,
up2021__715035,1601,jat,Bulandshahr,Arniyaan,Jat,193456,56832,1601,jatola,Bulandshahr,Araniya,Jatola,24633,0.8833333333333334,0.8833333333333334,,,,
up2021__734776,1601,baghuu,Bulandshahr,Arniyaan,Baghuu,193459,56818,1601,baghoo,Bulandshahr,Araniya,Baghoo,3995,0.8666666666666666,0.8666666666666666,,,,
up2021__732068,1601,hisaooti,Bulandshahr,Arniyaan,Hisaooti,193465,266162,1601,hinsoti,Bulandshahr,Araniya,Hinsoti,22294,0.8952380952380953,0.8952380952380953,,,,
up2021__685075,1601,badoli,Bulandshahr,Arniyaan,Badoli,193468,56815,1601,badauli,Bulandshahr,Araniya,Badauli,3601,0.8944444444444445,0.8944444444444445,,,,
up2021__811029,1614,mabai,Bulandshahr,Unchagaon,Mabai,193470,57582,1614,mavai,Bulandshahr,Unchagaon,Mavai,36244,0.8933333333333333,0.8933333333333333,,,,
up2021__727484,1614,narsaina,Bulandshahr,Unchagaon,Narsaina,193477,57587,1614,narsena,Bulandshahr,Unchagaon,Narsena,39739,0.8880952380952382,0.8880952380952382,,,,
up2021__719927,1614,mahua kheda,Bulandshahr,Unchagaon,Mahua Kheda,193500,57581,1614,maua khera,Bulandshahr,Unchagaon,Maua Khera,36144,0.8655892255892256,0.8655892255892256,,,,
up2021__695321,1614,ghungan rwali,Bulandshahr,Unchagaon,Ghungan Rwali,193521,57569,1614,ghunghraoli,Bulandshahr,Unchagaon,Ghunghraoli,19661,0.8798756798756798,0.8798756798756798,,,,
up2021__784130,1608,shehzadpur kanaini,Bulandshahr,Khujra,Shehzadpur Kanaini,193547,57265,1608,shahzadpur kanaini,Bulandshahr,Khurja,Shahzadpur Kanaini,51670,0.8762527233115468,0.8762527233115468,,,,
up2021__731526,1608,khurja dehat,Bulandshahr,Khujra,Khurja Dehat,193560,57245,1608,khurja rural,Bulandshahr,Khurja,Khurja Rural,29904,0.8666666666666666,0.8666666666666666,,,,
up2021__783270,1608,bhidhepur,Bulandshahr,Khujra,Bhidhepur,193570,57222,1608,bighepur,Bulandshahr,Khurja,Bighepur,10717,0.8529761904761904,0.8529761904761904,,,,
up2021__732878,1608,mudakheda,Bulandshahr,Khujra,Mudakheda,193574,57254,1608,munda khera,Bulandshahr,Khurja,Munda Khera,37967,0.8976430976430976,0.8976430976430976,,,,
up2021__737127,1608,ganwa,Bulandshahr,Khujra,Ganwa,193576,57231,1608,gawan,Bulandshahr,Khurja,Gawan,19318,0.8933333333333333,0.8933333333333333,,,,
up2021__746501,1608,khabra sikandarpur,Bulandshahr,Khujra,Khabra Sikandarpur,193577,57243,1608,khabra,Bulandshahr,Khurja,Khabra,28316,0.8666666666666666,0.8666666666666666,,,,
up2021__746390,1608,farana jamalpur,Bulandshahr,Khujra,Farana Jamalpur,193578,57228,1608,farana,Bulandshahr,Khurja,Farana,17641,0.88,0.88,,,,
up2021__746444,1608,bichoaullaa,Bulandshahr,Khujra,BichoaulLaa,193580,57221,1608,bichola,Bulandshahr,Khurja,Bichola,10655,0.8987012987012987,0.8987012987012987,,,,
up2021__746131,1608,inyatpur urf madhupura,Bulandshahr,Khujra,Inyatpur Urf Madhupura,193583,57237,1608,inayatpur urf madhupura,Bulandshahr,Khurja,Inayatpur Urf Madhupura,22733,0.8671936758893282,0.8671936758893282,,,,
up2021__745869,1608,ibrapur,Bulandshahr,Khujra,Ibrapur,193594,259780,1608,ibrahimpur dasouli,Bulandshahr,Khurja,Ibrahimpur Dasouli,22574,0.8777777777777778,0.8777777777777778,,,,
up2021__740395,1608,kallena,Bulandshahr,Khujra,Kallena,193604,266196,1608,kalaina,Bulandshahr,Khurja,Kalaina,25956,0.8666666666666668,0.8666666666666668,,,,
up2021__791039,1607,karauji,Bulandshahr,Jahangirabad,Karauji,193621,57178,1607,karonji,Bulandshahr,Jahangirabad,Karonji,27324,0.8666666666666668,0.8666666666666668,,,,
up2021__833555,1607,parwana mahmoodpur,Bulandshahr,Jahangirabad,Parwana Mahmoodpur,193633,57190,1607,parawana mahmudpur,Bulandshahr,Jahangirabad,Parawana Mahmudpur,42586,0.8752314814814814,0.8752314814814814,,,,
up2021__851161,1607,mankaraura,Bulandshahr,Jahangirabad,Mankaraura,193660,266184,1607,man karora,Bulandshahr,Jahangirabad,Man Karora,35518,0.8775000000000001,0.8775000000000001,,,,
up2021__819976,1607,titaouta urf virgaon,Bulandshahr,Jahangirabad,Titaouta Urf Virgaon,193666,57204,1607,titota urf birgaon,Bulandshahr,Jahangirabad,Titota Urf Birgaon,56145,0.8696840958605664,0.8696840958605664,,,,
up2021__730111,1605,mudakheda,Bulandshahr,Dibai,Mudakheda,193683,57084,1605,munda khera,Bulandshahr,Dibai,Munda Khera,37966,0.8976430976430976,0.8976430976430976,,,,
up2021__809519,1605,umaraari,Bulandshahr,Dibai,Umaraari,193689,57103,1605,umrari,Bulandshahr,Dibai,Umrari,56910,0.888888888888889,0.888888888888889,,,,
up2021__725722,1605,kushahalabad,Bulandshahr,Dibai,Kushahalabad,193704,57079,1605,khusalabad,Bulandshahr,Dibai,Khusalabad,29923,0.86,0.86,,,,
up2021__734939,1605,budhanpur kala,Bulandshahr,Dibai,Budhanpur Kala,193707,57060,1605,burhanpur kalan,Bulandshahr,Dibai,Burhanpur Kalan,11822,0.8838583638583639,0.8838583638583639,,,,
up2021__749861,1605,alamur alias chilmapur,Bulandshahr,Dibai,"Alamur alias Chilmapur,",193711,57051,1605,alampur urf chilmapur,Bulandshahr,Dibai,Alampur Urf Chilmapur,1260,0.8811560988031577,0.8811560988031577,,,,
up2021__813369,1605,mohammadabad urf bhaira hariharpur,Bulandshahr,Dibai,Mohammadabad Urf Bhaira Hariharpur,193714,57083,1605,mohammdabad urf meria haridwar,Bulandshahr,Dibai,Mohammdabad Urf Meria Haridwar,37249,0.86473604826546,0.86473604826546,,,,
up2021__756932,1604,khirkawari,Bulandshahr,Danpur,Khirkawari,193734,57021,1604,kharakwari,Bulandshahr,Danpur,Kharakwari,29079,0.8874074074074074,0.8874074074074074,,,,
up2021__805547,1604,ichhawari,Bulandshahr,Danpur,Ichhawari,193752,57009,1604,echhavari,Bulandshahr,Danpur,Echhavari,17421,0.8518518518518517,0.8518518518518517,,,,
up2021__851288,1604,khusrpur,Bulandshahr,Danpur,Khusrpur,193765,57024,1604,khushaupur,Bulandshahr,Danpur,Khushaupur,29934,0.8864285714285713,0.8864285714285713,,,,
up2021__772927,1604,umarara,Bulandshahr,Danpur,Umarara,193779,57047,1604,umrara,Bulandshahr,Danpur,Umrara,56908,0.873015873015873,0.873015873015873,,,,
up2021__825667,1604,jiroli,Bulandshahr,Danpur,Jiroli,193780,57018,1604,jirauli,Bulandshahr,Danpur,Jirauli,25059,0.8944444444444445,0.8944444444444445,,,,
up2021__763954,1604,akarwaas,Bulandshahr,Danpur,Akarwaas,193781,56988,1604,akbarbas,Bulandshahr,Danpur,Akbarbas,936,0.8666666666666667,0.8666666666666667,,,,
up2021__806424,1604,birpur,Bulandshahr,Danpur,Birpur,193785,57049,1604,virpur,Bulandshahr,Danpur,Virpur,57461,0.888888888888889,0.888888888888889,,,,
up2021__804843,1610,syarli dalelgadi,Bulandshahr,Pahasu,Syarli Dalelgadi,193799,57383,1610,syarli,Bulandshahr,Pahasu,Syarli,54643,0.875,0.875,,,,
up2021__728657,1610,surajavali,Bulandshahr,Pahasu,Surajavali,193801,57382,1610,surjawali,Bulandshahr,Pahasu,Surjawali,54545,0.8982407407407408,0.8982407407407408,,,,
up2021__702028,1610,baneil,Bulandshahr,Pahasu,Baneil,193812,57329,1610,ban,Bulandshahr,Pahasu,Ban,5319,0.8833333333333334,0.8833333333333334,,,,
up2021__790979,1610,fatihabad,Bulandshahr,Pahasu,Fatihabad,193814,57344,1610,fatahabad,Bulandshahr,Pahasu,Fatahabad,17751,0.8898148148148148,0.8898148148148148,,,,
up2021__774123,1610,barkheda hasanagadi,Bulandshahr,Pahasu,Barkheda Hasanagadi,193819,57333,1610,barkhara hasangarhi,Bulandshahr,Pahasu,Barkhara Hasangarhi,6652,0.8993421052631579,0.8993421052631579,,,,
up2021__744627,1610,kasba dadddu,Bulandshahr,Pahasu,Kasba Dadddu,193845,57355,1610,kastaba dhadd,Bulandshahr,Pahasu,Kastaba Dhadd,27595,0.8605982905982907,0.8605982905982907,,,,
up2021__710691,1610,risalu jalalpur,Bulandshahr,Pahasu,Risalu Jalalpur,193851,57372,1610,risalu,Bulandshahr,Pahasu,Risalu,47758,0.88,0.88,,,,
up2021__770999,1610,jirajpur,Bulandshahr,Pahasu,Jirajpur,193855,57351,1610,jeerajpur,Bulandshahr,Pahasu,Jeerajpur,24749,0.8958333333333333,0.8958333333333333,,,,
up2021__736827,1610,kariyaavli,Bulandshahr,Pahasu,Kariyaavli,193856,57359,1610,kiryawali,Bulandshahr,Pahasu,Kiryawali,30103,0.8691666666666668,0.8691666666666668,,,,
up2021__735596,1602,hingwada,Bulandshahr,BB.Nagar,Hingwada,193861,56883,1602,hingbara,Bulandshahr,Bhawan Bahadur Nagar,Hingbara,22282,0.9,0.9,,,,
up2021__748886,1602,sehra,Bulandshahr,BB.Nagar,Sehra,193873,56898,1602,sahera,Bulandshahr,Bhawan Bahadur Nagar,Sahera,48561,0.8900000000000001,0.8900000000000001,,,,
up2021__727366,1602,bahopur,Bulandshahr,BB.Nagar,Bahopur,193881,56875,1602,bahainpur,Bulandshahr,Bhawan Bahadur Nagar,Bahainpur,4183,0.888888888888889,0.888888888888889,,,,
up2021__717521,1602,daroli,Bulandshahr,BB.Nagar,Daroli,193884,266163,1602,darauli,Bulandshahr,Bhawan Bahadur Nagar,Darauli,14495,0.8944444444444445,0.8944444444444445,,,,
up2021__762918,1602,salabadhumeda,Bulandshahr,BB.Nagar,Salabadhumeda,193885,56900,1602,salabad dhamaira,Bulandshahr,Bhawan Bahadur Nagar,Salabad Dhamaira,49061,0.8703671328671329,0.8703671328671329,,,,
up2021__768105,1602,madonajafarnagar,Bulandshahr,BB.Nagar,Madonajafarnagar,193886,56891,1602,madona jafrabad,Bulandshahr,Bhawan Bahadur Nagar,Madona Jafrabad,33459,0.8933333333333334,0.8933333333333334,,,,
up2021__791213,1602,alawasa batari,Bulandshahr,BB.Nagar,Alawasa Batari,193889,56871,1602,alavas baturi,Bulandshahr,Bhawan Bahadur Nagar,Alavas Baturi,1283,0.892890442890443,0.892890442890443,,,,
up2021__745186,1603,gangeroa,Bulandshahr,Bulandshahr,Gangeroa,193895,56929,1603,gangarua,Bulandshahr,Bulandshahr,Gangarua,18661,0.8666666666666667,0.8666666666666667,,,,
up2021__752478,1603,kolsena,Bulandshahr,Bulandshahr,Kolsena,193899,56948,1603,kaulsena,Bulandshahr,Bulandshahr,Kaulsena,27999,0.8821428571428571,0.8821428571428571,,,,
up2021__771056,1603,gyaspur,Bulandshahr,Bulandshahr,Gyaspur,193911,56930,1603,ghayaspur,Bulandshahr,Bulandshahr,Ghayaspur,19540,0.8904761904761904,0.8904761904761904,,,,
up2021__763149,1603,hasanpur,Bulandshahr,Bulandshahr,Hasanpur,193924,56934,1603,hasanpur paharpur,Bulandshahr,Bulandshahr,Hasanpur Paharpur,21878,0.8941176470588236,0.8941176470588236,,,,
up2021__883137,1603,kurlah,Bulandshahr,Bulandshahr,Kurlah,193927,56958,1603,kurala,Bulandshahr,Bulandshahr,Kurala,31399,0.8755555555555556,0.8755555555555556,,,,
up2021__825054,1603,banglaputri,Bulandshahr,Bulandshahr,Banglaputri,193936,56911,1603,baglapoothri,Bulandshahr,Bulandshahr,Baglapoothri,4039,0.8848484848484849,0.8848484848484849,,,,
up2021__701763,1609,surajavali,Bulandshahr,Lakhauti,Surajavali,193953,57319,1609,surjawali,Bulandshahr,Lakhaothi,Surjawali,54544,0.8982407407407408,0.8982407407407408,,,,
up2021__794847,1609,rahmapur syabli,Bulandshahr,Lakhauti,Rahmapur Syabli,193972,57311,1609,rehmanpur syewali,Bulandshahr,Lakhaothi,Rehmanpur Syewali,47611,0.8663348416289592,0.8663348416289592,,,,
up2021__719871,1609,khwajpur arafpur,Bulandshahr,Lakhauti,Khwajpur Arafpur,193983,57291,1609,khawajpur ashrafpur,Bulandshahr,Lakhaothi,Khawajpur Ashrafpur,29364,0.8745614035087719,0.8745614035087719,,,,
up2021__707795,1611,taibpur,Bulandshahr,Shikarpur,Taibpur,193989,57447,1611,tayabpur,Bulandshahr,Shikarpur,Tayabpur,55232,0.8952380952380953,0.8952380952380953,,,,
up2021__741927,1611,kailwan,Bulandshahr,Shikarpur,Kailwan,193991,57416,1611,kaisawan,Bulandshahr,Shikarpur,Kaisawan,25713,0.8694444444444446,0.8694444444444446,,,,
up2021__739811,1611,karira milkak,Bulandshahr,Shikarpur,Karira/Milkak,194000,57418,1611,karira,Bulandshahr,Shikarpur,Karira,27164,0.8923076923076924,0.8923076923076924,,,,
up2021__744030,1611,jatpura mukimpur,Bulandshahr,Shikarpur,Jatpura Mukimpur,194001,57415,1611,jatpura,Bulandshahr,Shikarpur,Jatpura,24639,0.8875,0.8875,,,,
up2021__737776,1611,dhaturi,Bulandshahr,Shikarpur,Dhaturi,194004,57402,1611,dhooturi,Bulandshahr,Shikarpur,Dhooturi,16485,0.8952380952380953,0.8952380952380953,,,,
up2021__707250,1611,surajavali,Bulandshahr,Shikarpur,Surajavali,194005,57445,1611,surjawali,Bulandshahr,Shikarpur,Surjawali,54546,0.8982407407407408,0.8982407407407408,,,,
up2021__699521,1611,mouroni,Bulandshahr,Shikarpur,Mouroni,194006,57427,1611,morauni,Bulandshahr,Shikarpur,Morauni,37521,0.8793650793650793,0.8793650793650793,,,,
up2021__725228,1611,acharukala,Bulandshahr,Shikarpur,Acharukala,194009,57389,1611,anchar kalan,Bulandshahr,Shikarpur,Anchar Kalan,2018,0.895,0.895,,,,
up2021__744660,1611,khelia kalyanpur,Bulandshahr,Shikarpur,Khelia Kalyanpur,194010,57419,1611,khailia kalyanpur,Bulandshahr,Shikarpur,Khailia Kalyanpur,28396,0.8808496732026143,0.8808496732026143,,,,
up2021__798081,1611,khakhuda rahmapur,Bulandshahr,Shikarpur,Khakhuda Rahmapur,194014,57421,1611,khakuda,Bulandshahr,Shikarpur,Khakuda,28650,0.8823529411764706,0.8823529411764706,,,,
up2021__744705,1611,jamalpur hatampur,Bulandshahr,Shikarpur,Jamalpur Hatampur,194016,57413,1611,jamalpur,Bulandshahr,Shikarpur,Jamalpur,23952,0.8941176470588236,0.8941176470588236,,,,
up2021__720605,1611,bhatola,Bulandshahr,Shikarpur,Bhatola,194018,57395,1611,bhataula,Bulandshahr,Shikarpur,Bhataula,9359,0.8880952380952382,0.8880952380952382,,,,
up2021__777709,1611,shivanagar thusri,Bulandshahr,Shikarpur,Shivanagar Thusri,194020,57448,1611,shivnagar urf dusari,Bulandshahr,Shikarpur,Shivnagar Urf Dusari,52179,0.8731372549019608,0.8731372549019608,,,,
up2021__744783,1611,saraganw,Bulandshahr,Shikarpur,Saraganw,194027,57442,1611,sargaon,Bulandshahr,Shikarpur,Sargaon,50356,0.8694444444444446,0.8694444444444446,,,,
up2021__769976,1611,bohich mirapur,Bulandshahr,Shikarpur,BohiCh Mirapur,194028,57396,1611,bohich,Bulandshahr,Shikarpur,Bohich,11542,0.8857142857142858,0.8857142857142858,,,,
up2021__740550,1611,nagala luftar alipur,Bulandshahr,Shikarpur,Nagala Luftar Alipur,194031,57430,1611,nagla lutf alipur,Bulandshahr,Shikarpur,Nagla Lutf Alipur,38858,0.8826470588235295,0.8826470588235295,,,,
up2021__744892,1611,shikarpur dehat,Bulandshahr,Shikarpur,Shikarpur Dehat,194038,57443,1611,shikarpur rural,Bulandshahr,Shikarpur,Shikarpur Rural,52101,0.8933333333333334,0.8933333333333334,,,,
up2021__745127,1611,sehatpur vairi,Bulandshahr,Shikarpur,Sehatpur Vairi,194042,57438,1611,sahatpur khairi,Bulandshahr,Shikarpur,Sahatpur Khairi,48535,0.8721428571428571,0.8721428571428571,,,,
up2021__739726,1611,bhaisauli nasirpur,Bulandshahr,Shikarpur,Bhaisauli Nasirpur,194048,57394,1611,bhansroli nasirpur,Bulandshahr,Shikarpur,Bhansroli Nasirpur,9054,0.8755555555555556,0.8755555555555556,,,,
up2021__738964,1612,kavara,Bulandshahr,Sikandrabad,Kavara,194059,57490,1612,kanwara,Bulandshahr,Sikandrabad,Kanwara,26753,0.8793650793650793,0.8793650793650793,,,,
up2021__734282,1612,kishanpur bishnupur,Bulandshahr,Sikandrabad,Kishanpur Bishnupur,194060,57495,1612,kishanpur,Bulandshahr,Sikandrabad,Kishanpur,30114,0.8947368421052632,0.8947368421052632,,,,
up2021__741930,1612,sarghasi,Bulandshahr,Sikandrabad,Sarghasi,194063,57514,1612,saraighasi,Bulandshahr,Sikandrabad,Saraighasi,49847,0.895,0.895,,,,
up2021__742326,1612,rasulpur rithouri,Bulandshahr,Sikandrabad,Rasulpur Rithouri,194075,57507,1612,rasoolpur rithauli,Bulandshahr,Sikandrabad,Rasoolpur Rithauli,47100,0.8903050108932462,0.8903050108932462,,,,
up2021__790644,1612,roopwas pachai,Bulandshahr,Sikandrabad,Roopwas Pachai,194080,57509,1612,rupbas pachgai,Bulandshahr,Sikandrabad,Rupbas Pachgai,48095,0.8714285714285714,0.8714285714285714,,,,
up2021__718356,1612,hridaypur,Bulandshahr,Sikandrabad,Hridaypur,194089,57482,1612,hirdeypur,Bulandshahr,Sikandrabad,Hirdeypur,22326,0.8958333333333333,0.8958333333333333,,,,
up2021__734596,1612,alauda jagir,Bulandshahr,Sikandrabad,Alauda Jagir,194119,259788,1612,alouda jagir,Bulandshahr,Sikandrabad,Alouda Jagir,1505,0.8828282828282827,0.8828282828282827,,,,
up2021__779948,1612,sunpaida,Bulandshahr,Sikandrabad,Sunpaida,194125,259808,1612,sunpeda,Bulandshahr,Sikandrabad,Sunpeda,54393,0.8880952380952382,0.8880952380952382,,,,
up2021__709149,1612,dhanaura,Bulandshahr,Sikandrabad,Dhanaura,194131,259795,1612,dhanora,Bulandshahr,Sikandrabad,Dhanora,15922,0.8880952380952382,0.8880952380952382,,,,
up2021__742664,1612,araunda,Bulandshahr,Sikandrabad,Araunda,194133,259790,1612,arouda,Bulandshahr,Sikandrabad,Arouda,2419,0.8793650793650793,0.8793650793650793,,,,
up2021__780572,1612,noorpur,Bulandshahr,Sikandrabad,Noorpur,194137,266250,1612,nurpur,Bulandshahr,Sikandrabad,Nurpur,40980,0.8642857142857143,0.8642857142857143,,,,
up2021__742593,1612,hasnaapur baksuaa,Bulandshahr,Sikandrabad,Hasnaapur Baksuaa,194140,266263,1612,hasanpur baksua,Bulandshahr,Sikandrabad,Hasanpur Baksua,21845,0.8792156862745099,0.8792156862745099,,,,
up2021__727537,1613,dhiniyaawalee,Bulandshahr,Siyana,Dhiniyaawalee,194151,57532,1613,dhaniyawali,Bulandshahr,Syana,Dhaniyawali,15890,0.8875524475524476,0.8875524475524476,,,,
up2021__702175,1613,badhwawajidpur,Bulandshahr,Siyana,Badhwawajidpur,194153,57526,1613,bathada vajidpur,Bulandshahr,Syana,Bathada Vajidpur,7403,0.873015873015873,0.873015873015873,,,,
up2021__740153,1613,bhaisoda,Bulandshahr,Siyana,Bhaisoda,194155,57527,1613,bhainsaura,Bulandshahr,Syana,Bhainsaura,8714,0.87,0.87,,,,
up2021__742854,1613,lounga,Bulandshahr,Siyana,Lounga,194157,57540,1613,launga,Bulandshahr,Syana,Launga,32593,0.9,0.9,,,,
up2021__440504,1928,mahavan khop badhra,Maharajganj,Ghughli,Mahavan Khop/Badhra,194178,76386,1928,mahawan khor urf barhara,Maharajganj,Ghughli,Mahawan Khor Urf Barhara,33764,0.8767543859649123,0.8767543859649123,,,,
up2021__441529,1928,karauta nabbuiya,Maharajganj,Ghughli,Karauta/Nabbuiya,194179,76378,1928,karauta urf nebuia,Maharajganj,Ghughli,Karauta Urf Nebuia,27034,0.8761752136752138,0.8761752136752138,,,,
up2021__441218,1928,bhiswa kotia urf khutamou,Maharajganj,Ghughli,Bhiswa/Kotia Urf Khutamou,194181,76359,1928,bhiswan urf kotiya,Maharajganj,Ghughli,Bhiswan Urf Kotiya,10046,0.8557777777777777,0.8557777777777777,,,,
up2021__435315,1928,ghaghrua khadsar,Maharajganj,Ghughli,Ghaghrua Khadsar,194183,76371,1928,ghagharua khresar,Maharajganj,Ghughli,Ghagharua Khresar,19408,0.8973039215686274,0.8973039215686274,,,,
up2021__439663,1928,dhangadhi munderi,Maharajganj,Ghughli,Dhangadhi Munderi,194186,76367,1928,dhangari,Maharajganj,Ghughli,Dhangari,15866,0.8573529411764705,0.8573529411764705,,,,
up2021__304178,1928,vishunpur gabduaa,Maharajganj,Ghughli,Vishunpur Gabduaa,194213,76365,1928,bishunpur gaburuya,Maharajganj,Ghughli,Bishunpur Gaburuya,11394,0.8671023965141612,0.8671023965141612,,,,
up2021__293750,1928,pipraich pachrukhiya,Maharajganj,Ghughli,Pipraich/ Pachrukhiya,194217,76400,1928,piprayach pachrukhaiya,Maharajganj,Ghughli,Piprayach / Pachrukhaiya,44192,0.889043062200957,0.889043062200957,,,,
up2021__388688,1928,tedhwa,Maharajganj,Ghughli,Tedhwa,194225,76407,1928,tadhwa,Maharajganj,Ghughli,Tadhwa,54671,0.9,0.9,,,,
up2021__970102,1927,barji,Maharajganj,Dhani,Barji,194247,76331,1927,barjee,Maharajganj,Dhani,Barjee,6628,0.8933333333333334,0.8933333333333334,,,,
up2021__530781,1927,nagwa,Maharajganj,Dhani,Nagwa,194264,76340,1927,nagava,Maharajganj,Dhani,Nagava,38657,0.8755555555555556,0.8755555555555556,,,,
up2021__464396,1933,badhya mustakil,Maharajganj,Nichlaul,Badhya Mustakil,194266,76714,1933,barhaya mustakil,Maharajganj,Nichlaul,Barhaya Mustakil,6503,0.8726984126984128,0.8726984126984128,,,,
up2021__464819,1933,doma khas,Maharajganj,Nichlaul,Doma Khas,194286,76730,1933,doma,Maharajganj,Nichlaul,Doma,16911,0.888888888888889,0.888888888888889,,,,
up2021__456136,1933,budhadih,Maharajganj,Nichlaul,Budhadih,194292,76723,1933,burhadih,Maharajganj,Nichlaul,Burhadih,11813,0.8952380952380953,0.8952380952380953,,,,
up2021__448621,1933,basooli,Maharajganj,Nichlaul,Basooli,194295,76716,1933,basuli,Maharajganj,Nichlaul,Basuli,7352,0.8944444444444445,0.8944444444444445,,,,
up2021__461115,1933,kanmiswan,Maharajganj,Nichlaul,Kanmiswan,194310,76743,1933,kanbhisavan,Maharajganj,Nichlaul,Kanbhisavan,26468,0.8632996632996633,0.8632996632996633,,,,
up2021__448490,1933,paikoli kala,Maharajganj,Nichlaul,Paikoli Kala,194313,76759,1933,paikauli kala,Maharajganj,Nichlaul,Paikauli Kala,41706,0.8980186480186481,0.8980186480186481,,,,
up2021__433309,1933,badhara chargahan,Maharajganj,Nichlaul,Badhara Chargahan,194316,76712,1933,barhara chargaha,Maharajganj,Nichlaul,Barhara Chargaha,6480,0.8808496732026143,0.8808496732026143,,,,
up2021__434324,1933,lohroli,Maharajganj,Nichlaul,Lohroli,194325,76750,1933,loharauli,Maharajganj,Nichlaul,Loharauli,32848,0.888888888888889,0.888888888888889,,,,
up2021__456198,1933,jayashree,Maharajganj,Nichlaul,Jayashree,194335,76737,1933,jayshri,Maharajganj,Nichlaul,Jayshri,24741,0.888888888888889,0.888888888888889,,,,
up2021__453270,1933,siroli,Maharajganj,Nichlaul,Siroli,194343,76775,1933,sirauli,Maharajganj,Nichlaul,Sirauli,53112,0.8944444444444445,0.8944444444444445,,,,
up2021__456525,1933,booradih kala,Maharajganj,Nichlaul,Booradih Kala,194344,76722,1933,burhadig kala,Maharajganj,Nichlaul,Burhadig Kala,11811,0.8531468531468531,0.8531468531468531,,,,
up2021__352405,1933,rengihiyaan,Maharajganj,Nichlaul,Rengihiyaan,194356,267018,1933,regahiyan,Maharajganj,Nichlaul,Regahiyan,47585,0.8643097643097643,0.8643097643097643,,,,
up2021__443343,1933,nipniyan,Maharajganj,Nichlaul,Nipniyan,194362,267137,1933,nipaniya,Maharajganj,Nichlaul,Nipaniya,40724,0.8750000000000001,0.8750000000000001,,,,
up2021__418426,1932,sheshfrenda,Maharajganj,Nautanwa,Sheshfrenda,194383,76691,1932,shekh feranda,Maharajganj,Nautanwa,Shekh Feranda,51874,0.8782750582750583,0.8782750582750583,,,,
up2021__440484,1932,jaara,Maharajganj,Nautanwa,Jaara,194387,76652,1932,jara,Maharajganj,Nautanwa,Jara,24401,0.88,0.88,,,,
up2021__457665,1932,sisaniya urf shish mahal,Maharajganj,Nautanwa,Sisaniya urf Shish mahal,194406,76696,1932,sishania urf shishmahal,Maharajganj,Nautanwa,Sishania Urf Shishmahal,53337,0.8855621431708388,0.8855621431708388,,,,
up2021__459759,1932,mudla,Maharajganj,Nautanwa,Mudla,194407,76671,1932,mudila khas,Maharajganj,Nautanwa,Mudila Khas,37703,0.8727272727272728,0.8727272727272728,,,,
up2021__461590,1932,asureyna,Maharajganj,Nautanwa,Asureyna,194415,76623,1932,asuraina,Maharajganj,Nautanwa,Asuraina,2760,0.8666666666666667,0.8666666666666667,,,,
up2021__456867,1932,dohraha,Maharajganj,Nautanwa,Dohraha,194417,76641,1932,dogahra,Maharajganj,Nautanwa,Dogahra,16867,0.8793650793650793,0.8793650793650793,,,,
up2021__462182,1932,sevatri,Maharajganj,Nautanwa,Sevatri,194425,76690,1932,sewtari,Maharajganj,Nautanwa,Sewtari,51287,0.8793650793650793,0.8793650793650793,,,,
up2021__459743,1932,pureniha,Maharajganj,Nautanwa,Pureniha,194429,76682,1932,purainiha,Maharajganj,Nautanwa,Purainiha,44726,0.8856481481481482,0.8856481481481482,,,,
up2021__428170,1932,khorhawo dube,Maharajganj,Nautanwa,Khorhawo Dube,194446,76658,1932,khairahwa dubey,Maharajganj,Nautanwa,Khairahwa Dubey,28429,0.8636208236208236,0.8636208236208236,,,,
up2021__432530,1932,sukarauli urf arghaa,Maharajganj,Nautanwa,Sukarauli Urf Arghaa,194456,270741,1932,sukrauli urf argha,Maharajganj,Nautanwa,Sukrauli Urf Argha,54141,0.8859259259259259,0.8859259259259259,,,,
up2021__403367,1932,jiginivhao,Maharajganj,Nautanwa,Jiginivhao,194460,270849,1932,jiginahwa,Maharajganj,Nautanwa,Jiginahwa,24986,0.8669841269841271,0.8669841269841271,,,,
up2021__277173,1934,baujudehera,Maharajganj,Paniyara,Baujudehera,194475,76790,1934,baijudehra,Maharajganj,Paniyara,Baijudehra,4544,0.8952188552188552,0.8952188552188552,,,,
up2021__282573,1934,junglebadhara,Maharajganj,Paniyara,Junglebadhara,194491,76816,1934,junglr barhara,Maharajganj,Paniyara,Junglr Barhara,25348,0.89000999000999,0.89000999000999,,,,
up2021__657934,1934,lakshmipur,Maharajganj,Paniyara,Lakshmipur,194512,76823,1934,laxmipur,Maharajganj,Paniyara,Laxmipur,32649,0.8866666666666667,0.8866666666666667,,,,
up2021__593560,1934,rajoda khurda,Maharajganj,Paniyara,Rajoda Khurda,194523,76836,1934,rajauda khurd,Maharajganj,Paniyara,Rajauda Khurd,45652,0.8645687645687645,0.8645687645687645,,,,
up2021__460367,1935,natwa,Maharajganj,Partawal,Natwa,194552,76897,1935,natava,Maharajganj,Partawal,Natava,39890,0.8755555555555556,0.8755555555555556,,,,
up2021__440595,1935,piperpati,Maharajganj,Partawal,Piperpati,194560,76905,1935,pipar pati,Maharajganj,Partawal,Pipar Pati,44000,0.8982407407407408,0.8982407407407408,,,,
up2021__412125,1935,piparalala,Maharajganj,Partawal,Piparalala,194563,76910,1935,pipra lala,Maharajganj,Partawal,Pipra Lala,44131,0.8755555555555556,0.8755555555555556,,,,
up2021__354475,1935,puraina,Maharajganj,Partawal,Puraina,194566,76900,1935,paraina,Maharajganj,Partawal,Paraina,42403,0.8642857142857143,0.8642857142857143,,,,
up2021__368271,1935,bhabnauli burjuag,Maharajganj,Partawal,Bhabnauli Burjuag,194568,76852,1935,babhanauli bujurg,Maharajganj,Partawal,Babhanauli Bujurg,3296,0.8897058823529411,0.8897058823529411,,,,
up2021__434481,1935,baspar kothi,Maharajganj,Partawal,Baspar Kothi,194577,76858,1935,banshpar kothi,Maharajganj,Partawal,Banshpar Kothi,5764,0.873015873015873,0.873015873015873,,,,
up2021__460788,1935,mohammadpur bankatia,Maharajganj,Partawal,Mohammadpur Bankatia,194594,76894,1935,mohanapur,Maharajganj,Partawal,Mohanapur,37264,0.8577777777777778,0.8577777777777778,,,,
up2021__410814,1935,shyamdeoorwa,Maharajganj,Partawal,Shyamdeoorwa,194602,76915,1935,shyam deurvan,Maharajganj,Partawal,Shyam Deurvan,52357,0.8884615384615385,0.8884615384615385,,,,
up2021__303158,1935,kusmaha,Maharajganj,Partawal,Kusmaha,194609,76885,1935,kusumha,Maharajganj,Partawal,Kusumha,31683,0.8944444444444445,0.8944444444444445,,,,
up2021__271424,1935,sohsabaspar,Maharajganj,Partawal,Sohsabaspar,194610,76918,1935,sohasa banspar,Maharajganj,Partawal,Sohasa Banspar,53577,0.8863636363636364,0.8863636363636364,,,,
up2021__420416,1935,kotowaa,Maharajganj,Partawal,Kotowaa,194618,76883,1935,kotava,Maharajganj,Partawal,Kotava,30724,0.8944444444444445,0.8944444444444445,,,,
up2021__465056,1936,parsabeni,Maharajganj,Ferenda,Parsabeni,194628,76962,1936,parasabani,Maharajganj,Pharenda,Parasabani,42457,0.8982407407407408,0.8982407407407408,,,,
up2021__461035,1936,gadwa,Maharajganj,Ferenda,Gadwa,194634,76939,1936,garhwa,Maharajganj,Pharenda,Garhwa,18982,0.8577777777777779,0.8577777777777779,,,,
up2021__446168,1936,bhaisaihya,Maharajganj,Ferenda,Bhaisaihya,194638,76933,1936,bhashiya,Maharajganj,Pharenda,Bhashiya,9325,0.895,0.895,,,,
up2021__443934,1936,piparawari,Maharajganj,Ferenda,Piparawari,194640,76971,1936,piprabari,Maharajganj,Pharenda,Piprabari,44059,0.8982407407407408,0.8982407407407408,,,,
up2021__367810,1936,hareya,Maharajganj,Ferenda,Hareya,194651,76943,1936,harriya,Maharajganj,Pharenda,Harriya,21740,0.8944444444444445,0.8944444444444445,,,,
up2021__381868,1936,kaithwaliya sarvjit,Maharajganj,Ferenda,Kaithwaliya Sarvjit,194655,76949,1936,kathwaliya sarjeet,Maharajganj,Pharenda,Kathwaliya Sarjeet,27824,0.8782651072124756,0.8782651072124756,,,,
up2021__416301,1936,badhara kanhai,Maharajganj,Ferenda,Badhara Kanhai,194663,76929,1936,barahara kannhi,Maharajganj,Pharenda,Barahara Kannhi,5948,0.8633455433455434,0.8633455433455434,,,,
up2021__410246,1936,mudla,Maharajganj,Ferenda,Mudla,194665,76958,1936,murila,Maharajganj,Pharenda,Murila,38198,0.8577777777777779,0.8577777777777779,,,,
up2021__426268,1936,agaya,Maharajganj,Ferenda,Agaya,194666,76925,1936,agya,Maharajganj,Pharenda,Agya,448,0.88,0.88,,,,
up2021__387624,1936,semrahni,Maharajganj,Ferenda,Semrahni,194669,76978,1936,samrahani,Maharajganj,Pharenda,Samrahani,49485,0.8529761904761904,0.8529761904761904,,,,
up2021__379805,1936,bhagwantananagar,Maharajganj,Ferenda,Bhagwantananagar,194671,76934,1936,bhawantnagar,Maharajganj,Pharenda,Bhawantnagar,9713,0.8833333333333334,0.8833333333333334,,,,
up2021__438131,1936,muzehana,Maharajganj,Ferenda,Muzehana,194685,268440,1936,mujahna,Maharajganj,Pharenda,Mujahna,37834,0.8507936507936509,0.8507936507936509,,,,
up2021__427627,1936,badahara devicharan,Maharajganj,Ferenda,Badahara Devicharan,194689,76928,1936,barahar devi charan,Maharajganj,Pharenda,Barahar Devi Charan,5950,0.8654282765737874,0.8654282765737874,,,,
up2021__454530,1926,nainsar,Maharajganj,Brajamangnaj,Nainsar,194692,76311,1926,nayansr,Maharajganj,Bridgemanganj,Nayansr,40287,0.8793650793650793,0.8793650793650793,,,,
up2021__406358,1926,bahadri bazar,Maharajganj,Brajamangnaj,Bahadri Bazar,194700,76279,1926,bahaduri,Maharajganj,Bridgemanganj,Bahaduri,4092,0.8826923076923077,0.8826923076923077,,,,
up2021__1104896,1926,raipur pandit,Maharajganj,Brajamangnaj,Raipur Pandit,194704,76319,1926,rayapur pandit,Maharajganj,Bridgemanganj,Rayapur Pandit,47521,0.8747252747252747,0.8747252747252747,,,,
up2021__461500,1926,mahulani,Maharajganj,Brajamangnaj,Mahulani,194713,76309,1926,mhulani,Maharajganj,Bridgemanganj,Mhulani,36623,0.8767857142857143,0.8767857142857143,,,,
up2021__1087314,1926,khadkhoda,Maharajganj,Brajamangnaj,Khadkhoda,194718,76301,1926,kharkhora,Maharajganj,Bridgemanganj,Kharkhora,29218,0.8962962962962963,0.8962962962962963,,,,
up2021__360694,1926,parsona,Maharajganj,Brajamangnaj,Parsona,194719,76312,1926,parsauna,Maharajganj,Bridgemanganj,Parsauna,42836,0.8880952380952382,0.8880952380952382,,,,
up2021__376704,1926,pipra parsoni,Maharajganj,Brajamangnaj,Pipra Parsoni,194721,76314,1926,pipara parshauni,Maharajganj,Bridgemanganj,Pipara Parshauni,43926,0.8848290598290599,0.8848290598290599,,,,
up2021__357050,1926,badharainadar dattat,Maharajganj,Brajamangnaj,Badharainadar Dattat,194723,76282,1926,barahara indradatt,Maharajganj,Bridgemanganj,Barahara Indradatt,5947,0.8510675381263616,0.8510675381263616,,,,
up2021__271521,1926,badgo,Maharajganj,Brajamangnaj,Badgo,194730,76281,1926,barago,Maharajganj,Bridgemanganj,Barago,5931,0.8577777777777779,0.8577777777777779,,,,
up2021__281459,1926,kashatkhaura,Maharajganj,Brajamangnaj,Kashatkhaura,194732,76297,1926,kashtkhaera,Maharajganj,Bridgemanganj,Kashtkhaera,27536,0.8884848484848485,0.8884848484848485,,,,
up2021__214589,1930,natwa,Maharajganj,Maharajganj Sadar,Natwa,194758,76522,1930,natava,Maharajganj,Mahrajganj,Natava,39889,0.8755555555555556,0.8755555555555556,,,,
up2021__305448,1930,matihaniya chaudhri,Maharajganj,Maharajganj Sadar,Matihaniya Chaudhri,194759,76520,1930,motihania chaudhari,Maharajganj,Mahrajganj,Motihania Chaudhari,37542,0.8517543859649124,0.8517543859649124,,,,
up2021__282433,1930,kewalapur khurd,Maharajganj,Maharajganj Sadar,Kewalapur Khurd,194785,76512,1930,keulapur khurd,Maharajganj,Mahrajganj,Keulapur Khurd,28254,0.8633455433455434,0.8633455433455434,,,,
up2021__262552,1930,agaya,Maharajganj,Maharajganj Sadar,Agaya,194790,76487,1930,agya,Maharajganj,Mahrajganj,Agya,447,0.88,0.88,,,,
up2021__360046,1930,imilia,Maharajganj,Maharajganj Sadar,Imilia,194793,76505,1930,imliya,Maharajganj,Mahrajganj,Imliya,22699,0.8577777777777779,0.8577777777777779,,,,
up2021__364979,1930,krutpipra,Maharajganj,Maharajganj Sadar,Krutpipra,194794,76516,1930,krit pipra,Maharajganj,Mahrajganj,Krit Pipra,30906,0.8837037037037038,0.8837037037037038,,,,
up2021__442507,1930,pakdii nauniya,Maharajganj,Maharajganj Sadar,Pakdii Nauniyā,194795,76524,1930,pakri nauniya,Maharajganj,Mahrajganj,Pakri Nauniya,41912,0.8903846153846154,0.8903846153846154,,,,
up2021__445399,1930,raudholi bhawchak,Maharajganj,Maharajganj Sadar,Raudholi Bhawchak,194796,76530,1930,rudhauli bhauchak,Maharajganj,Mahrajganj,Rudhauli Bhauchak,47987,0.8894117647058823,0.8894117647058823,,,,
up2021__421307,1930,jungle dughai urf chehari,Maharajganj,Maharajganj Sadar,Jungle Dughai urf Chehari,194803,76507,1930,jangal dudhai urf chehari,Maharajganj,Mahrajganj,Jangal Dudhai Urf Chehari,24307,0.8734545454545455,0.8734545454545455,,,,
up2021__510465,1930,satabhariyaa,Maharajganj,Maharajganj Sadar,Satabhariyaa,194805,268455,1930,satbhariya,Maharajganj,Mahrajganj,Satbhariya,50646,0.8911111111111111,0.8911111111111111,,,,
up2021__407074,1930,mahdeva,Maharajganj,Maharajganj Sadar,Mahdeva,194813,76518,1930,mahadeuva,Maharajganj,Mahrajganj,Mahadeuva,33576,0.8814814814814815,0.8814814814814815,,,,
up2021__482473,1931,maheshpur alias kavelwa,Maharajganj,Mithoura,Maheshpur alias Kavelwa,194833,76582,1931,maheshpur urf kevalva,Maharajganj,Mithaura,Maheshpur Urf Kevalva,33848,0.8744367312142248,0.8744367312142248,,,,
up2021__486576,1931,arannhavaa,Maharajganj,Mithoura,Arannhavaa,194840,76544,1931,arnahavan,Maharajganj,Mithaura,Arnahavan,2403,0.8844444444444444,0.8844444444444444,,,,
up2021__357823,1931,muzhanna buzurg,Maharajganj,Mithoura,Muzhanna Buzurg,194858,76588,1931,mujhahana bujurg,Maharajganj,Mithaura,Mujhahana Bujurg,37841,0.8577777777777779,0.8577777777777779,,,,
up2021__432726,1931,kuiya alias maheshpur,Maharajganj,Mithoura,Kuiya Alias Maheshpur,194886,76578,1931,kuiya urf maheshpur,Maharajganj,Mithaura,Kuiya Urf Maheshpur,31091,0.8833020050125313,0.8833020050125313,,,,
up2021__413217,1929,parsoni kala,Maharajganj,Lakshmipur,Parsoni Kala,194915,76464,1929,parsauni kala,Maharajganj,Lakshmipur,Parsauni Kala,42856,0.8980186480186481,0.8980186480186481,,,,
up2021__303548,1929,nauvadih davpur,Maharajganj,Lakshmipur,Nauvadih Davpur,194947,76461,1929,nauwadih urf devpur,Maharajganj,Lakshmipur,Nauwadih Urf Devpur,40099,0.8593072424651372,0.8593072424651372,,,,
up2021__257227,1929,barwa jagal,Maharajganj,Lakshmipur,Barwa Jagal,194948,76413,1929,bairwa jungle,Maharajganj,Lakshmipur,Bairwa Jungle,4671,0.8694638694638694,0.8694638694638694,,,,
up2021__249449,1929,sukaroli urf suryapura,Maharajganj,Lakshmipur,Sukaroli Urf Suryapura,194951,76483,1929,sukrauli urf suryapura,Maharajganj,Lakshmipur,Sukrauli Urf Suryapura,54142,0.88989898989899,0.88989898989899,,,,
up2021__363036,1929,kareila ajgarha,Maharajganj,Lakshmipur,Kareila Ajgarha,194962,76441,1929,karaila ajgarha,Maharajganj,Lakshmipur,Karaila Ajgarha,26869,0.8855555555555555,0.8855555555555555,,,,
up2021__378413,1929,kataikot urf madarhana,Maharajganj,Lakshmipur,Kataikot Urf Madarhana,194969,76444,1929,kataikhurd urf madrahna,Maharajganj,Lakshmipur,Kataikhurd Urf Madrahna,27641,0.8853130850842521,0.8853130850842521,,,,
up2021__389506,1929,sonaval,Maharajganj,Lakshmipur,Sonaval,194970,76482,1929,sonwal,Maharajganj,Lakshmipur,Sonwal,53835,0.8944444444444445,0.8944444444444445,,,,
up2021__416446,1929,muthera,Maharajganj,Lakshmipur,Muthera,194985,267117,1929,mundehra,Maharajganj,Lakshmipur,Mundehra,37975,0.8507936507936509,0.8507936507936509,,,,
up2021__226874,1937,pakdee choubey,Maharajganj,Siswa Bazar,Pakdee Choubey,194999,77031,1937,pakari chaubey,Maharajganj,Siswa,Pakari Chaubey,41817,0.8666666666666668,0.8666666666666668,,,,
up2021__464561,1937,badhara,Maharajganj,Siswa Bazar,Badhara,195004,76991,1937,barahara,Maharajganj,Siswa,Barahara,5946,0.8507936507936509,0.8507936507936509,,,,
up2021__456362,1937,majhwa,Maharajganj,Siswa Bazar,Majhwa,195020,77023,1937,majhauva,Maharajganj,Siswa,Majhauva,34494,0.8916666666666667,0.8916666666666667,,,,
up2021__423615,1937,rajwal madarha,Maharajganj,Siswa Bazar,Rajwal Madarha,195025,77037,1937,rajahal madraha,Maharajganj,Siswa,Rajahal Madraha,45552,0.8804273504273504,0.8804273504273504,,,,
up2021__232989,1937,laxmipur court,Maharajganj,Siswa Bazar,Laxmipur Court,195045,268638,1937,lakchmipur court,Maharajganj,Siswa,Lakchmipur Court,32039,0.8694139194139194,0.8694139194139194,,,,
up2021__123388,1940,dhadhatmaaf,Mahoba,Kabrai,Dhadhatmaaf,195073,77179,1940,darhat maaf,Mahoba,Kabrai,Darhat Maaf,14536,0.8575757575757575,0.8575757575757575,,,,
up2021__126292,1940,chaa no,Mahoba,Kabrai,Chaa no,195114,77172,1940,chandao,Mahoba,Kabrai,Chandao,12434,0.8944444444444445,0.8944444444444445,,,,
up2021__197281,1940,kulkwao,Mahoba,Kabrai,Kulkwao,195123,77199,1940,kulkuan,Mahoba,Kabrai,Kulkuan,31153,0.8857142857142858,0.8857142857142858,,,,
up2021__181494,1940,imilia,Mahoba,Kabrai,Imilia,195144,271437,1940,imliya,Mahoba,Kabrai,Imliya,22702,0.8577777777777779,0.8577777777777779,,,,
up2021__101997,1938,riwai,Mahoba,Charkhari,Riwai,195148,77092,1938,rewai,Mahoba,Charkhari,Rewai,47689,0.88,0.88,,,,
up2021__103500,1938,anaghoora,Mahoba,Charkhari,Anaghoora,195171,77055,1938,anghaura,Mahoba,Charkhari,Anghaura,2099,0.8693121693121693,0.8693121693121693,,,,
up2021__227800,1939,sigon,Mahoba,Jaitpur,Sigon,195214,77149,1939,sigaun,Mahoba,Jaitpur,Sigaun,52460,0.8755555555555556,0.8755555555555556,,,,
up2021__235605,1939,mangrolakalan,Mahoba,Jaitpur,Mangrolakalan,195249,77133,1939,magraul kalan,Mahoba,Jaitpur,Magraul Kalan,33542,0.8937062937062936,0.8937062937062936,,,,
up2021__428720,1939,lewa,Mahoba,Jaitpur,Lewa,195254,269491,1939,lawa,Mahoba,Jaitpur,Lawa,32613,0.8500000000000001,0.8500000000000001,,,,
up2021__204584,1941,bagol,Mahoba,Panwadi,Bagol,195265,77242,1941,bagaul,Mahoba,Panwari,Bagaul,3873,0.8755555555555556,0.8755555555555556,,,,
up2021__426378,1941,teiya,Mahoba,Panwadi,Teiya,195278,77293,1941,taiya,Mahoba,Panwari,Taiya,54743,0.88,0.88,,,,
up2021__48770,1941,riwai,Mahoba,Panwadi,Riwai,195311,77287,1941,rivai,Mahoba,Panwari,Rivai,47783,0.8933333333333333,0.8933333333333333,,,,
up2021__186855,1941,gaadau,Mahoba,Panwadi,Gaadau,195315,77258,1941,gadhau,Mahoba,Panwari,Gadhau,18194,0.8577777777777779,0.8577777777777779,,,,
up2021__87529,1941,kharokalan,Mahoba,Panwadi,Kharokalan,195322,266940,1941,khairau kalan,Mahoba,Panwari,Khairau Kalan,28454,0.8530199430199431,0.8530199430199431,,,,
up2021__135195,1941,kauaniyan,Mahoba,Panwadi,Kauaniyan,195324,77264,1941,kauniya,Mahoba,Panwari,Kauniya,28005,0.8814814814814815,0.8814814814814815,,,,
up2021__694010,1985,aniruddhapur purba patti,Mirzapur,Kon (Cheelha),Aniruddhapur Purba Patti,195336,79594,1985,anurudhpur purab patti,Mirzapur,Kon,Anurudhpur Purab Patti,2193,0.8910533910533911,0.8910533910533911,,,,
up2021__474776,1985,aniruddhapur paschimpatti,Mirzapur,Kon (Cheelha),Aniruddhapur Paschimpatti,195362,79593,1985,anurudhpur pashchim patti,Mirzapur,Kon,Anurudhpur Pashchim Patti,2192,0.8511515151515152,0.8511515151515152,,,,
up2021__551770,1985,gadgadi,Mirzapur,Kon (Cheelha),Gadgadi,195368,79605,1985,gadgeri,Mirzapur,Kon,Gadgeri,18186,0.8857142857142858,0.8857142857142858,,,,
up2021__1238775,1982,bhaorupur ajgana,Mirzapur,Chhaanbe,Bhaorupur Ajgana,195378,79357,1982,bhavropur ajagana,Mirzapur,Chhanvey,Bhavropur Ajagana,9638,0.8957434640522876,0.8957434640522876,,,,
up2021__1201994,1982,gogaon,Mirzapur,Chhaanbe,Gogaon,195395,79378,1982,gogav,Mirzapur,Chhanvey,Gogav,19900,0.8933333333333334,0.8933333333333334,,,,
up2021__1198433,1982,tiloi mauar,Mirzapur,Chhaanbe,Tiloi Mauar,195415,79424,1982,tilai mauaar,Mirzapur,Chhanvey,Tilai Mauaar,55966,0.86989898989899,0.86989898989899,,,,
up2021__1218896,1982,kasadhana,Mirzapur,Chhaanbe,Kasadhana,195426,79387,1982,kasghana,Mirzapur,Chhanvey,Kasghana,27496,0.8523148148148149,0.8523148148148149,,,,
up2021__1163207,1982,dugrha aswan,Mirzapur,Chhaanbe,Dugrha Aswan,195433,79374,1982,dugraha asawa,Mirzapur,Chhanvey,Dugraha Asawa,17143,0.8980186480186481,0.8980186480186481,,,,
up2021__1176656,1982,dangar,Mirzapur,Chhaanbe,Dangar,195440,79370,1982,dagahar,Mirzapur,Chhanvey,Dagahar,14107,0.8793650793650793,0.8793650793650793,,,,
up2021__1167481,1982,babhanee mu0parwa,Mirzapur,Chhaanbe,Babhanee Mu0parwa,195448,79354,1982,bhabhni mu parwa,Mirzapur,Chhanvey,Bhabhni Mu. Parwa,8268,0.8500848416289594,0.8500848416289594,,,,
up2021__608457,1984,dwak,Mirzapur,Jamalpur,Dwak,195477,79524,1984,dawak,Mirzapur,Jamalpur,Dawak,14929,0.865,0.865,,,,
up2021__602234,1984,sahawa mahewa,Mirzapur,Jamalpur,Sahawa-Mahewa,195480,79585,1984,sahewa mahewa,Mirzapur,Jamalpur,Sahewa Mahewa,48566,0.8863247863247864,0.8863247863247864,,,,
up2021__702784,1984,kamarasulpur,Mirzapur,Jamalpur,Kamarasulpur,195486,79558,1984,kaimar rasulpur,Mirzapur,Jamalpur,Kaimar Rasulpur,25672,0.88,0.88,,,,
up2021__527127,1989,nakhahra,Mirzapur,Narayanpur,Nakhahra,195552,79857,1989,nakahara,Mirzapur,Narainpur,Nakahara,39166,0.8750000000000001,0.8750000000000001,,,,
up2021__857016,1989,amadhaan,Mirzapur,Narayanpur,Amadhaan,195556,79808,1989,amdaha,Mirzapur,Narainpur,Amdaha,1729,0.888888888888889,0.888888888888889,,,,
up2021__524274,1991,padria kala,Mirzapur,Patehara Kala,Padria Kala,195580,79965,1991,padaria kalan,Mirzapur,Patehra,Padaria Kalan,41362,0.8792540792540793,0.8792540792540793,,,,
up2021__503076,1991,gadwa,Mirzapur,Patehara Kala,Gadwa,195582,79946,1991,garhwa,Mirzapur,Patehra,Garhwa,18983,0.8577777777777779,0.8577777777777779,,,,
up2021__507052,1991,kiiraho,Mirzapur,Patehara Kala,Kiiraho,195594,79977,1991,kiraha,Mirzapur,Patehra,Kiraha,30054,0.8793650793650793,0.8793650793650793,,,,
up2021__554382,1990,umariya ayodhya prasad,Mirzapur,Pahadi,Umariya Ayodhya Prasad,195635,79937,1990,umaria ayodhya,Mirzapur,Pahari,Umaria Ayodhya,56804,0.8701298701298701,0.8701298701298701,,,,
up2021__544192,1990,suryaoday,Mirzapur,Pahadi,Suryaoday,195654,269261,1990,suryawar,Mirzapur,Pahari,Suryawar,54591,0.8833333333333333,0.8833333333333333,,,,
up2021__557470,1990,manojpur,Mirzapur,Pahadi,Manojpur,195656,79921,1990,manoharpur,Mirzapur,Pahari,Manoharpur,35554,0.8864285714285713,0.8864285714285713,,,,
up2021__715352,1987,kevatavir,Mirzapur,Majhwan,Kevatavir,195685,79708,1987,kevtaveer,Mirzapur,Majhawa,Kevtaveer,28267,0.8629629629629629,0.8629629629629629,,,,
up2021__690576,1987,gadoli,Mirzapur,Majhwan,Gadoli,195690,79696,1987,gadauli,Mirzapur,Majhawa,Gadauli,18155,0.8944444444444445,0.8944444444444445,,,,
up2021__636141,1987,gotva,Mirzapur,Majhwan,Gotva,195697,79700,1987,gotawan,Mirzapur,Majhawa,Gotawan,20357,0.8533333333333333,0.8533333333333333,,,,
up2021__477366,1987,diyaw,Mirzapur,Majhwan,Diyaw,195700,79694,1987,diyano,Mirzapur,Majhawa,Diyano,16833,0.8933333333333334,0.8933333333333334,,,,
up2021__670856,1992,madpha,Mirzapur,Rajgadh,MaDphA,195727,80034,1992,madfa,Mirzapur,Rajgarh,Madfa,33251,0.8755555555555556,0.8755555555555556,,,,
up2021__662751,1992,nuanv,Mirzapur,Rajgadh,Nuanv,195744,80038,1992,nuaanw,Mirzapur,Rajgarh,Nuaanw,40954,0.8755555555555556,0.8755555555555556,,,,
up2021__554003,1992,karonda,Mirzapur,Rajgadh,Karonda,195748,80019,1992,karaunda,Mirzapur,Rajgarh,Karaunda,27002,0.8694444444444446,0.8694444444444446,,,,
up2021__664019,1986,pataarkalaa,Mirzapur,Lalganj,Pataarkalaa,195789,79649,1986,patar kala,Mirzapur,Lalganj,Patar Kala,43134,0.8991919191919192,0.8991919191919192,,,,
up2021__713968,1986,nadouli karaudi,Mirzapur,Lalganj,Nadouli Karaudi,195799,79662,1986,nadauli karaundi,Mirzapur,Lalganj,Nadauli Karaundi,38478,0.8886111111111111,0.8886111111111111,,,,
up2021__768212,1986,nareina kala,Mirzapur,Lalganj,Nareina Kala,195800,79663,1986,naraina kala,Mirzapur,Lalganj,Naraina Kala,39422,0.8762626262626263,0.8762626262626263,,,,
up2021__886591,1986,nevadiya,Mirzapur,Lalganj,Nevadiya,195801,79664,1986,newardhiya,Mirzapur,Lalganj,Newardhiya,40503,0.8866666666666667,0.8866666666666667,,,,
up2021__591895,1986,panjara,Mirzapur,Lalganj,Panjara,195805,79666,1986,pajra,Mirzapur,Lalganj,Pajra,41760,0.8704761904761905,0.8704761904761905,,,,
up2021__502729,1993,fu laho,Mirzapur,Seekhad,Fu Laho,195821,80069,1993,fulha,Mirzapur,Shikhar,Fulha,18070,0.8704761904761905,0.8704761904761905,,,,
up2021__493599,1993,rudoli,Mirzapur,Seekhad,Rudoli,195833,80087,1993,rudauli,Mirzapur,Shikhar,Rudauli,47965,0.8944444444444445,0.8944444444444445,,,,
up2021__486438,1993,a la sultanpur,Mirzapur,Seekhad,A.la.Sultanpur,195837,80059,1993,aa la sultanpur,Mirzapur,Shikhar,Aa. La. Sultanpur,20,0.8942857142857142,0.8942857142857142,,,,
up2021__600347,1993,vitthalpur,Mirzapur,Seekhad,Vitthalpur,195840,80065,1993,biththalpur,Mirzapur,Shikhar,Biththalpur,11484,0.869023569023569,0.869023569023569,,,,
up2021__513826,1993,dhaneta,Mirzapur,Seekhad,Dhaneta,195848,80067,1993,dhanaita,Mirzapur,Shikhar,Dhanaita,15761,0.8880952380952382,0.8880952380952382,,,,
up2021__510579,1988,jasowar,Mirzapur,Seeti,Jasowar,195877,79761,1988,jasober,Mirzapur,Nagar (City),Jasober,24564,0.8857142857142858,0.8857142857142858,,,,
up2021__514322,1988,chhapaur kala,Mirzapur,Seeti,Chhapaur Kala,195908,79746,1988,chapur kala,Mirzapur,Nagar (City),Chapur Kala,12824,0.8862470862470861,0.8862470862470861,,,,
up2021__488248,1988,kirataratara,Mirzapur,Seeti,Kirataratara,195909,79769,1988,kirtartara,Mirzapur,Nagar (City),Kirtartara,30093,0.8911111111111111,0.8911111111111111,,,,
up2021__553309,1988,lohdi kala,Mirzapur,Seeti,Lohdi Kala,195910,79775,1988,lohandi kala,Mirzapur,Nagar (City),Lohandi Kala,32824,0.8911111111111111,0.8911111111111111,,,,
up2021__588910,1988,chitaunpur,Mirzapur,Seeti,Chitaunpur,195919,79749,1988,chintavanpur,Mirzapur,Nagar (City),Chintavanpur,13653,0.8664814814814815,0.8664814814814815,,,,
up2021__490795,1988,dobra pahadi,Mirzapur,Seeti,Dobra Pahadi,195922,79755,1988,dubera pahari,Mirzapur,Nagar (City),Dubera Pahari,17051,0.8807692307692307,0.8807692307692307,,,,
up2021__1270204,1983,songadha,Mirzapur,Halia,Songadha,195947,79492,1983,sonegharha,Mirzapur,Hallia,Sonegharha,53746,0.8674999999999999,0.8674999999999999,,,,
up2021__1272224,1983,mavaye kala,Mirzapur,Halia,Mavaye Kala,195966,79479,1983,mawai kala,Mirzapur,Hallia,Mawai Kala,36294,0.8739393939393939,0.8739393939393939,,,,
up2021__1216510,1983,badgada,Mirzapur,Halia,Badgada,195971,79432,1983,badauha,Mirzapur,Hallia,Badauha,3598,0.8666666666666668,0.8666666666666668,,,,
up2021__1216248,1983,subaauv kalaa,Mirzapur,Halia,Subaauv Kalaa,195975,79494,1983,subav kala,Mirzapur,Hallia,Subav Kala,53937,0.8938461538461538,0.8938461538461538,,,,
up2021__1249542,1983,phuliyari,Mirzapur,Halia,Phuliyari,196006,79453,1983,fuliyari,Mirzapur,Hallia,Fuliyari,18072,0.8842592592592592,0.8842592592592592,,,,
up2021__1215871,1983,ooti,Mirzapur,Halia,Ooti,196013,268644,1983,ooty,Mirzapur,Hallia,Ooty,41083,0.8833333333333334,0.8833333333333334,,,,
up2021__1172760,1983,karihat khud,Mirzapur,Halia,KARIHAT KHUD,196014,268660,1983,kharihat khurd,Mirzapur,Hallia,Kharihat Khurd,29191,0.8571428571428572,0.8571428571428572,,,,
up2021__1270089,1983,baidha,Mirzapur,Halia,Baidha,196019,79499,1983,vaidha,Mirzapur,Hallia,Vaidha,57225,0.888888888888889,0.888888888888889,,,,
up2021__628934,1999,garhi,Muradabad,Chhajlaut,Garhi,196022,80474,1999,gadhi,Moradabad,Chhajlet,Gadhi,18207,0.8933333333333333,0.8933333333333333,,,,
up2021__482948,1999,dhahra nikat umri,Muradabad,Chhajlaut,Dhahra Nikat Umri,196027,80470,1999,dehra nikat umri,Moradabad,Chhajlet,Dehra Nikat Umri,15054,0.8859558823529413,0.8859558823529413,,,,
up2021__597663,1999,dadi mahmudpur,Muradabad,Chhajlaut,Dadi Mahmudpur,196028,80469,1999,dari mahmoodpur,Moradabad,Chhajlet,Dari Mahmoodpur,14571,0.8863492063492063,0.8863492063492063,,,,
up2021__548394,1999,sadakpur malukpur urf khichdi,Muradabad,Chhajlaut,Sadakpur Malukpur Urf Khichdi,196033,80510,1999,sadaqpur urf bhalupura khichar,Moradabad,Chhajlet,Sadaqpur Urf Bhalupura Khichar,48252,0.8671839080459771,0.8671839080459771,,,,
up2021__520501,1999,kazikheda,Muradabad,Chhajlaut,KaziKheda,196036,80478,1999,kaji khera,Moradabad,Chhajlet,Kaji Khera,25794,0.8607407407407408,0.8607407407407408,,,,
up2021__512921,1999,aavi hafizpur,Muradabad,Chhajlaut,Aavi Hafizpur,196039,80455,1999,avihafizpur,Moradabad,Chhajlet,Avihafizpur,3165,0.8993006993006994,0.8993006993006994,,,,
up2021__579956,1999,shahpur abdulwari,Muradabad,Chhajlaut,Shahpur Abdulwari,196041,80513,1999,sahpur abbadulbari,Moradabad,Chhajlet,Sahpur Abbadulbari,48636,0.8547058823529412,0.8547058823529412,,,,
up2021__555092,1999,shahupur,Muradabad,Chhajlaut,Shahupur,196045,80512,1999,sadupura,Moradabad,Chhajlet,Sadupura,48375,0.8500000000000001,0.8500000000000001,,,,
up2021__520369,1999,aidalpur jogia sihali,Muradabad,Chhajlaut,Aidalpur Jogia Sihali,196049,80448,1999,adalpur jogi siniali,Moradabad,Chhajlet,Adalpur Jogi Siniali,226,0.8938095238095238,0.8938095238095238,,,,
up2021__537798,1999,folda patti,Muradabad,Chhajlaut,Folda Patti,196051,80473,1999,felra patti,Moradabad,Chhajlet,Felra Patti,17982,0.890909090909091,0.890909090909091,,,,
up2021__543985,1999,rasulpur chauhra,Muradabad,Chhajlaut,Rasulpur Chauhra,196066,80509,1999,rasoolpur chaura,Moradabad,Chhajlet,Rasoolpur Chaura,47073,0.8750000000000001,0.8750000000000001,,,,
up2021__524058,1999,mahendri sikandarpur,Muradabad,Chhajlaut,Mahendri Sikandarpur,196073,80491,1999,mehandari sikandarpur,Moradabad,Chhajlet,Mehandari Sikandarpur,36480,0.8957142857142857,0.8957142857142857,,,,
up2021__486642,1999,chainderi akbarpur,Muradabad,Chhajlaut,Chainderi Akbarpur,196086,80467,1999,chendri akbarpur,Moradabad,Chhajlet,Chendri Akbarpur,13173,0.8870370370370371,0.8870370370370371,,,,
up2021__576710,1999,barkheda basantpur urf daiyanathpur,Muradabad,Chhajlaut,Barkheda Basantpur Urf Daiyanathpur,196096,80458,1999,barkhera basantpur urf dayanat,Moradabad,Chhajlet,Barkhera Basantpur Urf Dayanat,6664,0.8914285714285715,0.8914285714285715,,,,
up2021__691247,2006,kala jhanda,Muradabad,Thakurdwara,Kala Jhanda,196110,80996,2006,kaley jhanda,Moradabad,Thakurdwara,Kaley Jhanda,26023,0.86989898989899,0.86989898989899,,,,
up2021__661043,2006,khwajpur dhatla,Muradabad,Thakurdwara,Khwajpur Dhatla,196125,81002,2006,khawajpur dhantla,Moradabad,Thakurdwara,Khawajpur Dhantla,29365,0.8619607843137256,0.8619607843137256,,,,
up2021__649123,2006,karnawla khalsa,Muradabad,Thakurdwara,Karnawla Khalsa,196130,80999,2006,karanawala khalsa,Moradabad,Thakurdwara,Karanawala Khalsa,26912,0.8947712418300654,0.8947712418300654,,,,
up2021__622836,2006,pilkpur gumani,Muradabad,Thakurdwara,Pilkpur Gumani,196135,81024,2006,pilakpur gumani m s t,Moradabad,Thakurdwara,Pilakpur Gumani(M.S.T.),43784,0.8555555555555555,0.8555555555555555,,,,
up2021__548599,2006,kuwa kheda khalsa,Muradabad,Thakurdwara,Kuwa Kheda Khalsa,196143,81005,2006,kuakhera khalsa,Moradabad,Thakurdwara,Kuakhera Khalsa,30926,0.8970681605975723,0.8970681605975723,,,,
up2021__753149,2006,balapur,Muradabad,Thakurdwara,Balapur,196162,80982,2006,bahpur,Moradabad,Thakurdwara,Bahpur,4370,0.8793650793650793,0.8793650793650793,,,,
up2021__754419,2006,raibhud,Muradabad,Thakurdwara,Raibhud,196163,81027,2006,raibhoor,Moradabad,Thakurdwara,Raibhoor,45326,0.8678571428571429,0.8678571428571429,,,,
up2021__704141,2006,mirpur mohan chak,Muradabad,Thakurdwara,Mirpur Mohan Chak,196165,81016,2006,mirpur mohanchak jadid m s t,Moradabad,Thakurdwara,Mirpur Mohanchak Jadid (M.S.T.,36799,0.8978991596638656,0.8978991596638656,,,,
up2021__580933,2006,mohideenpur,Muradabad,Thakurdwara,Mohideenpur,196170,297252,2006,mohiuddenpur mafi,Moradabad,Thakurdwara,Mohiuddenpur Mafi,37371,0.8594652406417113,0.8594652406417113,,,,
up2021__529366,2006,nanhwala,Muradabad,Thakurdwara,Nanhwala,196175,81018,2006,nannhoowala m s t,Moradabad,Thakurdwara,Nannhoowala(M.S.T),39369,0.8764705882352942,0.8764705882352942,,,,
up2021__594436,2000,sarkada karim,Muradabad,Dilari,Sarkada Karim,196176,80590,2000,sarkara karim m s t,Moradabad,Dilari,Sarkara Karim (M.S.T),50435,0.8775978407557355,0.8775978407557355,,,,
up2021__557800,2000,alampur chauhan,Muradabad,Dilari,Alampur Chauhan,196198,80528,2000,alampur,Moradabad,Dilari,Alampur,1213,0.8933333333333334,0.8933333333333334,,,,
up2021__468062,2000,kuwa kheda mafi,Muradabad,Dilari,Kuwa Kheda Mafi,196199,80563,2000,kuakhera mafi,Moradabad,Dilari,Kuakhera Mafi,30927,0.8817094017094018,0.8817094017094018,,,,
up2021__514621,2000,rehta mafi,Muradabad,Dilari,Rehta Mafi,196202,80582,2000,reta mafi m s t,Moradabad,Dilari,Reta Mafi (M.S.T),47665,0.8666666666666667,0.8666666666666667,,,,
up2021__589787,2000,guldia mafi,Muradabad,Dilari,Guldia Mafi,196208,80555,2000,gularia mafi,Moradabad,Dilari,Gularia Mafi,20616,0.8932323232323233,0.8932323232323233,,,,
up2021__585295,2000,egrah narayanpur,Muradabad,Dilari,Egrah (Narayanpur),196210,80547,2000,egraha,Moradabad,Dilari,Egraha,17431,0.875,0.875,,,,
up2021__605470,2000,aliabad,Muradabad,Dilari,Aliabad,196214,80529,2000,aliabad sadik m s t hal,Moradabad,Dilari,Aliabad Sadik (M.S.T) Hal,1325,0.8608695652173913,0.8608695652173913,,,,
up2021__653616,2000,malkapur saimli,Muradabad,Dilari,Malkapur Saimli,196215,80567,2000,malakpur semli m s t,Moradabad,Dilari,Malakpur Semli (M.S.T),34829,0.8513247863247864,0.8513247863247864,,,,
up2021__591160,2000,chawad,Muradabad,Dilari,Chawad,196216,80539,2000,chawar m s t,Moradabad,Dilari,Chawar (M.S.T),13152,0.85,0.85,,,,
up2021__479552,2000,mirjaapur karimuddiin,Muradabad,Dilari,Mirjaapur(karimuddiin),196237,80573,2000,mirzapur kareemuddin,Moradabad,Dilari,Mirzapur Kareemuddin,36859,0.8519281045751634,0.8519281045751634,,,,
up2021__602190,2000,mudia muiuddinpur,Muradabad,Dilari,Mudia Muiuddinpur,196243,80574,2000,mundia mohiuddinpur,Moradabad,Dilari,Mundia Mohiuddinpur,38035,0.8922084623323013,0.8922084623323013,,,,
up2021__669808,2000,wadera,Muradabad,Dilari,Wadera,196245,80530,2000,badera,Moradabad,Dilari,Badera,3632,0.888888888888889,0.888888888888889,,,,
up2021__591029,2000,manakua maksudpur,Muradabad,Dilari,Manakua Maksudpur,196248,80568,2000,mankua maksoodpur,Moradabad,Dilari,Mankua Maksoodpur,35530,0.8828758169934641,0.8828758169934641,,,,
up2021__511706,2000,tikuti,Muradabad,Dilari,Tikuti,196252,297222,2000,tikhooti,Moradabad,Dilari,Tikhooti,55909,0.8736111111111112,0.8736111111111112,,,,
up2021__575310,2000,sultanganj khaddar mu0,Muradabad,Dilari,Sultanganj Khaddar Mu0,196255,297218,2000,sultanpur khaddar m s t,Moradabad,Dilari,Sultanpur Khaddar (M.S.T),54264,0.8720849802371541,0.8720849802371541,,,,
up2021__601870,2001,bahadur,Muradabad,Dingarpur(Kundarki),Bahadur,196268,80611,2001,bahpur,Moradabad,Kundarki,Bahpur,4369,0.8944444444444445,0.8944444444444445,,,,
up2021__659389,2001,tevar patti uarf qazipura,Muradabad,Dingarpur(Kundarki),Tevar Patti Uarf Qazipura,196287,80694,2001,tewar patti urf kazipura,Moradabad,Kundarki,Tewar Patti Urf Kazipura,55545,0.8851717171717172,0.8851717171717172,,,,
up2021__551532,2001,chaudpur mongol,Muradabad,Dingarpur(Kundarki),Chaudpur Mongol,196296,80621,2001,chandur mangol,Moradabad,Kundarki,Chandur Mangol,12740,0.8811111111111112,0.8811111111111112,,,,
up2021__866486,2001,imaratpur uddho,Muradabad,Dingarpur(Kundarki),Imaratpur Uddho,196298,80641,2001,imratpur udhaw,Moradabad,Kundarki,Imratpur Udhaw,22712,0.8863492063492063,0.8863492063492063,,,,
up2021__678613,2001,bahadurpur rajput,Muradabad,Dingarpur(Kundarki),Bahadurpur Rajput,196305,80615,2001,bhadarpur rajpoot,Moradabad,Kundarki,Bhadarpur Rajpoot,8300,0.8694117647058823,0.8694117647058823,,,,
up2021__470879,2001,ahladpur,Muradabad,Dingarpur(Kundarki),Ahladpur,196306,80604,2001,aledadpur,Moradabad,Kundarki,Aledadpur,1305,0.8529761904761904,0.8529761904761904,,,,
up2021__684678,2001,rasulpur hameer,Muradabad,Dingarpur(Kundarki),Rasulpur Hameer,196308,80677,2001,rasoolpur hamir,Moradabad,Kundarki,Rasoolpur Hamir,47083,0.8872222222222222,0.8872222222222222,,,,
up2021__947008,2001,madarpur bichoula,Muradabad,Dingarpur(Kundarki),Madarpur Bichoula,196322,80655,2001,madarpura,Moradabad,Kundarki,Madarpura,33213,0.8718954248366013,0.8718954248366013,,,,
up2021__563206,2001,pitpur nauya kheda,Muradabad,Dingarpur(Kundarki),Pitpur(Nauya Kheda),196340,80675,2001,pitpur,Moradabad,Kundarki,Pitpur,44324,0.8666666666666666,0.8666666666666666,,,,
up2021__582600,2001,sundar pur kalyan,Muradabad,Dingarpur(Kundarki),Sundar pur(Kalyan),196343,80689,2001,sunderpur,Moradabad,Kundarki,Sunderpur,54361,0.8718954248366013,0.8718954248366013,,,,
up2021__653247,2001,baghi govindpur,Muradabad,Dingarpur(Kundarki),Baghi Govindpur,196348,80610,2001,bagi govardhanpur,Moradabad,Kundarki,Bagi Govardhanpur,4030,0.8780894922071393,0.8780894922071393,,,,
up2021__479000,2001,saunkpur,Muradabad,Dingarpur(Kundarki),Saunkpur,196353,80686,2001,sonakpur,Moradabad,Kundarki,Sonakpur,53655,0.8821428571428571,0.8821428571428571,,,,
up2021__629836,1998,sanai roja,Muradabad,Bilari,Sanai Roja,196361,80439,1998,sanai,Moradabad,Bilari,Sanai,49516,0.9,0.9,,,,
up2021__525639,1998,mallpur janu,Muradabad,Bilari,Mallpur Janu,196368,80421,1998,malhpur jannoo,Moradabad,Bilari,Malhpur Jannoo,34927,0.8944444444444445,0.8944444444444445,,,,
up2021__473506,1998,sihaali maala,Muradabad,Bilari,Sihaali Maala,196372,80444,1998,sihari mala,Moradabad,Bilari,Sihari Mala,52497,0.8956643356643357,0.8956643356643357,,,,
up2021__532327,1998,khavari abbal,Muradabad,Bilari,Khavari Abbal,196373,80416,1998,khawri avwal,Moradabad,Bilari,Khawri Avwal,29372,0.8605982905982907,0.8605982905982907,,,,
up2021__536180,1998,hathiyapur wahauddhinpur,Muradabad,Bilari,Hathiyapur Wahauddhinpur,196380,80407,1998,hathipur bahauddin,Moradabad,Bilari,Hathipur Bahauddin,22009,0.8952614379084967,0.8952614379084967,,,,
up2021__675281,1998,manakula,Muradabad,Bilari,Manakula,196388,80424,1998,mankoola,Moradabad,Bilari,Mankoola,35528,0.8833333333333334,0.8833333333333334,,,,
up2021__600061,1998,khata hamzapur,Muradabad,Bilari,Khata Hamzapur,196401,80415,1998,khata,Moradabad,Bilari,Khata,29293,0.8714285714285714,0.8714285714285714,,,,
up2021__532125,1998,barauli rustampur,Muradabad,Bilari,Barauli Rustampur,196408,80242,1998,baroli rustampur,Moradabad,Bilari,Baroli Rustampur,6745,0.880187908496732,0.880187908496732,,,,
up2021__533935,1998,devari dinaura,Muradabad,Bilari,Devari Dinaura,196411,80250,1998,devari,Moradabad,Bilari,Devari,15317,0.8857142857142858,0.8857142857142858,,,,
up2021__585766,1998,umarara,Muradabad,Bilari,Umarara,196420,80306,1998,umrara,Moradabad,Bilari,Umrara,56909,0.873015873015873,0.873015873015873,,,,
up2021__517613,1998,rampura dhataraara,Muradabad,Bilari,Rampura Dhataraara,196426,80295,1998,rampur,Moradabad,Bilari,Rampur,46267,0.8666666666666666,0.8666666666666666,,,,
up2021__586702,1998,ibrahimur mirza,Muradabad,Bilari,Ibrahimur Mirza,196443,80258,1998,ibrahimpur,Moradabad,Bilari,Ibrahimpur,22563,0.9,0.9,,,,
up2021__500250,1998,asaaltanagar kaliijapur,Muradabad,Bilari,Asaaltanagar Kaliijapur,196449,80235,1998,asalatnagar kalispur,Moradabad,Bilari,Asalatnagar Kalispur,2510,0.8863501144164759,0.8863501144164759,,,,
up2021__659846,1998,arikheda,Muradabad,Bilari,Arikheda,196450,297299,1998,aari khera,Moradabad,Bilari,Aari Khera,58,0.8725,0.8725,,,,
up2021__551120,1998,narukheda,Muradabad,Bilari,Narukheda,196452,297309,1998,naroo khera,Moradabad,Bilari,Naroo Khera,39716,0.8632996632996633,0.8632996632996633,,,,
up2021__486898,1997,kotla nagala,Muradabad,Bhagatpur Tanda,Kotla Nagala,196462,80336,1997,kotla nagla mustahkam,Moradabad,Bhagatpur Tanda,Kotla Nagla Mustahkam,30823,0.8976190476190476,0.8976190476190476,,,,
up2021__585733,1997,khabdia ghat,Muradabad,Bhagatpur Tanda,Khabdia Ghat,196478,80334,1997,khabarya ghat,Moradabad,Bhagatpur Tanda,Khabarya Ghat,28312,0.8805128205128206,0.8805128205128206,,,,
up2021__554526,1997,badhpura mazra maheswar khem,Muradabad,Bhagatpur Tanda,Badhpura Mazra Maheswar Khem,196480,80309,1997,badhpura mazra kuri,Moradabad,Bhagatpur Tanda,Badhpura Mazra Kuri,3720,0.8886112339672712,0.8886112339672712,,,,
up2021__598041,1997,kachanal,Muradabad,Bhagatpur Tanda,Kachanal,196481,80332,1997,kachnal mustakim,Moradabad,Bhagatpur Tanda,Kachnal Mustakim,25470,0.85,0.85,,,,
up2021__549232,1997,devipura,Muradabad,Bhagatpur Tanda,Devipura,196484,80326,1997,devipur mustahkam,Moradabad,Bhagatpur Tanda,Devipur Mustahkam,15399,0.8941176470588236,0.8941176470588236,,,,
up2021__545675,1997,dugarpur,Muradabad,Bhagatpur Tanda,Dugarpur,196493,80324,1997,dagarpur,Moradabad,Bhagatpur Tanda,Dagarpur,14112,0.8821428571428571,0.8821428571428571,,,,
up2021__482413,1997,samada charthubhuj,Muradabad,Bhagatpur Tanda,Samada Charthubhuj,196497,80357,1997,samda chatar bhoj,Moradabad,Bhagatpur Tanda,Samda Chatar Bhoj,49421,0.8558823529411764,0.8558823529411764,,,,
up2021__496866,1997,barkheda chak,Muradabad,Bhagatpur Tanda,Barkheda Chak,196499,80314,1997,berkhera chak,Moradabad,Bhagatpur Tanda,Berkhera Chak,8173,0.8531468531468531,0.8531468531468531,,,,
up2021__553724,1997,naktatpooree kalla,Muradabad,Bhagatpur Tanda,Naktatpooree Kalla,196506,80346,1997,nakatpuri kalan,Moradabad,Bhagatpur Tanda,Nakatpuri Kalan,39188,0.856111111111111,0.856111111111111,,,,
up2021__548590,1997,pipalsana,Muradabad,Bhagatpur Tanda,Pipalsana,196508,80353,1997,pipalsana mustahkam,Moradabad,Bhagatpur Tanda,Pipalsana Mustahkam,43895,0.8947368421052632,0.8947368421052632,,,,
up2021__619622,1997,ganeshapur devipur,Muradabad,Bhagatpur Tanda,Ganeshapur Devipur,196509,80327,1997,ganeshpur devi mustahkam,Moradabad,Bhagatpur Tanda,Ganeshpur Devi Mustahkam,18593,0.8916666666666667,0.8916666666666667,,,,
up2021__640567,1997,laluwala,Muradabad,Bhagatpur Tanda,Laluwala,196514,80339,1997,laluwala mustahkam,Moradabad,Bhagatpur Tanda,Laluwala Mustahkam,32427,0.888888888888889,0.888888888888889,,,,
up2021__592703,1997,sehal,Muradabad,Bhagatpur Tanda,Sehal,196516,80360,1997,sehal mustahkam,Moradabad,Bhagatpur Tanda,Sehal Mustahkam,50884,0.8666666666666666,0.8666666666666666,,,,
up2021__523718,1997,budhanpur mustakama,Muradabad,Bhagatpur Tanda,Budhanpur Mustakama,196523,80321,1997,burhanpur mustahkam,Moradabad,Bhagatpur Tanda,Burhanpur Mustahkam,11823,0.8968008255933952,0.8968008255933952,,,,
up2021__491544,1997,padiya nagla,Muradabad,Bhagatpur Tanda,Padiya Nagla,196529,80349,1997,padia nagla mustahkam,Moradabad,Bhagatpur Tanda,Padia Nagla Mustahkam,41397,0.8880952380952382,0.8880952380952382,,,,
up2021__484238,2003,devapur,Muradabad,Mudhaa Pandey,Devapur,196560,80761,2003,devapur mustahkam,Moradabad,Munda Pandey,Devapur Mustahkam,15309,0.8823529411764706,0.8823529411764706,,,,
up2021__594628,2003,barbara khas,Muradabad,Mudhaa Pandey,Barbara Khas,196574,80745,2003,barwara khas mustahkam,Moradabad,Munda Pandey,Barwara Khas Mustahkam,6948,0.8638888888888888,0.8638888888888888,,,,
up2021__535582,2003,medinapur,Muradabad,Mudhaa Pandey,Medinapur,196578,80785,2003,madnapur,Moradabad,Munda Pandey,Madnapur,33449,0.8958333333333333,0.8958333333333333,,,,
up2021__513005,2003,boojpur asha,Muradabad,Mudhaa Pandey,Boojpur Asha,196579,80753,2003,bujhpur asha,Moradabad,Munda Pandey,Bujhpur Asha,11768,0.8700000000000001,0.8700000000000001,,,,
up2021__473972,2003,parashupura baje,Muradabad,Mudhaa Pandey,Parashupura Baje,196594,80796,2003,parsupura baze,Moradabad,Munda Pandey,Parsupura Baze,42973,0.8677884615384616,0.8677884615384616,,,,
up2021__477912,2003,tahnayek,Muradabad,Mudhaa Pandey,Tahnayek,196595,297357,2003,tahanayak,Moradabad,Munda Pandey,Tahanayak,54693,0.8856481481481482,0.8856481481481482,,,,
up2021__508101,2003,hiran kheda,Muradabad,Mudhaa Pandey,Hiran Kheda,196600,297368,2003,hiran khera mustahkam,Moradabad,Munda Pandey,Hiran Khera Mustahkam,22304,0.8770562770562771,0.8770562770562771,,,,
up2021__530210,2003,ganesha ghat,Muradabad,Mudhaa Pandey,Ganesha Ghat,196604,80767,2003,ganesh ghat mustahkam,Moradabad,Munda Pandey,Ganesh Ghat Mustahkam,18560,0.8642857142857142,0.8642857142857142,,,,
up2021__551179,2003,khabadia bhud,Muradabad,Mudhaa Pandey,Khabadia Bhud,196605,80776,2003,khabariya bhur mustahkam,Moradabad,Munda Pandey,Khabariya Bhur Mustahkam,28311,0.860897435897436,0.860897435897436,,,,
up2021__540622,2002,sairua dharampur,Muradabad,Muradabad,Sairua Dharampur,196607,80735,2002,serua dharampur,Moradabad,Moradabad,Serua Dharampur,51225,0.8567857142857143,0.8567857142857143,,,,
up2021__487374,2002,sulempur banger,Muradabad,Muradabad,Sulempur Banger,196610,80732,2002,salempur bangar,Moradabad,Moradabad,Salempur Bangar,49215,0.8738461538461539,0.8738461538461539,,,,
up2021__565988,2002,manojpur,Muradabad,Muradabad,Manojpur,196615,80722,2002,manoharpur,Moradabad,Moradabad,Manoharpur,35555,0.8864285714285713,0.8864285714285713,,,,
up2021__544060,2002,ramnagar majhra,Muradabad,Muradabad,Ramnagar Majhra,196623,80729,2002,ramnagar mazra mustahkam,Moradabad,Moradabad,Ramnagar Mazra Mustahkam,46185,0.8890476190476191,0.8890476190476191,,,,
up2021__552804,2002,khanpur kaswa,Muradabad,Muradabad,Khanpur Kaswa,196627,80717,2002,khanpur kasba musthkam,Moradabad,Moradabad,Khanpur Kasba Musthkam,28970,0.8937062937062936,0.8937062937062936,,,,
up2021__581840,2002,dadupur payandapur,Muradabad,Muradabad,Dadupur Payandapur,196633,80703,2002,dadupur paindapur mustahkam,Moradabad,Moradabad,Dadupur Paindapur Mustahkam,14091,0.879520697167756,0.879520697167756,,,,
up2021__648859,2002,guraitha,Muradabad,Muradabad,Guraitha,196637,80711,2002,guretha,Moradabad,Moradabad,Guretha,20771,0.8694444444444446,0.8694444444444446,,,,
up2021__627382,2002,gindauda,Muradabad,Muradabad,Gindauda,196640,80707,2002,gindora,Moradabad,Moradabad,Gindora,19757,0.8678571428571429,0.8678571428571429,,,,
up2021__693079,2002,bakainiya mafi,Muradabad,Muradabad,Bakainiya Mafi,196646,80698,2002,bakania,Moradabad,Moradabad,Bakania,4810,0.8714285714285714,0.8714285714285714,,,,
up2021__605064,2002,gajgaula nanakwadi,Muradabad,Muradabad,Gajgaula Nanakwadi,196656,297249,2002,gajgola nanak wari,Moradabad,Moradabad,Gajgola Nanak Wari,18415,0.8666666666666667,0.8666666666666667,,,,
up2021__557611,1973,uldhan shikarpur,Meerut,Kharkhauda,Uldhan Shikarpur,196668,79032,1973,uldhan,Meerut,Kharkhoda,Uldhan,56730,0.875,0.875,,,,
up2021__548496,1973,jasauri,Meerut,Kharkhauda,Jasauri,196683,79015,1973,jasori,Meerut,Kharkhoda,Jasori,24571,0.8944444444444445,0.8944444444444445,,,,
up2021__610712,1973,khadkhadi,Meerut,Kharkhauda,Khadkhadi,196687,79019,1973,kharkhari,Meerut,Kharkhoda,Kharkhari,29212,0.8962962962962963,0.8962962962962963,,,,
up2021__489244,1972,mirpur,Meerut,Jani Khurd,Mirpur,196700,78987,1972,mirpur jakhera,Meerut,Janikhurd,Mirpur Jakhera,36797,0.8857142857142858,0.8857142857142858,,,,
up2021__536766,1972,poothri,Meerut,Jani Khurd,Poothri,196717,78993,1972,puthri,Meerut,Janikhurd,Puthri,45022,0.8642857142857143,0.8642857142857143,,,,
up2021__518498,1972,kazmabad gun,Meerut,Jani Khurd,Kazmabad Gun,196718,78980,1972,kazamabadgoon,Meerut,Janikhurd,Kazamabadgoon,28074,0.8605982905982907,0.8605982905982907,,,,
up2021__468418,1972,sisaula bujurg,Meerut,Jani Khurd,Sisaula Bujurg,196725,78999,1972,sisola buzurg,Meerut,Janikhurd,Sisola Buzurg,53345,0.8716783216783217,0.8716783216783217,,,,
up2021__538242,1970,nangali azad salempur,Meerut,Daurala,Nangali Azad Salempur,196736,78907,1970,nagli ajar salempur,Meerut,Daurala,Nagli Ajar Salempur,38960,0.874077350238341,0.874077350238341,,,,
up2021__672857,1970,jewari,Meerut,Daurala,Jewari,196744,78893,1970,jeori,Meerut,Daurala,Jeori,24773,0.8577777777777779,0.8577777777777779,,,,
up2021__567853,1970,jalalbad alias jalalpur,Meerut,Daurala,Jalalbad (alias Jalalpur),196757,78891,1970,jalalabad urf jalalpur,Meerut,Daurala,Jalalabad Urf Jalalpur,23755,0.8958394008737258,0.8958394008737258,,,,
up2021__666599,1970,nihauri,Meerut,Daurala,Nihauri,196775,264109,1970,nihori,Meerut,Daurala,Nihori,40635,0.8944444444444445,0.8944444444444445,,,,
up2021__486523,1970,mator,Meerut,Daurala,Mator,196777,78903,1970,mataur,Meerut,Daurala,Mataur,35958,0.8755555555555556,0.8755555555555556,,,,
up2021__553723,1970,chiraudi,Meerut,Daurala,Chiraudi,196779,78886,1970,chirori,Meerut,Daurala,Chirori,13697,0.8678571428571429,0.8678571428571429,,,,
up2021__564980,1977,parikshitgarh dehat,Meerut,Parikshitgarh,Parikshitgarh Dehat,196797,79173,1977,parichhatgarh dehat,Meerut,Parikshitgarh,Parichhatgarh Dehat,42652,0.8743421052631578,0.8743421052631578,,,,
up2021__609409,1977,ahmadpuri,Meerut,Parikshitgarh,Ahmadpuri,196800,79142,1977,ahmadpuri urf amanpuri,Meerut,Parikshitgarh,Ahmadpuri Urf Amanpuri,653,0.8818181818181818,0.8818181818181818,,,,
up2021__555257,1977,jat,Meerut,Parikshitgarh,Jat,196822,79161,1977,jataula,Meerut,Parikshitgarh,Jataula,24611,0.8666666666666668,0.8666666666666668,,,,
up2021__615955,1975,jhunzhuni,Meerut,Mawana,Jhunzhuni,196835,79091,1975,jhunjhunee,Meerut,Mawana Kalan,Jhunjhunee,24941,0.8955555555555555,0.8955555555555555,,,,
up2021__512227,1975,mandavadi,Meerut,Mawana,Mandavadi,196840,79100,1975,mandwari,Meerut,Mawana Kalan,Mandwari,35233,0.8833333333333333,0.8833333333333333,,,,
up2021__529669,1975,fitkari,Meerut,Mawana,fitkari,196856,79109,1975,phitkari,Meerut,Mawana Kalan,Phitkari,43651,0.8690476190476191,0.8690476190476191,,,,
up2021__528695,1975,sakauti,Meerut,Mawana,Sakauti,196871,79114,1975,sakoti,Meerut,Mawana Kalan,Sakoti,49017,0.8944444444444445,0.8944444444444445,,,,
up2021__529802,1974,nawinpur amanatnagar,Meerut,Machhra,Nawinpur Amanatnagar,196883,79066,1974,navipur amanatnagar,Meerut,Machra,Navipur Amanatnagar,40155,0.885224171539961,0.885224171539961,,,,
up2021__643084,1974,rachauti,Meerut,Machhra,Rachauti,196898,79069,1974,rachhoti,Meerut,Machra,Rachhoti,45083,0.9,0.9,,,,
up2021__567892,1974,radhana,Meerut,Machhra,Radhana,196906,79070,1974,radhna inayatpur,Meerut,Machra,Radhna Inayatpur,45094,0.8589285714285715,0.8589285714285715,,,,
up2021__616319,1974,chandrawal alias mahalwala,Meerut,Machhra,Chandrawal alias Mahalwala,196909,79042,1974,chandlawar urf mahalwala,Meerut,Machra,Chandlawar Urf Mahalwala,12563,0.8984432234432235,0.8984432234432235,,,,
up2021__568629,1974,etamaadpur,Meerut,Machhra,Etamaadpur,196921,79036,1974,atmadpur,Meerut,Machra,Atmadpur,2925,0.8916666666666666,0.8916666666666666,,,,
up2021__472547,1976,gagol,Meerut,Meerut,Gagol,196929,79127,1976,gagaul,Meerut,Meerut,Gagaul,18276,0.8755555555555556,0.8755555555555556,,,,
up2021__543611,1976,kheda balrampur,Meerut,Meerut,Kheda Balrampur,196930,79131,1976,khera balrampur,Meerut,Meerut,Khera Balrampur,29450,0.8855555555555555,0.8855555555555555,,,,
up2021__511798,1976,bajot,Meerut,Meerut,Bajot,196938,79123,1976,bajaut,Meerut,Meerut,Bajaut,4722,0.8755555555555556,0.8755555555555556,,,,
up2021__522883,1976,daulatpur fakharabad urf kayasth gaonwadi,Meerut,Meerut,Daulatpur Fakharabad Urf Kayasth Gaonwadi,196944,79126,1976,daulatpur fakhrabad urf kayast,Meerut,Meerut,Daulatpur Fakhrabad Urf Kayast,14856,0.8996747967479675,0.8996747967479675,,,,
up2021__618596,1978,amheda aadipur,Meerut,Rajpura,Amheda Aadipur,196946,79189,1978,amehra adipur,Meerut,Rajpura,Amehra Adipur,1747,0.8747252747252747,0.8747252747252747,,,,
up2021__486305,1978,salarpur,Meerut,Rajpura,Salarpur,196948,79227,1978,salarpur jalalpur,Meerut,Rajpura,Salarpur Jalalpur,49128,0.8941176470588236,0.8941176470588236,,,,
up2021__621319,1978,bhudpura,Meerut,Rajpura,Bhudpura,196949,79194,1978,bhurpur,Meerut,Rajpura,Bhurpur,10514,0.8694444444444446,0.8694444444444446,,,,
up2021__472458,1978,khardouni,Meerut,Rajpura,Khardouni,196956,79203,1978,khardoni shekhupur,Meerut,Rajpura,Khardoni Shekhupur,29128,0.8777777777777778,0.8777777777777778,,,,
up2021__621025,1978,badhla kaithwada,Meerut,Rajpura,Badhla Kaithwada,196960,79190,1978,badhala kaithwara,Meerut,Rajpura,Badhala Kaithwara,3662,0.8973039215686274,0.8973039215686274,,,,
up2021__479699,1978,samaipur,Meerut,Rajpura,Samaipur,196962,79228,1978,sameypur,Meerut,Rajpura,Sameypur,49439,0.8833333333333334,0.8833333333333334,,,,
up2021__602223,1978,syal,Meerut,Rajpura,Syal,196973,79229,1978,sial,Meerut,Rajpura,Sial,52381,0.8500000000000001,0.8500000000000001,,,,
up2021__477144,1979,bhadaoda,Meerut,Rohta,Bhadaoda,196991,79237,1979,bhadaura,Meerut,Rohta,Bhadaura,8324,0.9,0.9,,,,
up2021__586632,1979,badam,Meerut,Rohta,Badam,196992,79236,1979,baram,Meerut,Rohta,Baram,6075,0.8933333333333333,0.8933333333333333,,,,
up2021__594455,1979,kinauani,Meerut,Rohta,Kinauani,197003,79252,1979,kanauni,Meerut,Rohta,Kanauni,26453,0.8767857142857143,0.8767857142857143,,,,
up2021__592642,1979,rasoolpur mathee,Meerut,Rohta,Rasoolpur Mathee,197010,79261,1979,rasulpur marhi,Meerut,Rohta,Rasulpur Marhi,47234,0.8558712121212121,0.8558712121212121,,,,
up2021__533989,1979,poothkhas,Meerut,Rohta,Poothkhas,197016,79258,1979,puth khas,Meerut,Rohta,Puth Khas,45020,0.8666666666666666,0.8666666666666666,,,,
up2021__614173,1980,nangali sadharan,Meerut,Sardhana,Nangali Sadharan,197029,79298,1980,nagli sadharan,Meerut,Sardhana,Nagli Sadharan,38970,0.8714285714285714,0.8714285714285714,,,,
up2021__619866,1980,khwajapur kushawali,Meerut,Sardhana,Khwajapur Kushawali,197032,79289,1980,khawajahanpur kushawali,Meerut,Sardhana,Khawajahanpur-Kushawali,29362,0.8553775743707095,0.8553775743707095,,,,
up2021__635453,1980,mandaura,Meerut,Sardhana,Mandaura,197039,79293,1980,mandora,Meerut,Sardhana,Mandora,35214,0.8880952380952382,0.8880952380952382,,,,
up2021__607940,1980,julhaeda,Meerut,Sardhana,Julhaeda,197044,79285,1980,julehra,Meerut,Sardhana,Julehra,25293,0.8694444444444446,0.8694444444444446,,,,
up2021__494434,1980,sardhana dehat,Meerut,Sardhana,Sardhana Dehat,197047,79303,1980,sardhana rural,Meerut,Sardhana,Sardhana (Rural),50324,0.8857142857142858,0.8857142857142858,,,,
up2021__574024,1980,kamrudin nagar mdhiai,Meerut,Sardhana,Kamrudin Nagar Mdhiai,197049,79287,1980,kamaruddinnagar madhiyai,Meerut,Sardhana,Kamaruddinnagar Madhiyai,26308,0.8683333333333333,0.8683333333333333,,,,
up2021__583132,1980,nangli rathi,Meerut,Sardhana,Nangli Rathi,197050,79297,1980,nagla rathi,Meerut,Sardhana,Nagla Rathi,38907,0.877979797979798,0.877979797979798,,,,
up2021__484697,1980,sakauti,Meerut,Sardhana,Sakauti,197063,79301,1980,sakoti,Meerut,Sardhana,Sakoti,49018,0.8944444444444445,0.8944444444444445,,,,
up2021__476049,1981,jafarabad durvesh pur,Meerut,Sarurpur Khurd,Jafarabad Durvesh Pur,197076,79336,1981,zafrabad durweshpur,Meerut,Sarurpur Khurd,Zafrabad-Durweshpur,57671,0.862204530935181,0.862204530935181,,,,
up2021__640433,1981,bhooni,Meerut,Sarurpur Khurd,Bhooni,197082,79312,1981,bhuni,Meerut,Sarurpur Khurd,Bhuni,10469,0.8577777777777779,0.8577777777777779,,,,
up2021__587603,1971,karimpru,Meerut,Hastinaapur,Karimpru,197099,78933,1971,kareempur,Meerut,Hastinapur,Kareempur,27067,0.8856481481481482,0.8856481481481482,,,,
up2021__511365,1971,khodray,Meerut,Hastinaapur,Khodray,197109,78934,1971,khorrai,Meerut,Hastinapur,Khorrai,29798,0.8666666666666668,0.8666666666666668,,,,
up2021__589390,1971,bastaura narang,Meerut,Hastinaapur,Bastaura Narang,197119,78924,1971,bastora norang,Meerut,Hastinapur,Bastora Norang,7338,0.8814285714285713,0.8814285714285713,,,,
up2021__471081,1971,makhdumpur,Meerut,Hastinaapur,Makhdumpur,197120,78940,1971,makdumpur bajampur,Meerut,Hastinapur,Makdumpur Bajampur,34693,0.86,0.86,,,,
up2021__524519,1971,kunheda,Meerut,Hastinaapur,Kunheda,197129,78936,1971,kunehra,Meerut,Hastinapur,Kunehra,31295,0.8944444444444445,0.8944444444444445,,,,
up2021__269794,1946,gwari,Mainpuri,Karhal,Gwari,197148,77534,1946,gauri,Mainpuri,Karhal,Gauri,19212,0.88,0.88,,,,
up2021__235247,1946,madhapur,Mainpuri,Karhal,Madhapur,197150,77550,1946,marahpur,Mainpuri,Karhal,Marahpur,35708,0.8952380952380953,0.8952380952380953,,,,
up2021__273759,1946,asarahi,Mainpuri,Karhal,Asarahi,197158,77521,1946,asrohi,Mainpuri,Karhal,Asrohi,2734,0.8793650793650793,0.8793650793650793,,,,
up2021__287122,1946,udnatanta,Mainpuri,Karhal,Udnatanta,197184,77572,1946,udnadada,Mainpuri,Karhal,Udnadada,56617,0.8833333333333333,0.8833333333333333,,,,
up2021__256557,1946,taraulia,Mainpuri,Karhal,Taraulia,197187,77569,1946,tarolia,Mainpuri,Karhal,Tarolia,55141,0.8694444444444446,0.8694444444444446,,,,
up2021__219980,1946,souj,Mainpuri,Karhal,Souj,197189,77565,1946,sauj,Mainpuri,Karhal,Sauj,50750,0.8500000000000001,0.8500000000000001,,,,
up2021__270512,1946,onha,Mainpuri,Karhal,Onha,197195,77555,1946,onaha,Mainpuri,Karhal,Onaha,41068,0.88,0.88,,,,
up2021__370640,1947,dawoodpur,Mainpuri,Kishni,Dawoodpur,197210,77584,1947,daudpur,Mainpuri,Kishni,Daudpur,14770,0.873015873015873,0.873015873015873,,,,
up2021__457175,1947,choraipura,Mainpuri,Kishni,Choraipura,197218,77582,1947,chauraipur,Mainpuri,Kishni,Chauraipur,13094,0.8577777777777779,0.8577777777777779,,,,
up2021__435241,1947,harachandpurkhargaapur,Mainpuri,Kishni,Harachandpurkhargaapur,197225,77591,1947,harchandpur,Mainpuri,Kishni,Harchandpur,21335,0.8621212121212122,0.8621212121212122,,,,
up2021__385242,1947,laigaon,Mainpuri,Kishni,Laigaon,197240,77611,1947,manigaon,Mainpuri,Kishni,Manigaon,35348,0.8690476190476191,0.8690476190476191,,,,
up2021__436585,1947,divannupur sahni,Mainpuri,Kishni,Divannupur Sahni,197257,267233,1947,diwanpur sahini,Mainpuri,Kishni,Diwanpur Sahini,16824,0.8734188034188034,0.8734188034188034,,,,
up2021__290149,1947,nagthra,Mainpuri,Kishni,Nagthra,197264,77613,1947,nagathara,Mainpuri,Kishni,Nagathara,38649,0.8814814814814815,0.8814814814814815,,,,
up2021__312259,1947,madnapur gapchariya,Mainpuri,Kishni,Madnapur Gapchariya,197265,77608,1947,madanapur gapcharia,Mainpuri,Kishni,Madanapur Gapcharia,33120,0.8846978557504874,0.8846978557504874,,,,
up2021__277125,1948,gulalpur,Mainpuri,Kurawli,Gulalpur,197278,77649,1948,gulalpur karanpur,Mainpuri,Kuraoli,Gulalpur Karanpur,20597,0.8941176470588236,0.8941176470588236,,,,
up2021__355397,1948,kukamai,Mainpuri,Kurawli,Kukamai,197279,77659,1948,kookamai,Mainpuri,Kuraoli,Kookamai,30564,0.8821428571428571,0.8821428571428571,,,,
up2021__354428,1948,reechpur,Mainpuri,Kurawli,Reechpur,197280,77672,1948,richpura,Mainpuri,Kuraoli,Richpura,47733,0.8500000000000001,0.8500000000000001,,,,
up2021__202443,1948,junhaisa,Mainpuri,Kurawli,Junhaisa,197287,77654,1948,junhensa,Mainpuri,Kuraoli,Junhensa,25351,0.8666666666666667,0.8666666666666667,,,,
up2021__280061,1944,ghadiakuravli,Mainpuri,Ghiror,GhadiaKuravli,197303,77461,1944,gadia kurawali,Mainpuri,Ghiror,Gadia Kurawali,18227,0.8895604395604395,0.8895604395604395,,,,
up2021__288659,1944,balampur,Mainpuri,Ghiror,Balampur,197307,77435,1944,devi balampur,Mainpuri,Ghiror,Devi Balampur,15378,0.8717948717948718,0.8717948717948718,,,,
up2021__261702,1944,naahil kathengara,Mainpuri,Ghiror,Naahil Kathengara,197315,77466,1944,nahil kathengara,Mainpuri,Ghiror,Nahil Kathengara,39065,0.8676470588235294,0.8676470588235294,,,,
up2021__328911,1944,darapur,Mainpuri,Ghiror,Darapur,197321,77443,1944,darapur nagla ind,Mainpuri,Ghiror,Darapur Nagla Ind,14489,0.8823529411764706,0.8823529411764706,,,,
up2021__285861,1944,kason,Mainpuri,Ghiror,Kason,197326,77459,1944,koson,Mainpuri,Ghiror,Koson,30691,0.88,0.88,,,,
up2021__278997,1944,bamrauli,Mainpuri,Ghiror,Bamrauli,197327,77437,1944,bamrauli nagla fatte,Mainpuri,Ghiror,Bamrauli Nagla Fatte,5313,0.88,0.88,,,,
up2021__320052,1944,bamhori awahar,Mainpuri,Ghiror,Bamhori Awahar,197345,77436,1944,bamhauri awahar,Mainpuri,Ghiror,Bamhauri Awahar,5253,0.8975091575091575,0.8975091575091575,,,,
up2021__263897,1944,chitai,Mainpuri,Ghiror,Chitai,197359,77442,1944,chitayi mahanand,Mainpuri,Ghiror,Chitayi Mahanand,13750,0.875,0.875,,,,
up2021__270798,1945,kurari,Mainpuri,Jagir,Kurari,197378,77495,1945,korari,Mainpuri,Jageer,Korari,30609,0.9,0.9,,,,
up2021__307844,1945,salemarpurpadhina,Mainpuri,Jagir,Salemarpurpadhina,197382,77513,1945,salempur parhina,Mainpuri,Jageer,Salempur Parhina,49248,0.8973039215686274,0.8973039215686274,,,,
up2021__322314,1945,aong,Mainpuri,Jagir,Aong,197389,77483,1945,aung,Mainpuri,Jageer,Aung,3034,0.8500000000000001,0.8500000000000001,,,,
up2021__251369,1942,dalupur,Mainpuri,Barnahal,Dalupur,197401,77313,1942,daloopur,Mainpuri,Barnahal,Daloopur,14301,0.8694444444444446,0.8694444444444446,,,,
up2021__282114,1942,redhapur,Mainpuri,Barnahal,Redhapur,197410,77344,1942,rerapur,Mainpuri,Barnahal,Rerapur,47657,0.8952380952380953,0.8952380952380953,,,,
up2021__277509,1942,ekahra,Mainpuri,Barnahal,Ekahra,197421,77321,1942,ikahra,Mainpuri,Barnahal,Ikahra,22614,0.888888888888889,0.888888888888889,,,,
up2021__319050,1942,dihuli,Mainpuri,Barnahal,Dihuli,197427,77314,1942,dehuli,Mainpuri,Barnahal,Dehuli,15069,0.9,0.9,,,,
up2021__327100,1942,sayyadpurkehari,Mainpuri,Barnahal,Sayyadpurkehari,197428,77345,1942,saiyadpur kahari,Mainpuri,Barnahal,Saiyadpur Kahari,48891,0.8939316239316238,0.8939316239316238,,,,
up2021__339150,1942,sazbahaarpur,Mainpuri,Barnahal,Sazbahaarpur,197430,77346,1942,sajawarpur,Mainpuri,Barnahal,Sajawarpur,48902,0.8577777777777779,0.8577777777777779,,,,
up2021__330747,1942,khedmahan,Mainpuri,Barnahal,Khedmahan,197434,77329,1942,khera mahan,Mainpuri,Barnahal,Khera Mahan,29478,0.852104377104377,0.852104377104377,,,,
up2021__353523,1943,bilpurkhas,Mainpuri,Bebar,Bilpurkhas,197460,77365,1943,beelpur khas,Mainpuri,Bewar,Beelpur Khas,7595,0.895,0.895,,,,
up2021__261596,1943,himaayoonpoor,Mainpuri,Bebar,Himaayoonpoor,197464,77382,1943,himayunpur,Mainpuri,Bewar,Himayunpur,22216,0.8830769230769232,0.8830769230769232,,,,
up2021__375147,1943,gangerwala,Mainpuri,Bebar,Gangerwala,197489,77380,1943,gagarwala,Mainpuri,Bewar,Gagarwala,18275,0.8503703703703704,0.8503703703703704,,,,
up2021__315619,1943,pureiya,Mainpuri,Bebar,Pureiya,197491,77416,1943,puraia,Mainpuri,Bewar,Puraia,44678,0.8944444444444445,0.8944444444444445,,,,
up2021__375622,1943,nunari,Mainpuri,Bebar,Nunari,197518,77410,1943,noonari,Mainpuri,Bewar,Noonari,40891,0.8642857142857143,0.8642857142857143,,,,
up2021__306347,1943,bhuudhaar,Mainpuri,Bebar,Bhuudhaar,197530,268569,1943,bhur haar,Mainpuri,Bewar,Bhur Haar,10503,0.8962962962962963,0.8962962962962963,,,,
up2021__360270,1949,nauner,Mainpuri,Mainpuri,Nauner,197554,77724,1949,nouner,Mainpuri,Mainpuri,Nouner,40948,0.9,0.9,,,,
up2021__357629,1949,dewamai,Mainpuri,Mainpuri,Dewamai,197557,77697,1949,deva mai,Mainpuri,Mainpuri,Deva Mai,15302,0.8952380952380953,0.8952380952380953,,,,
up2021__277084,1949,lahraemnipur,Mainpuri,Mainpuri,Lahraemnipur,197574,77716,1949,lahara annipur,Mainpuri,Mainpuri,Lahara Annipur,31956,0.8711111111111112,0.8711111111111112,,,,
up2021__256477,1949,shivshinghpur,Mainpuri,Mainpuri,Shivshinghpur,197575,77733,1949,shivsinghpur nabada,Mainpuri,Mainpuri,Shivsinghpur Nabada,52275,0.8775978407557355,0.8775978407557355,,,,
up2021__369789,1949,sthini dalipur,Mainpuri,Mainpuri,Sthini Dalipur,197580,77732,1949,sathni dalippur,Mainpuri,Mainpuri,Sathni Dalippur,50678,0.8693406593406594,0.8693406593406594,,,,
up2021__396216,1950,barasoorajpur,Mainpuri,Sultanganj,Barasoorajpur,197599,77802,1950,varasurajpur,Mainpuri,Sultanganj,Varasurajpur,57267,0.8675213675213675,0.8675213675213675,,,,
up2021__215342,1950,dudhona,Mainpuri,Sultanganj,Dudhona,197612,77758,1950,dudhauna,Mainpuri,Sultanganj,Dudhauna,17094,0.8880952380952382,0.8880952380952382,,,,
up2021__271886,1950,lahra,Mainpuri,Sultanganj,Lahra,197615,77771,1950,lehra,Mainpuri,Sultanganj,Lehra,32696,0.88,0.88,,,,
up2021__266312,1950,padampur,Mainpuri,Sultanganj,Padampur,197628,77785,1950,padampur chiwan karia,Mainpuri,Sultanganj,Padampur Chiwan Karia,41337,0.8761904761904762,0.8761904761904762,,,,
up2021__437124,2067,ajitpur,Rampur,Chamaraua,Ajitpur,197661,84472,2067,ajeetpur,Rampur,Chamraon,Ajeetpur,817,0.8952380952380953,0.8952380952380953,,,,
up2021__484446,2067,mishrinagar janubi,Rampur,Chamaraua,Mishrinagar Janubi,197662,84520,2067,misri nagar janoobi,Rampur,Chamraon,Misri Nagar Janoobi,36961,0.8934819688109162,0.8934819688109162,,,,
up2021__476215,2067,vahapuri,Rampur,Chamaraua,Vahapuri,197665,268144,2067,bahpuri,Rampur,Chamraon,Bahpuri,4373,0.8690476190476191,0.8690476190476191,,,,
up2021__487812,2067,devaraniya sharqi,Rampur,Chamaraua,Devaraniya Sharqi,197684,268299,2067,daverniya sharqi,Rampur,Chamraon,Daverniya Sharqi,14920,0.8886029411764707,0.8886029411764707,,,,
up2021__472274,2067,saneyasukh,Rampur,Chamaraua,Saneyasukh,197685,84536,2067,sanaiya sukh,Rampur,Chamraon,Sanaiya Sukh,49520,0.8924074074074073,0.8924074074074073,,,,
up2021__1144017,2067,basangali,Rampur,Chamaraua,Basangali,197693,84477,2067,bans nagli,Rampur,Chamraon,Bans Nagli,5782,0.8837037037037038,0.8837037037037038,,,,
up2021__494469,2067,kakrabbawa,Rampur,Chamaraua,Kakrabbawa,197701,84502,2067,kakrawwa,Rampur,Chamraon,Kakrawwa,25930,0.8864285714285713,0.8864285714285713,,,,
up2021__474596,2067,madaiyan udayraj,Rampur,Chamaraua,Madaiyan Udayraj,197711,84519,2067,mandaiyan udairaj,Rampur,Chamraon,Mandaiyan Udairaj,35159,0.8986274509803922,0.8986274509803922,,,,
up2021__465418,2067,mandoli,Rampur,Chamaraua,Mandoli,197719,84516,2067,mandaiyan jolpur,Rampur,Chamraon,Mandaiyan Jolpur,35156,0.8589285714285715,0.8589285714285715,,,,
up2021__1142761,2067,shehzadnagar,Rampur,Chamaraua,Shehzadnagar,197728,268318,2067,shahzadnagar,Rampur,Chamraon,Shahzadnagar,51663,0.8585858585858586,0.8585858585858586,,,,
up2021__490140,2067,aligarjanubi,Rampur,Chamaraua,Aligarjanubi,197733,84473,2067,ali nagar janoobi,Rampur,Chamraon,Ali Nagar Janoobi,1361,0.8557783719548425,0.8557783719548425,,,,
up2021__462150,2067,nasartanagar,Rampur,Chamaraua,Nasartanagar,197735,84523,2067,nasrat nagar,Rampur,Chamraon,Nasrat Nagar,39868,0.8974747474747474,0.8974747474747474,,,,
up2021__462251,2067,madaian bablu,Rampur,Chamaraua,Madaian Bablu,197736,268105,2067,mandaiyan ballu,Rampur,Chamraon,Mandaiyan Ballu,35155,0.8817094017094018,0.8817094017094018,,,,
up2021__520842,2067,bhayannagala,Rampur,Chamaraua,Bhayannagala,197738,84478,2067,bhaiya nagla,Rampur,Chamraon,Bhaiya Nagla,8847,0.898888888888889,0.898888888888889,,,,
up2021__1152060,2067,naimganj,Rampur,Chamaraua,Naimganj,197743,268259,2067,naeim gunj,Rampur,Chamraon,Naeim Gunj,38535,0.8866666666666667,0.8866666666666667,,,,
up2021__1167628,2067,laddoura narayanpur,Rampur,Chamaraua,Laddoura Narayanpur,197747,84508,2067,ladaura narainpur,Rampur,Chamraon,Ladaura Narainpur,31877,0.8910990712074304,0.8910990712074304,,,,
up2021__49913,2066,shivnagar ni0 ramnagar,Rampur,Bilaaspur,Shivnagar ni0 Ramnagar,197756,84462,2066,shivnagar,Rampur,Bilaspur,Shivnagar,52170,0.8818181818181818,0.8818181818181818,,,,
up2021__158659,2066,chundua nagla,Rampur,Bilaaspur,Chundua Nagla,197762,267167,2066,chandua nagla,Rampur,Bilaspur,Chandua Nagla,12729,0.8700854700854701,0.8700854700854701,,,,
up2021__193774,2066,vedpur,Rampur,Bilaaspur,Vedpur,197765,84383,2066,bedpur,Rampur,Bilaspur,Bedpur,7569,0.888888888888889,0.888888888888889,,,,
up2021__105223,2066,alipur theka,Rampur,Bilaaspur,Alipur Theka,197786,268034,2066,ali pur thaka,Rampur,Bilaspur,Ali Pur Thaka,1420,0.881021756021756,0.881021756021756,,,,
up2021__166287,2066,chaukoni,Rampur,Bilaaspur,Chaukoni,197799,84391,2066,choukoni,Rampur,Bilaspur,Choukoni,13879,0.8952380952380953,0.8952380952380953,,,,
up2021__133486,2066,sisouna jadeed,Rampur,Bilaaspur,Sisouna Jadeed,197811,84465,2066,sisauna,Rampur,Bilaspur,Sisauna,53317,0.85,0.85,,,,
up2021__177658,2066,naankaarein,Rampur,Bilaaspur,Naankaarein,197828,84405,2066,nankarain,Rampur,Bilaspur,Nankarain,39363,0.8922558922558923,0.8922558922558923,,,,
up2021__184756,2066,haria kala,Rampur,Bilaaspur,Haria Kala,197832,84404,2066,harraiya kalan,Rampur,Bilaspur,Harraiya Kalan,21730,0.8633333333333334,0.8633333333333334,,,,
up2021__191598,2066,prithvipur urf chidiya kheda,Rampur,Bilaaspur,Prithvipur Urf Chidiya Kheda,197835,84454,2066,prithvipur,Rampur,Bilaspur,Prithvipur,44580,0.8714285714285714,0.8714285714285714,,,,
up2021__171521,2066,narayan nangla,Rampur,Bilaaspur,Narayan Nangla,197841,84441,2066,narain nagla,Rampur,Bilaspur,Narain Nagla,39428,0.8859307359307359,0.8859307359307359,,,,
up2021__152277,2068,jodopur,Rampur,Milk,Jodopur,197871,84582,2068,jadopur,Rampur,Milak,Jadopur,23156,0.8642857142857143,0.8642857142857143,,,,
up2021__163478,2068,kyorar,Rampur,Milk,Kyorar,197882,84596,2068,keorar,Rampur,Milak,Keorar,28148,0.9,0.9,,,,
up2021__75515,2068,kotara,Rampur,Milk,Kotara,197887,84601,2068,kothra,Rampur,Milak,Kothra,30787,0.8755555555555556,0.8755555555555556,,,,
up2021__80231,2068,kramacha,Rampur,Milk,Kramacha,197907,84602,2068,krimcha,Rampur,Milak,Krimcha,30892,0.8507936507936509,0.8507936507936509,,,,
up2021__207335,2068,pipaliya rajzada,Rampur,Milk,Pipaliya Rajzada,197928,84630,2068,pipliya raizada,Rampur,Milak,Pipliya Raizada,44035,0.8719444444444445,0.8719444444444445,,,,
up2021__117704,2068,ehora,Rampur,Milk,Ehora,197929,84587,2068,jeohra,Rampur,Milak,Jeohra,24768,0.8777777777777779,0.8777777777777779,,,,
up2021__450026,2068,gadaiya ni0 harsungla,Rampur,Milk,Gadaiya Ni0 Harsungla,197941,84573,2068,gadhiya near harsu nagla,Rampur,Milak,Gadhiya Near Harsu Nagla,18216,0.8800438596491228,0.8800438596491228,,,,
up2021__374021,2068,muzhiyaana,Rampur,Milk,Muzhiyaana,197945,84617,2068,mujhiyana,Rampur,Milak,Mujhiyana,37855,0.8837037037037038,0.8837037037037038,,,,
up2021__382984,2068,deori burjug,Rampur,Milk,Deori Burjug,197952,84563,2068,devri buzurg,Rampur,Milak,Devri Buzurg,15477,0.8844444444444445,0.8844444444444445,,,,
up2021__185360,2068,babura,Rampur,Milk,Babura,197964,84547,2068,baboora,Rampur,Milak,Baboora,3386,0.8944444444444445,0.8944444444444445,,,,
up2021__188396,2068,lakhanakheda,Rampur,Milk,Lakhanakheda,197965,84606,2068,lakhna khera,Rampur,Milak,Lakhna Khera,32179,0.8733333333333333,0.8733333333333333,,,,
up2021__219180,2068,loha p0 bholanath,Rampur,Milk,Loha P0 Bholanath,197974,84609,2068,loha patti bhola nath,Rampur,Milak,Loha Patti Bhola Nath,32836,0.8906162464985995,0.8906162464985995,,,,
up2021__183394,2068,rahapura,Rampur,Milk,Rahapura,197978,84568,2068,dharampura,Rampur,Milak,Dharampura,16051,0.8916666666666666,0.8916666666666666,,,,
up2021__223265,2068,begamabaad ni o kramacha,Rampur,Milk,Begamabaad Ni o Kramacha,197979,84548,2068,bagamabad near krimcha,Rampur,Milak,Bagamabad Near Krimcha,3861,0.8631493506493507,0.8631493506493507,,,,
up2021__170524,2068,rathoda,Rampur,Milk,Rathoda,197987,84642,2068,rathaunda,Rampur,Milak,Rathaunda,47348,0.8714285714285714,0.8714285714285714,,,,
up2021__369577,2070,rawaanipatti uda,Rampur,Shahabaad,Rawaanipatti Uda,198005,84811,2070,ravanapatti uda,Rampur,Shahabad,Ravanapatti Uda,47458,0.8917460317460317,0.8917460317460317,,,,
up2021__421252,2070,pastaur,Rampur,Shahabaad,Pastaur,198010,266894,2070,pachtaur,Rampur,Shahabad,Pachtaur,41306,0.8952380952380953,0.8952380952380953,,,,
up2021__436088,2070,vandar,Rampur,Shahabaad,Vandar,198015,84731,2070,bandar,Rampur,Shahabad,Bandar,5403,0.888888888888889,0.888888888888889,,,,
up2021__367571,2070,nawawanganj,Rampur,Shahabaad,Nawawanganj,198023,84793,2070,nawabganj,Rampur,Shahabad,Nawabganj,40165,0.8982323232323232,0.8982323232323232,,,,
up2021__1113081,2070,maidyan vudvapur,Rampur,Shahabaad,Maidyan Vudvapur,198032,84782,2070,madeyan budhpur,Rampur,Shahabad,Madeyan Budhpur,33250,0.88,0.88,,,,
up2021__451136,2070,mirapur,Rampur,Shahabaad,Mirapur,198040,84789,2070,meerapur,Rampur,Shahabad,Meerapur,36408,0.8821428571428571,0.8821428571428571,,,,
up2021__384041,2070,bhaupatpur,Rampur,Shahabaad,Bhaupatpur,198046,84737,2070,bhopatpur,Rampur,Shahabad,Bhopatpur,10319,0.8503703703703704,0.8503703703703704,,,,
up2021__61451,2070,sahaviya k la,Rampur,Shahabaad,Sahaviya K La,198068,84815,2070,sahvia kalan,Rampur,Shahabad,Sahvia Kalan,48670,0.881021756021756,0.881021756021756,,,,
up2021__435559,2070,jaytaoli,Rampur,Shahabaad,Jaytaoli,198082,84763,2070,jaitoli,Rampur,Shahabad,Jaitoli,23618,0.8952380952380953,0.8952380952380953,,,,
up2021__197507,2070,mamurpur vdhauli,Rampur,Shahabaad,Mamurpur Vdhauli,198085,84786,2070,mamoorpur badhauli,Rampur,Shahabad,Mamoorpur Badhauli,35080,0.8689814814814815,0.8689814814814815,,,,
up2021__154777,2070,gujrela,Rampur,Shahabaad,Gujrela,198107,84759,2070,gujraila,Rampur,Shahabad,Gujraila,20571,0.8880952380952382,0.8880952380952382,,,,
up2021__268856,2069,kalaiya nangla,Rampur,Saidnagar,Kalaiya Nangla,198113,84687,2069,kaliya nagla,Rampur,Saidnagar,Kaliya Nagla,26053,0.888888888888889,0.888888888888889,,,,
up2021__318669,2069,gaganangala,Rampur,Saidnagar,Gaganangala,198116,268429,2069,gangannagla,Rampur,Saidnagar,Gangannagla,18628,0.8715151515151515,0.8715151515151515,,,,
up2021__217115,2069,hauspur nagli,Rampur,Saidnagar,Hauspur Nagli,198118,84681,2069,haunspur naglee,Rampur,Saidnagar,Haunspur Naglee,22087,0.8770512820512821,0.8770512820512821,,,,
up2021__395813,2069,baizni,Rampur,Saidnagar,Baizni,198125,84666,2069,bainjni,Rampur,Saidnagar,Bainjni,4588,0.8944444444444445,0.8944444444444445,,,,
up2021__380177,2069,benazirpur urf ghatampur,Rampur,Saidnagar,Benazirpur urf Ghatampur,198127,84669,2069,benazeer urf ghatampur,Rampur,Saidnagar,Benazeer Urf Ghatampur,8080,0.8884848484848485,0.8884848484848485,,,,
up2021__366355,2069,singan kheda,Rampur,Saidnagar,Singan Kheda,198138,84722,2069,seengan khera,Rampur,Saidnagar,Seengan Khera,50868,0.8807692307692307,0.8807692307692307,,,,
up2021__288520,2069,hakim gaj,Rampur,Saidnagar,Hakim Gaj,198140,84678,2069,hakeemganj,Rampur,Saidnagar,Hakeemganj,21080,0.8781481481481481,0.8781481481481481,,,,
up2021__273393,2069,aligarh benazir,Rampur,Saidnagar,Aligarh Benazir,198141,84661,2069,aliganj benazeer,Rampur,Saidnagar,Aliganj Benazeer,1335,0.8766666666666666,0.8766666666666666,,,,
up2021__390668,2069,bagrabba,Rampur,Saidnagar,Bagrabba,198155,84663,2069,bagrawwa,Rampur,Saidnagar,Bagrawwa,4055,0.9,0.9,,,,
up2021__278032,2069,nagliya kasamganj,Rampur,Saidnagar,Nagliya Kasamganj,198156,84705,2069,nagalia qasamganj,Rampur,Saidnagar,Nagalia Qasamganj,38586,0.8673202614379084,0.8673202614379084,,,,
up2021__394590,2069,nagliya akil,Rampur,Saidnagar,Nagliya Akil,198158,84706,2069,nagaliya aqil,Rampur,Saidnagar,Nagaliya Aqil,38589,0.881021756021756,0.881021756021756,,,,
up2021__381517,2069,khodapura,Rampur,Saidnagar,Khodapura,198160,84693,2069,khaud pura,Rampur,Saidnagar,Khaud Pura,29350,0.8503703703703704,0.8503703703703704,,,,
up2021__401068,2069,shahdara thuna pur,Rampur,Saidnagar,Shahdara Thuna Pur,198161,268356,2069,shahdra urf dhunapur,Rampur,Saidnagar,Shahdra Urf Dhunapur,51392,0.8752777777777778,0.8752777777777778,,,,
up2021__291350,2069,ahmedabad,Rampur,Saidnagar,Ahmedabad,198167,84659,2069,ahamdabad,Rampur,Saidnagar,Ahamdabad,478,0.874074074074074,0.874074074074074,,,,
up2021__121354,2069,kucheta,Rampur,Saidnagar,Kucheta,198188,84698,2069,kuchaita,Rampur,Saidnagar,Kuchaita,30963,0.8880952380952382,0.8880952380952382,,,,
up2021__415070,2071,hasanpur uttari,Rampur,Swar,Hasanpur Uttari,198196,84868,2071,hasanpur north,Rampur,Suar,Hasanpur North,21876,0.8856277056277057,0.8856277056277057,,,,
up2021__466389,2071,bhot vakkal,Rampur,Swar,Bhot Vakkal,198199,84838,2071,bhot baqqal,Rampur,Suar,Bhot Baqqal,10351,0.890909090909091,0.890909090909091,,,,
up2021__466323,2071,salvengar,Rampur,Swar,Salvengar,198208,84933,2071,salwenagar,Rampur,Suar,Salwenagar,49315,0.8982407407407408,0.8982407407407408,,,,
up2021__408802,2071,milkhanam,Rampur,Swar,Milkhanam,198212,270320,2071,milak khanam,Rampur,Suar,Milak Khanam,36665,0.8898148148148148,0.8898148148148148,,,,
up2021__320616,2071,ahmednagar,Rampur,Swar,Ahmednagar,198213,84825,2071,ahmad nagar,Rampur,Suar,Ahmad Nagar,635,0.8823905723905724,0.8823905723905724,,,,
up2021__411454,2071,taha kala,Rampur,Swar,Taha Kala,198215,84950,2071,tahkalan,Rampur,Suar,Tahkalan,54724,0.8523148148148149,0.8523148148148149,,,,
up2021__458726,2071,kheda gajroula,Rampur,Swar,Kheda Gajroula,198218,84881,2071,khera gajraula,Rampur,Suar,Khera Gajraula,29463,0.8555555555555555,0.8555555555555555,,,,
up2021__365732,2071,mahuakheda swar,Rampur,Swar,Mahuakheda Swar,198234,241356,2071,mahuwa khera near suar,Rampur,Suar,Mahuwa Khera Near Suar,34280,0.8567965367965369,0.8567965367965369,,,,
up2021__457709,2071,ladapur bi bi,Rampur,Swar,LaDapur bi'bi,198251,84894,2071,larpur bibi,Rampur,Suar,Larpur Bibi,32491,0.8875524475524476,0.8875524475524476,,,,
up2021__437312,2071,alinagar uttari,Rampur,Swar,Alinagar Uttari,198254,84828,2071,alinagar north,Rampur,Suar,Alinagar North,1365,0.8856277056277057,0.8856277056277057,,,,
up2021__408090,2071,jamingaj,Rampur,Swar,Jamingaj,198256,84952,2071,zamin ganj,Rampur,Suar,Zamin Ganj,57682,0.8583333333333334,0.8583333333333334,,,,
up2021__409764,2071,boondi dhadiyal,Rampur,Swar,Boondi Dhadiyal,198259,84842,2071,bodhi daryal,Rampur,Suar,Bodhi Daryal,11523,0.8581818181818182,0.8581818181818182,,,,
up2021__372940,2071,kundasara,Rampur,Swar,Kundasara,198262,84887,2071,kundesera,Rampur,Suar,Kundesera,31272,0.8825396825396825,0.8825396825396825,,,,
up2021__466169,2071,mundialia rasulpur,Rampur,Swar,Mundialia Rasulpur,198275,84911,2071,mundiya rasoolpur,Rampur,Suar,Mundiya Rasoolpur,38049,0.8774042950513539,0.8774042950513539,,,,
up2021__465309,2071,sirgapatti kundesari,Rampur,Swar,Sirgapatti Kundesari,198279,84937,2071,sirka patti kundesra,Rampur,Suar,Sirka Patti Kundesra,53150,0.8885185185185185,0.8885185185185185,,,,
up2021__465783,2071,mahuakheda tanda,Rampur,Swar,Mahuakheda Tanda,198281,84898,2071,mahuwa khera near tanda,Rampur,Suar,Mahuwa Khera Near Tanda,34281,0.8646014492753623,0.8646014492753623,,,,
up2021__464482,2071,ratu nagar,Rampur,Swar,Ratu Nagar,198284,84927,2071,ratua nagla,Rampur,Suar,Ratua Nagla,47385,0.8991919191919192,0.8991919191919192,,,,
up2021__441399,2071,manpur uttari,Rampur,Swar,Manpur Uttari,198285,84900,2071,manpur north,Rampur,Suar,Manpur North,35622,0.8662393162393162,0.8662393162393162,,,,
up2021__462240,2071,dheerjanagar,Rampur,Swar,Dheerjanagar,198293,84856,2071,dhiraj nagar,Rampur,Suar,Dhiraj Nagar,16392,0.8844444444444445,0.8844444444444445,,,,
up2021__472331,2071,chiteriya jagir,Rampur,Swar,Chiteriya Jagir,198299,84847,2071,chhitria jageer,Rampur,Suar,Chhitria Jageer,13511,0.8933333333333333,0.8933333333333333,,,,
up2021__488489,2071,sihora,Rampur,Swar,Sihora,198306,84947,2071,sehora,Rampur,Suar,Sehora,50907,0.9,0.9,,,,
up2021__464854,2071,jalfangana,Rampur,Swar,Jalfangana,198310,84871,2071,jalif nagla,Rampur,Suar,Jalif Nagla,23883,0.8605303030303031,0.8605303030303031,,,,
up2021__464715,2071,ladpur ni bhauakheda,Rampur,Swar,Ladpur Ni. Bhauakheda,198316,84893,2071,ladpur near bathua khera,Rampur,Suar,Ladpur Near Bathua Khera,31915,0.8744444444444445,0.8744444444444445,,,,
up2021__462914,2071,rustamnagar ni charpara,Rampur,Swar,Rustamnagar Ni. Charpara,198319,84928,2071,rustam nagar near chhaparra,Rampur,Suar,Rustam Nagar Near Chhaparra,48139,0.8815400380617772,0.8815400380617772,,,,
up2021__457029,2071,guld peepalsana,Rampur,Swar,Guld Peepalsana,198324,84864,2071,gular peepalsana,Rampur,Suar,Gular Peepalsana,20636,0.8719444444444445,0.8719444444444445,,,,
up2021__434916,2071,shivnagar ni lauhari,Rampur,Swar,Shivnagar Ni. Lauhari,198328,84945,2071,shiv nagar lohari,Rampur,Suar,Shiv Nagar Lohari,52177,0.8857352941176471,0.8857352941176471,,,,
up2021__143515,2045,pahravo,Rae bareli,Amawan,Pahravo,198350,83447,2045,pahrawan,Rae Bareli,Amawan,Pahrawan,41648,0.8678571428571429,0.8678571428571429,,,,
up2021__136022,2045,pahadpur,Rae bareli,Amawan,Pahadpur,198360,83446,2045,paharpur mardanpur,Rae Bareli,Amawan,Paharpur Mardanpur,41610,0.8638888888888889,0.8638888888888889,,,,
up2021__112551,2045,rupamau,Rae bareli,Amawan,Rupamau,198373,83453,2045,roopa mau,Rae Bareli,Amawan,Roopa Mau,47876,0.8571428571428572,0.8571428571428572,,,,
up2021__96478,2045,sidhona,Rae bareli,Amawan,Sidhona,198375,83459,2045,sidhauna,Rae Bareli,Amawan,Sidhauna,52423,0.8880952380952382,0.8880952380952382,,,,
up2021__143528,2065,kamauli,Rae bareli,Unchahaar,Kamauli,198397,84341,2065,kamoli,Rae Bareli,Unchahar,Kamoli,26360,0.8944444444444445,0.8944444444444445,,,,
up2021__125050,2065,sawapur nevado,Rae bareli,Unchahaar,Sawapur Nevado,198400,84366,2065,sawanpur newada,Rae Bareli,Unchahar,Sawanpur Newada,50816,0.8980952380952382,0.8980952380952382,,,,
up2021__27975,2065,patti rahsakithwal,Rae bareli,Unchahaar,Patti Rahsakithwal,198417,84356,2065,patti rahas kaithwalmustakil,Rae Bareli,Unchahar,Patti Rahas Kaithwalmustakil,43395,0.8952380952380953,0.8952380952380953,,,,
up2021__62540,2065,kharauli,Rae bareli,Unchahaar,Kharauli,198434,84343,2065,kharauli mustakil,Rae Bareli,Unchahar,Kharauli Mustakil,29101,0.8941176470588236,0.8941176470588236,,,,
up2021__153863,2065,saroy hardou,Rae bareli,Unchahaar,Saroy Hardou,198446,84365,2065,sarain hardo,Rae Bareli,Unchahar,Sarain Hardo,49968,0.8574074074074074,0.8574074074074074,,,,
up2021__76150,2054,donkaha,Rae bareli,Khiro,Donkaha,198450,83803,2054,dokanaha,Rae Bareli,Khiron,Dokanaha,16899,0.8904761904761905,0.8904761904761905,,,,
up2021__6500,2054,ekoni,Rae bareli,Khiro,Ekoni,198451,83788,2054,akoni,Rae Bareli,Khiron,Akoni,1121,0.8666666666666667,0.8666666666666667,,,,
up2021__100542,2054,devgaon,Rae bareli,Khiro,Devgaon,198465,83801,2054,deo gaon,Rae Bareli,Khiron,Deo Gaon,15130,0.8507936507936509,0.8507936507936509,,,,
up2021__54122,2054,surjipur gumanakheda,Rae bareli,Khiro,Surjipur Gumanakheda,198467,83836,2054,surajpur guman khera,Rae Bareli,Khiron,Surajpur Guman Khera,54461,0.8885185185185185,0.8885185185185185,,,,
up2021__24868,2054,beejemau khapra,Rae bareli,Khiro,Beejemau Khapra,198470,83798,2054,bijemau khapura,Rae Bareli,Khiron,Bijemau Khapura,10844,0.896923076923077,0.896923076923077,,,,
up2021__64926,2054,ranapur pahroli,Rae bareli,Khiro,Ranapur Pahroli,198480,83830,2054,ranapur urf pahrauli,Rae Bareli,Khiron,Ranapur Urf Pahrauli,46765,0.8980952380952382,0.8980952380952382,,,,
up2021__38684,2054,semri,Rae bareli,Khiro,Semri,198485,83832,2054,samri,Rae Bareli,Khiron,Samri,49490,0.88,0.88,,,,
up2021__28230,2054,lachhipur,Rae bareli,Khiro,Lachhipur,198486,83819,2054,lakshipur,Rae Bareli,Khiron,Lakshipur,32233,0.8814814814814814,0.8814814814814814,,,,
up2021__84669,2054,chandemoo,Rae bareli,Khiro,Chandemoo,198494,83800,2054,chande mau,Rae Bareli,Khiron,Chande Mau,12520,0.8955555555555555,0.8955555555555555,,,,
up2021__112732,2054,khajooha,Rae bareli,Khiro,Khajooha,198499,269143,2054,khauha,Rae Bareli,Khiron,Khauha,29351,0.8736111111111112,0.8736111111111112,,,,
up2021__98126,2054,kusundi,Rae bareli,Khiro,Kusundi,198504,83818,2054,kursandi,Rae Bareli,Khiron,Kursandi,31533,0.8952380952380953,0.8952380952380953,,,,
up2021__72649,2048,beval,Rae bareli,Chhatoh,Beval,198510,83547,2048,bewal,Rae Bareli,Chhatoh,Bewal,8236,0.8933333333333333,0.8933333333333333,,,,
up2021__35759,2048,lehenga,Rae bareli,Chhatoh,Lehenga,198525,83563,2048,lahenga,Rae Bareli,Chhatoh,Lahenga,31978,0.8642857142857143,0.8642857142857143,,,,
up2021__23070,2048,abdumaoo,Rae bareli,Chhatoh,Abdumaoo,198527,83539,2048,abdu mau,Rae Bareli,Chhatoh,Abdu Mau,121,0.9,0.9,,,,
up2021__67756,2048,mahammadpur namaksar,Rae bareli,Chhatoh,Mahammadpur Namaksar,198539,272032,2048,mahmadpur namaksar,Rae Bareli,Chhatoh,Mahmadpur Namaksar,33943,0.8988888888888888,0.8988888888888888,,,,
up2021__2068,2048,kodra,Rae bareli,Chhatoh,Kodra,198540,269321,2048,kodhara,Rae Bareli,Chhatoh,Kodhara,30302,0.8866666666666667,0.8866666666666667,,,,
up2021__47530,2048,makhdumpur,Rae bareli,Chhatoh,Makhdumpur,198545,269356,2048,makdoompur,Rae Bareli,Chhatoh,Makdoompur,34687,0.8775000000000001,0.8775000000000001,,,,
up2021__56935,2053,dhuta,Rae bareli,Jagatpur,Dhuta,198560,83759,2053,dhoota,Rae Bareli,Jagatpur,Dhoota,16484,0.8577777777777779,0.8577777777777779,,,,
up2021__71347,2053,makhdumpur,Rae bareli,Jagatpur,Makhdumpur,198563,83768,2053,makhadumpur urf munimabad,Rae Bareli,Jagatpur,Makhadumpur Urf Munimabad,34697,0.88,0.88,,,,
up2021__37286,2053,toghan,Rae bareli,Jagatpur,"Toghan,",198573,83779,2053,taghan,Rae Bareli,Jagatpur,Taghan,54690,0.9,0.9,,,,
up2021__12094,2053,naseernpur,Rae bareli,Jagatpur,Naseernpur,198582,274269,2053,nasiran pur,Rae Bareli,Jagatpur,Nasiran Pur,39822,0.8896969696969697,0.8896969696969697,,,,
up2021__52066,2053,nawabganj,Rae bareli,Jagatpur,Nawabganj,198584,271802,2053,nabab ganj,Rae Bareli,Jagatpur,Nabab Ganj,38435,0.8837037037037038,0.8837037037037038,,,,
up2021__61884,2053,purbagaw,Rae bareli,Jagatpur,Purbagaw,198587,83771,2053,purab gaon,Rae Bareli,Jagatpur,Purab Gaon,44651,0.8674999999999999,0.8674999999999999,,,,
up2021__28040,2053,sanhukuan,Rae bareli,Jagatpur,Sanhukuan,198591,83774,2053,sanhoo kuwan,Rae Bareli,Jagatpur,Sanhoo Kuwan,49640,0.8861111111111111,0.8861111111111111,,,,
up2021__72967,2049,johwantanki,Rae bareli,Dalmau,Johwantanki,198599,83597,2049,johawa nataki,Rae Bareli,Dalmau,Johawa Nataki,25186,0.8782750582750583,0.8782750582750583,,,,
up2021__108073,2049,devli,Rae bareli,Dalmau,Devli,198600,83589,2049,dewali,Rae Bareli,Dalmau,Dewali,15503,0.8577777777777779,0.8577777777777779,,,,
up2021__47872,2049,narsaw,Rae bareli,Dalmau,Narsaw,198607,83612,2049,narasawan,Rae Bareli,Dalmau,Narasawan,39472,0.8833333333333334,0.8833333333333334,,,,
up2021__66913,2049,rousi,Rae bareli,Dalmau,Rousi,198621,83621,2049,rausi,Rae Bareli,Dalmau,Rausi,47435,0.88,0.88,,,,
up2021__53309,2049,umramau,Rae bareli,Dalmau,Umramau,198623,83632,2049,umara mau,Rae Bareli,Dalmau,Umara Mau,56763,0.8645502645502645,0.8645502645502645,,,,
up2021__107263,2049,kuraulidama,Rae bareli,Dalmau,Kuraulidama,198624,83606,2049,korauli dama,Rae Bareli,Dalmau,Korauli Dama,30628,0.8927272727272727,0.8927272727272727,,,,
up2021__101992,2049,ragpurgahirkhet,Rae bareli,Dalmau,Ragpurgahirkhet,198633,83619,2049,rampur gahir khet,Rae Bareli,Dalmau,Rampur Gahir Khet,46452,0.8970681605975723,0.8970681605975723,,,,
up2021__96934,2049,janhm u urfr bhgautipur,Rae bareli,Dalmau,Janhm u urfr Bhgautipur,198634,271593,2049,jahanamau urf bhagautipur,Rae Bareli,Dalmau,Jahanamau Urf Bhagautipur,23450,0.8833512767425812,0.8833512767425812,,,,
up2021__105284,2049,bhagwanpur tapeteerukha,Rae bareli,Dalmau,Bhagwanpur Tapeteerukha,198656,271595,2049,bhagawanpur tape terukha,Rae Bareli,Dalmau,Bhagawanpur Tape Terukha,8521,0.8928194993412385,0.8928194993412385,,,,
up2021__81446,2051,purba nayn,Rae bareli,Deeha,Purba Nayn,198672,83696,2051,poorab nayn,Rae Bareli,Dih,Poorab Nayn,44416,0.8821212121212121,0.8821212121212121,,,,
up2021__9204,2051,saroy manik,Rae bareli,Deeha,Saroy Manik,198673,83700,2051,sarai manik,Rae Bareli,Dih,Sarai Manik,49940,0.8892255892255891,0.8892255892255891,,,,
up2021__92086,2051,mazhilha,Rae bareli,Deeha,Mazhilha,198680,83689,2051,majhilaha,Rae Bareli,Dih,Majhilaha,34573,0.8693121693121693,0.8693121693121693,,,,
up2021__6199,2051,atawo,Rae bareli,Deeha,Atawo,198683,83671,2051,atawan,Rae Bareli,Dih,Atawan,2872,0.8933333333333334,0.8933333333333334,,,,
up2021__1774,2051,rewari saidpur,Rae bareli,Deeha,Rewari Saidpur,198702,271806,2051,rawari saidpur,Rae Bareli,Dih,Rawari Saidpur,47488,0.8879120879120879,0.8879120879120879,,,,
up2021__34565,2051,gadwa,Rae bareli,Deeha,Gadwa,198707,83680,2051,garwa,Rae Bareli,Dih,Garwa,19020,0.8933333333333333,0.8933333333333333,,,,
up2021__106196,2050,kitooli,Rae bareli,Deenshaahgaura,Kitooli,198710,83656,2050,kituli,Rae Bareli,Deenshah Gaura,Kituli,30245,0.8944444444444445,0.8944444444444445,,,,
up2021__6099,2050,suttahahraud,Rae bareli,Deenshaahgaura,Suttahahraud,198715,83666,2050,suttha hardo,Rae Bareli,Deenshah Gaura,Suttha Hardo,54623,0.8933333333333334,0.8933333333333334,,,,
up2021__113169,2050,prayagpur,Rae bareli,Deenshaahgaura,Prayagpur,198727,83661,2050,payagpur mu,Rae Bareli,Deenshah Gaura,Payagpur Mu.,43492,0.8848484848484848,0.8848484848484848,,,,
up2021__41860,2050,bhagwantpur chandniha,Rae bareli,Deenshaahgaura,Bhagwantpur Chandniha,198729,83638,2050,bhagawantpur chandaniha mu,Rae Bareli,Deenshah Gaura,Bhagawantpur Chandaniha Mu.,8525,0.8853479853479854,0.8853479853479854,,,,
up2021__78950,2050,hameermau,Rae bareli,Deenshaahgaura,Hameermau,198732,83649,2050,hamir mau,Rae Bareli,Deenshah Gaura,Hamir Mau,21159,0.8962962962962963,0.8962962962962963,,,,
up2021__88263,2050,muraithi,Rae bareli,Deenshaahgaura,Muraithi,198738,271796,2050,murethi,Rae Bareli,Deenshah Gaura,Murethi,38181,0.8694444444444446,0.8694444444444446,,,,
up2021__115407,2050,chuli,Rae bareli,Deenshaahgaura,Chuli,198740,272031,2050,chooli,Rae Bareli,Deenshah Gaura,Chooli,13842,0.8577777777777779,0.8577777777777779,,,,
up2021__88209,2050,dhuri,Rae bareli,Deenshaahgaura,Dhuri,198743,271794,2050,ghuri,Rae Bareli,Deenshah Gaura,Ghuri,19695,0.8666666666666667,0.8666666666666667,,,,
up2021__45181,2046,jeengo,Rae bareli,Bachhrawan,Jeengo,198768,83475,2046,jeegoon,Rae Bareli,Bachharawan,Jeegoon,24746,0.8944444444444445,0.8944444444444445,,,,
up2021__37164,2046,madakhada,Rae bareli,Bachhrawan,Madakhada,198780,83483,2046,madar khera,Rae Bareli,Bachharawan,Madar Khera,33198,0.8828282828282829,0.8828282828282829,,,,
up2021__52627,2046,senhago purba gaon,Rae bareli,Bachhrawan,Senhago Purba Gaon,198789,83500,2046,sehgon purab gaon,Rae Bareli,Bachharawan,Sehgon Purab Gaon,50902,0.8910675381263616,0.8910675381263616,,,,
up2021__68457,2046,senhgaon pashchim gaon,Rae bareli,Bachhrawan,Senhgaon Pashchim Gaon,198791,83499,2046,sehgon pashchim gaon,Rae Bareli,Bachharawan,Sehgon Pashchim Gaon,50901,0.8690909090909091,0.8690909090909091,,,,
up2021__54279,2056,ghurona,Rae bareli,Maharajganj,Ghurona,198808,83895,2056,ghurauna,Rae Bareli,Mahrajganj,Ghurauna,19678,0.8880952380952382,0.8880952380952382,,,,
up2021__75284,2056,kusudhisagarapur,Rae bareli,Maharajganj,Kusudhisagarapur,198834,83910,2056,kusuri sagarpur,Rae Bareli,Mahrajganj,Kusuri Sagarpur,31701,0.8742948717948718,0.8742948717948718,,,,
up2021__97777,2056,kusumora,Rae bareli,Maharajganj,Kusumora,198837,83909,2056,kusmahura,Rae Bareli,Mahrajganj,Kusmahura,31653,0.8523148148148149,0.8523148148148149,,,,
up2021__77491,2057,bhawan,Rae bareli,Rahi,Bhawan,198862,83941,2057,bhaon,Rae Bareli,Rahi,Bhaon,9067,0.8755555555555556,0.8755555555555556,,,,
up2021__83093,2057,sarai mo sharif,Rae bareli,Rahi,Sarai Mo. Sharif,198864,83977,2057,sarai muhammad sharif,Rae Bareli,Rahi,Sarai Muhammad Sharif,49957,0.8914285714285715,0.8914285714285715,,,,
up2021__137543,2057,mohagawa,Rae bareli,Rahi,Mohagawa,198871,83964,2057,mohgawan,Rae Bareli,Rahi,Mohgawan,37355,0.8750000000000001,0.8750000000000001,,,,
up2021__19710,2057,aaspur deehi,Rae bareli,Rahi,Aaspur Deehi,198873,271899,2057,ayaspur dihi,Rae Bareli,Rahi,Ayaspur Dihi,3202,0.8700000000000001,0.8700000000000001,,,,
up2021__69784,2057,umra,Rae bareli,Rahi,Umra,198888,83985,2057,umara,Rae Bareli,Rahi,Umara,56756,0.88,0.88,,,,
up2021__13937,2057,bhakharvara,Rae bareli,Rahi,Bhakharvara,198895,268157,2057,bhakher wara,Rae Bareli,Rahi,Bhakher Wara,8870,0.8691919191919192,0.8691919191919192,,,,
up2021__19861,2057,fakhrulhasankheda,Rae bareli,Rahi,Fakhrulhasankheda,198897,268206,2057,fakharul hassan khera,Rae Bareli,Rahi,Fakharul Hassan Khera,17626,0.8656162464985995,0.8656162464985995,,,,
up2021__118111,2058,gangehra gulalganj,Rae bareli,Rohanea,Gangehra Gulalganj,198911,83992,2058,gagehara gulal ganj,Rae Bareli,Rohania,Gagehara Gulal Ganj,18281,0.8786836371975691,0.8786836371975691,,,,
up2021__110409,2058,aligar askarapur,Rae bareli,Rohanea,Aligar Askarapur,198925,269364,2058,alinagar askaranpur,Rae Bareli,Rohania,Alinagar Askaranpur,1358,0.8902412280701755,0.8902412280701755,,,,
up2021__42245,2055,khajurgaav,Rae bareli,Lalganj,Khajurgaav,198939,83861,2055,khajur gaon mu,Rae Bareli,Lalganj,Khajur Gaon Mu.,28553,0.8742857142857142,0.8742857142857142,,,,
up2021__123704,2055,bemaura maheshkheda,Rae bareli,Lalganj,Bemaura Maheshkheda,198947,83845,2055,bemoura mahesh khera,Rae Bareli,Lalganj,Bemoura Mahesh Khera,8074,0.8992621259029927,0.8992621259029927,,,,
up2021__14063,2055,vishun kheda,Rae bareli,Lalganj,Vishun Kheda,198973,83846,2055,bishun khera,Rae Bareli,Lalganj,Bishun Khera,11357,0.888888888888889,0.888888888888889,,,,
up2021__89974,2062,khajurau,Rae bareli,Shivgarh,Khajurau,199013,84213,2062,khajuron,Rae Bareli,Shivgarh,Khajuron,28628,0.9,0.9,,,,
up2021__6228,2062,bhosi,Rae bareli,Shivgarh,Bhosi,199015,84200,2062,bhausi,Rae Bareli,Shivgarh,Bhausi,9588,0.8577777777777779,0.8577777777777779,,,,
up2021__110606,2062,badawar,Rae bareli,Shivgarh,Badawar,199021,271880,2062,badaver,Rae Bareli,Shivgarh,Badaver,3615,0.8857142857142858,0.8857142857142858,,,,
up2021__75155,2061,khusurupur,Rae bareli,Sataon,Khusurupur,199029,84171,2061,khusroopur,Rae Bareli,Sataon,Khusroopur,29944,0.895,0.895,,,,
up2021__40774,2061,lohda,Rae bareli,Sataon,Lohda,199039,84175,2061,lohara,Rae Bareli,Sataon,Lohara,32839,0.8755555555555556,0.8755555555555556,,,,
up2021__92188,2061,vathuakhas,Rae bareli,Sataon,Vathuakhas,199045,84155,2061,bathuwa khas,Rae Bareli,Sataon,Bathuwa Khas,7417,0.8833333333333333,0.8833333333333333,,,,
up2021__78152,2061,nakfulha,Rae bareli,Sataon,Nakfulha,199046,84179,2061,nak phulha,Rae Bareli,Sataon,Nak Phulha,39213,0.8674999999999999,0.8674999999999999,,,,
up2021__85958,2061,syontha,Rae bareli,Sataon,Syontha,199053,84190,2061,soitha,Rae Bareli,Sataon,Soitha,53611,0.8642857142857143,0.8642857142857143,,,,
up2021__27581,2061,maneru,Rae bareli,Sataon,Maneru,199055,84177,2061,manehroo,Rae Bareli,Sataon,Manehroo,35237,0.8916666666666667,0.8916666666666667,,,,
up2021__68876,2061,sultannapur kheda,Rae bareli,Sataon,Sultannapur Kheda,199065,84191,2061,sultan khera,Rae Bareli,Sataon,Sultan Khera,54187,0.8911764705882353,0.8911764705882353,,,,
up2021__92400,2061,shehzadpur,Rae bareli,Sataon,Shehzadpur,199070,269047,2061,shahjadpur,Rae Bareli,Sataon,Shahjadpur,51412,0.8600000000000001,0.8600000000000001,,,,
up2021__44723,2061,saroy digosa,Rae bareli,Sataon,Saroy Digosa,199073,274267,2061,sarai dugosha,Rae Bareli,Sataon,Sarai Dugosha,49839,0.8839316239316239,0.8839316239316239,,,,
up2021__110802,2061,ghadi dularay,Rae bareli,Sataon,Ghadi Dularay,199076,84163,2061,garhi dularai,Rae Bareli,Sataon,Garhi Dularai,18925,0.8531468531468531,0.8531468531468531,,,,
up2021__101058,2060,kazikheda,Rae bareli,Sareni,KaziKheda,199085,84108,2060,kaji khera,Rae Bareli,Sareni,Kaji Khera,25795,0.8607407407407408,0.8607407407407408,,,,
up2021__98441,2060,kodra,Rae bareli,Sareni,Kodra,199092,84114,2060,kondara,Rae Bareli,Sareni,Kondara,30529,0.8704761904761905,0.8704761904761905,,,,
up2021__65649,2060,chatouna,Rae bareli,Sareni,Chatouna,199097,84085,2060,chhatauna,Rae Bareli,Sareni,Chhatauna,13341,0.8693121693121693,0.8693121693121693,,,,
up2021__70366,2060,usaru,Rae bareli,Sareni,Usaru,199105,84149,2060,usuru,Rae Bareli,Sareni,Usuru,57145,0.8933333333333333,0.8933333333333333,,,,
up2021__121875,2060,lachhikheda,Rae bareli,Sareni,Lachhikheda,199108,84116,2060,lachhai khera,Rae Bareli,Sareni,Lachhai Khera,31845,0.8956643356643357,0.8956643356643357,,,,
up2021__80199,2060,chiwalha,Rae bareli,Sareni,Chiwalha,199127,84086,2060,chhivlaha,Rae Bareli,Sareni,Chhivlaha,13515,0.8693121693121693,0.8693121693121693,,,,
up2021__118785,2060,malkhegaw,Rae bareli,Sareni,Malkhegaw,199140,84121,2060,malke gaon,Rae Bareli,Sareni,Malke Gaon,34983,0.8955555555555555,0.8955555555555555,,,,
up2021__88324,2060,ghooremau,Rae bareli,Sareni,Ghooremau,199144,84095,2060,ghure mau,Rae Bareli,Sareni,Ghure Mau,19687,0.8814814814814814,0.8814814814814814,,,,
up2021__118399,2059,piranagar,Rae bareli,Salon,Piranagar,199161,84059,2059,piranagar urf mohaddinpur,Rae Bareli,Salon,Piranagar Urf Mohaddinpur,44255,0.872,0.872,,,,
up2021__65734,2059,jijwaliya urf bijwaliya,Rae bareli,Salon,Jijwaliya Urf Bijwaliya,199165,84031,2059,jujwaliya urf bhudwaliya,Rae Bareli,Salon,Jujwaliya Urf Bhudwaliya,25290,0.8508695652173912,0.8508695652173912,,,,
up2021__21913,2059,murtajanagar,Rae bareli,Salon,Murtajanagar,199172,84053,2059,murtaza nagar urf murwaliya,Rae Bareli,Salon,Murtaza Nagar Urf Murwaliya,38229,0.8648148148148148,0.8648148148148148,,,,
up2021__163514,2059,shehari,Rae bareli,Salon,shehari,199188,84068,2059,sahari,Rae Bareli,Salon,Sahari,48509,0.8642857142857143,0.8642857142857143,,,,
up2021__183420,2059,revli,Rae bareli,Salon,Revli,199194,84067,2059,rewali,Rae Bareli,Salon,Rewali,47693,0.8577777777777779,0.8577777777777779,,,,
up2021__165838,2059,aashikabad,Rae bareli,Salon,Aashikabad,199201,84009,2059,ashikabad,Rae Bareli,Salon,Ashikabad,2623,0.87,0.87,,,,
up2021__143352,2059,khanpur aka virbhanpur,Rae bareli,Salon,Khanpur aka Virbhanpur,199211,84044,2059,khanpur urf birbhanpur,Rae Bareli,Salon,Khanpur Urf Birbhanpur,28995,0.8828282828282829,0.8828282828282829,,,,
up2021__43481,2059,nuruddinpur,Rae bareli,Salon,Nuruddinpur,199215,84055,2059,nooruddinpur,Rae Bareli,Salon,Nooruddinpur,40932,0.8927272727272727,0.8927272727272727,,,,
up2021__21107,2059,gharai,Rae bareli,Salon,Gharai,199217,84023,2059,dharai,Rae Bareli,Salon,Dharai,16006,0.888888888888889,0.888888888888889,,,,
up2021__34735,2059,paksaraowa,Rae bareli,Salon,Paksaraowa,199222,84056,2059,paksrawan,Rae Bareli,Salon,Paksrawan,41919,0.8877777777777778,0.8877777777777778,,,,
up2021__41216,2059,godwahsanpur,Rae bareli,Salon,Godwahsanpur,199224,84026,2059,gorwa hasanpur,Rae Bareli,Salon,Gorwa Hasanpur,20315,0.8963924963924963,0.8963924963924963,,,,
up2021__66244,2059,gothia,Rae bareli,Salon,Gothia,199235,271869,2059,ghothiya,Rae Bareli,Salon,Ghothiya,19636,0.875,0.875,,,,
up2021__3865,2052,dawoodpur,Rae bareli,Harchandpur,Dawoodpur,199246,83714,2052,daudpur,Rae Bareli,Harchandpur,Daudpur,14773,0.873015873015873,0.873015873015873,,,,
up2021__2524,2052,kasokhas,Rae bareli,Harchandpur,Kasokhas,199251,83725,2052,kashau khas,Rae Bareli,Harchandpur,Kashau Khas,27498,0.8526515151515152,0.8526515151515152,,,,
up2021__82226,2052,khizirapur karaundi,Rae bareli,Harchandpur,Khizirapur Karaundi,199255,83727,2052,khirijpur karaundi,Rae Bareli,Harchandpur,Khirijpur Karaundi,29669,0.893848182547873,0.893848182547873,,,,
up2021__89770,2052,adobar,Rae bareli,Harchandpur,Adobar,199256,83709,2052,arobar,Rae Bareli,Harchandpur,Arobar,2416,0.9,0.9,,,,
up2021__39120,2052,baragadaha,Rae bareli,Harchandpur,Baragadaha,199257,83711,2052,bargadha,Rae Bareli,Harchandpur,Bargadha,6394,0.895,0.895,,,,
up2021__85791,2052,angoori,Rae bareli,Harchandpur,Angoori,199272,83708,2052,anguri1,Rae Bareli,Harchandpur,Anguri1,2115,0.8666666666666668,0.8666666666666668,,,,
up2021__18266,2052,rahao,Rae bareli,Harchandpur,Rahao,199276,83741,2052,rahwan,Rae Bareli,Harchandpur,Rahwan,45321,0.8755555555555556,0.8755555555555556,,,,
up2021__106441,2052,gulupur,Rae bareli,Harchandpur,Gulupur,199278,83717,2052,guloopur,Rae Bareli,Harchandpur,Guloopur,20661,0.8694444444444446,0.8694444444444446,,,,
up2021__96054,2052,datoli,Rae bareli,Harchandpur,Datoli,199282,83713,2052,datauli,Rae Bareli,Harchandpur,Datauli,14718,0.8944444444444445,0.8944444444444445,,,,
up2021__4890,2052,pahaadpur kaaso,Rae bareli,Harchandpur,Pahaadpur Kaaso,199293,271860,2052,paharpur kasho,Rae Bareli,Harchandpur,Paharpur Kasho,41604,0.8980952380952382,0.8980952380952382,,,,
up2021__232292,1913,pahhadnagar tikariya,Lucknow,Gosaiganj,Pahhadnagar Tikariya,199354,75521,1913,paharnagar tikariya,Lucknow,Gosaiganj,Paharnagar Tikariya,41550,0.8995711500974659,0.8995711500974659,,,,
up2021__232882,1913,mochaari kalaa,Lucknow,Gosaiganj,Mochaari Kalaa,199358,75517,1913,mohari kala,Lucknow,Gosaiganj,Mohari Kala,37324,0.8701298701298701,0.8701298701298701,,,,
up2021__341808,1913,sith ल kala,Lucknow,Gosaiganj,Sithौली Kala,199361,75539,1913,sithauli kala,Lucknow,Gosaiganj,Sithauli Kala,53441,0.8576534576534577,0.8576534576534577,,,,
up2021__258426,1913,ghodasara,Lucknow,Gosaiganj,Ghodasara,199376,75494,1913,ghorsara,Lucknow,Gosaiganj,Ghorsara,19623,0.8523148148148149,0.8523148148148149,,,,
up2021__240586,1913,malaoili,Lucknow,Gosaiganj,Malaoili,199389,75510,1913,malauli,Lucknow,Gosaiganj,Malauli,34854,0.8880952380952382,0.8880952380952382,,,,
up2021__260705,1913,bajupur,Lucknow,Gosaiganj,Bajupur,199393,75477,1913,bajoopur,Lucknow,Gosaiganj,Bajoopur,4780,0.8694444444444446,0.8694444444444446,,,,
up2021__246170,1913,jokhandi,Lucknow,Gosaiganj,jokhandi,199412,75500,1913,jaukhandi,Lucknow,Gosaiganj,Jaukhandi,24671,0.8529761904761904,0.8529761904761904,,,,
up2021__305529,1913,akarhaduu,Lucknow,Gosaiganj,Akarhaduu,199420,265756,1913,akarhandoo,Lucknow,Gosaiganj,Akarhandoo,906,0.8955555555555555,0.8955555555555555,,,,
up2021__251303,1912,dugwar,Lucknow,Chinhat,Dugwar,199436,75448,1912,duggaur,Lucknow,Chinhat,Duggaur,17135,0.8944444444444445,0.8944444444444445,,,,
up2021__431328,1911,ahmadpur khada,Lucknow,Bakshi Ka Talab,Ahmadpur Khada,199449,75354,1911,ahmedpur khera,Lucknow,Bakshi-Ka-Talab,Ahmedpur Khera,672,0.9,0.9,,,,
up2021__409932,1911,bhagotipur,Lucknow,Bakshi Ka Talab,Bhagotipur,199455,75370,1911,bhagautipur,Lucknow,Bakshi-Ka-Talab,Bhagautipur,8507,0.8991919191919192,0.8991919191919192,,,,
up2021__223247,1911,tikri,Lucknow,Bakshi Ka Talab,Tikri,199470,265774,1911,tikaree,Lucknow,Bakshi-Ka-Talab,Tikaree,55834,0.8533333333333333,0.8533333333333333,,,,
up2021__465761,1911,bhadasar,Lucknow,Bakshi Ka Talab,Bhadasar,199484,75373,1911,bharsar,Lucknow,Bakshi-Ka-Talab,Bharsar,9240,0.8694444444444446,0.8694444444444446,,,,
up2021__450276,1911,sinhamo,Lucknow,Bakshi Ka Talab,Sinhamo,199492,75430,1911,singhamau,Lucknow,Bakshi-Ka-Talab,Singhamau,52959,0.888888888888889,0.888888888888889,,,,
up2021__260430,1911,dugara,Lucknow,Bakshi Ka Talab,Dugara,199497,75385,1911,dudhara,Lucknow,Bakshi-Ka-Talab,Dudhara,17090,0.8793650793650793,0.8793650793650793,,,,
up2021__634106,1911,hardoorpur,Lucknow,Bakshi Ka Talab,Hardoorpur,199498,75392,1911,hardaurpur,Lucknow,Bakshi-Ka-Talab,Hardaurpur,21377,0.895,0.895,,,,
up2021__708137,1911,sonwa,Lucknow,Bakshi Ka Talab,Sonwa,199502,75432,1911,sonava,Lucknow,Bakshi-Ka-Talab,Sonava,53687,0.8755555555555556,0.8755555555555556,,,,
up2021__1029895,1911,naguwamau,Lucknow,Bakshi Ka Talab,Naguwamau,199503,75416,1911,nagavamau,Lucknow,Bakshi-Ka-Talab,Nagavamau,38660,0.8629629629629629,0.8629629629629629,,,,
up2021__1039785,1911,sarawan,Lucknow,Bakshi Ka Talab,Sarawan,199533,264947,1911,sarsava,Lucknow,Bakshi-Ka-Talab,Sarsava,50527,0.8666666666666668,0.8666666666666668,,,,
up2021__279685,1916,mo0nagar rahamatnagar,Lucknow,Malihabaad,Mo0nagar Rahamatnagar,199537,75691,1916,mohammadnagar rahmatnagar,Lucknow,Malihabad,Mohammadnagar Rahmatnagar,37143,0.853968253968254,0.853968253968254,,,,
up2021__300531,1916,ramgadda,Lucknow,Malihabaad,Ramgadda,199559,75696,1916,ramgarha,Lucknow,Malihabad,Ramgarha,46047,0.9,0.9,,,,
up2021__301423,1916,purwa,Lucknow,Malihabaad,Purwa,199586,75695,1916,purava,Lucknow,Malihabad,Purava,44794,0.8755555555555556,0.8755555555555556,,,,
up2021__299691,1916,hatoli,Lucknow,Malihabaad,Hatoli,199597,265337,1916,hatauli,Lucknow,Malihabad,Hatauli,21962,0.8944444444444445,0.8944444444444445,,,,
up2021__423435,1915,godwa barauki,Lucknow,Maal,Godwa Barauki,199603,75612,1915,gorava barauki,Lucknow,Mal,Gorava Barauki,20284,0.8533466533466534,0.8533466533466534,,,,
up2021__218665,1915,maal,Lucknow,Maal,Maal,199617,75621,1915,mall,Lucknow,Mal,Mall,34988,0.8666666666666667,0.8666666666666667,,,,
up2021__356057,1915,birpur,Lucknow,Maal,Birpur,199629,75603,1915,virpur,Lucknow,Mal,Virpur,57462,0.888888888888889,0.888888888888889,,,,
up2021__465011,1915,jamaliya,Lucknow,Maal,Jamaliya,199636,75614,1915,jamolia,Lucknow,Mal,Jamolia,24104,0.8694444444444446,0.8694444444444446,,,,
up2021__1077842,1915,pakra bazar gaon,Lucknow,Maal,Pakra Bazar Gaon,199640,75630,1915,pakara bazargaon,Lucknow,Mal,Pakara Bazargaon,41780,0.8930555555555556,0.8930555555555556,,,,
up2021__718158,1915,nai basti bhitora,Lucknow,Maal,Nai Basti Bhitora,199644,75628,1915,naibasti bhithaura,Lucknow,Mal,Naibasti Bhithaura,39083,0.8714379084967321,0.8714379084967321,,,,
up2021__457537,1915,danor,Lucknow,Maal,Danor,199646,75605,1915,danaur,Lucknow,Mal,Danaur,14363,0.8755555555555556,0.8755555555555556,,,,
up2021__457202,1915,kolwa bhanaura,Lucknow,Maal,Kolwa Bhanaura,199649,75618,1915,kolava bhanaura,Lucknow,Mal,Kolava Bhanaura,30446,0.8804273504273504,0.8804273504273504,,,,
up2021__461818,1915,aant,Lucknow,Maal,AanT,199655,265267,1915,aunt,Lucknow,Mal,Aunt,3038,0.8500000000000001,0.8500000000000001,,,,
up2021__1130484,1915,majhwa,Lucknow,Maal,Majhwa,199661,265273,1915,majhauva,Lucknow,Mal,Majhauva,34495,0.8916666666666667,0.8916666666666667,,,,
up2021__279827,1915,ahir dhar,Lucknow,Maal,Ahir dhar,199668,75593,1915,ahindar,Lucknow,Mal,Ahindar,528,0.85,0.85,,,,
up2021__237059,1917,achhikheda,Lucknow,Mohanlalganj,Achhikheda,199672,75706,1917,achalikhera,Lucknow,Mohanlalganj,Achalikhera,174,0.8605303030303031,0.8605303030303031,,,,
up2021__248686,1917,devti,Lucknow,Mohanlalganj,Devti,199675,75729,1917,dewati,Lucknow,Mohanlalganj,Dewati,15547,0.8577777777777779,0.8577777777777779,,,,
up2021__1059002,1918,nur nagar bhadrasa,Lucknow,Sarojninagar,Nur Nagar Bhadrasa,199682,75828,1918,noornagar bhadarsa,Lucknow,Sarojaninagar,Noornagar Bhadarsa,40895,0.8583333333333333,0.8583333333333333,,,,
up2021__995215,1918,parwar purba,Lucknow,Sarojninagar,Parwar Purba,199685,75831,1918,parvar poorab,Lucknow,Sarojaninagar,Parvar Poorab,42999,0.8839316239316239,0.8839316239316239,,,,
up2021__402250,1880,roodrapur,Lakhimpur Khiri,Isanagar,Roodrapur,199689,73348,1880,rudrapur,Kheri,Isanagar,Rudrapur,48000,0.8958333333333333,0.8958333333333333,,,,
up2021__357372,1880,basdiya,Lakhimpur Khiri,Isanagar,Basdiya,199690,73292,1880,basaria,Kheri,Isanagar,Basaria,7115,0.8666666666666668,0.8666666666666668,,,,
up2021__384653,1880,laukahi isannagar,Lakhimpur Khiri,Isanagar,Laukahi Isannagar,199698,73329,1880,laukahi mallapur,Kheri,Isanagar,Laukahi Mallapur,32565,0.8669117647058824,0.8669117647058824,,,,
up2021__403380,1880,saraian kala,Lakhimpur Khiri,Isanagar,Saraian Kala,199711,73354,1880,sarya kalan,Kheri,Isanagar,Sarya Kalan,50609,0.8932323232323233,0.8932323232323233,,,,
up2021__404643,1880,deber,Lakhimpur Khiri,Isanagar,Deber,199735,73303,1880,daber,Kheri,Isanagar,Daber,13974,0.88,0.88,,,,
up2021__403801,1880,manduraa,Lakhimpur Khiri,Isanagar,Manduraa,199748,73334,1880,mandoora,Kheri,Isanagar,Mandoora,35211,0.9,0.9,,,,
up2021__256807,1881,bahadurganj,Lakhimpur Khiri,Gola(Kumbhi),Bahadurganj,199757,73363,1881,bahadaur gang,Kheri,Kumbhigola,Bahadaur Gang,4082,0.8956643356643357,0.8956643356643357,,,,
up2021__255014,1881,maria dvitiya,Lakhimpur Khiri,Gola(Kumbhi),Maria Dvitiya,199767,73393,1881,marhiya dutiya,Kheri,Kumbhigola,Marhiya Dutiya,35791,0.8716783216783217,0.8716783216783217,,,,
up2021__265001,1881,dhunsi,Lakhimpur Khiri,Gola(Kumbhi),Dhunsi,199771,73379,1881,ghunsi,Kheri,Kumbhigola,Ghunsi,19670,0.888888888888889,0.888888888888889,,,,
up2021__309015,1881,belhari,Lakhimpur Khiri,Gola(Kumbhi),Belhari,199785,73367,1881,bilahri,Kheri,Kumbhigola,Bilahri,10919,0.8642857142857143,0.8642857142857143,,,,
up2021__248505,1881,rashulpur,Lakhimpur Khiri,Gola(Kumbhi),Rashulpur,199797,73409,1881,rasoolpur,Kheri,Kumbhigola,Rasoolpur,47048,0.8629629629629629,0.8629629629629629,,,,
up2021__291415,1881,ahmednagar,Lakhimpur Khiri,Gola(Kumbhi),Ahmednagar,199810,73359,1881,ahmad nagar,Kheri,Kumbhigola,Ahmad Nagar,634,0.8823905723905724,0.8823905723905724,,,,
up2021__311789,1881,baidakheda,Lakhimpur Khiri,Gola(Kumbhi),Baidakheda,199814,267514,1881,bada khera,Kheri,Kumbhigola,Bada Khera,3545,0.8933333333333333,0.8933333333333333,,,,
up2021__223151,1881,jungle no 13,Lakhimpur Khiri,Gola(Kumbhi),Jungle No. 13,199819,267525,1881,gangle no 13,Kheri,Kumbhigola,Gangle No 13,18714,0.8555555555555556,0.8555555555555556,,,,
up2021__309778,1881,majhigawa dwitiya,Lakhimpur Khiri,Gola(Kumbhi),Majhigawa Dwitiya,199823,267533,1881,majhigawan,Kheri,Kumbhigola,Majhigawan,34566,0.8858823529411766,0.8858823529411766,,,,
up2021__288245,1879,karauha,Lakhimpur Khiri,Dhaurhara,Karauha,199843,73270,1879,karouhan,Kheri,Dhaurhara,Karouhan,27333,0.8694444444444446,0.8694444444444446,,,,
up2021__298559,1879,maharajanagar,Lakhimpur Khiri,Dhaurhara,Maharajanagar,199857,73274,1879,mahraj nagar,Kheri,Dhaurhara,Mahraj Nagar,34071,0.881021756021756,0.881021756021756,,,,
up2021__262711,1879,jangwali,Lakhimpur Khiri,Dhaurhara,Jangwali,199861,73267,1879,jangalwally,Kheri,Dhaurhara,Jangalwally,24331,0.8737012987012986,0.8737012987012986,,,,
up2021__385546,1879,rashulpur,Lakhimpur Khiri,Dhaurhara,Rashulpur,199866,73281,1879,rasoolpur,Kheri,Dhaurhara,Rasoolpur,47047,0.8629629629629629,0.8629629629629629,,,,
up2021__353697,1879,gularia,Lakhimpur Khiri,Dhaurhara,Gularia,199870,73264,1879,gulariha taluke aera,Kheri,Dhaurhara,Gulariha Taluke Aera,20629,0.87,0.87,,,,
up2021__231634,1885,jignianiya,Lakhimpur Khiri,Nakha,Jignianiya,199880,268641,1885,jiganiyan,Kheri,Nakaha,Jiganiyan,24980,0.8988888888888888,0.8988888888888888,,,,
up2021__223070,1885,garhausa,Lakhimpur Khiri,Nakha,Garhausa,199890,73705,1885,garousa,Kheri,Nakaha,Garousa,19009,0.8694444444444446,0.8694444444444446,,,,
up2021__229988,1885,ginohna,Lakhimpur Khiri,Nakha,Ginohna,199909,73707,1885,ginhauna,Kheri,Nakaha,Ginhauna,19758,0.8694444444444446,0.8694444444444446,,,,
up2021__257527,1885,rawhee,Lakhimpur Khiri,Nakha,Rawhee,199941,73734,1885,rawhi,Kheri,Nakaha,Rawhi,47514,0.8933333333333334,0.8933333333333334,,,,
up2021__287077,1885,dawoodpur mahewa,Lakhimpur Khiri,Nakha,Dawoodpur Mahewa,199946,73703,1885,daud pur mahewa,Kheri,Nakaha,Daud Pur Mahewa,14785,0.8734188034188034,0.8734188034188034,,,,
up2021__333765,1885,vajaria,Lakhimpur Khiri,Nakha,Vajaria,199949,73691,1885,banjaria,Kheri,Nakaha,Banjaria,5594,0.8690476190476191,0.8690476190476191,,,,
up2021__254577,1886,khamharia koilar,Lakhimpur Khiri,Nighasan,Khamharia Koilar,199950,73777,1886,khamereya koilar,Kheri,Nighasan,Khamereya Koilar,28755,0.8634615384615385,0.8634615384615385,,,,
up2021__354859,1886,umra,Lakhimpur Khiri,Nighasan,Umra,199951,73804,1886,umara,Kheri,Nighasan,Umara,56755,0.88,0.88,,,,
up2021__301400,1886,mohabatiya behar,Lakhimpur Khiri,Nighasan,Mohabatiyā Behaṛ,199959,73787,1886,mohbateya behad,Kheri,Nighasan,Mohbateya Behad,37332,0.8712927350427351,0.8712927350427351,,,,
up2021__377661,1886,moora burjug,Lakhimpur Khiri,Nighasan,Moora Burjug,199960,73789,1886,mura bujurg,Kheri,Nighasan,Mura Bujurg,38086,0.8927272727272727,0.8927272727272727,,,,
up2021__351615,1886,niboriya,Lakhimpur Khiri,Nighasan,Niboriya,199967,73794,1886,nibaureya,Kheri,Nighasan,Nibaureya,40546,0.8638888888888888,0.8638888888888888,,,,
up2021__302128,1886,barsaula kalaan,Lakhimpur Khiri,Nighasan,Barsaula Kalaan,199972,73754,1886,barsola kalan,Kheri,Nighasan,Barsola Kalan,6828,0.8946153846153847,0.8946153846153847,,,,
up2021__342047,1886,singahi dehat,Lakhimpur Khiri,Nighasan,Singahi Dehat,199978,268747,1886,singahi kalan,Kheri,Nighasan,Singahi Kalan,52930,0.8769230769230769,0.8769230769230769,,,,
up2021__291704,1886,khairigarh,Lakhimpur Khiri,Nighasan,Khairigarh,199979,73780,1886,khire garh,Kheri,Nighasan,Khire Garh,29647,0.8933333333333333,0.8933333333333333,,,,
up2021__328468,1886,raipur,Lakhimpur Khiri,Nighasan,Raipur,199998,73796,1886,ray pur,Kheri,Nighasan,Ray Pur,47541,0.8793650793650793,0.8793650793650793,,,,
up2021__302341,1886,adlabad,Lakhimpur Khiri,Nighasan,Adlabad,200009,73746,1886,adalabad,Kheri,Nighasan,Adalabad,221,0.8904761904761905,0.8904761904761905,,,,
up2021__223271,1887,nijhota,Lakhimpur Khiri,Palia,Nijhota,200036,268771,1887,najota,Kheri,Palia,Najota,39157,0.8642857142857143,0.8642857142857143,,,,
up2021__214707,1887,piperaula,Lakhimpur Khiri,Palia,Piperaula,200039,73852,1887,piprola,Kheri,Palia,Piprola,44240,0.85,0.85,,,,
up2021__320987,1887,vichitranagar colony,Lakhimpur Khiri,Palia,Vichitranagar Colony,200041,73862,1887,vichitra nagar,Kheri,Palia,Vichitra Nagar,57337,0.8971428571428571,0.8971428571428571,,,,
up2021__254447,1887,chhediapurba,Lakhimpur Khiri,Palia,ChhediaPurba,200048,73816,1887,chedeya purab,Kheri,Palia,Chedeya Purab,13160,0.8673504273504273,0.8673504273504273,,,,
up2021__334705,1887,bashee koloni,Lakhimpur Khiri,Palia,Bashee  Koloni,200056,73807,1887,basahi colony,Kheri,Palia,Basahi Colony,6976,0.8564102564102564,0.8564102564102564,,,,
up2021__339641,1887,krishnanagar colony,Lakhimpur Khiri,Palia,Krishnanagar Colony,200057,73831,1887,krishna nagar,Kheri,Palia,Krishna Nagar,30900,0.8906882591093117,0.8906882591093117,,,,
up2021__272964,1888,rasulpur tafuzzul hussain,Lakhimpur Khiri,Pasgawan,Rasulpur Tafuzzul Hussain,200080,73942,1888,rasoolpur tafazzul husan,Kheri,Pasgawan,Rasoolpur Tafazzul Husan,47108,0.8668333333333333,0.8668333333333333,,,,
up2021__288252,1888,rahijaniyan,Lakhimpur Khiri,Pasgawan,Rahijaniyan,200100,73940,1888,rahjania,Kheri,Pasgawan,Rahjania,45277,0.878030303030303,0.878030303030303,,,,
up2021__282614,1888,sahajana rampur banawari,Lakhimpur Khiri,Pasgawan,Sahajana Rampur Banawari,200113,268803,1888,sahjanarampur banvari,Kheri,Pasgawan,Sahjanarampur Banvari,48596,0.8683333333333333,0.8683333333333333,,,,
up2021__268312,1888,bhuda,Lakhimpur Khiri,Pasgawan,Bhuda,200118,73878,1888,bhurha,Kheri,Pasgawan,Bhurha,10502,0.8755555555555556,0.8755555555555556,,,,
up2021__254524,1888,behda jorawar,Lakhimpur Khiri,Pasgawan,Behda Jorawar,200136,268807,1888,behra jorawar,Kheri,Pasgawan,Behra Jorawar,7700,0.8863247863247864,0.8863247863247864,,,,
up2021__354198,1888,piparola kunwarpur,Lakhimpur Khiri,Pasgawan,Piparola Kunwarpur,200164,73938,1888,pipraula kunwarpur,Kheri,Pasgawan,Pipraula Kunwarpur,44175,0.8917211328976035,0.8917211328976035,,,,
up2021__378322,1888,jasamadhi,Lakhimpur Khiri,Pasgawan,Jasamadhi,200168,73899,1888,jasmarhi,Kheri,Pasgawan,Jasmarhi,24556,0.8856481481481482,0.8856481481481482,,,,
up2021__341488,1888,ajabapur,Lakhimpur Khiri,Pasgawan,Ajabapur,200171,73864,1888,ajwapur,Kheri,Pasgawan,Ajwapur,880,0.8952380952380953,0.8952380952380953,,,,
up2021__330932,1889,sikatiha ramuapur,Lakhimpur Khiri,Phoolbehad,Sikatiha Ramuapur,200190,74012,1889,siktiya ramuapur,Kheri,Phoolbehar,Siktiya Ramuapur,52773,0.8957434640522876,0.8957434640522876,,,,
up2021__306263,1889,rehua,Lakhimpur Khiri,Phoolbehad,Rehua,200192,74006,1889,rehauwa,Kheri,Phoolbehar,Rehauwa,47605,0.8866666666666667,0.8866666666666667,,,,
up2021__328263,1889,bashabhud,Lakhimpur Khiri,Phoolbehad,Bashabhud,200196,73966,1889,basha bhoor,Kheri,Phoolbehar,Basha Bhoor,7221,0.8828282828282829,0.8828282828282829,,,,
up2021__300033,1889,padariya kala,Lakhimpur Khiri,Phoolbehad,Padariya Kala,200209,73996,1889,padria kalan,Kheri,Phoolbehar,Padria Kalan,41449,0.8598096348096348,0.8598096348096348,,,,
up2021__334612,1889,oderhana,Lakhimpur Khiri,Phoolbehad,Oderhana,200212,73995,1889,odrahana,Kheri,Phoolbehar,Odrahana,41027,0.8571428571428572,0.8571428571428572,,,,
up2021__362533,1889,maujamaabad,Lakhimpur Khiri,Phoolbehad,Maujamaabad,200215,73990,1889,maujma bad,Kheri,Phoolbehar,Maujma Bad,36179,0.8991919191919192,0.8991919191919192,,,,
up2021__983977,1889,gagabedh,Lakhimpur Khiri,Phoolbehad,Gagabedh,200217,73975,1889,ganga behar,Kheri,Phoolbehar,Ganga Behar,18605,0.8696969696969696,0.8696969696969696,,,,
up2021__277804,1889,hazaratpur,Lakhimpur Khiri,Phoolbehad,Hazaratpur,200225,73979,1889,hajratpur,Kheri,Phoolbehar,Hajratpur,21075,0.8837037037037038,0.8837037037037038,,,,
up2021__338832,1889,piparagum,Lakhimpur Khiri,Phoolbehad,Piparagum,200236,74001,1889,pipragoom,Kheri,Phoolbehar,Pipragoom,44090,0.8629629629629629,0.8629629629629629,,,,
up2021__279955,1876,raipur grant number 18,Lakhimpur Khiri,Bankeganj,Raipur Grant Number 18,200254,73097,1876,rampur grant no 18,Kheri,Bankeyganj,Rampur Grant No 18,46471,0.8976430976430976,0.8976430976430976,,,,
up2021__276609,1876,badheli nankar,Lakhimpur Khiri,Bankeganj,Badheli Nankar,200262,266788,1876,banbudheli nankar,Kheri,Bankeyganj,Banbudheli Nankar,5391,0.876750700280112,0.876750700280112,,,,
up2021__273405,1876,baghauda,Lakhimpur Khiri,Bankeganj,Baghauda,200275,73070,1876,baghoura,Kheri,Bankeyganj,Baghoura,4002,0.8666666666666667,0.8666666666666667,,,,
up2021__364266,1876,hazaratpur,Lakhimpur Khiri,Bankeganj,Hazaratpur,200292,73082,1876,hajratpur,Kheri,Bankeyganj,Hajratpur,21074,0.8837037037037038,0.8837037037037038,,,,
up2021__339610,1878,murakhurd,Lakhimpur Khiri,Bijua,Murakhurd,200306,73221,1878,munda khurd,Kheri,Bijuwa,Munda Khurd,37969,0.8976430976430976,0.8976430976430976,,,,
up2021__335942,1878,matehiya,Lakhimpur Khiri,Bijua,matehiya,200322,73219,1878,mataihiya,Kheri,Bijuwa,Mataihiya,35948,0.8856481481481482,0.8856481481481482,,,,
up2021__312313,1878,surajpur jagal no 7,Lakhimpur Khiri,Bijua,Surajpur (Jagal No - 7),200325,73248,1878,surajpur,Kheri,Bijuwa,Surajpur,54450,0.8842105263157894,0.8842105263157894,,,,
up2021__335906,1878,deoria rrada,Lakhimpur Khiri,Bijua,Deoria Rrada,200338,73198,1878,dewari arara,Kheri,Bijuwa,Dewari Arara,15537,0.8577777777777779,0.8577777777777779,,,,
up2021__359162,1878,tikda,Lakhimpur Khiri,Bijua,Tikda,200341,267110,1878,tikhara,Kheri,Bijuwa,Tikhara,55906,0.8533333333333333,0.8533333333333333,,,,
up2021__341438,1878,futuha,Lakhimpur Khiri,Bijua,Futuha,200365,267140,1878,futaha,Kheri,Bijuwa,Futaha,18086,0.8755555555555556,0.8755555555555556,,,,
up2021__379904,1878,dawoodpur,Lakhimpur Khiri,Bijua,Dawoodpur,200367,73196,1878,daudpur,Kheri,Bijuwa,Daudpur,14769,0.873015873015873,0.873015873015873,,,,
up2021__221473,1877,kotowaa,Lakhimpur Khiri,Behjam,Kotowaa,200377,73146,1877,kotava,Kheri,Behjam,Kotava,30723,0.8944444444444445,0.8944444444444445,,,,
up2021__210169,1877,kharagpur gularia,Lakhimpur Khiri,Behjam,Kharagpur Gularia,200380,73143,1877,kharg pur,Kheri,Behjam,Kharg Pur,29156,0.861437908496732,0.861437908496732,,,,
up2021__222608,1877,haraiyya,Lakhimpur Khiri,Behjam,Haraiyya,200398,73134,1877,harriya,Kheri,Behjam,Harriya,21739,0.8694444444444446,0.8694444444444446,,,,
up2021__218782,1877,koreiya talukedari,Lakhimpur Khiri,Behjam,Koreiya Talukedari,200405,266935,1877,koraiyatalukedar,Kheri,Behjam,Koraiyatalukedar,30599,0.86875,0.86875,,,,
up2021__213136,1877,ataroli,Lakhimpur Khiri,Behjam,Ataroli,200406,73116,1877,atrauli,Kheri,Behjam,Atrauli,2954,0.8793650793650793,0.8793650793650793,,,,
up2021__268987,1877,panyaura,Lakhimpur Khiri,Behjam,Panyaura,200416,73160,1877,panyora,Kheri,Behjam,Panyora,42335,0.8880952380952382,0.8880952380952382,,,,
up2021__293711,1877,bamhaniarpur,Lakhimpur Khiri,Behjam,Bamhaniarpur,200425,266976,1877,bahnearpur,Kheri,Behjam,Bahnearpur,4326,0.877037037037037,0.877037037037037,,,,
up2021__243731,1877,sanigwan,Lakhimpur Khiri,Behjam,Sanigwan,200429,73169,1877,sanigava,Kheri,Behjam,Sanigava,49647,0.9,0.9,,,,
up2021__306537,1877,tedwa,Lakhimpur Khiri,Behjam,Tedwa,200448,73175,1877,terwa,Kheri,Behjam,Terwa,55514,0.8933333333333333,0.8933333333333333,,,,
up2021__268671,1877,koreya mufrat,Lakhimpur Khiri,Behjam,Koreya Mufrat,200456,73145,1877,koraiya mufart,Kheri,Behjam,Koraiya Mufart,30596,0.8709401709401708,0.8709401709401708,,,,
up2021__238264,1883,senpur,Lakhimpur Khiri,Mitauli,Senpur,200474,73590,1883,sainpur,Kheri,Mitauli,Sainpur,48863,0.8642857142857143,0.8642857142857143,,,,
up2021__402757,1883,khurramanagar,Lakhimpur Khiri,Mitauli,Khurramanagar,200478,73562,1883,kurram nagar,Kheri,Mitauli,Kurram Nagar,31519,0.8743006993006993,0.8743006993006993,,,,
up2021__321711,1883,madriya,Lakhimpur Khiri,Mitauli,Madriya,200507,73568,1883,mandariya,Kheri,Mitauli,Mandariya,35175,0.8645502645502645,0.8645502645502645,,,,
up2021__325889,1883,vishokhar,Lakhimpur Khiri,Mitauli,Vishokhar,200511,268310,1883,bishokar,Kheri,Mitauli,Bishokar,11341,0.8842592592592592,0.8842592592592592,,,,
up2021__334842,1883,jamhora,Lakhimpur Khiri,Mitauli,Jamhora,200533,73547,1883,jamhaura,Kheri,Mitauli,Jamhaura,24055,0.8880952380952382,0.8880952380952382,,,,
up2021__241566,1883,moodaharadspur,Lakhimpur Khiri,Mitauli,Moodaharadspur,200545,73573,1883,munda hardaspur,Kheri,Mitauli,Munda Hardaspur,37960,0.8721428571428571,0.8721428571428571,,,,
up2021__225435,1884,turahhatta tappa gokan,Lakhimpur Khiri,Mohammadi,Turahhatta Tappa Gokan,200561,73681,1884,turkehtatappa gokaran,Kheri,Mohammadi,Turkehtatappa Gokaran,56403,0.8594276094276094,0.8594276094276094,,,,
up2021__259507,1884,dhamola,Lakhimpur Khiri,Mohammadi,Dhamola,200565,73626,1884,dhamaula,Kheri,Mohammadi,Dhamaula,15701,0.8880952380952382,0.8880952380952382,,,,
up2021__281944,1884,guloli,Lakhimpur Khiri,Mohammadi,Guloli,200568,73635,1884,gulauli,Kheri,Mohammadi,Gulauli,20639,0.8944444444444445,0.8944444444444445,,,,
up2021__253003,1884,behati afghan,Lakhimpur Khiri,Mohammadi,Behati Afghan,200586,73614,1884,behtiafgan,Kheri,Mohammadi,Behtiafgan,7769,0.8761538461538462,0.8761538461538462,,,,
up2021__277787,1884,bhudiya,Lakhimpur Khiri,Mohammadi,Bhudiya,200611,73621,1884,buriya,Kheri,Mohammadi,Buriya,11840,0.8642857142857143,0.8642857142857143,,,,
up2021__303923,1884,mudanijam,Lakhimpur Khiri,Mohammadi,Mudanijam,200618,73658,1884,mundanizam,Kheri,Mohammadi,Mundanizam,37974,0.8837037037037038,0.8837037037037038,,,,
up2021__248908,1884,piperiya kapitan,Lakhimpur Khiri,Mohammadi,Piperiya Kapitan,200619,73666,1884,piparia kaptan,Kheri,Mohammadi,Piparia Kaptan,43962,0.8677884615384616,0.8677884615384616,,,,
up2021__247339,1884,ferenda,Lakhimpur Khiri,Mohammadi,Ferenda,200651,73630,1884,farenda,Kheri,Mohammadi,Farenda,17678,0.8642857142857143,0.8642857142857143,,,,
up2021__262584,1890,semara bajara,Lakhimpur Khiri,Ramiyabehad,Semarā Bājāra,200660,74051,1890,semra bazar,Kheri,Ramia Behar,Semra Bazar,51080,0.8782750582750583,0.8782750582750583,,,,
up2021__246698,1890,sisaia,Lakhimpur Khiri,Ramiyabehad,Sisaia,200665,74053,1890,sesaiya,Kheri,Ramia Behar,Sesaiya,51234,0.8642857142857143,0.8642857142857143,,,,
up2021__245022,1890,kaphara,Lakhimpur Khiri,Ramiyabehad,Kaphara,200667,74035,1890,kafara,Kheri,Ramia Behar,Kafara,25569,0.8793650793650793,0.8793650793650793,,,,
up2021__255407,1890,ramiyabehad,Lakhimpur Khiri,Ramiyabehad,Ramiyabehad,200693,74047,1890,ramia beahar,Kheri,Ramia Behar,Ramia Beahar,46066,0.8914141414141414,0.8914141414141414,,,,
up2021__264737,1890,khairatia,Lakhimpur Khiri,Ramiyabehad,Khairatia,200700,74036,1890,khairteya,Kheri,Ramia Behar,Khairteya,28492,0.8825396825396825,0.8825396825396825,,,,
up2021__265422,1882,iqbalpur,Lakhimpur Khiri,Lakhimpur,Iqbalpur,200707,73424,1882,aqbalpur,Kheri,Lakhimpur,Aqbalpur,2225,0.8690476190476191,0.8690476190476191,,,,
up2021__234961,1882,mudiya kheda,Lakhimpur Khiri,Lakhimpur,Mudiya Kheda,200721,73487,1882,muria khera,Kheri,Lakhimpur,Muria Khera,38193,0.8848484848484849,0.8848484848484849,,,,
up2021__226574,1882,atkanawa,Lakhimpur Khiri,Lakhimpur,Atkanawa,200725,73425,1882,atkonwa,Kheri,Lakhimpur,Atkonwa,2923,0.8694444444444446,0.8694444444444446,,,,
up2021__237983,1882,gadhua,Lakhimpur Khiri,Lakhimpur,Gadhua,200726,73449,1882,gadharuwa,Kheri,Lakhimpur,Gadharuwa,18193,0.9,0.9,,,,
up2021__248662,1882,manyora,Lakhimpur Khiri,Lakhimpur,Manyora,200731,73480,1882,manyaura,Kheri,Lakhimpur,Manyaura,35688,0.8880952380952382,0.8880952380952382,,,,
up2021__238243,1882,koraaiya jungle,Lakhimpur Khiri,Lakhimpur,Koraaiya Jungle,200739,73470,1882,koraiya gangal,Kheri,Lakhimpur,Koraiya Gangal,30594,0.8814285714285713,0.8814285714285713,,,,
up2021__257086,1882,pirpur,Lakhimpur Khiri,Lakhimpur,Pirpur,200742,73495,1882,peerpur,Kheri,Lakhimpur,Peerpur,43539,0.8642857142857143,0.8642857142857143,,,,
up2021__286737,1882,mudadhamu,Lakhimpur Khiri,Lakhimpur,Mudadhamu,200748,73486,1882,mura dhamu,Kheri,Lakhimpur,Mura Dhamu,38097,0.8837037037037038,0.8837037037037038,,,,
up2021__238718,1882,gumchini,Lakhimpur Khiri,Lakhimpur,Gumchini,200752,73451,1882,goom chini,Kheri,Lakhimpur,Goom Chini,20083,0.8725,0.8725,,,,
up2021__301317,1882,nipniyan,Lakhimpur Khiri,Lakhimpur,Nipniyan,200767,73492,1882,nipania,Kheri,Lakhimpur,Nipania,40721,0.8694444444444446,0.8694444444444446,,,,
up2021__255337,1882,mirpur,Lakhimpur Khiri,Lakhimpur,Mirpur,200779,73483,1882,meerpur,Kheri,Lakhimpur,Meerpur,36433,0.8642857142857143,0.8642857142857143,,,,
up2021__227022,1882,lahorinanagar,Lakhimpur Khiri,Lakhimpur,Lahorinanagar,200783,268205,1882,lahauri nagar,Kheri,Lakhimpur,Lahauri Nagar,31970,0.8857808857808858,0.8857808857808858,,,,
up2021__234914,1882,mohammadpur kaimhara,Lakhimpur Khiri,Lakhimpur,Mohammadpur Kaimhara,200802,73476,1882,mahamadpur kaimahara,Kheri,Lakhimpur,Mahamadpur Kaimahara,33645,0.89,0.89,,,,
up2021__361592,1907,jakhaura,Lalitpur,Jakhaura,Jakhaura,200811,75157,1907,jakhora,Lalitpur,Jakhaura,Jakhora,23740,0.8880952380952382,0.8880952380952382,,,,
up2021__253648,1907,vighamahavat,Lalitpur,Jakhaura,Vighamahavat,200814,75142,1907,bigha mahawat,Lalitpur,Jakhaura,Bigha Mahawat,10713,0.8675213675213675,0.8675213675213675,,,,
up2021__221179,1907,nagavas,Lalitpur,Jakhaura,Nagavas,200822,75179,1907,nagwans,Lalitpur,Jakhaura,Nagwans,39034,0.8666666666666668,0.8666666666666668,,,,
up2021__269326,1907,gursaura,Lalitpur,Jakhaura,Gursaura,200831,75154,1907,gursora,Lalitpur,Jakhaura,Gursora,20830,0.8880952380952382,0.8880952380952382,,,,
up2021__394558,1907,baraudaswami,Lalitpur,Jakhaura,Baraudaswami,200838,75138,1907,baroda swami,Lalitpur,Jakhaura,Baroda Swami,6726,0.8755555555555556,0.8755555555555556,,,,
up2021__430706,1907,devari,Lalitpur,Jakhaura,Devari,200842,75148,1907,deori,Lalitpur,Jakhaura,Deori,15201,0.8577777777777779,0.8577777777777779,,,,
up2021__329771,1907,sirsi,Lalitpur,Jakhaura,Sirsi,200844,75197,1907,sirsee,Lalitpur,Jakhaura,Sirsee,53225,0.8933333333333334,0.8933333333333334,,,,
up2021__327766,1907,masaurakhurd,Lalitpur,Jakhaura,Masaurakhurd,200859,75175,1907,masora khurd,Lalitpur,Jakhaura,Masora Khurd,35918,0.8755555555555556,0.8755555555555556,,,,
up2021__471574,1907,bamhaurikalan,Lalitpur,Jakhaura,Bamhaurikalan,200868,75136,1907,bamhori kalan,Lalitpur,Jakhaura,Bamhori Kalan,5268,0.8839160839160839,0.8839160839160839,,,,
up2021__475029,1910,nathhikheda,Lalitpur,Talbehat,Nathhikheda,200903,75335,1910,natthi khera,Lalitpur,Talbehat,Natthi Khera,39929,0.8733164983164984,0.8733164983164984,,,,
up2021__433419,1910,sarsed,Lalitpur,Talbehat,Sarsed,200908,75343,1910,sarsaind,Lalitpur,Talbehat,Sarsaind,50509,0.8916666666666667,0.8916666666666667,,,,
up2021__453716,1910,varikhurd,Lalitpur,Talbehat,Varikhurd,200928,75311,1910,bari khurd,Lalitpur,Talbehat,Bari Khurd,6584,0.8962962962962964,0.8962962962962964,,,,
up2021__383148,1910,vigari,Lalitpur,Talbehat,Vigari,200946,75313,1910,bigari,Lalitpur,Talbehat,Bigari,10709,0.888888888888889,0.888888888888889,,,,
up2021__348805,1905,bhailonilodh,Lalitpur,Baar,Bhailonilodh,200959,75025,1905,bhelonilodh,Lalitpur,Bar,Bhelonilodh,9801,0.877979797979798,0.877979797979798,,,,
up2021__266255,1905,bamhauri khadat,Lalitpur,Baar,Bamhauri Khadat,200963,75016,1905,bamhori kharait,Lalitpur,Bar,Bamhori Kharait,5270,0.87,0.87,,,,
up2021__406834,1905,dagrana,Lalitpur,Baar,Dagrana,200990,75030,1905,dangrana,Lalitpur,Bar,Dangrana,14425,0.8904761904761905,0.8904761904761905,,,,
up2021__355882,1905,bamhauri sahna,Lalitpur,Baar,Bamhauri Sahna,201001,268412,1905,bamhorisahna,Lalitpur,Bar,Bamhorisahna,5273,0.8859307359307359,0.8859307359307359,,,,
up2021__350657,1905,simiria,Lalitpur,Baar,Simiria,201004,268238,1905,simariya,Lalitpur,Bar,Simariya,52836,0.8694444444444446,0.8694444444444446,,,,
up2021__353105,1905,bastguan,Lalitpur,Baar,Bastguan,201009,75021,1905,basatguwan,Lalitpur,Bar,Basatguwan,7122,0.895,0.895,,,,
up2021__277492,1908,bamhaurikalan,Lalitpur,Madaora,Bamhaurikalan,201023,75205,1908,bamhori kalan,Lalitpur,Mandawara,Bamhori Kalan,5269,0.8839160839160839,0.8839160839160839,,,,
up2021__317901,1908,kakruua,Lalitpur,Madaora,Kakruua,201026,75230,1908,kakaruwa,Lalitpur,Mandawara,Kakaruwa,25852,0.8694444444444446,0.8694444444444446,,,,
up2021__234115,1908,ramgadda,Lalitpur,Madaora,Ramgadda,201055,75244,1908,ramgarha,Lalitpur,Mandawara,Ramgarha,46046,0.9,0.9,,,,
up2021__340804,1908,bardagana,Lalitpur,Madaora,Bardagana,201062,269650,1908,badgana,Lalitpur,Mandawara,Badgana,3643,0.8645502645502645,0.8645502645502645,,,,
up2021__265473,1908,vanguwan,Lalitpur,Madaora,Vanguwan,201068,269708,1908,banguan,Lalitpur,Mandawara,Banguan,5529,0.8690476190476191,0.8690476190476191,,,,
up2021__294703,1908,den pura,Lalitpur,Madaora,Den pura,201073,269751,1908,dainpura,Lalitpur,Mandawara,Dainpura,14221,0.8500000000000001,0.8500000000000001,,,,
up2021__259850,1909,agaodi,Lalitpur,Mahrauni,Agaodi,201077,75251,1909,agori,Lalitpur,Mehroni,Agori,424,0.8577777777777779,0.8577777777777779,,,,
up2021__407653,1909,gudha,Lalitpur,Mahrauni,Gudha,201081,75270,1909,gurha,Lalitpur,Mehroni,Gurha,20801,0.8933333333333333,0.8933333333333333,,,,
up2021__417274,1909,sadkaora,Lalitpur,Mahrauni,Sadkaora,201118,75299,1909,sarkaura,Lalitpur,Mehroni,Sarkaura,50442,0.8666666666666667,0.8666666666666667,,,,
up2021__424519,1909,karauda,Lalitpur,Mahrauni,Karauda,201136,269989,1909,karonda,Lalitpur,Mehroni,Karonda,27318,0.8666666666666668,0.8666666666666668,,,,
up2021__341959,1906,tanga,Lalitpur,Virddha,Tanga,201164,75126,1906,tenga,Lalitpur,Birdha,Tenga,55439,0.88,0.88,,,,
up2021__248469,1906,virari,Lalitpur,Virddha,virari,201165,75082,1906,birari,Lalitpur,Birdha,Birari,11134,0.888888888888889,0.888888888888889,,,,
up2021__265868,1906,chadhru,Lalitpur,Virddha,Chadhru,201167,75084,1906,charhrau,Lalitpur,Birdha,Charhrau,12850,0.8694444444444446,0.8694444444444446,,,,
up2021__262503,1906,dogarakalan,Lalitpur,Virddha,Dogarakalan,201172,75088,1906,dongra kalan,Lalitpur,Birdha,Dongra Kalan,16955,0.8513131313131314,0.8513131313131314,,,,
up2021__326218,1906,mainwar,Lalitpur,Virddha,Mainwar,201181,75110,1906,menwar,Lalitpur,Birdha,Menwar,36571,0.8642857142857143,0.8642857142857143,,,,
up2021__958947,1906,klothra,Lalitpur,Virddha,Klothra,201183,75099,1906,kalothara,Lalitpur,Birdha,Kalothara,26087,0.8904761904761904,0.8904761904761904,,,,
up2021__231941,1906,kachnaudakalan,Lalitpur,Virddha,Kachnaudakalan,201198,75097,1906,kachnoda kalan,Lalitpur,Birdha,Kachnoda Kalan,25477,0.8928571428571429,0.8928571428571429,,,,
up2021__326751,1906,baraudia rain,Lalitpur,Virddha,Baraudia Rain,201216,75078,1906,baraud,Lalitpur,Birdha,Baraud,6159,0.8923076923076924,0.8923076923076924,,,,
up2021__224500,2198,kaurona,Varanasi,Araji Lines,Kaurona,201257,93020,2198,kurauna,Varanasi,Arajiline,Kurauna,31427,0.8642857142857143,0.8642857142857143,,,,
up2021__405272,2198,pilori,Varanasi,Araji Lines,Pilori,201278,93039,2198,pilauri,Varanasi,Arajiline,Pilauri,43789,0.8944444444444445,0.8944444444444445,,,,
up2021__407362,2198,gour,Varanasi,Araji Lines,Gour,201279,92992,2198,gaur,Varanasi,Arajiline,Gaur,19087,0.8500000000000001,0.8500000000000001,,,,
up2021__379545,2198,milkiwachchak,Varanasi,Araji Lines,Milkiwachchak,201286,93029,2198,milki chak,Varanasi,Arajiline,Milki Chak,36686,0.8962393162393162,0.8962393162393162,,,,
up2021__366150,2198,sihorwao d0,Varanasi,Araji Lines,Sihorwao (D0),201316,93053,2198,sihorwa dakshidi,Varanasi,Arajiline,Sihorwa(Dakshidi),52522,0.8761363636363636,0.8761363636363636,,,,
up2021__390870,2198,mehdiganj,Varanasi,Araji Lines,Mehdiganj,201321,93028,2198,mehandi ganj,Varanasi,Arajiline,Mehandi Ganj,36482,0.8898148148148148,0.8898148148148148,,,,
up2021__289898,2198,kaparforwa,Varanasi,Araji Lines,Kaparforwa,201329,93009,2198,kaparphorvan,Varanasi,Arajiline,Kaparphorvan,26764,0.8933333333333334,0.8933333333333334,,,,
up2021__361297,2198,khewoli,Varanasi,Araji Lines,Khewoli,201330,93014,2198,khevali,Varanasi,Arajiline,Khevali,29592,0.8666666666666668,0.8666666666666668,,,,
up2021__268233,2203,kakrahi,Varanasi,Kashividyapeeth,Kakrahi,201354,93417,2203,kakarahiya,Varanasi,Kashi Vidyapeeth,Kakarahiya,25831,0.8966666666666666,0.8966666666666666,,,,
up2021__230941,2203,bachchaanw,Varanasi,Kashividyapeeth,Bachchaanw,201381,93388,2203,bacchhav,Varanasi,Kashi Vidyapeeth,Bacchhav,3441,0.8674999999999999,0.8674999999999999,,,,
up2021__232912,2203,karsada,Varanasi,Kashividyapeeth,Karsada,201383,93420,2203,karasara,Varanasi,Kashi Vidyapeeth,Karasara,26979,0.8694444444444446,0.8694444444444446,,,,
up2021__244909,2203,kuruhua,Varanasi,Kashividyapeeth,KuruHua,201389,93427,2203,kurahuaa,Varanasi,Kashi Vidyapeeth,Kurahuaa,31386,0.8694444444444446,0.8694444444444446,,,,
up2021__221059,2203,mudaddev,Varanasi,Kashividyapeeth,Mudaddev,201390,93431,2203,muradev,Varanasi,Kashi Vidyapeeth,Muradev,38094,0.8507936507936509,0.8507936507936509,,,,
up2021__350206,2200,tofapur,Varanasi,Chiraigaon,Tofapur,201422,93216,2200,tophapur,Varanasi,Chiraigaon,Tophapur,56253,0.8507936507936509,0.8507936507936509,,,,
up2021__233342,2200,pachraon,Varanasi,Chiraigaon,Pachraon,201443,93185,2200,pacharaw,Varanasi,Chiraigaon,Pacharaw,41170,0.8666666666666667,0.8666666666666667,,,,
up2021__259271,2200,saraiya vishunpura,Varanasi,Chiraigaon,Saraiya Vishunpura,201445,93202,2200,saraiya,Varanasi,Chiraigaon,Saraiya,50062,0.8777777777777778,0.8777777777777778,,,,
up2021__300696,2200,chaahi,Varanasi,Chiraigaon,Chaahi,201446,243374,2200,chhahi,Varanasi,Chiraigaon,Chhahi,13223,0.8577777777777779,0.8577777777777779,,,,
up2021__244088,2200,umraha,Varanasi,Chiraigaon,Umraha,201453,93217,2200,umaraha,Varanasi,Chiraigaon,Umaraha,56760,0.873015873015873,0.873015873015873,,,,
up2021__233292,2200,barthra kalan,Varanasi,Chiraigaon,Barthra Kalan,201464,93145,2200,bartharakala,Varanasi,Chiraigaon,Bartharakala,6848,0.8980186480186481,0.8980186480186481,,,,
up2021__246168,2200,bhaisodi,Varanasi,Chiraigaon,Bhaisodi,201481,265884,2200,bhasaudi,Varanasi,Chiraigaon,Bhasaudi,9322,0.8833333333333334,0.8833333333333334,,,,
up2021__426963,2201,sangulpur,Varanasi,Cholapur,Sangulpur,201494,93289,2201,sugulpur,Varanasi,Cholapur,Sugulpur,53992,0.8529761904761904,0.8529761904761904,,,,
up2021__380285,2201,latoni,Varanasi,Cholapur,Latoni,201506,93261,2201,latauni,Varanasi,Cholapur,Latauni,32512,0.8944444444444445,0.8944444444444445,,,,
up2021__353993,2201,ajgara,Varanasi,Cholapur,Ajgara,201512,93221,2201,ajagara,Varanasi,Cholapur,Ajagara,788,0.873015873015873,0.873015873015873,,,,
up2021__363895,2201,taala,Varanasi,Cholapur,Taala,201513,93292,2201,tala,Varanasi,Cholapur,Tala,54852,0.88,0.88,,,,
up2021__386666,2201,babianv,Varanasi,Cholapur,Babianv,201515,93223,2201,babiyaw,Varanasi,Cholapur,Babiyaw,3380,0.8857142857142858,0.8857142857142858,,,,
up2021__431551,2201,lakshmisenpur,Varanasi,Cholapur,Lakshmisenpur,201518,93262,2201,laxmisenpur,Varanasi,Cholapur,Laxmisenpur,32666,0.8875524475524476,0.8875524475524476,,,,
up2021__262690,2201,hathier kala,Varanasi,Cholapur,Hathier Kala,201519,93248,2201,hathiyar kala,Varanasi,Cholapur,Hathiyar Kala,22026,0.8980186480186481,0.8980186480186481,,,,
up2021__243368,2201,rasra,Varanasi,Cholapur,Rasra,201531,93281,2201,rasada,Varanasi,Cholapur,Rasada,46971,0.8755555555555556,0.8755555555555556,,,,
up2021__354279,2201,dawoodpur,Varanasi,Cholapur,Dawoodpur,201567,265889,2201,daudpur,Varanasi,Cholapur,Daudpur,14776,0.873015873015873,0.873015873015873,,,,
up2021__234308,2204,dharsona,Varanasi,Pindra,Dharsona,201583,93487,2204,dharasauna,Varanasi,Pindra,Dharasauna,16078,0.8864285714285713,0.8864285714285713,,,,
up2021__322935,2204,gadkhara,Varanasi,Pindra,Gadkhara,201596,93491,2204,gadakhada,Varanasi,Pindra,Gadakhada,18122,0.8856481481481482,0.8856481481481482,,,,
up2021__212782,2204,binda,Varanasi,Pindra,Binda,201629,93556,2204,vinda,Varanasi,Pindra,Vinda,57423,0.8666666666666667,0.8666666666666667,,,,
up2021__363024,2204,karikhrawan,Varanasi,Pindra,Karikhrawan,201631,93505,2204,karkhiyaw,Varanasi,Pindra,Karkhiyaw,27204,0.8812710437710437,0.8812710437710437,,,,
up2021__383597,2204,badhona,Varanasi,Pindra,Badhona,201653,93470,2204,badhauna,Varanasi,Pindra,Badhauna,3685,0.8880952380952382,0.8880952380952382,,,,
up2021__375604,2204,chhata v,Varanasi,Pindra,ChhatA.v,201666,93481,2204,chhataon,Varanasi,Pindra,Chhataon,13331,0.9,0.9,,,,
up2021__350520,2199,bhiti chaturpur,Varanasi,Badagaon,Bhiti/Chaturpur,201681,93075,2199,bhiti,Varanasi,Baragaon,Bhiti,10120,0.8666666666666666,0.8666666666666666,,,,
up2021__284370,2199,khrawan,Varanasi,Badagaon,Khrawan,201685,93102,2199,kharawan,Varanasi,Baragaon,Kharawan,29109,0.8904761904761905,0.8904761904761905,,,,
up2021__233270,2199,sonpurwa laxmirampur,Varanasi,Badagaon,Sonpurwa Laxmirampur,201693,93131,2199,sonpurwa,Varanasi,Baragaon,Sonpurwa,53814,0.88,0.88,,,,
up2021__331936,2199,dhora nakati,Varanasi,Badagaon,Dhora/Nakati,201711,93085,2199,dhora,Varanasi,Baragaon,Dhora,16487,0.8833333333333334,0.8833333333333334,,,,
up2021__219022,2199,bharthara khataura,Varanasi,Badagaon,Bharthara/Khataura,201717,93074,2199,bharathara,Varanasi,Baragaon,Bharathara,9106,0.8711111111111112,0.8711111111111112,,,,
up2021__370331,2199,rasoolhaan,Varanasi,Badagaon,Rasoolhaan,201719,93122,2199,rasulha,Varanasi,Baragaon,Rasulha,47142,0.8733333333333334,0.8733333333333334,,,,
up2021__329400,2199,tadsara,Varanasi,Badagaon,Tadsara,201722,93133,2199,tarasada,Varanasi,Baragaon,Tarasada,55078,0.8507936507936509,0.8507936507936509,,,,
up2021__226779,2199,tadi nindewa,Varanasi,Badagaon,Tadi Nindewa,201725,93132,2199,tadi,Varanasi,Baragaon,Tadi,54672,0.8666666666666666,0.8666666666666666,,,,
up2021__223166,2199,dallipur fattepur,Varanasi,Badagaon,Dallipur Fattepur,201726,93081,2199,dallipur,Varanasi,Baragaon,Dallipur,14295,0.8941176470588236,0.8941176470588236,,,,
up2021__210885,2199,sarvipur ajorpur noniyapur,Varanasi,Badagaon,Sarvipur Ajorpur Noniyapur,201727,93127,2199,sarvipur,Varanasi,Baragaon,Sarvipur,50575,0.8615384615384615,0.8615384615384615,,,,
up2021__257541,2199,maksudnpati tadi dee,Varanasi,Badagaon,Maksudnpati Tadi Dee,201728,93113,2199,maksudan patti,Varanasi,Baragaon,Maksudan Patti,34777,0.8971428571428571,0.8971428571428571,,,,
up2021__322253,2199,karampur pacharasi,Varanasi,Badagaon,Karampur/Pacharasi,201739,93097,2199,karampur,Varanasi,Baragaon,Karampur,26905,0.888888888888889,0.888888888888889,,,,
up2021__333594,2199,phulwaria kumbhapur,Varanasi,Badagaon,Phulwaria Kumbhapur,201753,93118,2199,phulwariya,Varanasi,Baragaon,Phulwariya,43720,0.8747368421052631,0.8747368421052631,,,,
up2021__417333,2205,ameeni,Varanasi,Sewapuri,Ameeni,201765,93558,2205,amini,Varanasi,Sevapuri,Amini,1807,0.8577777777777779,0.8577777777777779,,,,
up2021__421579,2205,lohradiha,Varanasi,Sewapuri,Lohradiha,201774,93603,2205,loharadeeh,Varanasi,Sevapuri,Loharadeeh,32840,0.8690740740740741,0.8690740740740741,,,,
up2021__197995,2205,beshupur,Varanasi,Sewapuri,Beshupur,201778,93567,2205,besahoopur,Varanasi,Sevapuri,Besahoopur,8202,0.8674999999999999,0.8674999999999999,,,,
up2021__372114,2205,banoli,Varanasi,Sewapuri,Banoli,201780,93561,2205,banauli,Varanasi,Sevapuri,Banauli,5364,0.8944444444444445,0.8944444444444445,,,,
up2021__412603,2205,upwar,Varanasi,Sewapuri,Upwar,201829,93634,2205,uparwar,Varanasi,Sevapuri,Uparwar,57021,0.8704761904761905,0.8704761904761905,,,,
up2021__429562,2205,ledwai,Varanasi,Sewapuri,Ledwai,201835,93602,2205,leduaai,Varanasi,Sevapuri,Leduaai,32682,0.8944444444444445,0.8944444444444445,,,,
up2021__368506,2205,bhagotipur,Varanasi,Sewapuri,Bhagotipur,201841,265923,2205,bhagautipur,Varanasi,Sevapuri,Bhagautipur,8510,0.8991919191919192,0.8991919191919192,,,,
up2021__328569,2202,tevar,Varanasi,Harhua,Tevar,201869,93375,2202,tewar,Varanasi,Harahua,Tewar,55539,0.8933333333333333,0.8933333333333333,,,,
up2021__255429,2202,saraykaji,Varanasi,Harhua,Saraykaji,201870,93366,2202,sarai kazi,Varanasi,Harahua,Sarai Kazi,49897,0.8669841269841271,0.8669841269841271,,,,
up2021__324059,2202,gadwa,Varanasi,Harhua,Gadwa,201871,93328,2202,gadava,Varanasi,Harahua,Gadava,18161,0.8755555555555556,0.8755555555555556,,,,
up2021__281761,2202,satuswalpur,Varanasi,Harhua,Satuswalpur,201882,93374,2202,sutabalpur,Varanasi,Harahua,Sutabalpur,54607,0.8821212121212121,0.8821212121212121,,,,
up2021__301916,2202,puarikala,Varanasi,Harhua,Puarikala,201887,93359,2202,puarikhurd,Varanasi,Harahua,Puarikhurd,44587,0.8533333333333333,0.8533333333333333,,,,
up2021__229539,2202,nakdadepur,Varanasi,Harhua,Nakdadepur,201898,244598,2202,nakchhedpur,Varanasi,Harahua,Nakchhedpur,39194,0.8605303030303031,0.8605303030303031,,,,
up2021__589679,2020,malendi,Shamli,Un,Malendi,201928,81691,2020,malaindi,Shamli,Un,Malaindi,34796,0.8694444444444446,0.8694444444444446,,,,
up2021__571033,2020,bidowli,Shamli,Un,Bidowli,201947,81664,2020,bidauli,Shamli,Un,Bidauli,10679,0.8666666666666668,0.8666666666666668,,,,
up2021__640006,2020,mundet khader,Shamli,Un,Mundet Khader,201962,81694,2020,mundet,Shamli,Un,Mundet,38010,0.8923076923076924,0.8923076923076924,,,,
up2021__644055,2020,akapur urf phusgarh,Shamli,Un,Akapur Urf Phusgarh,201963,81655,2020,akarpur urf fusgarh,Shamli,Un,Akarpur Urf Fusgarh,911,0.882249742002064,0.882249742002064,,,,
up2021__555572,2020,basi chudiyari,Shamli,Un,Basi Chudiyari,201971,81666,2020,basi,Shamli,Un,Basi,7242,0.8571428571428571,0.8571428571428571,,,,
up2021__614470,2020,khodsama,Shamli,Un,Khodsama,201975,81687,2020,khorasama,Shamli,Un,Khorasama,29784,0.8523148148148149,0.8523148148148149,,,,
up2021__682468,2020,beena majra,Shamli,Un,Beena Majra,201979,268859,2020,bina mazra,Shamli,Un,Bina Mazra,11037,0.8581818181818182,0.8581818181818182,,,,
up2021__604637,2020,gurjarpur,Shamli,Un,Gurjarpur,201982,268806,2020,gujarpur,Shamli,Un,Gujarpur,20555,0.8703703703703703,0.8703703703703703,,,,
up2021__536624,2012,brahmkheda,Shamli,Kandla,Brahmkheda,201989,81298,2012,braham khera,Shamli,Kandhla,Braham Khera,11599,0.8855555555555555,0.8855555555555555,,,,
up2021__591024,2012,asadpur zidana,Shamli,Kandla,Asadpur Zidana,201999,239582,2012,asadpur,Shamli,Kandhla,Asadpur,2483,0.9,0.9,,,,
up2021__506561,2012,kandhla dehat,Shamli,Kandla,Kandhla Dehat,202002,239590,2012,kandhla rural,Shamli,Kandhla,Kandhla Rural,26544,0.8769230769230769,0.8769230769230769,,,,
up2021__513965,2012,lauhrippur,Shamli,Kandla,Lauhrippur,202003,81314,2012,loharipur,Shamli,Kandhla,Loharipur,32859,0.8691666666666668,0.8691666666666668,,,,
up2021__607528,2012,dagarod,Shamli,Kandla,Dagarod,202006,271763,2012,daangrol,Shamli,Kandhla,Daangrol,13963,0.8507936507936509,0.8507936507936509,,,,
up2021__639309,2012,nala,Shamli,Kandla,Nala,202014,271761,2012,naala,Shamli,Kandhla,Naala,38428,0.88,0.88,,,,
up2021__469641,2011,mamor,Shamli,Kairana,Mamor,202022,81279,2011,mamaur,Shamli,Kairana,Mamaur,35068,0.8755555555555556,0.8755555555555556,,,,
up2021__575096,2011,mavi,Shamli,Kairana,Mavi,202026,81282,2011,mawi,Shamli,Kairana,Mawi,36322,0.8666666666666667,0.8666666666666667,,,,
up2021__479733,2011,ramada,Shamli,Kairana,Ramada,202027,81288,2011,ramra,Shamli,Kairana,Ramra,46684,0.8755555555555556,0.8755555555555556,,,,
up2021__595224,2011,bhoora,Shamli,Kairana,Bhoora,202037,81260,2011,bhura,Shamli,Kairana,Bhura,10482,0.8577777777777779,0.8577777777777779,,,,
up2021__499702,2011,gandarau,Shamli,Kairana,Gandarau,202038,81265,2011,gandrav,Shamli,Kairana,Gandrav,18554,0.8880952380952382,0.8880952380952382,,,,
up2021__468324,2011,nangala rai,Shamli,Kairana,Nangala Rai,202041,81285,2011,naglarai,Shamli,Kairana,Naglarai,38902,0.8606060606060606,0.8606060606060606,,,,
up2021__590249,2011,kasarwa kalan,Shamli,Kairana,Kasarwa Kalan,202049,81276,2011,kaserwakalan,Shamli,Kairana,Kaserwakalan,27490,0.881021756021756,0.881021756021756,,,,
up2021__500874,2011,badhaiv kannukheda,Shamli,Kairana,Badhaiv Kannukheda,202050,81275,2011,badhev kannu khera,Shamli,Kairana,Badhev Kannu Khera,3707,0.8666666666666667,0.8666666666666667,,,,
up2021__603934,2011,kairana dehat,Shamli,Kairana,Kairana Dehat,202059,81273,2011,kairana rural,Shamli,Kairana,Kairana Rural,25704,0.8769230769230769,0.8769230769230769,,,,
up2021__576060,2011,jhadkhedi,Shamli,Kairana,Jhadkhedi,202060,81272,2011,jharkheri,Shamli,Kairana,Jharkheri,24877,0.8962962962962963,0.8962962962962963,,,,
up2021__612332,2019,titaarasi pawaarkheda,Shamli,Thana Bhawan,Titaarasi Pawaarkheda,202073,81651,2019,titarsi,Shamli,Thana Bhawan,Titarsi,56134,0.8666666666666666,0.8666666666666666,,,,
up2021__496486,2019,kutubgarh,Shamli,Thana Bhawan,Kutubgarh,202077,81636,2019,kutab garh,Shamli,Thana Bhawan,Kutab Garh,31708,0.8982407407407408,0.8982407407407408,,,,
up2021__473295,2019,abdullapur alias mor majra,Shamli,Thana Bhawan,Abdullapur alias Mor Majra,202080,81608,2019,abdullapur urf morj majra,Shamli,Thana Bhawan,Abdullapur Urf Morj Majra,115,0.8914432234432235,0.8914432234432235,,,,
up2021__482702,2019,raipur ladomajari,Shamli,Thana Bhawan,Raipur Ladomajari,202104,81647,2019,raipur,Shamli,Thana Bhawan,Raipur,45395,0.8705882352941177,0.8705882352941177,,,,
up2021__502186,2019,jalalabad dehat,Shamli,Thana Bhawan,Jalalabad Dehat,202106,268848,2019,jalalabad rural,Shamli,Thana Bhawan,Jalalabad Rural,23754,0.8933333333333334,0.8933333333333334,,,,
up2021__483732,2019,jhoni pur,Shamli,Thana Bhawan,Jhoni pur,202108,268839,2019,janipur,Shamli,Thana Bhawan,Janipur,24361,0.8571428571428572,0.8571428571428572,,,,
up2021__661306,2018,kanjrahedi,Shamli,Shamli,Kanjrahedi,202131,81593,2018,kanjer heri,Shamli,Shamli,Kanjer Heri,26654,0.8804545454545455,0.8804545454545455,,,,
up2021__783876,2105,wazpur kumarkha,Shahjahnapur,Katra - Khudaganj,Wazpur Kumarkha,202153,87199,2105,bajpur kumarikha,Shahjahanpur,Khudaganj Katra,Bajpur Kumarikha,4787,0.8930555555555556,0.8930555555555556,,,,
up2021__931018,2105,nawada ta0 hardeenee,Shahjahnapur,Katra - Khudaganj,Nawada TA0 Hardeenee,202159,87233,2105,navada t hardeni,Shahjahanpur,Khudaganj Katra,Navada T. Hardeni,40122,0.8676190476190476,0.8676190476190476,,,,
up2021__794468,2105,fu lva,Shahjahnapur,Katra - Khudaganj,Fu Lva,202172,87207,2105,fulwa,Shahjahanpur,Khudaganj Katra,Fulwa,18080,0.8577777777777779,0.8577777777777779,,,,
up2021__775299,2105,harsa,Shahjahnapur,Katra - Khudaganj,Harsa,202175,87211,2105,hatsa,Shahjahanpur,Khudaganj Katra,Hatsa,22063,0.8933333333333333,0.8933333333333333,,,,
up2021__722564,2105,dippur,Shahjahnapur,Katra - Khudaganj,Dippur,202194,87204,2105,deeppur,Shahjahanpur,Khudaganj Katra,Deeppur,15015,0.8642857142857143,0.8642857142857143,,,,
up2021__920211,2105,kuadanda khajan,Shahjahnapur,Katra - Khudaganj,Kuadanda Khajan,202198,87225,2105,kuan danda khanjan,Shahjahanpur,Khudaganj Katra,Kuan Danda Khanjan,30936,0.8677777777777779,0.8677777777777779,,,,
up2021__755660,2103,warakala,Shahjahnapur,Kalan,Warakala,202219,242957,2103,bara kala,Shahjahanpur,Kalan,Bara Kala,6058,0.8842592592592592,0.8842592592592592,,,,
up2021__817509,2103,warakhurd,Shahjahnapur,Kalan,Warakhurd,202220,87118,2103,bara khurd,Shahjahanpur,Kalan,Bara Khurd,6069,0.8962962962962964,0.8962962962962964,,,,
up2021__765653,2103,vichoula ta0bara,Shahjahnapur,Kalan,Vichoula Ta0bara,202221,87121,2103,bichola ta bara,Shahjahanpur,Kalan,Bichola Ta. Bara,10657,0.8930555555555556,0.8930555555555556,,,,
up2021__777509,2103,gudaura dawoodpur,Shahjahnapur,Kalan,Gudaura Dawoodpur,202223,87133,2103,gundoura daudpur,Shahjahanpur,Kalan,Gundoura Daudpur,20705,0.8815126050420168,0.8815126050420168,,,,
up2021__773028,2103,srinagar,Shahjahnapur,Kalan,Srinagar,202231,87155,2103,shrinager,Shahjahanpur,Kalan,Shrinager,52325,0.8958333333333333,0.8958333333333333,,,,
up2021__707429,2103,paror,Shahjahnapur,Kalan,Paror,202235,87147,2103,paraur,Shahjahanpur,Kalan,Paraur,42572,0.8755555555555556,0.8755555555555556,,,,
up2021__694160,2103,bamhni chauuki,Shahjahnapur,Kalan,Bamhni Chauuki,202236,87123,2103,bumhani chouki,Shahjahanpur,Kalan,Bumhani Chouki,11789,0.8892857142857142,0.8892857142857142,,,,
up2021__823402,2103,chaukia,Shahjahnapur,Kalan,Chaukia,202239,87126,2103,choukiya,Shahjahanpur,Kalan,Choukiya,13878,0.8952380952380953,0.8952380952380953,,,,
up2021__832619,2103,naya gaon bagghra,Shahjahnapur,Kalan,Naya Gaon Bagghra,202241,242961,2103,nayagaun baggara,Shahjahanpur,Kalan,Nayagaun Baggara,40270,0.8968487394957984,0.8968487394957984,,,,
up2021__807709,2103,naya gaon sahwegpur,Shahjahnapur,Kalan,Naya Gaon Sahwegpur,202245,242956,2103,nayagaun sehbegpur,Shahjahanpur,Kalan,Nayagaun Sehbegpur,40271,0.8845614035087719,0.8845614035087719,,,,
up2021__764385,2103,hetampur,Shahjahnapur,Kalan,Hetampur,202249,87135,2103,hatampur,Shahjahanpur,Kalan,Hatampur,21960,0.8821428571428571,0.8821428571428571,,,,
up2021__811794,2103,girha chhabi,Shahjahnapur,Kalan,Girha Chhabi,202258,87130,2103,gariya chhavi,Shahjahanpur,Kalan,Gariya Chhavi,18998,0.8507692307692308,0.8507692307692308,,,,
up2021__800427,2103,malau,Shahjahnapur,Kalan,Malau,202262,87143,2103,maloun,Shahjahanpur,Kalan,Maloun,35026,0.8755555555555556,0.8755555555555556,,,,
up2021__923372,2104,munnbarganj barenda,Shahjahnapur,Kant,Munnbarganj Barenda,202283,242526,2104,munawarganj barenda,Shahjahanpur,Kanth,Munawarganj Barenda,37949,0.882249742002064,0.882249742002064,,,,
up2021__850190,2104,babkarpur,Shahjahnapur,Kant,Babkarpur,202297,268672,2104,bawakkarpur,Shahjahanpur,Kanth,Bawakkarpur,7503,0.8643097643097643,0.8643097643097643,,,,
up2021__840807,2104,sisori,Shahjahnapur,Kant,Sisori,202313,242384,2104,sisauri,Shahjahanpur,Kanth,Sisauri,53323,0.8944444444444445,0.8944444444444445,,,,
up2021__851866,2104,babouri in morena,Shahjahnapur,Kant,Babouri in Morena,202326,268913,2104,babauri eo marena,Shahjahanpur,Kanth,Babauri Eo Marena,3283,0.8509803921568627,0.8509803921568627,,,,
up2021__746224,2106,narautha deviidas,Shahjahnapur,Khutar,Narautha Deviidas,202344,87274,2106,narutha devidas,Shahjahanpur,Khutar,Narutha Devidas,39763,0.8947712418300654,0.8947712418300654,,,,
up2021__745170,2106,gurchyma,Shahjahnapur,Khutar,Gurchyma,202346,87257,2106,gurghiya,Shahjahanpur,Khutar,Gurghiya,20785,0.8833333333333334,0.8833333333333334,,,,
up2021__762208,2106,navdiya nawabpur,Shahjahnapur,Khutar,Navdiya Nawabpur,202357,87276,2106,navadia nawazpur,Shahjahanpur,Khutar,Navadia Nawazpur,40126,0.8750000000000001,0.8750000000000001,,,,
up2021__743936,2106,kaimharia matluqpur,Shahjahnapur,Khutar,Kaimharia Matluqpur,202363,242752,2106,kaimriya matlookpur,Shahjahanpur,Khutar,Kaimriya Matlookpur,25689,0.8624561403508771,0.8624561403508771,,,,
up2021__843215,2106,maholiya viran,Shahjahnapur,Khutar,Maholiya Viran,202368,242751,2106,mohliya viran,Shahjahanpur,Khutar,Mohliya Viran,37410,0.8631868131868132,0.8631868131868132,,,,
up2021__848333,2106,dilippur,Shahjahnapur,Khutar,Dilippur,202374,270070,2106,dalippur,Shahjahanpur,Khutar,Dalippur,14287,0.8821428571428571,0.8821428571428571,,,,
up2021__746074,2106,navdia mankath,Shahjahnapur,Khutar,Navdia Mankath,202386,270060,2106,navadiya mankanth,Shahjahanpur,Khutar,Navadiya Mankanth,40128,0.8921568627450981,0.8921568627450981,,,,
up2021__869178,2102,mighol,Shahjahnapur,Jalalabad,Mighol,202408,87102,2102,mighaaul,Shahjahanpur,Jalalabad,Mighaaul,36637,0.8916666666666667,0.8916666666666667,,,,
up2021__805347,2102,sikandarpur afganan,Shahjahnapur,Jalalabad,Sikandarpur Afganan,202418,87112,2102,sikenderpur afganan,Shahjahanpur,Jalalabad,Sikenderpur Afganan,52683,0.882249742002064,0.882249742002064,,,,
up2021__802217,2102,sultanganj diyapur,Shahjahnapur,Jalalabad,Sultanganj Diyapur,202432,87113,2102,sultanpur diviyapur,Shahjahanpur,Jalalabad,Sultanpur Diviyapur,54249,0.8743525480367585,0.8743525480367585,,,,
up2021__693091,2102,kakhoondi,Shahjahnapur,Jalalabad,Kakhoondi,202434,87095,2102,khakhoodi,Shahjahanpur,Jalalabad,Khakhoodi,28640,0.8958333333333333,0.8958333333333333,,,,
up2021__721832,2102,nawada diyuranea,Shahjahnapur,Jalalabad,Nawada Diyuranea,202443,242400,2102,navada diuraniya,Shahjahanpur,Jalalabad,Navada Diuraniya,40114,0.8952380952380953,0.8952380952380953,,,,
up2021__705127,2102,malupur,Shahjahnapur,Jalalabad,Mālūpur,202450,242405,2102,maloopur,Shahjahanpur,Jalalabad,Maloopur,35023,0.8694444444444446,0.8694444444444446,,,,
up2021__697498,2102,imilia bujurg,Shahjahnapur,Jalalabad,IMILIA BUJURG,202457,87086,2102,imaliya buzurg,Shahjahanpur,Jalalabad,Imaliya Buzurg,22656,0.8775890775890776,0.8775890775890776,,,,
up2021__906176,2101,hirpur,Shahjahnapur,Jautipur,Hirpur,202473,242378,2101,heerpur,Shahjahanpur,Jaitipur,Heerpur,22146,0.8642857142857143,0.8642857142857143,,,,
up2021__904840,2101,vehatmuradpur,Shahjahnapur,Jautipur,Vehatmuradpur,202477,87021,2101,behata muradpur,Shahjahanpur,Jaitipur,Behata Muradpur,7676,0.8521367521367522,0.8521367521367522,,,,
up2021__900142,2101,laikheeda,Shahjahnapur,Jautipur,Laikheeda,202482,269572,2101,lai khera,Shahjahanpur,Jaitipur,Lai Khera,32025,0.8962962962962963,0.8962962962962963,,,,
up2021__789892,2101,khedarth,Shahjahnapur,Jautipur,Khedarth,202484,87039,2101,khera rath,Shahjahanpur,Jaitipur,Khera Rath,29484,0.8674999999999999,0.8674999999999999,,,,
up2021__773775,2101,agroli,Shahjahnapur,Jautipur,Agroli,202488,87012,2101,agrauli,Shahjahanpur,Jaitipur,Agrauli,434,0.8944444444444445,0.8944444444444445,,,,
up2021__841813,2101,mudiyakheda aazambad,Shahjahnapur,Jautipur,Mudiyakheda Aazambad,202498,87049,2101,muria kheda ajamabad,Shahjahanpur,Jaitipur,Muria Kheda Ajamabad,38192,0.8729411764705882,0.8729411764705882,,,,
up2021__703174,2101,roodarpur,Shahjahnapur,Jautipur,Roodarpur,202500,87056,2101,rudrapur,Shahjahanpur,Jaitipur,Rudrapur,48005,0.8529761904761904,0.8529761904761904,,,,
up2021__784545,2101,joura patti tatrabaad,Shahjahnapur,Jautipur,Joura Patti Tatrabaad,202515,87036,2101,jaura patti tatrabad,Shahjahanpur,Jaitipur,Jaura Patti Tatrabad,24690,0.8657142857142857,0.8657142857142857,,,,
up2021__873139,2101,rapidya,Shahjahnapur,Jautipur,Rapidya,202522,87054,2101,rapadia,Shahjahanpur,Jaitipur,Rapadia,46948,0.8944444444444445,0.8944444444444445,,,,
up2021__863685,2112,filnagar,Shahjahnapur,Tilhar,Filnagar,202537,87541,2112,feel nagar,Shahjahanpur,Tilhar,Feel Nagar,17976,0.8725,0.8725,,,,
up2021__887957,2112,roodrapur,Shahjahnapur,Tilhar,Roodrapur,202549,87564,2112,rudarpur,Shahjahanpur,Tilhar,Rudarpur,47961,0.8529761904761904,0.8529761904761904,,,,
up2021__849254,2112,purau,Shahjahnapur,Tilhar,Purau,202550,87561,2112,purayoon,Shahjahanpur,Tilhar,Purayoon,44801,0.86,0.86,,,,
up2021__897060,2112,viharinpur,Shahjahnapur,Tilhar,Viharinpur,202575,87530,2112,biharipur,Shahjahanpur,Tilhar,Biharipur,10745,0.8962962962962964,0.8962962962962964,,,,
up2021__903038,2112,varkheda haveli,Shahjahnapur,Tilhar,Varkheda Haveli,202577,87525,2112,bar kheda haveli,Shahjahanpur,Tilhar,Bar Kheda Haveli,6654,0.8646825396825397,0.8646825396825397,,,,
up2021__960039,2112,guar,Shahjahnapur,Tilhar,Guar,202582,269485,2112,gwar,Shahjahanpur,Tilhar,Gwar,20878,0.8500000000000001,0.8500000000000001,,,,
up2021__843024,2112,khawaaja sarai uraf saraiya,Shahjahnapur,Tilhar,Khawaaja Sarai Uraf Saraiya,202591,87554,2112,khavaja sarai urf sairaiya,Shahjahanpur,Tilhar,Khavaja Sarai Urf Sairaiya,29359,0.8589031339031339,0.8589031339031339,,,,
up2021__819521,2100,dhanyora,Shahjahnapur,Daderol,Dhanyora,202607,86966,2100,dhaniaura,Shahjahanpur,Dadrol,Dhaniaura,15877,0.85,0.85,,,,
up2021__767497,2100,piparaula ahmadpur,Shahjahnapur,Daderol,Piparaula Ahmadpur,202644,86998,2100,piprola ahmadpur,Shahjahanpur,Dadrol,Piprola Ahmadpur,44241,0.86875,0.86875,,,,
up2021__825506,2100,kaarimkuaapur,Shahjahnapur,Daderol,Kaarimkuaapur,202647,86984,2100,kareemakuapur,Shahjahanpur,Dadrol,Kareemakuapur,27063,0.8937062937062936,0.8937062937062936,,,,
up2021__834833,2100,wareng,Shahjahnapur,Daderol,Wareng,202662,86959,2100,bareng,Shahjahanpur,Dadrol,Bareng,6356,0.888888888888889,0.888888888888889,,,,
up2021__742101,2100,hasuajajun,Shahjahnapur,Daderol,Hasuajajun,202663,268434,2100,hasua zaju,Shahjahanpur,Dadrol,Hasua Zaju,21935,0.895,0.895,,,,
up2021__812705,2100,vavakkarpur,Shahjahnapur,Daderol,Vavakkarpur,202664,268479,2100,bawakkarpur,Shahjahanpur,Dadrol,Bawakkarpur,7502,0.8787878787878789,0.8787878787878789,,,,
up2021__777636,2100,dudhona,Shahjahnapur,Daderol,Dudhona,202675,86967,2100,dudhauna,Shahjahanpur,Dadrol,Dudhauna,17095,0.8880952380952382,0.8880952380952382,,,,
up2021__774579,2109,jewamukandpur,Shahjahnapur,Nigonhi,Jewamukandpur,202683,87356,2109,jeva mukundpur,Shahjahanpur,Nigohi,Jeva Mukundpur,24802,0.8533466533466534,0.8533466533466534,,,,
up2021__751920,2109,veerasin,Shahjahnapur,Nigonhi,Veerasin,202694,87391,2109,virasin,Shahjahanpur,Nigohi,Virasin,57447,0.8821428571428571,0.8821428571428571,,,,
up2021__822962,2109,vasari,Shahjahnapur,Nigonhi,Vasari,202718,87334,2109,basari,Shahjahanpur,Nigohi,Basari,7113,0.888888888888889,0.888888888888889,,,,
up2021__791633,2109,raghopur sikandpur,Shahjahnapur,Nigonhi,Raghopur Sikandpur,202719,87377,2109,raghaupur sikandarpur,Shahjahanpur,Nigohi,Raghaupur Sikandarpur,45132,0.8802054154995331,0.8802054154995331,,,,
up2021__759118,2109,parazharsa,Shahjahnapur,Nigonhi,parAzharsA,202734,87376,2109,parjharsa,Shahjahanpur,Nigohi,Parjharsa,42678,0.8690740740740741,0.8690740740740741,,,,
up2021__833031,2109,waraicha,Shahjahnapur,Nigonhi,Waraicha,202742,87332,2109,baraincha,Shahjahanpur,Nigohi,Baraincha,6018,0.8842592592592592,0.8842592592592592,,,,
up2021__853852,2109,ratuli,Shahjahnapur,Nigonhi,Ratuli,202748,87379,2109,ratooli,Shahjahanpur,Nigohi,Ratooli,47378,0.8944444444444445,0.8944444444444445,,,,
up2021__767914,2109,bajeeda bajeedi,Shahjahnapur,Nigonhi,Bajeeda - Bajeedi,202755,269760,2109,bajhera bajheri,Shahjahanpur,Nigohi,Bajhera Bajheri,4759,0.8755555555555556,0.8755555555555556,,,,
up2021__873743,2110,jewan,Shahjahnapur,Puwaya,Jewan,202764,87423,2110,jevaan,Shahjahanpur,Powayan,Jevaan,24800,0.8577777777777779,0.8577777777777779,,,,
up2021__771108,2110,augrabhad,Shahjahnapur,Puwaya,Augrabhad,202766,87394,2110,aurangabad,Shahjahanpur,Powayan,Aurangabad,3086,0.8503703703703704,0.8503703703703704,,,,
up2021__822584,2110,badhora,Shahjahnapur,Puwaya,Badhora,202769,87396,2110,badhaura,Shahjahanpur,Powayan,Badhaura,3688,0.8880952380952382,0.8880952380952382,,,,
up2021__872771,2110,mahammadpur sainjanida,Shahjahnapur,Puwaya,Mahammadpur Sainjanida,202771,87431,2110,mahmadpur saijniya,Shahjahanpur,Powayan,Mahmadpur Saijniya,33944,0.8516537928302634,0.8516537928302634,,,,
up2021__866612,2110,behnta j0 jewa,Shahjahnapur,Puwaya,Behnta j0 jewa,202774,269814,2110,behta ja jeva,Shahjahanpur,Powayan,Behta Ja Jeva,7741,0.8716783216783217,0.8716783216783217,,,,
up2021__790751,2110,guloli,Shahjahnapur,Puwaya,Guloli,202778,87418,2110,gulauli,Shahjahanpur,Powayan,Gulauli,20640,0.8944444444444445,0.8944444444444445,,,,
up2021__768710,2110,hardua mirpur,Shahjahnapur,Puwaya,Hardua Mirpur,202781,87419,2110,hardua,Shahjahanpur,Powayan,Hardua,21429,0.8923076923076924,0.8923076923076924,,,,
up2021__878608,2110,kaihamara,Shahjahnapur,Puwaya,Kaihamara,202782,87425,2110,kahmara,Shahjahanpur,Powayan,Kahmara,25599,0.8645502645502645,0.8645502645502645,,,,
up2021__714259,2110,virmpur,Shahjahnapur,Puwaya,Virmpur,202796,269761,2110,veerampur,Shahjahanpur,Powayan,Veerampur,57302,0.8571428571428572,0.8571428571428572,,,,
up2021__814956,2110,jarmanau,Shahjahnapur,Puwaya,Jarmanau,202813,87421,2110,jarmanon,Shahjahanpur,Powayan,Jarmanon,24503,0.9,0.9,,,,
up2021__785779,2110,majhigawa udana,Shahjahnapur,Puwaya,Majhigawa Udana,202817,87435,2110,majhigavan,Shahjahanpur,Powayan,Majhigavan,34553,0.9,0.9,,,,
up2021__845790,2110,vilnadapur,Shahjahnapur,Puwaya,Vilnadapur,202827,87406,2110,bilandapur,Shahjahanpur,Powayan,Bilandapur,10925,0.8962962962962964,0.8962962962962964,,,,
up2021__880365,2110,madarpur vaivha,Shahjahnapur,Puwaya,Madarpur Vaivha,202829,87430,2110,maadarpur vaivha,Shahjahanpur,Powayan,Maadarpur Vaivha,33050,0.8766666666666667,0.8766666666666667,,,,
up2021__875719,2110,rasulpur bujurg,Shahjahnapur,Puwaya,Rasulpur Bujurg,202831,269830,2110,rasoolpur buzurg,Shahjahanpur,Powayan,Rasoolpur Buzurg,47070,0.8712927350427351,0.8712927350427351,,,,
up2021__797839,2110,jigniya mujapta,Shahjahnapur,Puwaya,Jigniya Mujapta,202833,269809,2110,jiganiya mujapta,Shahjahanpur,Powayan,Jiganiya Mujapta,24979,0.8920833333333333,0.8920833333333333,,,,
up2021__886874,2099,sisoa,Shahjahnapur,Bhawal kheda,Sisoa,202918,86946,2099,sisaua,Shahjahanpur,Bhawal Khera,Sisaua,53314,0.8755555555555556,0.8755555555555556,,,,
up2021__861577,2107,chando kha,Shahjahnapur,Madaanaapur,Chando kha,202923,242083,2107,chandaukha,Shahjahanpur,Madnapur,Chandaukha,12470,0.895,0.895,,,,
up2021__800521,2107,varikhaas,Shahjahnapur,Madaanaapur,VariKhaas,202945,242085,2107,barikhas,Shahjahanpur,Madnapur,Barikhas,6580,0.8842592592592592,0.8842592592592592,,,,
up2021__818749,2107,nagla vannu alias nagaria,Shahjahnapur,Madaanaapur,Nagla Vannu alias Nagaria,202949,242109,2107,nagla bannu nagariya,Shahjahanpur,Madnapur,Nagla Bannu (Nagariya),38724,0.8906666666666667,0.8906666666666667,,,,
up2021__835626,2107,wauri,Shahjahnapur,Madaanaapur,Wauri,202961,242118,2107,bauri,Shahjahanpur,Madnapur,Bauri,7479,0.8666666666666667,0.8666666666666667,,,,
up2021__755369,2107,varua,Shahjahnapur,Madaanaapur,Varua,202980,242135,2107,barua,Shahjahanpur,Madnapur,Barua,6858,0.8666666666666667,0.8666666666666667,,,,
up2021__903754,2107,viriyakala,Shahjahnapur,Madaanaapur,Viriyakala,202985,242127,2107,biriya kalaan,Shahjahanpur,Madnapur,Biriya Kalaan,11202,0.8641025641025641,0.8641025641025641,,,,
up2021__833240,2108,nawada ta0 wanagaon,Shahjahnapur,Mirzapur,Nawada Ta0 Wanagaon,202997,87319,2108,navada ta bangaon,Shahjahanpur,Mirzapur,Navada Ta. Bangaon,40121,0.8947093223254214,0.8947093223254214,,,,
up2021__894340,2108,singha yusuf pur,Shahjahnapur,Mirzapur,Singha Yusuf pur,202999,87327,2108,singaha yoosufpur,Shahjahanpur,Mirzapur,Singaha Yoosufpur,52922,0.8968487394957984,0.8968487394957984,,,,
up2021__875309,2108,sarai t vangov,Shahjahnapur,Mirzapur,Sarai T. Vangov,203000,87324,2108,saray ta baangaon,Shahjahanpur,Mirzapur,Saray Ta. Baangaon,50296,0.8683728036669213,0.8683728036669213,,,,
up2021__901486,2108,bhoti,Shahjahnapur,Mirzapur,Bhoti,203024,87297,2108,bhauti,Shahjahanpur,Mirzapur,Bhauti,9595,0.8577777777777779,0.8577777777777779,,,,
up2021__749675,2108,kawara salemura,Shahjahnapur,Mirzapur,Kawara Salemura,203031,242967,2108,kabra salempur,Shahjahanpur,Mirzapur,Kabra Salempur,25420,0.8641269841269842,0.8641269841269842,,,,
up2021__875051,2108,haveeullahpur urf amritapur,Shahjahnapur,Mirzapur,Haveeullahpur Urf Amritapur,203033,87304,2108,habibullapur urf amratapur,Shahjahanpur,Mirzapur,Habibullapur Urf Amratapur,20916,0.8974704308037642,0.8974704308037642,,,,
up2021__787181,2098,biribara,Shahjahnapur,Wanda,Biribara,203050,86821,2098,baribara,Shahjahanpur,Banda,Baribara,6557,0.8821428571428571,0.8821428571428571,,,,
up2021__771517,2098,rayatada,Shahjahnapur,Wanda,Rayatada,203079,86868,2098,raitaanda,Shahjahanpur,Banda,Raitaanda,45530,0.8693121693121693,0.8693121693121693,,,,
up2021__740842,2098,sisora sisori,Shahjahnapur,Wanda,Sisora Sisori,203102,86878,2098,sisaura sisauri,Shahjahanpur,Banda,Sisaura Sisauri,53322,0.8806682206682207,0.8806682206682207,,,,
up2021__808675,2111,byor,Shahjahnapur,Sindhauli,Byor,203146,270132,2111,beor,Shahjahanpur,Sindhauli,Beor,8134,0.8500000000000001,0.8500000000000001,,,,
up2021__847296,2111,gargaya tarilokpur,Shahjahnapur,Sindhauli,Gargaya Tarilokpur,203156,87475,2111,gargaiya,Shahjahanpur,Sindhauli,Gargaiya,18862,0.8638888888888889,0.8638888888888889,,,,
up2021__154547,2113,jordih baharanpurwa,Shravasti,Ikouna,Jordih Baharanpurwa,203228,87601,2113,jordih,Shravasti,Ekona,Jordih,25223,0.8631578947368421,0.8631578947368421,,,,
up2021__120153,2113,tandwa mahant,Shravasti,Ikouna,Tandwa Mahant,203229,87641,2113,tendwa mahant,Shravasti,Ekona,Tendwa Mahant,55438,0.8538461538461539,0.8538461538461539,,,,
up2021__454308,2113,dahawar kalan,Shravasti,Ikouna,Dahawar Kalan,203233,87590,2113,dahaver kalan,Shravasti,Ekona,Dahaver Kalan,14140,0.8839160839160839,0.8839160839160839,,,,
up2021__1146511,2113,patkholi kala,Shravasti,Ikouna,Patkholi Kala,203238,87630,2113,patkhauli kalan,Shravasti,Ekona,Patkhauli Kalan,43283,0.8946153846153847,0.8946153846153847,,,,
up2021__66887,2113,vishunapur,Shravasti,Ikouna,Vishunapur,203250,87587,2113,bisunapur,Shravasti,Ekona,Bisunapur,11436,0.8962962962962964,0.8962962962962964,,,,
up2021__139935,2113,malouna khasiyari,Shravasti,Ikouna,Malouna Khasiyari,203263,87621,2113,malauna khasiyari,Shravasti,Ekona,Malauna Khasiyari,34857,0.8996323529411765,0.8996323529411765,,,,
up2021__121738,2113,saorupur,Shravasti,Ikouna,Saorupur,203279,87636,2113,saurupur,Shravasti,Ekona,Saurupur,50786,0.8571428571428572,0.8571428571428572,,,,
up2021__128052,2113,bhatpuravakalon,Shravasti,Ikouna,Bhatpuravakalon,203291,268808,2113,bhatpurwkla,Shravasti,Ekona,Bhatpurwkla,9512,0.8951515151515151,0.8951515151515151,,,,
up2021__160735,2114,khorakala,Shravasti,Gilola,Khorakala,203298,273828,2114,khairakla,Shravasti,Gilaula,Khairakla,28435,0.874074074074074,0.874074074074074,,,,
up2021__225821,2114,suvikhaa,Shravasti,Gilola,Suvikhaa,203312,87708,2114,subikha,Shravasti,Gilaula,Subikha,53955,0.8952380952380953,0.8952380952380953,,,,
up2021__215112,2114,pachdeveri,Shravasti,Gilola,Pachdeveri,203318,87697,2114,pachdewari maufi,Shravasti,Gilaula,Pachdewari Maufi,41204,0.86,0.86,,,,
up2021__165427,2114,raipur bilaila,Shravasti,Gilola,Raipur Bilaila,203321,87706,2114,raypur bilaila,Shravasti,Gilaula,Raypur Bilaila,47544,0.8798534798534798,0.8798534798534798,,,,
up2021__169581,2114,niwabhari,Shravasti,Gilola,Niwabhari,203325,87696,2114,niba bhari,Shravasti,Gilaula,Niba Bhari,40535,0.8837037037037038,0.8837037037037038,,,,
up2021__183288,2114,lengdi gular,Shravasti,Gilola,Lengdi Gular,203329,87687,2114,langri gular,Shravasti,Gilaula,Langri Gular,32469,0.9,0.9,,,,
up2021__203485,2114,bhitya chichdi,Shravasti,Gilola,Bhitya Chichdi,203352,87653,2114,bhithiya chichri,Shravasti,Gilaula,Bhithiya Chichri,10107,0.8866758241758241,0.8866758241758241,,,,
up2021__195878,2114,vishunapur,Shravasti,Gilola,Vishunapur,203379,273837,2114,bisunapur,Shravasti,Gilaula,Bisunapur,11437,0.8962962962962964,0.8962962962962964,,,,
up2021__444885,2116,lalbozha darvesh gaon,Shravasti,Jamunha,Lalbozha Darvesh Gaon,203389,87811,2116,lal bojha darvesh gaon,Shravasti,Jamunaha,Lal Bojha Darvesh Gaon,32283,0.8976767676767676,0.8976767676767676,,,,
up2021__447956,2116,kalaklava,Shravasti,Jamunha,Kalaklava,203390,87803,2116,kalkalwa,Shravasti,Jamunaha,Kalkalwa,26059,0.8856481481481482,0.8856481481481482,,,,
up2021__274123,2116,aala gaon,Shravasti,Jamunha,Aala Gaon,203395,87768,2116,ala gaon,Shravasti,Jamunaha,Ala Gaon,1172,0.8916666666666667,0.8916666666666667,,,,
up2021__412924,2116,baragadaha,Shravasti,Jamunha,Baragadaha,203404,87774,2116,bargadaha,Shravasti,Jamunaha,Bargadaha,6382,0.8988888888888888,0.8988888888888888,,,,
up2021__172537,2116,mahadev nasir ganj,Shravasti,Jamunha,Mahadev Nasir Ganj,203424,87814,2116,mahadewa,Shravasti,Jamunaha,Mahadewa,33608,0.8527777777777777,0.8527777777777777,,,,
up2021__454426,2116,dande kuiyan,Shravasti,Jamunha,Dande Kuiyan,203465,87787,2116,dare kuieya,Shravasti,Jamunaha,Dare Kuieya,14520,0.8848484848484849,0.8848484848484849,,,,
up2021__178344,2117,ahalad nagar,Shravasti,Sirsia,Ahalad Nagar,203466,87839,2117,ahlad nagar,Shravasti,Sirsiya,Ahlad Nagar,619,0.8808080808080807,0.8808080808080807,,,,
up2021__132456,2117,shaahpur bargadwaa,Shravasti,Sirsia,Shaahpur Bargadwaa,203469,87896,2117,shahpur bargadwa,Shravasti,Sirsiya,Shahpur Bargadwa,51541,0.8865740740740741,0.8865740740740741,,,,
up2021__195191,2117,vishunapur lauhti,Shravasti,Sirsia,Vishunapur Lauhti,203479,273796,2117,bishunapurlothi,Shravasti,Sirsiya,Bishunapurlothi,11352,0.8514831573655103,0.8514831573655103,,,,
up2021__200480,2117,ghonghawa kala,Shravasti,Sirsia,Ghonghawa Kala,203488,87863,2117,ghoghwa kalan,Shravasti,Sirsiya,Ghoghwa Kalan,19581,0.8903846153846154,0.8903846153846154,,,,
up2021__46036,2117,parsona,Shravasti,Sirsia,Parsona,203490,87882,2117,persohna,Shravasti,Sirsiya,Persohna,43593,0.8821428571428571,0.8821428571428571,,,,
up2021__356597,2117,shahpur purdueens,Shravasti,Sirsia,Shahpur Purdueens,203495,87897,2117,shahpur pure shivdin,Shravasti,Sirsiya,Shahpur Pure Shivdin,51621,0.8998039215686274,0.8998039215686274,,,,
up2021__161754,2117,janaki nagar,Shravasti,Sirsia,Janaki Nagar,203528,87867,2117,janki nagar kalan,Shravasti,Sirsiya,Janki Nagar Kalan,24373,0.85359477124183,0.85359477124183,,,,
up2021__202746,2117,genhua bhaari,Shravasti,Sirsia,Genhua Bhaari,203542,268922,2117,genduabhari,Shravasti,Sirsiya,Genduabhari,19383,0.8782750582750583,0.8782750582750583,,,,
up2021__180408,2115,kheeri kala,Shravasti,Hariharpur Rani,Kheeri Kala,203582,87737,2115,khairy kalan,Shravasti,Hariharpur Rani,Khairy Kalan,28497,0.8552188552188553,0.8552188552188553,,,,
up2021__375886,2115,parshurampur,Shravasti,Hariharpur Rani,ParshuramPur,203587,87748,2115,paras rampur,Shravasti,Hariharpur Rani,Paras Rampur,42550,0.8755555555555556,0.8755555555555556,,,,
up2021__185586,2086,dadwa,Sant Kabir Nagar,Khalilabad,Dadwa,203611,85916,2086,darwa,Sant Kabeer Nagar,Khalilabad,Darwa,14642,0.8933333333333333,0.8933333333333333,,,,
up2021__172883,2086,hadapaar,Sant Kabir Nagar,Khalilabad,Hadapaar,203624,85932,2086,harapar,Sant Kabeer Nagar,Khalilabad,Harapar,21294,0.8952380952380953,0.8952380952380953,,,,
up2021__177869,2086,kusfar alias urdhawa,Sant Kabir Nagar,Khalilabad,Kusfar alias Urdhawa,203642,271745,2086,kusfer urf urdahwa,Sant Kabeer Nagar,Khalilabad,Kusfer Urf Urdahwa,31597,0.8526984126984126,0.8526984126984126,,,,
up2021__184231,2086,imaldiha,Sant Kabir Nagar,Khalilabad,Imaldiha,203645,271743,2086,imildeeha,Sant Kabeer Nagar,Khalilabad,Imildeeha,22669,0.8693121693121693,0.8693121693121693,,,,
up2021__179486,2086,devari,Sant Kabir Nagar,Khalilabad,Devari,203648,85919,2086,deuri,Sant Kabeer Nagar,Khalilabad,Deuri,15286,0.8577777777777779,0.8577777777777779,,,,
up2021__183509,2086,vishwanathpur,Sant Kabir Nagar,Khalilabad,Vishwanathpur,203655,85912,2086,bishwa nathpur kala,Sant Kabeer Nagar,Khalilabad,Bishwa Nathpur Kala,11414,0.8515519568151148,0.8515519568151148,,,,
up2021__192917,2086,mahadeva,Sant Kabir Nagar,Khalilabad,Mahadeva,203660,85939,2086,mahdewa,Sant Kabeer Nagar,Khalilabad,Mahdewa,33790,0.8694444444444446,0.8694444444444446,,,,
up2021__208355,2086,tugarpar,Sant Kabir Nagar,Khalilabad,Tugarpar,203666,85970,2086,tungpar,Sant Kabeer Nagar,Khalilabad,Tungpar,56367,0.8507936507936509,0.8507936507936509,,,,
up2021__206302,2086,popaya,Sant Kabir Nagar,Khalilabad,Popaya,203672,269113,2086,popeya,Sant Kabeer Nagar,Khalilabad,Popeya,44445,0.8755555555555556,0.8755555555555556,,,,
up2021__207241,2086,daluakhor,Sant Kabir Nagar,Khalilabad,Daluakhor,203681,85923,2086,dheluakhor,Sant Kabeer Nagar,Khalilabad,Dheluakhor,16337,0.8691666666666668,0.8691666666666668,,,,
up2021__167860,2086,godhi,Sant Kabir Nagar,Khalilabad,Godhi,203687,85930,2086,gorahi,Sant Kabeer Nagar,Khalilabad,Gorahi,20256,0.8577777777777779,0.8577777777777779,,,,
up2021__186517,2086,mirganj,Sant Kabir Nagar,Khalilabad,Mirganj,203697,85946,2086,meer ganj,Sant Kabeer Nagar,Khalilabad,Meer Ganj,36422,0.8571428571428572,0.8571428571428572,,,,
up2021__177128,2086,mohiuddinpur,Sant Kabir Nagar,Khalilabad,Mohiuddinpur,203705,85948,2086,mohaddipur,Sant Kabeer Nagar,Khalilabad,Mohaddipur,37099,0.8664814814814815,0.8664814814814815,,,,
up2021__44657,2088,bendua,Sant Kabir Nagar,Nathnagar,Bendua,203709,86048,2088,belduha,Sant Kabeer Nagar,Nath Nagar,Belduha,7906,0.8793650793650793,0.8793650793650793,,,,
up2021__41985,2088,majhouwa ekdaga,Sant Kabir Nagar,Nathnagar,Majhouwa Ekdaga,203723,86096,2088,majhauwa ekdanga,Sant Kabeer Nagar,Nath Nagar,Majhauwa Ekdanga,34501,0.8902380952380953,0.8902380952380953,,,,
up2021__43611,2088,balhi,Sant Kabir Nagar,Nathnagar,Balhi,203727,86047,2088,belahi,Sant Kabeer Nagar,Nath Nagar,Belahi,7818,0.8900000000000001,0.8900000000000001,,,,
up2021__105020,2088,niwa horil,Sant Kabir Nagar,Nathnagar,Niwa Horil,203729,86107,2088,neeba horil,Sant Kabeer Nagar,Nath Nagar,Neeba Horil,40308,0.8581818181818182,0.8581818181818182,,,,
up2021__83104,2088,dhawarepar badhya,Sant Kabir Nagar,Nathnagar,Dhawarepar Badhya,203743,86064,2088,dhaurepar badhya,Sant Kabeer Nagar,Nath Nagar,Dhaurepar Badhya,16263,0.8646323529411765,0.8646323529411765,,,,
up2021__23891,2088,revta,Sant Kabir Nagar,Nathnagar,Revta,203748,86114,2088,rewta,Sant Kabeer Nagar,Nath Nagar,Rewta,47718,0.8933333333333333,0.8933333333333333,,,,
up2021__141922,2088,kalan hardo,Sant Kabir Nagar,Nathnagar,Kalan Hardo,203754,86080,2088,kalend hardo,Sant Kabeer Nagar,Nath Nagar,Kalend Hardo,26018,0.8932323232323233,0.8932323232323233,,,,
up2021__6490,2088,bhiti mafi,Sant Kabir Nagar,Nathnagar,Bhiti Mafi,203772,86054,2088,bheeti mafi,Sant Kabeer Nagar,Nath Nagar,Bheeti Mafi,9780,0.8952188552188552,0.8952188552188552,,,,
up2021__39567,2088,madhara ja,Sant Kabir Nagar,Nathnagar,Madhara ja,203786,86098,2088,marha raja,Sant Kabeer Nagar,Nath Nagar,Marha Raja,35779,0.8874074074074074,0.8874074074074074,,,,
up2021__7056,2088,tikuimau babu,Sant Kabir Nagar,Nathnagar,Tikuimau Babu,203794,270015,2088,tikuie kol babu,Sant Kabeer Nagar,Nath Nagar,Tikuie Kol Babu,55949,0.8671794871794872,0.8671794871794872,,,,
up2021__172019,2088,nagwa,Sant Kabir Nagar,Nathnagar,Nagwa,203796,86104,2088,nagauwa,Sant Kabeer Nagar,Nath Nagar,Nagauwa,38656,0.8866666666666667,0.8866666666666667,,,,
up2021__108544,2088,shanichara babu,Sant Kabir Nagar,Nathnagar,Shanichara Babu,203803,86117,2088,sanichara baboo,Sant Kabeer Nagar,Nath Nagar,Sanichara Baboo,49643,0.8738461538461539,0.8738461538461539,,,,
up2021__108161,2088,shanichara chaube,Sant Kabir Nagar,Nathnagar,Shanichara Chaube,203804,269987,2088,sanichara chaubey,Sant Kabeer Nagar,Nath Nagar,Sanichara Chaubey,49644,0.8709558823529412,0.8709558823529412,,,,
up2021__39609,2089,majhaura gaurideeh,Sant Kabir Nagar,Pauli,Majhaura / Gaurideeh,203811,271664,2089,majhaura,Sant Kabeer Nagar,Pauli,Majhaura,34493,0.888888888888889,0.888888888888889,,,,
up2021__49144,2089,makdumupur,Sant Kabir Nagar,Pauli,Makdumupur,203818,86153,2089,makdoompur,Sant Kabeer Nagar,Pauli,Makdoompur,34686,0.895,0.895,,,,
up2021__2817,2089,bhittha urf katha,Sant Kabir Nagar,Pauli,Bhittha Urf Katha,203830,86145,2089,bhitaha urf kataha,Sant Kabeer Nagar,Pauli,Bhitaha Urf Kataha,10054,0.8910130718954248,0.8910130718954248,,,,
up2021__71225,2089,madpona,Sant Kabir Nagar,Pauli,Madpona,203834,86151,2089,madpauna,Sant Kabeer Nagar,Pauli,Madpauna,33469,0.8880952380952382,0.8880952380952382,,,,
up2021__198870,2083,makdumupur,Sant Kabir Nagar,Baghauli,Makdumupur,203869,85732,2083,makdoom pur,Sant Kabeer Nagar,Baghauli,Makdoom Pur,34688,0.8804545454545455,0.8804545454545455,,,,
up2021__174267,2083,suradahiya,Sant Kabir Nagar,Baghauli,Suradahiya,203870,85755,2083,surdahiya,Sant Kabeer Nagar,Baghauli,Surdahiya,54503,0.8988888888888888,0.8988888888888888,,,,
up2021__171860,2083,baahilpaar,Sant Kabir Nagar,Baghauli,Baahilpaar,203873,85687,2083,bahilpar,Sant Kabeer Nagar,Baghauli,Bahilpar,4293,0.88,0.88,,,,
up2021__180038,2083,utrawal,Sant Kabir Nagar,Baghauli,Utrawal,203876,85758,2083,utarawal,Sant Kabeer Nagar,Baghauli,Utarawal,57155,0.8904761904761905,0.8904761904761905,,,,
up2021__183720,2083,augrabhad,Sant Kabir Nagar,Baghauli,Augrabhad,203879,85683,2083,aurangabad,Sant Kabeer Nagar,Baghauli,Aurangabad,3084,0.8503703703703704,0.8503703703703704,,,,
up2021__168306,2083,chaudidiha,Sant Kabir Nagar,Baghauli,Chaudidiha,203880,85703,2083,chandideeha,Sant Kabeer Nagar,Baghauli,Chandideeha,12545,0.8896969696969697,0.8896969696969697,,,,
up2021__158051,2083,saaght,Sant Kabir Nagar,Baghauli,Saaght,203899,85749,2083,sangath,Sant Kabeer Nagar,Baghauli,Sangath,49605,0.873015873015873,0.873015873015873,,,,
up2021__168201,2083,bhakt,Sant Kabir Nagar,Baghauli,Bhakt,203900,85696,2083,bhagthi,Sant Kabeer Nagar,Baghauli,Bhagthi,8567,0.8533333333333333,0.8533333333333333,,,,
up2021__158716,2083,badgo,Sant Kabir Nagar,Baghauli,Badgo,203921,85692,2083,barago,Sant Kabeer Nagar,Baghauli,Barago,5932,0.8577777777777779,0.8577777777777779,,,,
up2021__191969,2083,ladua,Sant Kabir Nagar,Baghauli,Ladua,203924,85727,2083,ledua,Sant Kabeer Nagar,Baghauli,Ledua,32680,0.88,0.88,,,,
up2021__167371,2083,sihti kar,Sant Kabir Nagar,Baghauli,Sihti Kar,203930,85753,2083,sinhteekar,Sant Kabeer Nagar,Baghauli,Sinhteekar,53067,0.8607407407407408,0.8607407407407408,,,,
up2021__208484,2083,jamadih,Sant Kabir Nagar,Baghauli,Jamadih,203942,85718,2083,jamdeeh,Sant Kabeer Nagar,Baghauli,Jamdeeh,24040,0.8666666666666668,0.8666666666666668,,,,
up2021__40798,2084,gunakhor,Sant Kabir Nagar,Belhar Kala,Gunakhor,203962,85783,2084,goonakhor,Sant Kabeer Nagar,Belhar Kala,Goonakhor,20084,0.8958333333333333,0.8958333333333333,,,,
up2021__46928,2084,mirapur,Sant Kabir Nagar,Belhar Kala,Mirapur,203963,85804,2084,meerapur,Sant Kabeer Nagar,Belhar Kala,Meerapur,36409,0.8821428571428571,0.8821428571428571,,,,
up2021__60627,2084,jungle belhar,Sant Kabir Nagar,Belhar Kala,Jungle Belhar,203968,85785,2084,jangal belhar,Sant Kabeer Nagar,Belhar Kala,Jangal Belhar,24304,0.8804195804195803,0.8804195804195803,,,,
up2021__29261,2084,pakdi arazi,Sant Kabir Nagar,Belhar Kala,Pakdi Arazi,203970,85809,2084,pakri araji,Sant Kabeer Nagar,Belhar Kala,Pakri Araji,41895,0.8632996632996633,0.8632996632996633,,,,
up2021__62236,2084,kusumha mafi,Sant Kabir Nagar,Belhar Kala,Kusumha Mafi,203987,268731,2084,kushamaha mafi,Sant Kabeer Nagar,Belhar Kala,Kushamaha Mafi,31609,0.8669191919191919,0.8669191919191919,,,,
up2021__118584,2087,kusouna kala,Sant Kabir Nagar,Mehdawal,Kusouna Kala,204004,86016,2087,kusauna kalan,Sant Kabeer Nagar,Mehdawal,Kusauna Kalan,31588,0.8598096348096348,0.8598096348096348,,,,
up2021__17586,2087,banakasiyaa,Sant Kabir Nagar,Mehdawal,Banakasiyaa,204013,85976,2087,bankasia,Sant Kabeer Nagar,Mehdawal,Bankasia,5624,0.878030303030303,0.878030303030303,,,,
up2021__286610,2087,ghuurapaali,Sant Kabir Nagar,Mehdawal,Ghuurapaali,204015,86001,2087,ghoora pali,Sant Kabeer Nagar,Mehdawal,Ghoora Pali,19598,0.8545454545454546,0.8545454545454546,,,,
up2021__56247,2087,mishrauliya mishra,Sant Kabir Nagar,Mehdawal,Mishrauliya Mishra,204029,269587,2087,misraulia,Sant Kabeer Nagar,Mehdawal,Misraulia,36951,0.8833333333333334,0.8833333333333334,,,,
up2021__21969,2087,imlidiha,Sant Kabir Nagar,Mehdawal,ImliDiha,204032,86003,2087,imildeeha,Sant Kabeer Nagar,Mehdawal,Imildeeha,22668,0.8693121693121693,0.8693121693121693,,,,
up2021__11106,2087,naugon,Sant Kabir Nagar,Mehdawal,Naugon,204057,86023,2087,naugaw,Sant Kabeer Nagar,Mehdawal,Naugaw,39983,0.8666666666666666,0.8666666666666666,,,,
up2021__4127,2087,sai lagdi,Sant Kabir Nagar,Mehdawal,Sai Lagdi,204069,86032,2087,sailangri,Sant Kabeer Nagar,Mehdawal,Sailangri,48829,0.8962962962962963,0.8962962962962963,,,,
up2021__109832,2087,badhiya,Sant Kabir Nagar,Mehdawal,Badhiya,204072,85980,2087,barhya,Sant Kabeer Nagar,Mehdawal,Barhya,6536,0.8793650793650793,0.8793650793650793,,,,
up2021__195835,2091,koyilsaa,Sant Kabir Nagar,Semriyawa,Koyilsaa,204093,269446,2091,koelasa,Sant Kabeer Nagar,Semariyawan,Koelasa,30332,0.8507936507936509,0.8507936507936509,,,,
up2021__193840,2091,seithwalia sunehra,Sant Kabir Nagar,Semriyawa,Seithwalia Sunehra,204096,271855,2091,saitwalia sutehra,Sant Kabeer Nagar,Semariyawan,Saitwalia Sutehra,48888,0.8547058823529412,0.8547058823529412,,,,
up2021__25199,2091,raudhauli,Sant Kabir Nagar,Semriyawa,Raudhauli,204125,269488,2091,rudhauli,Sant Kabeer Nagar,Semariyawan,Rudhauli,47986,0.8916666666666667,0.8916666666666667,,,,
up2021__54815,2091,agaya,Sant Kabir Nagar,Semriyawa,Agaya,204132,86236,2091,agya,Sant Kabeer Nagar,Semariyawan,Agya,449,0.88,0.88,,,,
up2021__134798,2091,bigara awwal,Sant Kabir Nagar,Semriyawa,Bigara Awwal,204137,86247,2091,bigra aual,Sant Kabeer Nagar,Semariyawan,Bigra Aual,10720,0.8664814814814815,0.8664814814814815,,,,
up2021__73666,2091,vigra meer,Sant Kabir Nagar,Semriyawa,Vigra Meer,204138,86248,2091,bigrameer,Sant Kabeer Nagar,Semariyawan,Bigrameer,10721,0.8962962962962964,0.8962962962962964,,,,
up2021__150403,2091,mooraddiha beg,Sant Kabir Nagar,Semriyawa,Mooraddiha Beg,204140,86290,2091,muradeha beg,Sant Kabeer Nagar,Semariyawan,Muradeha Beg,38093,0.8642857142857143,0.8642857142857143,,,,
up2021__39077,2091,jatediyaha dubauliya,Sant Kabir Nagar,Semriyawa,Jatediyaha Dubauliya,204144,86275,2091,jatedeeha dubaulia,Sant Kabeer Nagar,Semariyawan,Jatedeeha Dubaulia,24620,0.8752777777777778,0.8752777777777778,,,,
up2021__1182956,2091,piparahankar,Sant Kabir Nagar,Semriyawa,Piparahankar,204159,269469,2091,pipra hankar,Sant Kabeer Nagar,Semariyawan,Pipra Hankar,44093,0.8974747474747474,0.8974747474747474,,,,
up2021__16439,2091,kusmauni,Sant Kabir Nagar,Semriyawa,Kusmauni,204163,86284,2091,kushmaini,Sant Kabeer Nagar,Semariyawan,Kushmaini,31635,0.8856481481481482,0.8856481481481482,,,,
up2021__65740,2091,chiutna,Sant Kabir Nagar,Semriyawa,Chiutna,204164,86254,2091,cheutana,Sant Kabeer Nagar,Semariyawan,Cheutana,13195,0.8507936507936509,0.8507936507936509,,,,
up2021__33446,2091,badla,Sant Kabir Nagar,Semriyawa,Badla,204183,86241,2091,barela,Sant Kabeer Nagar,Semariyawan,Barela,6349,0.8577777777777779,0.8577777777777779,,,,
up2021__15931,2090,jamayaatal,Sant Kabir Nagar,Sautha,Jamayaatal,204219,86200,2090,jamya tal,Sant Kabeer Nagar,Santha,Jamya Tal,24270,0.8690740740740741,0.8690740740740741,,,,
up2021__65196,2090,amtheri,Sant Kabir Nagar,Sautha,Amtheri,204228,86175,2090,amathari,Sant Kabeer Nagar,Santha,Amathari,1631,0.8952380952380953,0.8952380952380953,,,,
up2021__34025,2090,haswapar,Sant Kabir Nagar,Sautha,Haswapar,204238,86197,2090,hansawa par,Sant Kabeer Nagar,Santha,Hansawa Par,21198,0.8606060606060606,0.8606060606060606,,,,
up2021__26877,2090,agiyona,Sant Kabir Nagar,Sautha,Agiyona,204248,86173,2090,agiauna,Sant Kabeer Nagar,Santha,Agiauna,418,0.8666666666666668,0.8666666666666668,,,,
up2021__93182,2090,banoli,Sant Kabir Nagar,Sautha,Banoli,204253,86178,2090,banauli,Sant Kabeer Nagar,Santha,Banauli,5361,0.8944444444444445,0.8944444444444445,,,,
up2021__43934,2090,jhudiya,Sant Kabir Nagar,Sautha,Jhudiya,204258,86202,2090,jhuria,Sant Kabeer Nagar,Santha,Jhuria,24945,0.8944444444444445,0.8944444444444445,,,,
up2021__25677,2090,sonda,Sant Kabir Nagar,Sautha,Sonda,204264,86228,2090,sanda,Sant Kabeer Nagar,Santha,Sanda,49538,0.88,0.88,,,,
up2021__142599,2085,sirsi,Sant Kabir Nagar,Hesarbazar,Sirsi,204271,85885,2085,sirsi khas,Sant Kabeer Nagar,Hainsar Bazar,Sirsi Khas,53254,0.9,0.9,,,,
up2021__140755,2085,gai basantpur,Sant Kabir Nagar,Hesarbazar,Gai Basantpur,204275,85850,2085,goi basantpur,Sant Kabeer Nagar,Hainsar Bazar,Goi Basantpur,19951,0.8788461538461538,0.8788461538461538,,,,
up2021__121167,2085,natwawat,Sant Kabir Nagar,Hesarbazar,Natwawat,204285,85871,2085,natwabar,Sant Kabeer Nagar,Hainsar Bazar,Natwabar,39936,0.9,0.9,,,,
up2021__97278,2085,kochri,Sant Kabir Nagar,Hesarbazar,Kochri,204289,85861,2085,kochari khas,Sant Kabeer Nagar,Hainsar Bazar,Kochari Khas,30255,0.9,0.9,,,,
up2021__12361,2085,gaiaghat dwitiya,Sant Kabir Nagar,Hesarbazar,Gaiaghat Dwitiya,204297,268781,2085,gaighat ii,Sant Kabeer Nagar,Hainsar Bazar,Gaighat II,18356,0.8891666666666667,0.8891666666666667,,,,
up2021__69860,2085,baharadadi,Sant Kabir Nagar,Hesarbazar,Baharadadi,204312,85824,2085,bahra dandi,Sant Kabeer Nagar,Hainsar Bazar,Bahra Dandi,4377,0.8823905723905724,0.8823905723905724,,,,
up2021__6049,2085,debri,Sant Kabir Nagar,Hesarbazar,Debri,204314,85841,2085,devri,Sant Kabeer Nagar,Hainsar Bazar,Devri,15473,0.8933333333333333,0.8933333333333333,,,,
up2021__2599,2085,bakainiya pakdi,Sant Kabir Nagar,Hesarbazar,Bakainiya Pakdi,204321,85821,2085,ba kaniya pakari,Sant Kabeer Nagar,Hainsar Bazar,Ba Kaniya Pakari,4811,0.8529059829059829,0.8529059829059829,,,,
up2021__33468,2085,bakoli kala,Sant Kabir Nagar,Hesarbazar,Bakoli Kala,204336,85827,2085,bakauli kala,Sant Kabeer Nagar,Hainsar Bazar,Bakauli Kala,4832,0.86989898989899,0.86989898989899,,,,
up2021__19347,2085,baukuthpur,Sant Kabir Nagar,Hesarbazar,Baukuthpur,204343,85826,2085,baikunthpur,Sant Kabeer Nagar,Hainsar Bazar,Baikunthpur,4567,0.8952188552188552,0.8952188552188552,,,,
up2021__944543,1994,dhak shahid,Sambhal,Asamoli,Dhak Shahid,204372,297281,1994,dhakasaheed,Sambhal,Asmauli,Dhakasaheed,15613,0.8659090909090909,0.8659090909090909,,,,
up2021__958249,1994,malpur malpura,Sambhal,Asamoli,Malpur Malpura,204378,80128,1994,malpur urf mallpur,Sambhal,Asmauli,Malpur Urf Mallpur,35038,0.884004884004884,0.884004884004884,,,,
up2021__958696,1994,ahraula mafi,Sambhal,Asamoli,Ahraula Mafi,204379,80093,1994,ahrola mafi,Sambhal,Asmauli,Ahrola Mafi,689,0.8932323232323233,0.8932323232323233,,,,
up2021__958774,1994,khaimpur,Sambhal,Asamoli,Khaimpur,204384,297282,1994,khempur,Sambhal,Asmauli,Khempur,29430,0.8952380952380953,0.8952380952380953,,,,
up2021__893887,1994,rachaita,Sambhal,Asamoli,Rachaita,204397,80145,1994,racheta,Sambhal,Asmauli,Racheta,45079,0.8880952380952382,0.8880952380952382,,,,
up2021__958394,1994,mirpur sakipur,Sambhal,Asamoli,Mirpur Sakipur,204401,297293,1994,meerpur sakeepur,Sambhal,Asmauli,Meerpur Sakeepur,36451,0.8821428571428571,0.8821428571428571,,,,
up2021__829393,1994,bhawali pur vishali,Sambhal,Asamoli,Bhawali Pur Vishali,204409,80101,1994,bhawalpur wasli,Sambhal,Asmauli,Bhawalpur Wasli,9650,0.8911779448621554,0.8911779448621554,,,,
up2021__940724,1994,razha,Sambhal,Asamoli,Razha,204427,80147,1994,rajha,Sambhal,Asmauli,Rajha,45723,0.8933333333333333,0.8933333333333333,,,,
up2021__886531,1994,qutubpur sakta,Sambhal,Asamoli,Qutubpur Sakta,204436,80124,1994,kutabpur sakta,Sambhal,Asmauli,Kutabpur Sakta,31711,0.876984126984127,0.876984126984127,,,,
up2021__824222,1994,vilalpat,Sambhal,Asamoli,Vilalpat,204441,80103,1994,bilal pat,Sambhal,Asmauli,Bilal Pat,10923,0.8842592592592592,0.8842592592592592,,,,
up2021__714884,1586,gunjal abdulhai,Sambhal,Gunnaur,Gunjal.Abdulhai,204449,56012,1586,gunnaur abdul hai,Sambhal,Gunnaur,Gunnaur Abdul Hai,20721,0.8960382101558572,0.8960382101558572,,,,
up2021__728095,1586,gadia,Sambhal,Gunnaur,Gadia,204450,56010,1586,garhia,Sambhal,Gunnaur,Garhia,18905,0.8577777777777779,0.8577777777777779,,,,
up2021__885164,1586,jayramanagar,Sambhal,Gunnaur,Jayramanagar,204463,56018,1586,jairam nagar,Sambhal,Gunnaur,Jairam Nagar,23563,0.8577777777777779,0.8577777777777779,,,,
up2021__908779,1586,surpur,Sambhal,Gunnaur,Surpur,204468,297329,1586,soorpur,Sambhal,Gunnaur,Soorpur,53854,0.8642857142857143,0.8642857142857143,,,,
up2021__876465,1586,barghura kariya kheda,Sambhal,Gunnaur,Barghura Kariya Kheda,204470,55995,1586,baghura karia khera,Sambhal,Gunnaur,Baghura Karia Khera,4024,0.8623224728487886,0.8623224728487886,,,,
up2021__925399,1586,kishanpur,Sambhal,Gunnaur,Kishanpur,204483,56025,1586,kishanpur shyampur,Sambhal,Gunnaur,Kishanpur Shyampur,30135,0.9,0.9,,,,
up2021__925085,1586,sikror,Sambhal,Gunnaur,Sikror,204488,56043,1586,sikrora bhur,Sambhal,Gunnaur,Sikrora Bhur,52756,0.9,0.9,,,,
up2021__856195,1586,rustampur pipalwada,Sambhal,Gunnaur,Rustampur Pipalwada,204497,297326,1586,rusatampur pipalvara,Sambhal,Gunnaur,Rusatampur Pipalvara,48130,0.8580856553147576,0.8580856553147576,,,,
up2021__863567,1586,bhaganagar urf m0 nagla,Sambhal,Gunnaur,Bhaganagar Urf M0 Nagla,204499,55998,1586,bhagnagar urf manharnagala,Sambhal,Gunnaur,Bhagnagar Urf Manharnagala,8550,0.8774804905239687,0.8774804905239687,,,,
up2021__799801,1586,daroli,Sambhal,Gunnaur,Daroli,204505,297324,1586,darauli,Sambhal,Gunnaur,Darauli,14496,0.8944444444444445,0.8944444444444445,,,,
up2021__717169,1589,nadroli,Sambhal,Junawai,Nadroli,204517,56211,1589,nandrali,Sambhal,Junawai,Nandrali,39324,0.8952380952380953,0.8952380952380953,,,,
up2021__760320,1589,patei kayasth,Sambhal,Junawai,Patei Kayasth,204524,56213,1589,petei kyasath,Sambhal,Junawai,Petei Kyasath,43602,0.8788461538461538,0.8788461538461538,,,,
up2021__813013,1589,sikrora khader,Sambhal,Junawai,Sikrora Khader,204526,56219,1589,sikraura khadar,Sambhal,Junawai,Sikraura Khadar,52731,0.8814285714285713,0.8814285714285713,,,,
up2021__834008,1589,rampur tappa vaish,Sambhal,Junawai,Rampur Tappa Vaish,204532,56216,1589,ramnagar tappa vaish,Sambhal,Junawai,Ramnagar Tappa Vaish,46196,0.8544907407407408,0.8544907407407408,,,,
up2021__831838,1589,sighonla pakhta,Sambhal,Junawai,Sighonla Pakhta,204533,56221,1589,singhola pukhta,Sambhal,Junawai,Singhola Pukhta,52987,0.8882539682539683,0.8882539682539683,,,,
up2021__891804,1589,davthra shyam,Sambhal,Junawai,Davthra Shyam,204537,56176,1589,davanthara shyam,Sambhal,Junawai,Davanthara Shyam,14915,0.8844551282051283,0.8844551282051283,,,,
up2021__923989,1589,vijua nagla,Sambhal,Junawai,Vijua Nagla,204540,56171,1589,bijua nagala,Sambhal,Junawai,Bijua Nagala,10875,0.8808080808080808,0.8808080808080808,,,,
up2021__808300,1589,vaghoi,Sambhal,Junawai,Vaghoi,204542,56167,1589,baghoi,Sambhal,Junawai,Baghoi,3992,0.888888888888889,0.888888888888889,,,,
up2021__714678,1589,duwaarii kalaa,Sambhal,Junawai,Duwaarii Kalaa,204544,56183,1589,duwari kalan,Sambhal,Junawai,Duwari Kalan,17401,0.8859307359307359,0.8859307359307359,,,,
up2021__838712,1589,vanderai,Sambhal,Junawai,Vanderai,204552,56170,1589,bandrai,Sambhal,Junawai,Bandrai,5453,0.8690476190476191,0.8690476190476191,,,,
up2021__685378,1589,qadra bad,Sambhal,Junawai,Qadra bad,204556,56197,1589,kadrabad,Sambhal,Junawai,Kadrabad,25561,0.8842592592592592,0.8842592592592592,,,,
up2021__695017,1589,mahaveli moiddinpur,Sambhal,Junawai,Mahaveli Moiddinpur,204568,56205,1589,mahawali muhi uddinpur,Sambhal,Junawai,Mahawali Muhi Uddinpur,33760,0.8763755980861244,0.8763755980861244,,,,
up2021__711006,1589,kariyaimai,Sambhal,Junawai,Kariyaimai,204571,56198,1589,kariavain,Sambhal,Junawai,Kariavain,27127,0.8669841269841271,0.8669841269841271,,,,
up2021__825544,1589,sihora,Sambhal,Junawai,Sihora,204574,297338,1589,sehora,Sambhal,Junawai,Sehora,50908,0.9,0.9,,,,
up2021__774107,1589,badhauti fazilpur,Sambhal,Junawai,Badhauti Fazilpur,204581,56172,1589,budheiti fazilpur,Sambhal,Junawai,Budheiti Fazilpur,11723,0.8694117647058823,0.8694117647058823,,,,
up2021__1104722,2004,azimabad,Sambhal,Panwasa,Azimabad,204588,297230,2004,azeemabaad,Sambhal,Panwasa,Azeemabaad,3233,0.8866666666666667,0.8866666666666667,,,,
up2021__956961,2004,tharaina jaisingh,Sambhal,Panwasa,Tharaina Jaisingh,204592,80891,2004,tharesa jaisingh,Sambhal,Panwasa,Tharesa Jaisingh,55631,0.8968487394957984,0.8968487394957984,,,,
up2021__957773,2004,aurangpur sileta,Sambhal,Panwasa,Aurangpur Sileta,204593,80869,2004,orangapur sileta,Sambhal,Panwasa,Orangapur Sileta,41092,0.8916666666666666,0.8916666666666666,,,,
up2021__954174,2004,kanaita nikat dehali,Sambhal,Panwasa,Kanaita Nikat Dehali,204595,297189,2004,kaneta nikat daheli,Sambhal,Panwasa,Kaneta Nikat Daheli,26582,0.87364522417154,0.87364522417154,,,,
up2021__956339,2004,samla,Sambhal,Panwasa,Samla,204600,297191,2004,semla,Sambhal,Panwasa,Semla,51055,0.88,0.88,,,,
up2021__1116562,2004,deva pur,Sambhal,Panwasa,Deva Pur,204601,80833,2004,debapur,Sambhal,Panwasa,Debapur,14968,0.8952380952380953,0.8952380952380953,,,,
up2021__887012,2004,ainjra,Sambhal,Panwasa,Ainjra,204606,80820,2004,anjr,Sambhal,Panwasa,Anjr,2137,0.8999999999999999,0.8999999999999999,,,,
up2021__828474,2004,adola mafi,Sambhal,Panwasa,Adola Mafi,204608,80813,2004,adholi mafi,Sambhal,Panwasa,Adholi Mafi,301,0.8952188552188552,0.8952188552188552,,,,
up2021__778206,2004,bichhauli,Sambhal,Panwasa,Bichhauli,204610,80826,2004,bicchouli,Sambhal,Panwasa,Bicchouli,10621,0.8962962962962963,0.8962962962962963,,,,
up2021__1549846,2004,adhaul,Sambhal,Panwasa,Adhaul,204622,80812,2004,adhola,Sambhal,Panwasa,Adhola,300,0.8755555555555556,0.8755555555555556,,,,
up2021__753531,2004,sinhavli,Sambhal,Panwasa,Sinhavli,204635,80885,2004,sihawli,Sambhal,Panwasa,Sihawli,52507,0.8952380952380953,0.8952380952380953,,,,
up2021__1121629,2004,nirayavali,Sambhal,Panwasa,Nirayavali,204654,80865,2004,niryawli,Sambhal,Panwasa,Niryawli,40751,0.8674999999999999,0.8674999999999999,,,,
up2021__859932,2004,niboura,Sambhal,Panwasa,Niboura,204662,80866,2004,niwora,Sambhal,Panwasa,Niwora,40798,0.8793650793650793,0.8793650793650793,,,,
up2021__867135,2004,bahadurpur sarai urf raipur,Sambhal,Panwasa,Bahadurpur Sarai Urf Raipur,204669,297219,2004,bahadarpur sarai,Sambhal,Panwasa,Bahadarpur Sarai,4080,0.8685185185185186,0.8685185185185186,,,,
up2021__895178,2004,khirni m0pur,Sambhal,Panwasa,Khirni M0Pur,204674,80852,2004,khirni mohiuddinpur,Sambhal,Panwasa,Khirni Mohiuddinpur,29700,0.8809409888357257,0.8809409888357257,,,,
up2021__1116586,2004,qazi wahata,Sambhal,Panwasa,Qazi Wahata,204678,80872,2004,qazibehta,Sambhal,Panwasa,Qazibehta,45056,0.8542568542568543,0.8542568542568543,,,,
up2021__784191,2004,vikrampur taharpur,Sambhal,Panwasa,Vikrampur Taharpur,204684,80893,2004,vikampur taharpur,Sambhal,Panwasa,Vikampur Taharpur,57386,0.890958605664488,0.890958605664488,,,,
up2021__1113279,2004,karimpru,Sambhal,Panwasa,Karimpru,204685,297228,2004,kareempur,Sambhal,Panwasa,Kareempur,27068,0.8856481481481482,0.8856481481481482,,,,
up2021__1108025,2004,kisauli,Sambhal,Panwasa,Kisauli,204686,80853,2004,kisoli,Sambhal,Panwasa,Kisoli,30204,0.8944444444444445,0.8944444444444445,,,,
up2021__819349,1995,chakrampur maimri,Sambhal,Bahjoi,Chakrampur Maimri,204704,80182,1995,chakarpur memri,Sambhal,Bahjoi,Chakarpur Memri,12012,0.8942296918767507,0.8942296918767507,,,,
up2021__929192,1995,dhakari,Sambhal,Bahjoi,Dhakari,204720,80188,1995,dhakari nikat bahjoi,Sambhal,Bahjoi,Dhakari Nikat Bahjoi,15610,0.87,0.87,,,,
up2021__1065035,1995,majhaula,Sambhal,Bahjoi,Majhaula,204757,80206,1995,majhola,Sambhal,Bahjoi,Majhola,34596,0.8880952380952382,0.8880952380952382,,,,
up2021__878185,1592,sihadlanpur,Sambhal,Rajpura,Sihadlanpur,204771,297386,1592,singhdalanapur,Sambhal,Rajpura,Singhdalanapur,52978,0.8943722943722944,0.8943722943722944,,,,
up2021__756920,1592,aarthl,Sambhal,Rajpura,Aarthl,204779,56328,1592,arthal,Sambhal,Rajpura,Arthal,2442,0.9,0.9,,,,
up2021__748871,1592,hironi,Sambhal,Rajpura,Hironi,204783,56352,1592,hirauni,Sambhal,Rajpura,Hirauni,22320,0.8944444444444445,0.8944444444444445,,,,
up2021__800469,1592,sindhauli purvi,Sambhal,Rajpura,Sindhauli Purvi,204788,56390,1592,singholi purvi,Sambhal,Rajpura,Singholi Purvi,52989,0.8811111111111112,0.8811111111111112,,,,
up2021__727783,1592,shahpur tohr kheda,Sambhal,Rajpura,Shahpur Tohr Kheda,204800,56384,1592,shahpur,Sambhal,Rajpura,Shahpur,51491,0.8777777777777778,0.8777777777777778,,,,
up2021__756672,1592,devra bhoora,Sambhal,Rajpura,Devra Bhoora,204816,56345,1592,deora bhura,Sambhal,Rajpura,Deora Bhura,15180,0.8848484848484849,0.8848484848484849,,,,
up2021__703482,1592,pavasra,Sambhal,Rajpura,Pavasra,204819,56375,1592,pawsara,Sambhal,Rajpura,Pawsara,43482,0.8793650793650793,0.8793650793650793,,,,
up2021__858984,1592,bhaiserolli,Sambhal,Rajpura,Bhaiserolli,204828,56335,1592,bhainsrauli,Sambhal,Rajpura,Bhainsrauli,8732,0.890909090909091,0.890909090909091,,,,
up2021__918904,1592,karakaura,Sambhal,Rajpura,Karakaura,204830,56360,1592,karkora,Sambhal,Rajpura,Karkora,27207,0.85,0.85,,,,
up2021__935073,1592,sidhoula daulat singh,Sambhal,Rajpura,Sidhoula Daulat Singh,204836,56388,1592,singhola daulat singh,Sambhal,Rajpura,Singhola Daulat Singh,52986,0.8930659983291562,0.8930659983291562,,,,
up2021__929356,1592,ummedpur danda,Sambhal,Rajpura,Ummedpur Danda,204838,297405,1592,umedapur danda,Sambhal,Rajpura,Umedapur Danda,56873,0.8798534798534798,0.8798534798534798,,,,
up2021__1099115,1996,deorkheda,Sambhal,Wania Kheri,Deorkheda,204850,80392,1996,deora khas,Sambhal,Baniyakhera,Deora Khas,15185,0.8669841269841271,0.8669841269841271,,,,
up2021__1137016,1996,khataita,Sambhal,Wania Kheri,Khataita,204854,80412,1996,khabaria,Sambhal,Baniyakhera,Khabaria,28310,0.8833333333333334,0.8833333333333334,,,,
up2021__1102040,1996,buddhanagar khanduaa,Sambhal,Wania Kheri,buddhanagar-khanduaa,204860,80247,1996,budh nagar khandwa,Sambhal,Baniyakhera,Budh Nagar Khandwa,11740,0.8836574074074075,0.8836574074074075,,,,
up2021__1109794,1996,sajni,Sambhal,Wania Kheri,Sajni,204868,80299,1996,sainjni,Sambhal,Baniyakhera,Sainjni,48861,0.8704761904761905,0.8704761904761905,,,,
up2021__1114330,1996,pataroa,Sambhal,Wania Kheri,Pataroa,204869,80291,1996,patrauwa,Sambhal,Baniyakhera,Patrauwa,43349,0.8694444444444446,0.8694444444444446,,,,
up2021__1141315,1996,alawalpur bhataur,Sambhal,Wania Kheri,Alawalpur Bhataur,204874,80232,1996,alawalpuri,Sambhal,Baniyakhera,Alawalpuri,1295,0.8858823529411766,0.8858823529411766,,,,
up2021__1124599,1996,bhagatpoor paheleee,Sambhal,Wania Kheri,Bhagatpoor Paheleee,204889,80384,1996,bhagatpur,Sambhal,Baniyakhera,Bhagatpur,8492,0.8619883040935673,0.8619883040935673,,,,
up2021__1129208,1996,chawada,Sambhal,Wania Kheri,Chawada,204899,80389,1996,chhawara,Sambhal,Baniyakhera,Chhawara,13388,0.8952380952380953,0.8952380952380953,,,,
up2021__1128897,1996,dhanupura chandroua,Sambhal,Wania Kheri,Dhanupura Chandroua,204902,80395,1996,dhanupura,Sambhal,Baniyakhera,Dhanupura,15977,0.8947368421052632,0.8947368421052632,,,,
up2021__1127485,1996,muriakheda,Sambhal,Wania Kheri,Muriakheda,204908,80427,1996,mundiakhera,Sambhal,Baniyakhera,Mundiakhera,38031,0.8739393939393939,0.8739393939393939,,,,
up2021__1148871,1996,rajthal maithra,Sambhal,Wania Kheri,Rajthal Maithra,204915,80432,1996,rajthal,Sambhal,Baniyakhera,Rajthal,45841,0.8933333333333334,0.8933333333333334,,,,
up2021__839358,2005,bahauuddinpur,Sambhal,Sambhal,Bahauuddinpur,204925,297237,2005,bahaudeenpur,Sambhal,Sambhal,Bahaudeenpur,4243,0.8805128205128206,0.8805128205128206,,,,
up2021__839766,2005,katoni,Sambhal,Sambhal,Katoni,204927,80928,2005,katauni,Sambhal,Sambhal,Katauni,27694,0.8944444444444445,0.8944444444444445,,,,
up2021__864950,2005,chimayavli,Sambhal,Sambhal,Chimayavli,204928,80911,2005,chimiyawli,Sambhal,Sambhal,Chimiyawli,13634,0.895,0.895,,,,
up2021__888161,2005,phool sinha,Sambhal,Sambhal,Phool Sinha,204930,80956,2005,phul singh,Sambhal,Sambhal,Phul Singh,43704,0.8739393939393939,0.8739393939393939,,,,
up2021__899542,2005,mukarwarpur,Sambhal,Sambhal,Mukarwarpur,204935,80949,2005,muqarrabpur,Sambhal,Sambhal,Muqarrabpur,38081,0.8734006734006734,0.8734006734006734,,,,
up2021__908634,2005,waripur bhamroa,Sambhal,Sambhal,Waripur Bhamroa,204936,80900,2005,baripur bhamraua,Sambhal,Sambhal,Baripur Bhamraua,6598,0.8930555555555556,0.8930555555555556,,,,
up2021__913157,2005,mahmudpur immahah,Sambhal,Sambhal,Mahmudpur Immahah,204946,80938,2005,mahmoodpur emma,Sambhal,Sambhal,Mahmoodpur Emma,33979,0.8845098039215685,0.8845098039215685,,,,
up2021__883085,2005,golua,Sambhal,Sambhal,golua,204965,297246,2005,gelua,Sambhal,Sambhal,Gelua,19375,0.88,0.88,,,,
up2021__901764,2005,badraula,Sambhal,Sambhal,Badraula,204986,80903,2005,bhadraola,Sambhal,Sambhal,Bhadraola,8430,0.8958333333333333,0.8958333333333333,,,,
up2021__779729,2005,rahatol,Sambhal,Sambhal,Rahatol,204990,80959,2005,rehtol,Sambhal,Sambhal,Rehtol,47624,0.8642857142857143,0.8642857142857143,,,,
up2021__127846,2074,halwana,Saharanpur,Gangoh,Halwana,204996,85104,2074,halvana must,Saharanpur,Gangoh,Halvana Must.,21136,0.85,0.85,,,,
up2021__32205,2074,sinoli,Saharanpur,Gangoh,Sinoli,205050,85143,2074,sinauli,Saharanpur,Gangoh,Sinauli,52881,0.8944444444444445,0.8944444444444445,,,,
up2021__47651,2074,jehra,Saharanpur,Gangoh,Jehra,205063,85106,2074,jahra,Saharanpur,Gangoh,Jahra,23503,0.88,0.88,,,,
up2021__123096,2074,shakurpur shakaror,Saharanpur,Gangoh,Shakurpur Shakaror,205085,85141,2074,sakrpur sankror,Saharanpur,Gangoh,Sakrpur Sankror,49053,0.8919047619047621,0.8919047619047621,,,,
up2021__29349,2073,diwalhedi,Saharanpur,Devbanda,Diwalhedi,205092,85031,2073,dival heri,Saharanpur,Deoband,Dival Heri,16809,0.8607407407407408,0.8607407407407408,,,,
up2021__32739,2073,khadnja ahmadpur,Saharanpur,Devbanda,Khadnja Ahmadpur,205100,85048,2073,kharanja ahmadpur,Saharanpur,Deoband,Kharanja Ahmadpur,29083,0.8957434640522876,0.8957434640522876,,,,
up2021__118824,2073,theethki,Saharanpur,Devbanda,Theethki,205109,85072,2073,thitki,Saharanpur,Deoband,Thitki,55705,0.8555555555555556,0.8555555555555556,,,,
up2021__132654,2073,saanpla khatri,Saharanpur,Devbanda,Saanpla Khatri,205115,85068,2073,sanpla khatri,Saharanpur,Deoband,Sanpla Khatri,49684,0.8989010989010989,0.8989010989010989,,,,
up2021__196658,2073,bhayala kalan,Saharanpur,Devbanda,Bhayala Kalan,205120,85025,2073,bhaila kalan,Saharanpur,Deoband,Bhaila Kalan,8679,0.881021756021756,0.881021756021756,,,,
up2021__14368,2073,bhadedi majbata,Saharanpur,Devbanda,Bhadedi Majbata,205121,267610,2073,badheri mazbata,Saharanpur,Deoband,Badheri Mazbata,3706,0.896923076923077,0.896923076923077,,,,
up2021__15797,2073,noonabadi,Saharanpur,Devbanda,Noonabadi,205123,85058,2073,nunabadi,Saharanpur,Deoband,Nunabadi,40960,0.8958333333333333,0.8958333333333333,,,,
up2021__72095,2073,jadoda jatat,Saharanpur,Devbanda,Jadoda Jatat,205141,85043,2073,jadauda jatt,Saharanpur,Deoband,Jadauda Jatt,23138,0.8974747474747474,0.8974747474747474,,,,
up2021__74089,2073,rasulpur tank,Saharanpur,Devbanda,Rasulpur Tank,205145,85063,2073,rasoolpur taunk,Saharanpur,Deoband,Rasoolpur Taunk,47111,0.897094017094017,0.897094017094017,,,,
up2021__35680,2077,badhi,Saharanpur,Nakud,Badhi,205170,85300,2077,baghi,Saharanpur,Nakur,Baghi,3978,0.8933333333333333,0.8933333333333333,,,,
up2021__45922,2077,bishnupur,Saharanpur,Nakud,Bishnupur,205177,267038,2077,bisanpur,Saharanpur,Nakur,Bisanpur,11292,0.8856481481481482,0.8856481481481482,,,,
up2021__87924,2077,asara kedi,Saharanpur,Nakud,Asara Kedi,205194,85299,2077,asra kheri,Saharanpur,Nakur,Asra Kheri,2724,0.8600000000000001,0.8600000000000001,,,,
up2021__142857,2077,tirapadi,Saharanpur,Nakud,Tirapadi,205202,85365,2077,tirpari,Saharanpur,Nakur,Tirpari,56108,0.8694444444444446,0.8694444444444446,,,,
up2021__37181,2077,jagaihata najib,Saharanpur,Nakud,Jagaihata Najib,205217,85324,2077,jageta najib,Saharanpur,Nakur,Jageta Najib,23383,0.8546969696969696,0.8546969696969696,,,,
up2021__58167,2077,nathodi,Saharanpur,Nakud,Nathodi,205225,267108,2077,nathauri,Saharanpur,Nakur,Nathauri,39901,0.8678571428571429,0.8678571428571429,,,,
up2021__7918,2077,naya gaon urf nayabans,Saharanpur,Nakud,Naya Gaon Urf Nayabans,205226,242357,2077,naya gaon,Saharanpur,Nakur,Naya Gaon,40264,0.8818181818181818,0.8818181818181818,,,,
up2021__28866,2077,bhooribans,Saharanpur,Nakud,Bhooribans,205230,85306,2077,bhuri bans,Saharanpur,Nakur,Bhuri Bans,10505,0.8933333333333333,0.8933333333333333,,,,
up2021__103100,2077,sarurpur tiga,Saharanpur,Nakud,Sarurpur Tiga,205231,85355,2077,saroorpur taga,Saharanpur,Nakur,Saroorpur Taga,50470,0.8716783216783217,0.8716783216783217,,,,
up2021__117215,2076,kourva,Saharanpur,Nagal,Kourva,205241,85263,2076,kaurva,Saharanpur,Nagal,Kaurva,28028,0.9,0.9,,,,
up2021__151426,2076,mirpur mohanpur,Saharanpur,Nagal,Mirpur Mohanpur,205260,242366,2076,meerpur mahanpur,Saharanpur,Nagal,Meerpur Mahanpur,36448,0.8806730769230768,0.8806730769230768,,,,
up2021__121264,2076,alhanpur atlakhedi,Saharanpur,Nagal,Alhanpur Atlakhedi,205264,85235,2076,allanpur atla,Saharanpur,Nagal,Allanpur Atla,1450,0.8905982905982907,0.8905982905982907,,,,
up2021__106875,2076,saluni,Saharanpur,Nagal,Saluni,205269,85285,2076,salooni,Saharanpur,Nagal,Salooni,49301,0.8944444444444445,0.8944444444444445,,,,
up2021__150607,2076,pathaudi bakkal,Saharanpur,Nagal,Pathaudi Bakkal,205271,267623,2076,pathori bakkal,Saharanpur,Nagal,Pathori Bakkal,43228,0.8814285714285713,0.8814285714285713,,,,
up2021__143128,2076,dhyana,Saharanpur,Nagal,Dhyana,205276,242367,2076,dhayana,Saharanpur,Nagal,Dhayana,16313,0.873015873015873,0.873015873015873,,,,
up2021__138137,2076,manojpur,Saharanpur,Nagal,Manojpur,205281,267629,2076,manoharpur,Saharanpur,Nagal,Manoharpur,35557,0.8864285714285713,0.8864285714285713,,,,
up2021__106448,2076,khajuraala,Saharanpur,Nagal,Khajuraala,205291,85264,2076,khajoorwala,Saharanpur,Nagal,Khajoorwala,28515,0.8804545454545455,0.8804545454545455,,,,
up2021__141948,2076,rasulpur khedi,Saharanpur,Nagal,Rasulpur Khedi,205297,85281,2076,rasoolpur kheri must,Saharanpur,Nagal,Rasoolpur Kheri Must.,47091,0.8538888888888889,0.8538888888888889,,,,
up2021__101884,2076,nangli mahnaj,Saharanpur,Nagal,Nangli Mahnaj,205302,85270,2076,nagli mehnajpur,Saharanpur,Nagal,Nagli Mehnajpur,38968,0.8636208236208236,0.8636208236208236,,,,
up2021__75760,2078,badgaon,Saharanpur,Nanauta,Badgaon,205305,85380,2078,bud gaon,Saharanpur,Nanauta,Bud Gaon,11676,0.8821428571428571,0.8821428571428571,,,,
up2021__67847,2078,tikarol,Saharanpur,Nanauta,Tikarol,205320,85408,2078,tikraul,Saharanpur,Nanauta,Tikraul,55929,0.8944444444444445,0.8944444444444445,,,,
up2021__22143,2078,bhaari deendarpur,Saharanpur,Nanauta,Bhaari Deendarpur,205331,85376,2078,bharidin daranpur,Saharanpur,Nanauta,Bharidin Daranpur,9185,0.8828758169934641,0.8828758169934641,,,,
up2021__28052,2078,kuan kheda,Saharanpur,Nanauta,Kuan Kheda,205333,243010,2078,kuwa khera,Saharanpur,Nanauta,Kuwa Khera,31793,0.8933333333333333,0.8933333333333333,,,,
up2021__87948,2078,jadodapanda,Saharanpur,Nanauta,JadodaPanda,205341,85387,2078,jadauda panda,Saharanpur,Nanauta,Jadauda Panda,23139,0.854941724941725,0.854941724941725,,,,
up2021__87314,2078,nanheda khurda,Saharanpur,Nanauta,Nanheda Khurda,205346,85401,2078,nanhera khurd must,Saharanpur,Nanauta,Nanhera Khurd Must.,39351,0.888095238095238,0.888095238095238,,,,
up2021__142826,2079,buddhakheda ahir,Saharanpur,Puranka,Buddhakheda Ahir,205362,85417,2079,budha kheda aheer,Saharanpur,Puwarka,Budha Kheda Aheer,11685,0.8963235294117647,0.8963235294117647,,,,
up2021__152127,2079,chajepura,Saharanpur,Puranka,Chajepura,205375,85424,2079,chhazpura,Saharanpur,Puwarka,Chhazpura,13391,0.8814814814814814,0.8814814814814814,,,,
up2021__52981,2079,mahmudpur tiwai,Saharanpur,Puranka,Mahmudpur Tiwai,205381,85453,2079,mahmoodpur tiwayee must,Saharanpur,Puwarka,Mahmoodpur Tiwayee Must.,33993,0.8709921962095875,0.8709921962095875,,,,
up2021__64245,2079,pali,Saharanpur,Puranka,Pali,205385,85470,2079,pali must,Saharanpur,Puwarka,Pali Must,42052,0.888888888888889,0.888888888888889,,,,
up2021__122983,2079,puwaranka,Saharanpur,Puranka,Puwaranka,205404,85472,2079,punwarka,Saharanpur,Puwarka,Punwarka,44622,0.8693121693121693,0.8693121693121693,,,,
up2021__137491,2079,amarpur urf chandpur,Saharanpur,Puranka,Amarpur Urf Chandpur,205418,85411,2079,amarpur sheikhpur chandpur,Saharanpur,Puwarka,Amarpur Sheikhpur Chandpur,1621,0.8940485829959514,0.8940485829959514,,,,
up2021__147134,2079,bahedi gurjar,Saharanpur,Puranka,Bahedi Gurjar,205438,85414,2079,behadi guzar,Saharanpur,Puwarka,Behadi Guzar,7661,0.8743006993006993,0.8743006993006993,,,,
up2021__96625,2079,datouli ranghad,Saharanpur,Puranka,Datouli Ranghad,205442,85427,2079,datauli rangad,Saharanpur,Puwarka,Datauli Rangad,14721,0.8804273504273504,0.8804273504273504,,,,
up2021__188426,2079,buddhakheda punndir,Saharanpur,Puranka,Buddhakheda Punndir,205446,85418,2079,budhakhera pundir must,Saharanpur,Puwarka,Budhakhera Pundir Must,11687,0.8849381977671452,0.8849381977671452,,,,
up2021__181416,2079,jaigner,Saharanpur,Puranka,Jaigner,205451,85441,2079,jajner,Saharanpur,Puwarka,Jajner,23683,0.8793650793650793,0.8793650793650793,,,,
up2021__132844,2072,soobhri mehraab,Saharanpur,Baliyakhedi,Soobhri Mehraab,205458,242361,2072,subhari mahrab,Saharanpur,Ballia Kheri,Subhari Mahrab,53950,0.8721428571428571,0.8721428571428571,,,,
up2021__139577,2072,umahee,Saharanpur,Baliyakhedi,Umahee,205459,85017,2072,umahi,Saharanpur,Ballia Kheri,Umahi,56743,0.8933333333333334,0.8933333333333334,,,,
up2021__97767,2072,kankarqui,Saharanpur,Baliyakhedi,Kankarqui,205464,84977,2072,kankar kooi,Saharanpur,Ballia Kheri,Kankar Kooi,26671,0.8828282828282829,0.8828282828282829,,,,
up2021__148113,2072,jamappur beri,Saharanpur,Baliyakhedi,Jamappur Beri,205476,84975,2072,jamapur bari must,Saharanpur,Ballia Kheri,Jamapur Bari Must.,24012,0.8986425339366516,0.8986425339366516,,,,
up2021__146655,2072,meghchhapar,Saharanpur,Baliyakhedi,Meghchhapar,205494,84990,2072,magh chappar,Saharanpur,Ballia Kheri,Magh Chappar,33524,0.8704545454545455,0.8704545454545455,,,,
up2021__37563,2072,ghoghreki,Saharanpur,Baliyakhedi,Ghoghreki,205500,84972,2072,ghoghriki must,Saharanpur,Ballia Kheri,Ghoghriki Must.,19579,0.8670634920634921,0.8670634920634921,,,,
up2021__17692,2072,pairagpur,Saharanpur,Baliyakhedi,Pairagpur,205502,85002,2072,paragpur must,Saharanpur,Ballia Kheri,Paragpur Must.,42394,0.8678062678062678,0.8678062678062678,,,,
up2021__76880,2072,krishna,Saharanpur,Baliyakhedi,Krishna,205506,267641,2072,krrishni,Saharanpur,Ballia Kheri,Krrishni,30912,0.8952380952380953,0.8952380952380953,,,,
up2021__91445,2072,sunheti khadkhadi,Saharanpur,Baliyakhedi,Sunheti Khadkhadi,205508,85015,2072,sunathi khadkhdki,Saharanpur,Ballia Kheri,Sunathi Khadkhdki,54334,0.8996323529411765,0.8996323529411765,,,,
up2021__23390,2072,fiarahedi,Saharanpur,Baliyakhedi,Fiarahedi,205513,84969,2072,feera hadi,Saharanpur,Ballia Kheri,Feera Hadi,17978,0.8691666666666668,0.8691666666666668,,,,
up2021__40400,2072,aabha,Saharanpur,Baliyakhedi,Aabha,205516,84953,2072,abbha,Saharanpur,Ballia Kheri,Abbha,84,0.88,0.88,,,,
up2021__148828,2072,bhabhari,Saharanpur,Baliyakhedi,Bhabhari,205520,84954,2072,baabri,Saharanpur,Ballia Kheri,Baabri,3246,0.875,0.875,,,,
up2021__146633,2075,pithauri,Saharanpur,Muzaffarabad,Pithauri,205533,85215,2075,pithoori,Saharanpur,Muzaffarabad,Pithoori,44317,0.9,0.9,,,,
up2021__143896,2075,bhaddi goghu,Saharanpur,Muzaffarabad,Bhaddi Goghu,205538,85165,2075,badhedi ghoghu,Saharanpur,Muzaffarabad,Badhedi Ghoghu,3698,0.8821428571428571,0.8821428571428571,,,,
up2021__146060,2075,beheda kalan,Saharanpur,Muzaffarabad,Beheda kalan,205539,85163,2075,behada kalan,Saharanpur,Muzaffarabad,Behada Kalan,7659,0.8974747474747474,0.8974747474747474,,,,
up2021__147443,2075,kalisia,Saharanpur,Muzaffarabad,Kalisia,205550,242372,2075,kalsiya,Saharanpur,Muzaffarabad,Kalsiya,26092,0.8944444444444445,0.8944444444444445,,,,
up2021__147622,2075,mau0pur kandhela,Saharanpur,Muzaffarabad,Mau0Pur Kandhela,205565,85202,2075,mohd pur kandhela,Saharanpur,Muzaffarabad,Mohd. Pur Kandhela,37348,0.8500848416289594,0.8500848416289594,,,,
up2021__148606,2075,farakpur niwaada,Saharanpur,Muzaffarabad,Farakpur Niwaada,205568,85180,2075,farkhpur nawada,Saharanpur,Muzaffarabad,Farkhpur Nawada,17741,0.8886111111111111,0.8886111111111111,,,,
up2021__109313,2075,saradahedi,Saharanpur,Muzaffarabad,Saradahedi,205578,85224,2075,sarda heri,Saharanpur,Muzaffarabad,Sarda Heri,50308,0.8775000000000001,0.8775000000000001,,,,
up2021__115305,2075,nauserhedi,Saharanpur,Muzaffarabad,Nauserhedi,205580,85210,2075,nausar hedi must,Saharanpur,Muzaffarabad,Nausar Hedi Must.,40077,0.8702777777777777,0.8702777777777777,,,,
up2021__12989,2075,saluni,Saharanpur,Muzaffarabad,Saluni,205586,85222,2075,salooni,Saharanpur,Muzaffarabad,Salooni,49300,0.8944444444444445,0.8944444444444445,,,,
up2021__17837,2075,bhaakaroad,Saharanpur,Muzaffarabad,Bhaakaroad,205588,266557,2075,bhakroad,Saharanpur,Muzaffarabad,Bhakroad,8879,0.895,0.895,,,,
up2021__147711,2075,bijopura,Saharanpur,Muzaffarabad,Bijopura,205592,85170,2075,bizopuri,Saharanpur,Muzaffarabad,Bizopuri,11505,0.8666666666666667,0.8666666666666667,,,,
up2021__12027,2075,daoodpura,Saharanpur,Muzaffarabad,Daoodpura,205596,239164,2075,daoud pura,Saharanpur,Muzaffarabad,Daoud Pura,14462,0.8982407407407408,0.8982407407407408,,,,
up2021__33089,2075,bhainsarau,Saharanpur,Muzaffarabad,Bhainsarau,205599,85166,2075,bhais rauo,Saharanpur,Muzaffarabad,Bhais Rauo,8839,0.895,0.895,,,,
up2021__19767,2075,fareedpur urf manduwal,Saharanpur,Muzaffarabad,Fareedpur Urf Manduwal,205601,85179,2075,faridpur alis manduwala,Saharanpur,Muzaffarabad,Faridpur Alis Manduwala,17716,0.8723746415562271,0.8723746415562271,,,,
up2021__11701,2075,mirgpur panjuwala,Saharanpur,Muzaffarabad,Mirgpur Panjuwala,205604,85201,2075,miragpur panjuwala,Saharanpur,Muzaffarabad,Miragpur Panjuwala,36709,0.890958605664488,0.890958605664488,,,,
up2021__140538,2075,takiipur,Saharanpur,Muzaffarabad,Takiipur,205606,85228,2075,takipur mustafabad,Saharanpur,Muzaffarabad,Takipur Mustafabad,54832,0.8527777777777777,0.8527777777777777,,,,
up2021__15004,2075,fakarpur,Saharanpur,Muzaffarabad,Fakarpur,205616,85178,2075,fakharpur must,Saharanpur,Muzaffarabad,Fakharpur Must.,17624,0.9,0.9,,,,
up2021__109468,2080,saktapur,Saharanpur,Rampur Maniharan,Saktapur,205635,85523,2080,sakatpur must,Saharanpur,Rampur Maniharan,Sakatpur Must,48968,0.8810897435897437,0.8810897435897437,,,,
up2021__123701,2080,buddhakheda gurjar,Saharanpur,Rampur Maniharan,Buddhakheda Gurjar,205636,85493,2080,buddha khera guzzar,Saharanpur,Rampur Maniharan,Buddha Khera Guzzar,11666,0.8961988304093567,0.8961988304093567,,,,
up2021__119215,2080,madanuki,Saharanpur,Rampur Maniharan,Madanuki,205637,85510,2080,madnooki,Saharanpur,Rampur Maniharan,Madnooki,33456,0.8833333333333334,0.8833333333333334,,,,
up2021__103585,2080,chahedi,Saharanpur,Rampur Maniharan,Chahedi,205641,267378,2080,chehari,Saharanpur,Rampur Maniharan,Chehari,13166,0.8793650793650793,0.8793650793650793,,,,
up2021__126402,2080,halgowa,Saharanpur,Rampur Maniharan,Halgowa,205649,85503,2080,halgoya must,Saharanpur,Rampur Maniharan,Halgoya Must,21113,0.8714285714285714,0.8714285714285714,,,,
up2021__37067,2080,sambhalhedi,Saharanpur,Rampur Maniharan,Sambhalhedi,205655,85525,2080,sambelheri,Saharanpur,Rampur Maniharan,Sambelheri,49407,0.8804545454545455,0.8804545454545455,,,,
up2021__31936,2080,subhari,Saharanpur,Rampur Maniharan,Subhari,205656,85532,2080,soobhari,Saharanpur,Rampur Maniharan,Soobhari,53843,0.8821428571428571,0.8821428571428571,,,,
up2021__132597,2080,umri kalan,Saharanpur,Rampur Maniharan,Umri Kalan,205671,85536,2080,umari kalan,Saharanpur,Rampur Maniharan,Umari Kalan,56816,0.8957575757575758,0.8957575757575758,,,,
up2021__93755,2080,sawantkhedi,Saharanpur,Rampur Maniharan,Sawantkhedi,205675,267532,2080,savant kheri,Saharanpur,Rampur Maniharan,Savant Kheri,50793,0.8848484848484849,0.8848484848484849,,,,
up2021__93896,2080,tapri,Saharanpur,Rampur Maniharan,Tapri,205676,85533,2080,tapri must,Saharanpur,Rampur Maniharan,Tapri Must.,55025,0.9,0.9,,,,
up2021__114681,2082,saragthalwala,Saharanpur,Sarsawa,Saragthalwala,205683,85670,2082,saragathal bala,Saharanpur,Sarsawan,Saragathal Bala,49748,0.8946153846153847,0.8946153846153847,,,,
up2021__124490,2082,suraana,Saharanpur,Sarsawa,Suraana,205684,85669,2082,saorana,Saharanpur,Sarsawan,Saorana,49725,0.8642857142857143,0.8642857142857143,,,,
up2021__64558,2082,pathed mustakam,Saharanpur,Sarsawa,Pathed Mustakam,205688,85658,2082,pateher must,Saharanpur,Sarsawan,Pateher Must.,43159,0.86,0.86,,,,
up2021__67793,2082,buddhakheda,Saharanpur,Sarsawa,Buddhakheda,205704,266843,2082,budha kheri,Saharanpur,Sarsawan,Budha Kheri,11688,0.8727272727272728,0.8727272727272728,,,,
up2021__42800,2082,manojpur,Saharanpur,Sarsawa,Manojpur,205709,85653,2082,manoharpur,Saharanpur,Sarsawan,Manoharpur,35556,0.8864285714285713,0.8864285714285713,,,,
up2021__28366,2082,sarsohedi,Saharanpur,Sarsawa,Sarsohedi,205720,85673,2082,sarso hari,Saharanpur,Sarsawan,Sarso Hari,50542,0.8955555555555555,0.8955555555555555,,,,
up2021__100607,2082,ahaadi,Saharanpur,Sarsawa,Ahaadi,205739,266852,2082,ahari,Saharanpur,Sarsawan,Ahari,494,0.8755555555555556,0.8755555555555556,,,,
up2021__41641,2082,sariri,Saharanpur,Sarsawa,Sariri,205761,85666,2082,saliri,Saharanpur,Sarsawan,Saliri,49286,0.8577777777777779,0.8577777777777779,,,,
up2021__52370,2082,majari kalo,Saharanpur,Sarsawa,Majari Kalo,205777,85650,2082,majri kalan,Saharanpur,Sarsawan,Majri Kalan,34647,0.8875757575757576,0.8875757575757576,,,,
up2021__104841,2082,bidpur,Saharanpur,Sarsawa,Bidpur,205781,85609,2082,beedpur,Saharanpur,Sarsawan,Beedpur,7579,0.8642857142857143,0.8642857142857143,,,,
up2021__95970,2082,sururpur gada,Saharanpur,Sarsawa,Sururpur Gada,205783,85671,2082,saroorpur gada,Saharanpur,Sarsawan,Saroorpur Gada,50468,0.8622877122877123,0.8622877122877123,,,,
up2021__70749,2081,fatehullapur urf jatovala,Saharanpur,Sadholi Kadim,Fatehullapur Urf Jatovala,205794,85551,2081,fatehullapur,Saharanpur,Sadauli Qadeem,Fatehullapur,17891,0.896,0.896,,,,
up2021__6209,2081,naushera,Saharanpur,Sadholi Kadim,Naushera,205809,266611,2081,noshera,Saharanpur,Sadauli Qadeem,Noshera,40941,0.8821428571428571,0.8821428571428571,,,,
up2021__73638,2081,sadholi kadim,Saharanpur,Sadholi Kadim,Sadholi Kadim,205811,85586,2081,sadhauli kadeem,Saharanpur,Sadauli Qadeem,Sadhauli Kadeem,48307,0.8795337995337995,0.8795337995337995,,,,
up2021__19758,2081,ruhalki,Saharanpur,Sadholi Kadim,Ruhalki,205818,266613,2081,roohalki,Saharanpur,Sadauli Qadeem,Roohalki,47871,0.8821428571428571,0.8821428571428571,,,,
up2021__24568,2081,ruhalka,Saharanpur,Sadholi Kadim,Ruhalka,205819,85585,2081,roohalka,Saharanpur,Sadauli Qadeem,Roohalka,47870,0.8821428571428571,0.8821428571428571,,,,
up2021__176999,2081,rogala hathauli,Saharanpur,Sadholi Kadim,Rogala Hathauli,205822,85579,2081,ragla hatholi,Saharanpur,Sadauli Qadeem,Ragla Hatholi,45205,0.8919230769230769,0.8919230769230769,,,,
up2021__153109,2081,mau shafipur,Saharanpur,Sadholi Kadim,Mau Shafipur,205827,267955,2081,mohd shafipur,Saharanpur,Sadauli Qadeem,Mohd. Shafipur,37353,0.8507692307692308,0.8507692307692308,,,,
up2021__158260,2081,khedi ahtamal,Saharanpur,Sadholi Kadim,Khedi Ahtamal,205836,266617,2081,kheri aht,Saharanpur,Sadauli Qadeem,Kheri Aht,29508,0.8843304843304843,0.8843304843304843,,,,
up2021__176799,2081,madhati,Saharanpur,Sadholi Kadim,Maḍhatī,205840,85564,2081,madathi must,Saharanpur,Sadauli Qadeem,Madathi Must,33223,0.8694444444444446,0.8694444444444446,,,,
up2021__176219,2081,mahmudpur nangli,Saharanpur,Sadholi Kadim,Mahmudpur Nangli,205841,85567,2081,mahmoodpur nagli must,Saharanpur,Sadauli Qadeem,Mahmoodpur Nagli Must.,33988,0.894047619047619,0.894047619047619,,,,
up2021__174540,2081,said mau0pur gadh,Saharanpur,Sadholi Kadim,Said Mau0pur Gadh,205842,85588,2081,said mohdpur garh must,Saharanpur,Sadauli Qadeem,Said Mohdpur Garh Must.,48722,0.8861675579322638,0.8861675579322638,,,,
up2021__121130,2081,nanauli,Saharanpur,Sadholi Kadim,Nanauli,205846,85574,2081,nanoli,Saharanpur,Sadauli Qadeem,Nanoli,39370,0.8944444444444445,0.8944444444444445,,,,
up2021__90517,2081,abdullapur,Saharanpur,Sadholi Kadim,Abdullapur,205861,85538,2081,abdullapur mazra behat,Saharanpur,Sadauli Qadeem,Abdullapur-Mazra Behat,112,0.890909090909091,0.890909090909091,,,,
up2021__100169,2081,chak khijarpur,Saharanpur,Sadholi Kadim,Chak Khijarpur,205866,85560,2081,chack khizarpur mutafapur,Saharanpur,Sadauli Qadeem,Chack Khizarpur Mutafapur,11900,0.8713333333333333,0.8713333333333333,,,,
up2021__982507,2123,imilia,Siddharth Nagar,Itwa,Imilia,205888,88299,2123,imliya,Siddharth Nagar,Itwa,Imliya,22701,0.8577777777777779,0.8577777777777779,,,,
up2021__507754,2123,chhagidhwa,Siddharth Nagar,Itwa,Chhagidhwa,205891,88292,2123,chagrihwa,Siddharth Nagar,Itwa,Chagrihwa,11927,0.8503703703703704,0.8503703703703704,,,,
up2021__547283,2123,pipari bu0,Siddharth Nagar,Itwa,Pipari Bu0,205907,88341,2123,pipri buzurg,Siddharth Nagar,Itwa,Pipri Buzurg,44217,0.8755555555555556,0.8755555555555556,,,,
up2021__543628,2123,madarhawa,Siddharth Nagar,Itwa,Madarhawa,205912,88323,2123,madrahva,Siddharth Nagar,Itwa,Madrahva,33477,0.8856481481481482,0.8856481481481482,,,,
up2021__621640,2123,virwa pur,Siddharth Nagar,Itwa,Virwa Pur,205918,270313,2123,viravapur,Siddharth Nagar,Itwa,Viravapur,57451,0.8962962962962963,0.8962962962962963,,,,
up2021__576243,2123,kewatli,Siddharth Nagar,Itwa,Kewatli,205947,270328,2123,kevtali,Siddharth Nagar,Itwa,Kevtali,28266,0.8793650793650793,0.8793650793650793,,,,
up2021__561305,2131,chourasi,Siddharth Nagar,UskaBazar,Chourasi,205961,88863,2131,chaurasi,Siddharth Nagar,Uska Bazar,Chaurasi,13105,0.8952380952380953,0.8952380952380953,,,,
up2021__540551,2131,chokhar,Siddharth Nagar,UskaBazar,Chokhar,205965,88864,2131,chorwar,Siddharth Nagar,Uska Bazar,Chorwar,13867,0.8666666666666668,0.8666666666666668,,,,
up2021__471247,2131,hatthivadatal,Siddharth Nagar,UskaBazar,Hatthivadatal,205978,88870,2131,hathiwadtal,Siddharth Nagar,Uska Bazar,Hathiwadtal,22014,0.8782750582750583,0.8782750582750583,,,,
up2021__500470,2131,badha,Siddharth Nagar,UskaBazar,Badha,205984,88857,2131,bardaha,Siddharth Nagar,Uska Bazar,Bardaha,6285,0.8704761904761905,0.8704761904761905,,,,
up2021__512586,2131,vasavanpur,Siddharth Nagar,UskaBazar,Vasavanpur,205988,88858,2131,basawanpur,Siddharth Nagar,Uska Bazar,Basawanpur,7151,0.8666666666666667,0.8666666666666667,,,,
up2021__478553,2131,laxmanpur,Siddharth Nagar,UskaBazar,Laxmanpur,205994,271890,2131,lachhanpur,Siddharth Nagar,Uska Bazar,Lachhanpur,31846,0.8607407407407408,0.8607407407407408,,,,
up2021__511366,2131,kolhua dwitiya,Siddharth Nagar,UskaBazar,Kolhua Dwitiya,205996,274048,2131,kolhuwa,Siddharth Nagar,Uska Bazar,Kolhuwa,30488,0.8714285714285714,0.8714285714285714,,,,
up2021__588935,2126,jabjowa,Siddharth Nagar,Khuniyav,Jabjowa,206027,88536,2126,jabjauwa,Siddharth Nagar,Khuniyaon,Jabjauwa,23128,0.8880952380952382,0.8880952380952382,,,,
up2021__523491,2126,udwalia,Siddharth Nagar,Khuniyav,Udwalia,206029,88592,2126,urwaliya,Siddharth Nagar,Khuniyaon,Urwaliya,57068,0.8821428571428571,0.8821428571428571,,,,
up2021__559964,2126,balwa,Siddharth Nagar,Khuniyav,Balwa,206037,88513,2126,belwa,Siddharth Nagar,Khuniyaon,Belwa,8011,0.88,0.88,,,,
up2021__651522,2126,babhni mafi,Siddharth Nagar,Khuniyav,Babhni Mafi,206060,88504,2126,babhani maphi,Siddharth Nagar,Khuniyaon,Babhani Maphi,3326,0.8956643356643357,0.8956643356643357,,,,
up2021__502342,2126,gagwal,Siddharth Nagar,Khuniyav,Gagwal,206063,88527,2126,gangawal,Siddharth Nagar,Khuniyaon,Gangawal,18683,0.888888888888889,0.888888888888889,,,,
up2021__543132,2126,rudrauliya bu,Siddharth Nagar,Khuniyav,Rudrauliya Bu,206085,88581,2126,rudrooliya bujurg,Siddharth Nagar,Khuniyaon,Rudrooliya Bujurg,48017,0.8757918552036199,0.8757918552036199,,,,
up2021__565208,2126,dhaurhara may parasai khas,Siddharth Nagar,Khuniyav,Dhaurhara May Parasai Khas,206086,88521,2126,dhaurahramai parsadikhas,Siddharth Nagar,Khuniyaon,Dhaurahramai Parsadikhas,16256,0.8980186480186481,0.8980186480186481,,,,
up2021__621838,2126,davbharia,Siddharth Nagar,Khuniyav,Davbharia,206100,88520,2126,dev bhariya,Siddharth Nagar,Khuniyaon,Dev Bhariya,15342,0.8848484848484848,0.8848484848484848,,,,
up2021__580646,2126,tigraghat,Siddharth Nagar,Khuniyav,Tigraghat,206105,88590,2126,tighra,Siddharth Nagar,Khuniyaon,Tighra,55772,0.8833333333333334,0.8833333333333334,,,,
up2021__524511,2126,bankata paschimi,Siddharth Nagar,Khuniyav,Bankata Paschimi,206114,270345,2126,bankata,Siddharth Nagar,Khuniyaon,Bankata,5645,0.8875,0.8875,,,,
up2021__534216,2126,mithauwa,Siddharth Nagar,Khuniyav,Mithauwa,206117,270363,2126,mithuva,Siddharth Nagar,Khuniyaon,Mithuva,37006,0.8880952380952382,0.8880952380952382,,,,
up2021__560385,2125,khasraha,Siddharth Nagar,Khesarha,Khasraha,206127,88467,2125,khesraha,Siddharth Nagar,Khesraha,Khesraha,29558,0.8571428571428572,0.8571428571428572,,,,
up2021__515905,2125,dhamora,Siddharth Nagar,Khesarha,DhaMora,206142,88452,2125,dhamaura,Siddharth Nagar,Khesraha,Dhamaura,15707,0.8880952380952382,0.8880952380952382,,,,
up2021__702338,2125,pipara faradaga,Siddharth Nagar,Khesarha,Pipara Faradaga,206150,88487,2125,pipra fardang,Siddharth Nagar,Khesraha,Pipra Fardang,44087,0.8576068376068375,0.8576068376068375,,,,
up2021__714389,2125,betsa,Siddharth Nagar,Khesarha,Betsa,206155,88435,2125,batsa,Siddharth Nagar,Khesraha,Batsa,7426,0.88,0.88,,,,
up2021__527566,2125,budhihar,Siddharth Nagar,Khesarha,Budhihar,206158,243886,2125,baudihar,Siddharth Nagar,Khesraha,Baudihar,7442,0.8821428571428571,0.8821428571428571,,,,
up2021__629713,2125,bankata dwitiya,Siddharth Nagar,Khesarha,Bankata Dwitiya,206160,88430,2125,bankata 2,Siddharth Nagar,Khesraha,Bankata-2,5646,0.8844444444444444,0.8844444444444444,,,,
up2021__637729,2125,banoli,Siddharth Nagar,Khesarha,Banoli,206163,88426,2125,banauli,Siddharth Nagar,Khesraha,Banauli,5363,0.8944444444444445,0.8944444444444445,,,,
up2021__511562,2125,banohiya bujurg,Siddharth Nagar,Khesarha,Banohiya Bujurg,206164,88427,2125,banhuia buzurg,Siddharth Nagar,Khesraha,Banhuia Buzurg,5543,0.8811111111111112,0.8811111111111112,,,,
up2021__511206,2125,balwalgunhi,Siddharth Nagar,Khesarha,Balwalgunhi,206170,88439,2125,belwa lagunhi,Siddharth Nagar,Khesraha,Belwa Lagunhi,8042,0.8993006993006994,0.8993006993006994,,,,
up2021__550888,2125,mujdih,Siddharth Nagar,Khesarha,Mujdih,206181,88478,2125,moojdih,Siddharth Nagar,Khesraha,Moojdih,37500,0.8642857142857143,0.8642857142857143,,,,
up2021__606988,2125,kadja,Siddharth Nagar,Khesarha,Kadja,206187,88463,2125,karja,Siddharth Nagar,Khesraha,Karja,27184,0.8933333333333333,0.8933333333333333,,,,
up2021__761864,2125,ssupouli,Siddharth Nagar,Khesarha,Ssupouli,206196,88500,2125,supauli,Siddharth Nagar,Khesraha,Supauli,54417,0.8821428571428571,0.8821428571428571,,,,
up2021__719512,2125,piparadoyam,Siddharth Nagar,Khesarha,Piparadoyam,206207,271888,2125,pipra doyam,Siddharth Nagar,Khesraha,Pipra Doyam,44085,0.8875757575757576,0.8875757575757576,,,,
up2021__570153,2125,tikri pakaria,Siddharth Nagar,Khesarha,Tikri Pakaria,206208,269268,2125,tikari pakariya,Siddharth Nagar,Khesraha,Tikari Pakariya,55878,0.8791452991452992,0.8791452991452992,,,,
up2021__704390,2125,matieriya,Siddharth Nagar,Khesarha,Matieriya,206218,269387,2125,matiyariya,Siddharth Nagar,Khesraha,Matiyariya,36089,0.8877777777777778,0.8877777777777778,,,,
up2021__679217,2124,nadwaliya,Siddharth Nagar,Jogiya,Nadwaliya,206220,88402,2124,nadawaliya,Siddharth Nagar,Jogia,Nadawaliya,38485,0.8988888888888888,0.8988888888888888,,,,
up2021__630752,2124,bhausahawa,Siddharth Nagar,Jogiya,Bhausahawa,206226,274059,2124,bhaisahva,Siddharth Nagar,Jogia,Bhaisahva,8807,0.8781481481481481,0.8781481481481481,,,,
up2021__680031,2124,sakhuhiya,Siddharth Nagar,Jogiya,Sakhuhiya,206228,88414,2124,sekhuiya,Siddharth Nagar,Jogia,Sekhuiya,50953,0.8958333333333333,0.8958333333333333,,,,
up2021__556780,2124,khatvaltivari,Siddharth Nagar,Jogiya,Khatvaltivari,206235,88392,2124,khetawal tiwari,Siddharth Nagar,Jogia,Khetawal Tiwari,29585,0.8636208236208236,0.8636208236208236,,,,
up2021__510332,2124,lakhanpar,Siddharth Nagar,Jogiya,Lakhanpar,206245,88395,2124,lakhanapara karaunda,Siddharth Nagar,Jogia,Lakhanapara(Karaunda),32077,0.8677777777777778,0.8677777777777778,,,,
up2021__622764,2124,siswa bu,Siddharth Nagar,Jogiya,Siswa Bu,206254,88416,2124,sisawa buzurg,Siddharth Nagar,Jogia,Sisawa Buzurg,53329,0.8810897435897437,0.8810897435897437,,,,
up2021__570023,2124,savui sbua,Siddharth Nagar,Jogiya,Savui Sbua,206260,88412,2124,sabui sabua,Siddharth Nagar,Jogia,Sabui Sabua,48222,0.8952188552188552,0.8952188552188552,,,,
up2021__476183,2124,bagra,Siddharth Nagar,Jogiya,Bagra,206263,88365,2124,bangara,Siddharth Nagar,Jogia,Bangara,5485,0.8704761904761905,0.8704761904761905,,,,
up2021__642554,2124,padarikhurd,Siddharth Nagar,Jogiya,Padarikhurd,206271,88409,2124,pedari khurd,Siddharth Nagar,Jogia,Pedari Khurd,43504,0.8927272727272727,0.8927272727272727,,,,
up2021__646635,2124,harnibu0,Siddharth Nagar,Jogiya,Harnibu0,206272,88381,2124,harani buzurg,Siddharth Nagar,Jogia,Harani Buzurg,21291,0.8631410256410256,0.8631410256410256,,,,
up2021__667608,2124,gaighat,Siddharth Nagar,Jogiya,Gaighat,206277,88377,2124,gayaghat,Siddharth Nagar,Jogia,Gayaghat,19323,0.8507936507936509,0.8507936507936509,,,,
up2021__646321,2124,khatwalmishar,Siddharth Nagar,Jogiya,Khatwalmishar,206291,88391,2124,khetawal misra,Siddharth Nagar,Jogia,Khetawal Misra,29584,0.896947496947497,0.896947496947497,,,,
up2021__684608,2122,jamoti,Siddharth Nagar,Dumriaganj,Jamoti,206299,269657,2122,jamauti,Siddharth Nagar,Domariyaganj,Jamauti,24029,0.8944444444444445,0.8944444444444445,,,,
up2021__684829,2122,turakaulia,Siddharth Nagar,Dumriaganj,Turakaulia,206300,269665,2122,turkauliya,Siddharth Nagar,Domariyaganj,Turkauliya,56400,0.8755555555555556,0.8755555555555556,,,,
up2021__652814,2122,vithariyaa,Siddharth Nagar,Dumriaganj,Vithariyaa,206313,273952,2122,bithariya,Siddharth Nagar,Domariyaganj,Bithariya,11472,0.8962962962962964,0.8962962962962964,,,,
up2021__575117,2122,babhni mafi rahra,Siddharth Nagar,Dumriaganj,Babhni Mafi Rahra,206318,88170,2122,babhnimaphi,Siddharth Nagar,Domariyaganj,Babhnimaphi,3368,0.8794652406417113,0.8794652406417113,,,,
up2021__476760,2122,jharahwa,Siddharth Nagar,Dumriaganj,Jharahwa,206353,88215,2122,jhahrao,Siddharth Nagar,Domariyaganj,Jhahrao,24822,0.8694444444444446,0.8694444444444446,,,,
up2021__695446,2122,aasanhara,Siddharth Nagar,Dumriaganj,Aasanhara,206357,273955,2122,asnahara,Siddharth Nagar,Domariyaganj,Asnahara,2691,0.8541666666666666,0.8541666666666666,,,,
up2021__596679,2122,mahaniya,Siddharth Nagar,Dumriaganj,Mahaniya,206374,88231,2122,mahtiniya,Siddharth Nagar,Domariyaganj,Mahtiniya,34131,0.8856481481481482,0.8856481481481482,,,,
up2021__675372,2122,bewa ziuddin,Siddharth Nagar,Dumriaganj,Bewa Ziuddin,206376,88180,2122,beva jiyauddin,Siddharth Nagar,Domariyaganj,Beva Jiyauddin,8232,0.8793650793650793,0.8793650793650793,,,,
up2021__631966,2122,wgadihwa,Siddharth Nagar,Dumriaganj,Wgadihwa,206377,88172,2122,bagdihwa,Siddharth Nagar,Domariyaganj,Bagdihwa,3888,0.8690476190476191,0.8690476190476191,,,,
up2021__683507,2122,tilgadia,Siddharth Nagar,Dumriaganj,Tilgadia,206383,88274,2122,tilgadiya bujurg,Siddharth Nagar,Domariyaganj,Tilgadiya Bujurg,56002,0.9,0.9,,,,
up2021__683343,2122,jababauwa,Siddharth Nagar,Dumriaganj,Jababauwa,206386,88209,2122,jabjauwa,Siddharth Nagar,Domariyaganj,Jabjauwa,23127,0.8856481481481482,0.8856481481481482,,,,
up2021__545410,2122,sikhrakohada,Siddharth Nagar,Dumriaganj,sikhrakohada,206387,88264,2122,sikahra kohra,Siddharth Nagar,Domariyaganj,Sikahra Kohra,52552,0.881021756021756,0.881021756021756,,,,
up2021__603070,2122,vayara,Siddharth Nagar,Dumriaganj,Vayara,206393,88178,2122,bayara,Siddharth Nagar,Domariyaganj,Bayara,7523,0.888888888888889,0.888888888888889,,,,
up2021__638080,2122,kawatili nankar,Siddharth Nagar,Dumriaganj,Kawatili Nankar,206394,88224,2122,kevatali nankar,Siddharth Nagar,Domariyaganj,Kevatali Nankar,28263,0.8738461538461539,0.8738461538461539,,,,
up2021__637853,2122,hatwa b0,Siddharth Nagar,Dumriaganj,Hatwa B0,206400,274172,2122,hatwa bujurg,Siddharth Nagar,Domariyaganj,Hatwa Bujurg,22078,0.8916666666666667,0.8916666666666667,,,,
up2021__606669,2122,karkhut,Siddharth Nagar,Dumriaganj,Karkhut,206401,88223,2122,kare khoot,Siddharth Nagar,Domariyaganj,Kare Khoot,27077,0.8733333333333334,0.8733333333333334,,,,
up2021__581424,2129,mahdwa bu0,Siddharth Nagar,Naugarh,Mahdwa Bu0,206411,88779,2129,mahadewa buzurg,Siddharth Nagar,Naugarh,Mahadewa Buzurg,33611,0.8574074074074074,0.8574074074074074,,,,
up2021__528932,2129,kushbhouna,Siddharth Nagar,Naugarh,Kushbhouna,206412,88775,2129,kush bhawana,Siddharth Nagar,Naugarh,Kush Bhawana,31616,0.8683333333333333,0.8683333333333333,,,,
up2021__520981,2129,patnijagal,Siddharth Nagar,Naugarh,Patnijagal,206416,88789,2129,patani jungle,Siddharth Nagar,Naugarh,Patani Jungle,43116,0.8530199430199431,0.8530199430199431,,,,
up2021__570863,2129,basooni,Siddharth Nagar,Naugarh,Basooni,206421,88754,2129,basauni,Siddharth Nagar,Naugarh,Basauni,7135,0.8666666666666668,0.8666666666666668,,,,
up2021__580146,2129,bachda bachhdi,Siddharth Nagar,Naugarh,Bachda bachhdi,206424,88750,2129,bachara bachari,Siddharth Nagar,Naugarh,Bachara Bachari,3445,0.8856277056277057,0.8856277056277057,,,,
up2021__567676,2129,dhansa nankar,Siddharth Nagar,Naugarh,Dhansa Nankar,206428,88762,2129,dhensa nankar,Siddharth Nagar,Naugarh,Dhensa Nankar,16347,0.8700854700854701,0.8700854700854701,,,,
up2021__552818,2129,sirvat,Siddharth Nagar,Naugarh,Sirvat,206433,88801,2129,sirawat,Siddharth Nagar,Naugarh,Sirawat,53129,0.8944444444444445,0.8944444444444445,,,,
up2021__586952,2129,samariaw,Siddharth Nagar,Naugarh,Samariaw,206434,88799,2129,semariyaw,Siddharth Nagar,Naugarh,Semariyaw,51038,0.8529761904761904,0.8529761904761904,,,,
up2021__553822,2129,balwa,Siddharth Nagar,Naugarh,Balwa,206441,88756,2129,belawa,Siddharth Nagar,Naugarh,Belawa,7877,0.8900000000000001,0.8900000000000001,,,,
up2021__585884,2129,badgo,Siddharth Nagar,Naugarh,Badgo,206446,88752,2129,barago,Siddharth Nagar,Naugarh,Barago,5933,0.8577777777777779,0.8577777777777779,,,,
up2021__479346,2129,bhaddargaranat,Siddharth Nagar,Naugarh,Bhaddargaranat,206448,88757,2129,bhadehar grant,Siddharth Nagar,Naugarh,Bhadehar Grant,8352,0.8961038961038961,0.8961038961038961,,,,
up2021__580135,2129,baltikaar,Siddharth Nagar,Naugarh,BalTikaar,206457,88755,2129,belatikar,Siddharth Nagar,Naugarh,Belatikar,7855,0.8958333333333333,0.8958333333333333,,,,
up2021__655635,2119,savra,Siddharth Nagar,Badhni,Savra,206463,274078,2119,sevra,Siddharth Nagar,Barhni,Sevra,51262,0.88,0.88,,,,
up2021__653185,2119,dhabruah,Siddharth Nagar,Badhni,Dhabruah,206464,274076,2119,dhebruva,Siddharth Nagar,Barhni,Dhebruva,16316,0.8666666666666667,0.8666666666666667,,,,
up2021__668695,2119,khauri urf jhughawa,Siddharth Nagar,Badhni,Khauri urf Jhughawa,206466,88014,2119,khairi urf jhugahawa,Siddharth Nagar,Barhni,Khairi Urf Jhugahawa,28479,0.886608187134503,0.886608187134503,,,,
up2021__541329,2119,pathardaaiya,Siddharth Nagar,Badhni,Pathardaaiya,206471,88028,2119,pathar deia,Siddharth Nagar,Barhni,Pathar Deia,43198,0.8914141414141414,0.8914141414141414,,,,
up2021__678097,2119,dhakhari burjag,Siddharth Nagar,Badhni,Dhakhari Burjag,206475,88000,2119,dhekahari buzurg,Siddharth Nagar,Barhni,Dhekahari Buzurg,16324,0.8939316239316238,0.8939316239316238,,,,
up2021__685529,2119,khadkudia nankar,Siddharth Nagar,Badhni,Khadkudia Nankar,206476,88016,2119,khankuiya nankar,Siddharth Nagar,Barhni,Khankuiya Nankar,28900,0.8750000000000001,0.8750000000000001,,,,
up2021__586274,2119,golaura mu0,Siddharth Nagar,Badhni,golaura mu0,206478,274105,2119,golhaura mustkam,Siddharth Nagar,Barhni,Golhaura Mustkam,20006,0.8912878787878789,0.8912878787878789,,,,
up2021__568048,2119,dhanoura bu0,Siddharth Nagar,Badhni,Dhanoura Bu0,206486,274087,2119,dhanaura bujurg,Siddharth Nagar,Barhni,Dhanaura Bujurg,15798,0.88,0.88,,,,
up2021__532641,2119,audhikala,Siddharth Nagar,Badhni,Audhikala,206497,87981,2119,audahi kala,Siddharth Nagar,Barhni,Audahi Kala,3002,0.8797979797979798,0.8797979797979798,,,,
up2021__496188,2119,singhorwa,Siddharth Nagar,Badhni,Singhorwa,206514,274067,2119,sinhorava,Siddharth Nagar,Barhni,Sinhorava,53062,0.8962962962962963,0.8962962962962963,,,,
up2021__658589,2119,ghorhi urf roinihawa,Siddharth Nagar,Badhni,Ghorhi Urf Roinihawa,206519,267694,2119,dhorahi urf rohaniya,Siddharth Nagar,Barhni,Dhorahi Urf Rohaniya,16491,0.8607843137254901,0.8607843137254901,,,,
up2021__622140,2119,semarhwa,Siddharth Nagar,Badhni,Semarhwa,206520,274083,2119,semrahava,Siddharth Nagar,Barhni,Semrahava,51096,0.8856481481481482,0.8856481481481482,,,,
up2021__553264,2119,hasudi alias gajehdi,Siddharth Nagar,Badhni,Hasudi alias Gajehdi,206523,274092,2119,hasudi urf gajehadi,Siddharth Nagar,Barhni,Hasudi Urf Gajehadi,21936,0.8784210526315789,0.8784210526315789,,,,
up2021__650416,2118,sonfarwa bu,Siddharth Nagar,Bansi,Sonfarwa Bu,206544,273910,2118,sonferava bujurg,Siddharth Nagar,Bansi,Sonferava Bujurg,53749,0.8868181818181818,0.8868181818181818,,,,
up2021__538943,2118,kolahui bu0,Siddharth Nagar,Bansi,KolahUi Bu0,206545,273916,2118,kolhui bujurg,Siddharth Nagar,Bansi,Kolhui Bujurg,30482,0.8857808857808858,0.8857808857808858,,,,
up2021__533750,2118,pakdaddiha,Siddharth Nagar,Bansi,Pakdaddiha,206546,87954,2118,pakardiha,Siddharth Nagar,Bansi,Pakardiha,41783,0.8982407407407408,0.8982407407407408,,,,
up2021__632605,2118,gotwa,Siddharth Nagar,Bansi,Gotwa,206558,273873,2118,gothava,Siddharth Nagar,Bansi,Gothava,20368,0.8533333333333333,0.8533333333333333,,,,
up2021__496714,2118,supraja,Siddharth Nagar,Bansi,Supraja,206564,273867,2118,supa raja,Siddharth Nagar,Bansi,Supa Raja,54415,0.8814814814814815,0.8814814814814815,,,,
up2021__605748,2118,rahra,Siddharth Nagar,Bansi,Rahra,206574,87960,2118,rehra,Siddharth Nagar,Bansi,Rehra,47618,0.88,0.88,,,,
up2021__515137,2118,badharghaat,Siddharth Nagar,Bansi,Badharghaat,206577,87914,2118,barharghat,Siddharth Nagar,Bansi,Barharghat,6484,0.8952188552188552,0.8952188552188552,,,,
up2021__514176,2118,gonhatal p0,Siddharth Nagar,Bansi,Gonhatal P0,206578,273856,2118,gonahatal,Siddharth Nagar,Bansi,Gonahatal,20019,0.852104377104377,0.852104377104377,,,,
up2021__630773,2118,saraw,Siddharth Nagar,Bansi,Saraw,206580,273911,2118,saranv,Siddharth Nagar,Bansi,Saranv,50147,0.8933333333333334,0.8933333333333334,,,,
up2021__631909,2118,sakhui,Siddharth Nagar,Bansi,Sakhui,206584,273914,2118,sekhui,Siddharth Nagar,Bansi,Sekhui,50945,0.9,0.9,,,,
up2021__546891,2118,nauri,Siddharth Nagar,Bansi,Nauri,206593,273885,2118,neuri,Siddharth Nagar,Bansi,Neuri,40393,0.88,0.88,,,,
up2021__581110,2118,mau u0,Siddharth Nagar,Bansi,Mau U0,206598,87949,2118,mau south,Siddharth Nagar,Bansi,Mau South,36230,0.8777777777777778,0.8777777777777778,,,,
up2021__510033,2118,ashogwa,Siddharth Nagar,Bansi,Ashogwa,206599,87910,2118,asogawa,Siddharth Nagar,Bansi,Asogawa,2706,0.8793650793650793,0.8793650793650793,,,,
up2021__579314,2118,chhatwa,Siddharth Nagar,Bansi,Chhatwa,206600,273884,2118,chatva,Siddharth Nagar,Bansi,Chatva,12938,0.8793650793650793,0.8793650793650793,,,,
up2021__529936,2118,tadwalghat,Siddharth Nagar,Bansi,Tadwalghat,206603,273855,2118,tadavalgat,Siddharth Nagar,Bansi,Tadavalgat,54665,0.8775000000000001,0.8775000000000001,,,,
up2021__476563,2118,bagwa komar,Siddharth Nagar,Bansi,Bagwa Komar,206604,273864,2118,bagahava komar,Siddharth Nagar,Bansi,Bagahava Komar,3845,0.8654545454545455,0.8654545454545455,,,,
up2021__479621,2118,nagwa,Siddharth Nagar,Bansi,Nagwa,206605,273868,2118,nagava,Siddharth Nagar,Bansi,Nagava,38659,0.8755555555555556,0.8755555555555556,,,,
up2021__574030,2118,odna tal,Siddharth Nagar,Bansi,Odna Tal,206611,273893,2118,odanatal,Siddharth Nagar,Bansi,Odanatal,41013,0.8571428571428572,0.8571428571428572,,,,
up2021__617665,2118,udwalia,Siddharth Nagar,Bansi,Udwalia,206613,273892,2118,udvaliya,Siddharth Nagar,Bansi,Udvaliya,56634,0.8952380952380953,0.8952380952380953,,,,
up2021__610787,2118,nihlawa,Siddharth Nagar,Bansi,Nihlawa,206614,273899,2118,nihalava,Siddharth Nagar,Bansi,Nihalava,40624,0.8694444444444446,0.8694444444444446,,,,
up2021__542656,2120,sahapara,Siddharth Nagar,Bhanwaapur,Sahapara,206620,88109,2120,sahe para,Siddharth Nagar,Bhanwapur,Sahe Para,48560,0.8523148148148149,0.8523148148148149,,,,
up2021__634342,2120,khakrawan,Siddharth Nagar,Bhanwaapur,Khakrawan,206623,274018,2120,khakharav,Siddharth Nagar,Bhanwapur,Khakharav,28637,0.8825396825396825,0.8825396825396825,,,,
up2021__673772,2120,ganwariya b0,Siddharth Nagar,Bhanwaapur,Ganwariya B0,206635,273994,2120,ganvariya bujurg,Siddharth Nagar,Bhanwapur,Ganvariya Bujurg,18803,0.8736111111111112,0.8736111111111112,,,,
up2021__610894,2120,nakthardarwariya,Siddharth Nagar,Bhanwaapur,Nakthardarwariya,206640,88092,2120,nakther dewriya,Siddharth Nagar,Bhanwapur,Nakther Dewriya,39220,0.8766666666666666,0.8766666666666666,,,,
up2021__514914,2120,patkauli mafee,Siddharth Nagar,Bhanwaapur,Patkauli Mafee,206643,88096,2120,pat khauli maufi,Siddharth Nagar,Bhanwapur,Pat Khauli Maufi,43284,0.85,0.85,,,,
up2021__675200,2120,padia,Siddharth Nagar,Bhanwaapur,Padia,206669,88095,2120,paria,Siddharth Nagar,Bhanwapur,Paria,42649,0.8933333333333333,0.8933333333333333,,,,
up2021__517722,2120,jahadamusatahakam,Siddharth Nagar,Bhanwaapur,Jahadamusatahakam,206676,274175,2120,jahda mustakam,Siddharth Nagar,Bhanwapur,Jahda Mustakam,23493,0.8566365007541478,0.8566365007541478,,,,
up2021__489595,2120,asnhara mafi,Siddharth Nagar,Bhanwaapur,Asnhara Mafi,206692,273976,2120,asanahara mafi,Siddharth Nagar,Bhanwapur,Asanahara Mafi,2530,0.8952380952380953,0.8952380952380953,,,,
up2021__526260,2120,magrao,Siddharth Nagar,Bhanwaapur,Magrao,206703,273968,2120,mangrav,Siddharth Nagar,Bhanwapur,Mangrav,35313,0.8793650793650793,0.8793650793650793,,,,
up2021__639646,2120,mahnuwa khas,Siddharth Nagar,Bhanwaapur,Mahnuwa Khas,206709,273966,2120,mahanuva khas,Siddharth Nagar,Bhanwapur,Mahanuva Khas,33679,0.881021756021756,0.881021756021756,,,,
up2021__529290,2120,ledsar nankar,Siddharth Nagar,Bhanwaapur,Ledsar Nankar,206724,273984,2120,lensar nankar,Siddharth Nagar,Bhanwapur,Lensar Nankar,32708,0.8923076923076924,0.8923076923076924,,,,
up2021__637031,2120,budhia tyre,Siddharth Nagar,Bhanwaapur,Budhia Tyre,206725,273988,2120,budhiya tayar,Siddharth Nagar,Bhanwapur,Budhiya Tayar,11739,0.8956643356643357,0.8956643356643357,,,,
up2021__775420,2128,malaoili,Siddharth Nagar,Mithwal,Malaoili,206743,269408,2128,malauli,Siddharth Nagar,Mithwal,Malauli,34855,0.8880952380952382,0.8880952380952382,,,,
up2021__645827,2128,pidwa,Siddharth Nagar,Mithwal,Pidwa,206752,269523,2128,pidava,Siddharth Nagar,Mithwal,Pidava,43749,0.8755555555555556,0.8755555555555556,,,,
up2021__468059,2128,nausa,Siddharth Nagar,Mithwal,Nausa,206759,88722,2128,neusa,Siddharth Nagar,Mithwal,Neusa,40396,0.88,0.88,,,,
up2021__556592,2128,pipara mishra,Siddharth Nagar,Mithwal,Pipara Mishra,206784,88730,2128,pipramisir,Siddharth Nagar,Mithwal,Pipramisir,44140,0.8789458689458689,0.8789458689458689,,,,
up2021__550791,2128,badhinin nankar,Siddharth Nagar,Mithwal,Badhinin Nankar,206790,88651,2128,baghni nankar,Siddharth Nagar,Mithwal,Baghni Nankar,3991,0.8594871794871796,0.8594871794871796,,,,
up2021__641002,2128,talaura,Siddharth Nagar,Mithwal,Talaura,206814,88743,2128,telaura,Siddharth Nagar,Mithwal,Telaura,55340,0.8642857142857143,0.8642857142857143,,,,
up2021__646444,2128,sisaiakala,Siddharth Nagar,Mithwal,Sisaiakala,206815,88740,2128,sisai kalan,Siddharth Nagar,Mithwal,Sisai Kalan,53296,0.8991919191919192,0.8991919191919192,,,,
up2021__518583,2128,piparpatiya,Siddharth Nagar,Mithwal,Piparpatiya,206816,88728,2128,piperpatia,Siddharth Nagar,Mithwal,Piperpatia,44013,0.8564646464646465,0.8564646464646465,,,,
up2021__511678,2128,nadaw,Siddharth Nagar,Mithwal,Nadaw,206819,88719,2128,nadaon,Siddharth Nagar,Mithwal,Nadaon,38469,0.8933333333333334,0.8933333333333334,,,,
up2021__682564,2128,kadsara,Siddharth Nagar,Mithwal,Kadsara,206831,88698,2128,karsaara,Siddharth Nagar,Mithwal,Karsaara,27355,0.8507936507936509,0.8507936507936509,,,,
up2021__580093,2128,lahda urf ramanagar,Siddharth Nagar,Mithwal,Lahda Urf Ramanagar,206835,88709,2128,lehra urf ramnagar,Siddharth Nagar,Mithwal,Lehra Urf Ramnagar,32700,0.8817982456140351,0.8817982456140351,,,,
up2021__682539,2128,aasanhara,Siddharth Nagar,Mithwal,Aasanhara,206837,88644,2128,asnahara,Siddharth Nagar,Mithwal,Asnahara,2690,0.8541666666666666,0.8541666666666666,,,,
up2021__646901,2128,parsiya dvitiya,Siddharth Nagar,Mithwal,Parsiya Dvitiya,206841,88645,2128,parsiya,Siddharth Nagar,Mithwal,Parsiya,42937,0.8933333333333334,0.8933333333333334,,,,
up2021__565632,2127,natwar,Siddharth Nagar,Lotan Bazar,Natwar,206860,88626,2127,netwar,Siddharth Nagar,Lotan,Netwar,40387,0.9,0.9,,,,
up2021__548113,2127,karwawal kala,Siddharth Nagar,Lotan Bazar,Karwawal Kala,206866,88617,2127,karuwal kala,Siddharth Nagar,Lotan,Karuwal Kala,27400,0.881021756021756,0.881021756021756,,,,
up2021__483145,2127,parsona,Siddharth Nagar,Lotan Bazar,Parsona,206867,88631,2127,parsauna,Siddharth Nagar,Lotan,Parsauna,42837,0.8880952380952382,0.8880952380952382,,,,
up2021__479181,2127,badhara,Siddharth Nagar,Lotan Bazar,Badhara,206870,88598,2127,barahra,Siddharth Nagar,Lotan,Barahra,5978,0.8793650793650793,0.8793650793650793,,,,
up2021__596492,2121,bardhpur 1,Siddharth Nagar,Wardpur,Bardhpur 1,206902,88145,2121,birdpurno 1,Siddharth Nagar,Birdpur,Birdpurno.1,11165,0.8581818181818182,0.8581818181818182,,,,
up2021__564323,2121,gaighat,Siddharth Nagar,Wardpur,Gaighat,206912,88152,2121,gayaghat,Siddharth Nagar,Birdpur,Gayaghat,19322,0.8507936507936509,0.8507936507936509,,,,
up2021__644438,2121,bargdi,Siddharth Nagar,Wardpur,Bargdi,206922,88130,2121,bargadwa,Siddharth Nagar,Birdpur,Bargadwa,6407,0.8916666666666667,0.8916666666666667,,,,
up2021__582899,2121,bardapur 11,Siddharth Nagar,Wardpur,Bardapur 11,206925,88133,2121,birdpur n0 11,Siddharth Nagar,Birdpur,Birdpur N0.11,11164,0.8531468531468531,0.8531468531468531,,,,
up2021__648736,2121,bardapur 12,Siddharth Nagar,Wardpur,Bardapur 12,206929,88134,2121,birdpur no 12,Siddharth Nagar,Birdpur,Birdpur No. 12,11167,0.8531468531468531,0.8531468531468531,,,,
up2021__585479,2130,jagargathia,Siddharth Nagar,Shohratgarh,Jagargathia,206946,88819,2130,jajar gathiya,Siddharth Nagar,Shoharatgarh,Jajar Gathiya,23670,0.8875524475524476,0.8875524475524476,,,,
up2021__679963,2130,chauta,Siddharth Nagar,Shohratgarh,Chauta,206947,88810,2130,chauhatta,Siddharth Nagar,Shoharatgarh,Chauhatta,13000,0.9,0.9,,,,
up2021__639148,2130,dohriya bu,Siddharth Nagar,Shohratgarh,Dohriya Bu.,206956,88815,2130,dohariya buzurg,Siddharth Nagar,Shoharatgarh,Dohariya Buzurg,16887,0.8755555555555556,0.8755555555555556,,,,
up2021__683397,2130,bhaadmusthaakam,Siddharth Nagar,Shohratgarh,Bhaadmusthaakam,206962,88808,2130,bhad mustahkam,Siddharth Nagar,Shoharatgarh,Bhad Mustahkam,8407,0.8804273504273504,0.8804273504273504,,,,
up2021__484509,2130,k rama,Siddharth Nagar,Shohratgarh,K Rama,206966,274058,2130,karma,Siddharth Nagar,Shoharatgarh,Karma,27219,0.8900000000000001,0.8900000000000001,,,,
up2021__859791,2130,madarhanauframanagar,Siddharth Nagar,Shohratgarh,Madarhanauframanagar,206996,267640,2130,madrahana urff ramnagar,Siddharth Nagar,Shoharatgarh,Madrahana Urff Ramnagar,33474,0.8986308161708619,0.8986308161708619,,,,
up2021__858727,2130,ladwa,Siddharth Nagar,Shohratgarh,Ladwa,206997,88827,2130,ledawa,Siddharth Nagar,Shoharatgarh,Ledawa,32673,0.8900000000000001,0.8900000000000001,,,,
up2021__859613,2130,koiridiha,Siddharth Nagar,Shohratgarh,Koiridiha,206998,88825,2130,koeri diha,Siddharth Nagar,Shoharatgarh,Koeri Diha,30337,0.8503703703703704,0.8503703703703704,,,,
up2021__767700,2132,samaura,Sitapur,Ailiya,Samaura,207008,88972,2132,semaura,Sitapur,Ailiya,Semaura,51048,0.8642857142857143,0.8642857142857143,,,,
up2021__792777,2132,parai raipur,Sitapur,Ailiya,Parai Raipur,207015,88961,2132,perai raipur,Sitapur,Ailiya,Perai Raipur,43579,0.8681818181818182,0.8681818181818182,,,,
up2021__708147,2132,ghouremau,Sitapur,Ailiya,Ghouremau,207029,88925,2132,dhauremau,Sitapur,Ailiya,Dhauremau,16262,0.8518518518518517,0.8518518518518517,,,,
up2021__736068,2132,imlia sultanpur,Sitapur,Ailiya,Imlia Sultanpur,207031,88932,2132,imaliya sultanpur,Sitapur,Ailiya,Imaliya Sultanpur,22660,0.897516339869281,0.897516339869281,,,,
up2021__834271,2132,devai,Sitapur,Ailiya,Devai,207036,88924,2132,dewai,Sitapur,Ailiya,Dewai,15496,0.8933333333333333,0.8933333333333333,,,,
up2021__754623,2132,khairpara bandipur,Sitapur,Ailiya,Khairpara Bandipur,207038,88941,2132,khairepara,Sitapur,Ailiya,Khairepara,28459,0.88,0.88,,,,
up2021__703939,2132,khatkari tarapur,Sitapur,Ailiya,Khatkari Tarapur,207039,88942,2132,khatkari,Sitapur,Ailiya,Khatkari,29334,0.9,0.9,,,,
up2021__773552,2132,bhawanipur william saheb,Sitapur,Ailiya,Bhawanipur William Saheb,207043,88917,2132,bhawanipur kalika bux,Sitapur,Ailiya,Bhawanipur Kalika Bux,9693,0.8800420168067227,0.8800420168067227,,,,
up2021__853142,2132,chatouna,Sitapur,Ailiya,Chatouna,207055,88923,2132,chhatauna,Sitapur,Ailiya,Chhatauna,13342,0.8693121693121693,0.8693121693121693,,,,
up2021__893420,2132,nauvva,Sitapur,Ailiya,Nauvva,207064,88954,2132,navwa,Sitapur,Ailiya,Navwa,40161,0.8577777777777779,0.8577777777777779,,,,
up2021__879542,2132,hathia malhpur,Sitapur,Ailiya,Hathia Malhpur,207070,88929,2132,hathiya,Sitapur,Ailiya,Hathiya,22018,0.8571428571428571,0.8571428571428571,,,,
up2021__733683,2132,mohdadeenpur,Sitapur,Ailiya,Mohdadeenpur,207076,88951,2132,mohiuddinpur,Sitapur,Ailiya,Mohiuddinpur,37385,0.8833333333333334,0.8833333333333334,,,,
up2021__720636,2132,pipari kala,Sitapur,Ailiya,Pipari Kala,207078,88962,2132,pipri kalan,Sitapur,Ailiya,Pipri Kalan,44221,0.8875757575757576,0.8875757575757576,,,,
up2021__728703,2132,pitpur,Sitapur,Ailiya,Pitpur,207079,88960,2132,peetpur,Sitapur,Ailiya,Peetpur,43545,0.8642857142857143,0.8642857142857143,,,,
up2021__708230,2132,ameer nagar,Sitapur,Ailiya,Ameer Nagar,207081,88911,2132,amirnagar,Sitapur,Ailiya,Amirnagar,1822,0.8976430976430976,0.8976430976430976,,,,
up2021__694653,2137,pirnagar,Sitapur,Kasmanda,Pirnagar,207102,89345,2137,peernagar,Sitapur,Kasmanda,Peernagar,43532,0.8958333333333333,0.8958333333333333,,,,
up2021__793086,2137,bahrimoo,Sitapur,Kasmanda,Bahrimoo,207103,89297,2137,bahrimau,Sitapur,Kasmanda,Bahrimau,4414,0.9,0.9,,,,
up2021__779708,2137,vilaria,Sitapur,Kasmanda,Vilaria,207116,89307,2137,bilariya,Sitapur,Kasmanda,Bilariya,10941,0.8690476190476191,0.8690476190476191,,,,
up2021__691908,2137,hirpur,Sitapur,Kasmanda,Hirpur,207118,271095,2137,heerpur,Sitapur,Kasmanda,Heerpur,22147,0.8642857142857143,0.8642857142857143,,,,
up2021__698708,2137,chhojan,Sitapur,Kasmanda,Chhojan,207125,89309,2137,chhajan,Sitapur,Kasmanda,Chhajan,13226,0.8944444444444445,0.8944444444444445,,,,
up2021__784997,2137,basidih,Sitapur,Kasmanda,Basidih,207126,89302,2137,basaideeh,Sitapur,Kasmanda,Basaideeh,7004,0.888888888888889,0.888888888888889,,,,
up2021__789159,2137,koknamon,Sitapur,Kasmanda,Koknamon,207134,89334,2137,koknamau,Sitapur,Kasmanda,Koknamau,30423,0.9,0.9,,,,
up2021__801361,2137,nyoraipur,Sitapur,Kasmanda,Nyoraipur,207145,89342,2137,neorajpur,Sitapur,Kasmanda,Neorajpur,40360,0.8666666666666666,0.8666666666666666,,,,
up2021__702693,2137,dawoodpur,Sitapur,Kasmanda,Dawoodpur,207158,89314,2137,daudpur,Sitapur,Kasmanda,Daudpur,14774,0.873015873015873,0.873015873015873,,,,
up2021__782492,2138,unsia,Sitapur,Khairbad,Unsia,207162,89428,2138,unasiya,Sitapur,Khairabad,Unasiya,56944,0.8704761904761905,0.8704761904761905,,,,
up2021__859367,2138,jajpur bhagwantpur,Sitapur,Khairbad,Jajpur Bhagwantpur,207164,89393,2138,jajpur,Sitapur,Khairabad,Jajpur,23687,0.8666666666666666,0.8666666666666666,,,,
up2021__831258,2138,bhagotipur,Sitapur,Khairbad,Bhagotipur,207170,89376,2138,bhagautipur,Sitapur,Khairabad,Bhagautipur,8509,0.8991919191919192,0.8991919191919192,,,,
up2021__726596,2138,jainpur soharaiya,Sitapur,Khairbad,Jainpur Soharaiya,207173,89391,2138,jainpur,Sitapur,Khairabad,Jainpur,23544,0.8823529411764706,0.8823529411764706,,,,
up2021__778459,2138,kasimpur,Sitapur,Khairbad,Kasimpur,207182,270982,2138,quasimpur,Sitapur,Khairabad,Quasimpur,45061,0.8842592592592592,0.8842592592592592,,,,
up2021__697349,2138,lakshminpur,Sitapur,Khairbad,Lakshminpur,207191,270971,2138,lachimainpur,Sitapur,Khairabad,Lachimainpur,31867,0.8552188552188553,0.8552188552188553,,,,
up2021__696032,2138,rasyaura,Sitapur,Khairbad,Rasyaura,207197,89413,2138,raseura,Sitapur,Khairabad,Raseura,46993,0.8694444444444446,0.8694444444444446,,,,
up2021__771375,2138,gaddipur chithari,Sitapur,Khairbad,Gaddipur Chithari,207229,89386,2138,gaddipur,Sitapur,Khairabad,Gaddipur,18171,0.8941176470588236,0.8941176470588236,,,,
up2021__753405,2138,sitapur bhagwanpur,Sitapur,Khairbad,Sitapur (Bhagwanpur),207232,89424,2138,sitapur,Sitapur,Khairabad,Sitapur,53427,0.8777777777777778,0.8777777777777778,,,,
up2021__774648,2135,sandana,Sitapur,Gondlamau,Sandana,207240,89214,2135,sadna,Sitapur,Gondlamau,Sadna,48346,0.8704761904761905,0.8704761904761905,,,,
up2021__757170,2135,gagoe,Sitapur,Gondlamau,Gagoe,207250,89176,2135,gangoy,Sitapur,Gondlamau,Gangoy,18734,0.8577777777777779,0.8577777777777779,,,,
up2021__717713,2135,mahammadpur jhabbra,Sitapur,Gondlamau,Mahammadpur Jhabbra,207266,271563,2135,mahmadpur jhabara,Sitapur,Gondlamau,Mahmadpur Jhabara,33941,0.8930856553147575,0.8930856553147575,,,,
up2021__694120,2135,augrabhad,Sitapur,Gondlamau,Augrabhad,207271,89159,2135,aurangabad,Sitapur,Gondlamau,Aurangabad,3088,0.8503703703703704,0.8503703703703704,,,,
up2021__805006,2135,jaunapur,Sitapur,Gondlamau,Jaunapur,207273,89186,2135,jiyanapur,Sitapur,Gondlamau,Jiyanapur,25103,0.8958333333333333,0.8958333333333333,,,,
up2021__739240,2135,mirapur,Sitapur,Gondlamau,Mirapur,207275,271556,2135,meerapur,Sitapur,Gondlamau,Meerapur,36411,0.8821428571428571,0.8821428571428571,,,,
up2021__714307,2135,gawali,Sitapur,Gondlamau,Gawali,207305,89182,2135,gwali,Sitapur,Gondlamau,Gwali,20875,0.8900000000000001,0.8900000000000001,,,,
up2021__752186,2145,majhigwa balhari,Sitapur,Parsendi,Majhigwa Balhari,207330,89847,2145,majhigawan,Sitapur,Parsendi,Majhigawan,34565,0.8702777777777777,0.8702777777777777,,,,
up2021__737530,2145,sharapur sarwan,Sitapur,Parsendi,Sharapur Sarwan,207347,89872,2145,sherpur sarawan,Sitapur,Parsendi,Sherpur Sarawan,52057,0.8882539682539683,0.8882539682539683,,,,
up2021__751706,2145,pattii sawai,Sitapur,Parsendi,Pattii Sawai,207348,89861,2145,patti sevai,Sitapur,Parsendi,Patti Sevai,43398,0.8691919191919192,0.8691919191919192,,,,
up2021__762536,2145,klavahadur pur,Sitapur,Parsendi,Klavahadur Pur,207371,89842,2145,kala bahadurpur,Sitapur,Parsendi,Kala Bahadurpur,25947,0.8693406593406594,0.8693406593406594,,,,
up2021__778322,2145,saraiya achakhara,Sitapur,Parsendi,Saraiya Achakhara,207374,89869,2145,saraiya uncha khera,Sitapur,Parsendi,Saraiya Uncha Khera,50108,0.8943653250773994,0.8943653250773994,,,,
up2021__792203,2145,suhatara,Sitapur,Parsendi,Suhatara,207382,89874,2145,suhetara,Sitapur,Parsendi,Suhetara,54013,0.8750000000000001,0.8750000000000001,,,,
up2021__739551,2144,barsapur,Sitapur,Pahala,Barsapur,207425,89749,2144,bersapur,Sitapur,Pahala,Bersapur,8186,0.8821428571428571,0.8821428571428571,,,,
up2021__702418,2144,bahatutpur,Sitapur,Pahala,Bahatutpur,207427,89741,2144,bahtootpur,Sitapur,Pahala,Bahtootpur,4424,0.8775000000000001,0.8775000000000001,,,,
up2021__730135,2144,samra,Sitapur,Pahala,Samra,207428,89804,2144,semra,Sitapur,Pahala,Semra,51072,0.88,0.88,,,,
up2021__700325,2144,ashrafpur rajasahb,Sitapur,Pahala,Ashrafpur Rajasahb,207439,89740,2144,ashrafpur,Sitapur,Pahala,Ashrafpur,2651,0.9,0.9,,,,
up2021__704911,2144,guloli,Sitapur,Pahala,Guloli,207441,89764,2144,gulauli,Sitapur,Pahala,Gulauli,20641,0.8944444444444445,0.8944444444444445,,,,
up2021__750711,2144,sadraavaa,Sitapur,Pahala,Sadraavaa,207447,89796,2144,sadrawan,Sitapur,Pahala,Sadrawan,48353,0.8833333333333333,0.8833333333333333,,,,
up2021__685638,2144,siroli,Sitapur,Pahala,Siroli,207449,271474,2144,sirauli,Sitapur,Pahala,Sirauli,53114,0.8944444444444445,0.8944444444444445,,,,
up2021__818479,2144,bethra madhav,Sitapur,Pahala,Bethra Madhav,207451,271476,2144,bhethra madho,Sitapur,Pahala,Bhethra Madho,9828,0.8804195804195803,0.8804195804195803,,,,
up2021__812724,2144,banahara birbal,Sitapur,Pahala,Banahara Birbal,207452,89745,2144,banehra birbal,Sitapur,Pahala,Banehra Birbal,5460,0.8804273504273504,0.8804273504273504,,,,
up2021__740342,2144,nayampur laberha,Sitapur,Pahala,Nayampur Laberha,207453,89789,2144,nayamatpur labraha,Sitapur,Pahala,Nayamatpur Labraha,40281,0.8875,0.8875,,,,
up2021__730927,2144,bahma,Sitapur,Pahala,Bahma,207458,89748,2144,behma,Sitapur,Pahala,Behma,7693,0.88,0.88,,,,
up2021__827868,2144,karauli,Sitapur,Pahala,Karauli,207474,89779,2144,korauli,Sitapur,Pahala,Korauli,30625,0.8642857142857143,0.8642857142857143,,,,
up2021__791392,2144,saor,Sitapur,Pahala,Saor,207481,89797,2144,sair,Sitapur,Pahala,Sair,48875,0.8666666666666667,0.8666666666666667,,,,
up2021__718426,2144,narapur,Sitapur,Pahala,Narapur,207485,271471,2144,nurapur,Sitapur,Pahala,Nurapur,40974,0.8642857142857143,0.8642857142857143,,,,
up2021__728159,2144,paaraa paraasaadipur,Sitapur,Pahala,Paaraa Paraasaadipur,207496,89792,2144,para parsadipur,Sitapur,Pahala,Para Parsadipur,42440,0.8622222222222222,0.8622222222222222,,,,
up2021__825766,2144,louna,Sitapur,Pahala,Louna,207502,89780,2144,launa,Sitapur,Pahala,Launa,32588,0.88,0.88,,,,
up2021__732903,2146,moodakala,Sitapur,Pisawan,Moodakala,207522,89935,2146,muda kala,Sitapur,Pisawan,Muda Kala,37657,0.8666666666666666,0.8666666666666666,,,,
up2021__728301,2146,dawkali beniyapur,Sitapur,Pisawan,Dawkali Beniyapur,207529,89900,2146,devkali beniapur,Sitapur,Pisawan,Devkali Beniapur,15417,0.8881302521008403,0.8881302521008403,,,,
up2021__742349,2146,kuiaakheda,Sitapur,Pisawan,Kuiaakheda,207539,89927,2146,kuiya khera,Sitapur,Pisawan,Kuiya Khera,31080,0.8896969696969697,0.8896969696969697,,,,
up2021__735767,2146,moodakhurd,Sitapur,Pisawan,Moodakhurd,207544,89936,2146,muda khurd,Sitapur,Pisawan,Muda Khurd,37658,0.88,0.88,,,,
up2021__785443,2146,nevada pratham,Sitapur,Pisawan,Nevada Pratham,207545,271349,2146,nevada 2,Sitapur,Pisawan,Nevada 2,40408,0.875,0.875,,,,
up2021__703670,2146,vahramau kalan,Sitapur,Pisawan,Vahramau Kalan,207557,89891,2146,barahmau kala,Sitapur,Pisawan,Barahmau Kala,5969,0.8989621489621489,0.8989621489621489,,,,
up2021__760405,2146,bhitora,Sitapur,Pisawan,Bhitora,207575,89893,2146,bhithaura,Sitapur,Pisawan,Bhithaura,10102,0.8714285714285714,0.8714285714285714,,,,
up2021__784243,2146,wazir nagar,Sitapur,Pisawan,Wazir Nagar,207577,89959,2146,vajir nagar,Sitapur,Pisawan,Vajir Nagar,57249,0.8787878787878789,0.8787878787878789,,,,
up2021__726108,2146,itaovakishunpur,Sitapur,Pisawan,Itaovakishunpur,207587,89914,2146,itauwa kishunpur,Sitapur,Pisawan,Itauwa Kishunpur,23053,0.8533440170940171,0.8533440170940171,,,,
up2021__869515,2146,dhudawal,Sitapur,Pisawan,Dhudawal,207599,89902,2146,dudaval,Sitapur,Pisawan,Dudaval,17076,0.8821428571428571,0.8821428571428571,,,,
up2021__859324,2146,goojarpur,Sitapur,Pisawan,Goojarpur,207600,271340,2146,gujarpur,Sitapur,Pisawan,Gujarpur,20556,0.8958333333333333,0.8958333333333333,,,,
up2021__780361,2134,godhni saria,Sitapur,Biswan,Godhni Saria,207603,89086,2134,godhani saraiya,Sitapur,Biswan,Godhani Saraiya,19872,0.8933333333333334,0.8933333333333334,,,,
up2021__797266,2134,banipaur,Sitapur,Biswan,Banipaur,207615,89071,2134,benipur,Sitapur,Biswan,Benipur,8110,0.8821428571428571,0.8821428571428571,,,,
up2021__810521,2134,shakurpur,Sitapur,Biswan,Shakurpur,207617,89144,2134,shankarpur,Sitapur,Biswan,Shankarpur,51758,0.8982407407407408,0.8982407407407408,,,,
up2021__822002,2134,sarsakhurda,Sitapur,Biswan,Sarsakhurda,207619,89148,2134,sirsa khurd,Sitapur,Biswan,Sirsa Khurd,53205,0.8575757575757575,0.8575757575757575,,,,
up2021__844850,2134,sirsisareinya,Sitapur,Biswan,Sirsisareinya,207641,271327,2134,sirsaraiyan,Sitapur,Biswan,Sirsaraiyan,53217,0.8756643356643358,0.8756643356643358,,,,
up2021__848167,2134,ahmedabad,Sitapur,Biswan,Ahmedabad,207642,89059,2134,ahmadabad,Sitapur,Biswan,Ahmadabad,625,0.8898148148148148,0.8898148148148148,,,,
up2021__729171,2134,hawtpur,Sitapur,Biswan,Hawtpur,207667,89088,2134,haibatpur,Sitapur,Biswan,Haibatpur,20977,0.873015873015873,0.873015873015873,,,,
up2021__767093,2134,nyoriyabank,Sitapur,Biswan,Nyoriyabank,207672,271139,2134,nioriabank,Sitapur,Biswan,Nioriabank,40718,0.8821212121212121,0.8821212121212121,,,,
up2021__771842,2134,puravadadasapur,Sitapur,Biswan,Puravadadasapur,207674,89132,2134,purwa dasapur,Sitapur,Biswan,Purwa Dasapur,44983,0.8594560994560995,0.8594560994560995,,,,
up2021__733391,2134,ulra,Sitapur,Biswan,Ulra,207678,89152,2134,ulara,Sitapur,Biswan,Ulara,56721,0.88,0.88,,,,
up2021__781091,2134,balwa bahadurpur,Sitapur,Biswan,Balwa Bahadurpur,207682,89070,2134,belwa bahadurpur,Sitapur,Biswan,Belwa Bahadurpur,8016,0.8825000000000001,0.8825000000000001,,,,
up2021__768966,2134,bhudkudi,Sitapur,Biswan,Bhudkudi,207687,89077,2134,bhurkuri,Sitapur,Biswan,Bhurkuri,10512,0.8833333333333334,0.8833333333333334,,,,
up2021__917470,2133,datuni,Sitapur,Behata,Datuni,207721,271018,2133,datooni,Sitapur,Behta,Datooni,14738,0.8944444444444445,0.8944444444444445,,,,
up2021__767677,2133,augrabhad,Sitapur,Behata,Augrabhad,207724,88987,2133,aurangabad,Sitapur,Behta,Aurangabad,3087,0.8503703703703704,0.8503703703703704,,,,
up2021__732001,2133,makhuhehd,Sitapur,Behata,Makhuhehd,207741,89019,2133,makhu behar,Sitapur,Behta,Makhu Behar,34730,0.8542568542568543,0.8542568542568543,,,,
up2021__906829,2133,karehka oochgaon,Sitapur,Behata,Karehka Oochgaon,207757,271026,2133,karehka unchgarh,Sitapur,Behta,Karehka Unchgarh,27075,0.8942307692307693,0.8942307692307693,,,,
up2021__907696,2133,hazaratpur,Sitapur,Behata,Hazaratpur,207758,89009,2133,hajratpur,Sitapur,Behta,Hajratpur,21077,0.8837037037037038,0.8837037037037038,,,,
up2021__897665,2133,raipur marod,Sitapur,Behata,Raipur Marod,207778,89035,2133,rai maror,Sitapur,Behta,Rai Maror,45358,0.8638888888888888,0.8638888888888888,,,,
up2021__775798,2133,lekhanapur,Sitapur,Behata,Lekhanapur,207779,271083,2133,lakhanapur,Sitapur,Behta,Lakhanapur,32082,0.8733333333333334,0.8733333333333334,,,,
up2021__907076,2133,foolpur guniya,Sitapur,Behata,Foolpur Guniya,207792,271090,2133,fulpur guniya,Sitapur,Behta,Fulpur Guniya,18075,0.8590659340659341,0.8590659340659341,,,,
up2021__803293,2133,belawa digura,Sitapur,Behata,Belawa Digura,207797,88993,2133,belwa dengra,Sitapur,Behta,Belwa Dengra,8027,0.8839316239316239,0.8839316239316239,,,,
up2021__979376,2140,bhitora,Sitapur,Machhrehta,Bhitora,207809,89495,2140,bhithaura,Sitapur,Machhrehta,Bhithaura,10100,0.8714285714285714,0.8714285714285714,,,,
up2021__772637,2140,godda,Sitapur,Machhrehta,Godda,207829,89509,2140,gonda,Sitapur,Machhrehta,Gonda,20030,0.8933333333333333,0.8933333333333333,,,,
up2021__730051,2140,peryakodar,Sitapur,Machhrehta,Peryakodar,207853,89538,2140,piriya kodar,Sitapur,Machhrehta,Piriya Kodar,44262,0.895,0.895,,,,
up2021__884766,2140,shahpur,Sitapur,Machhrehta,Shahpur,207858,271129,2140,sahapur,Sitapur,Machhrehta,Sahapur,48493,0.8642857142857143,0.8642857142857143,,,,
up2021__716363,2141,bhitora,Sitapur,Mahmudabad,Bhitora,207881,89563,2141,bhithaura,Sitapur,Mahmudabad,Bhithaura,10101,0.8714285714285714,0.8714285714285714,,,,
up2021__725476,2141,pahadapur,Sitapur,Mahmudabad,Pahadapur,207888,89597,2141,paharpur i,Sitapur,Mahmudabad,Paharpur - I,41601,0.8669841269841271,0.8669841269841271,,,,
up2021__729306,2141,baharmau,Sitapur,Mahmudabad,Baharmau,207919,89561,2141,bharharmau,Sitapur,Mahmudabad,Bharharmau,9177,0.865,0.865,,,,
up2021__711079,2141,bakahun,Sitapur,Mahmudabad,Bakahun,207923,89557,2141,bakhuwa,Sitapur,Mahmudabad,Bakhuwa,4883,0.8666666666666668,0.8666666666666668,,,,
up2021__777129,2141,nimba dehra,Sitapur,Mahmudabad,Nimba Dehra,207925,89595,2141,neeba dehra,Sitapur,Mahmudabad,Neeba Dehra,40307,0.890909090909091,0.890909090909091,,,,
up2021__746465,2141,banveerpur,Sitapur,Mahmudabad,Banveerpur,207932,89558,2141,banbirpur,Sitapur,Mahmudabad,Banbirpur,5387,0.8781481481481481,0.8781481481481481,,,,
up2021__722895,2141,suhela,Sitapur,Mahmudabad,Suhela,207944,89613,2141,sohela,Sitapur,Mahmudabad,Sohela,53585,0.9,0.9,,,,
up2021__740013,2141,mohammadpur nisfi,Sitapur,Mahmudabad,Mohammadpur Nisfi,207947,271106,2141,muhammdpur nisfee,Sitapur,Mahmudabad,Muhammdpur Nisfee,37795,0.8941176470588235,0.8941176470588235,,,,
up2021__706294,2142,beednapur,Sitapur,Maholi,Beednapur,207977,271123,2142,bidanpur,Sitapur,Maholi,Bidanpur,10673,0.8529761904761904,0.8529761904761904,,,,
up2021__770532,2142,mahua kola,Sitapur,Maholi,Mahua Kola,207980,272659,2142,mahawa kola,Sitapur,Maholi,Mahawa Kola,33759,0.8823905723905724,0.8823905723905724,,,,
up2021__780578,2142,shilhpur,Sitapur,Maholi,Shilhpur,207981,89671,2142,silhapur,Sitapur,Maholi,Silhapur,52800,0.8821428571428571,0.8821428571428571,,,,
up2021__725852,2142,pitampur grant,Sitapur,Maholi,Pitampur Grant,207985,89663,2142,pritampur grant,Sitapur,Maholi,Pritampur Grant,44570,0.8728571428571429,0.8728571428571429,,,,
up2021__718001,2142,sighouda,Sitapur,Maholi,Sighouda,208011,89670,2142,sighaura,Sitapur,Maholi,Sighaura,52465,0.8666666666666667,0.8666666666666667,,,,
up2021__699218,2142,vasvai,Sitapur,Maholi,Vasvai,208013,89626,2142,basvai,Sitapur,Maholi,Basvai,7373,0.888888888888889,0.888888888888889,,,,
up2021__863609,2143,newadiya,Sitapur,Mishrikh,NewaDiya,208033,271335,2143,nevariya,Sitapur,Misrikh,Nevariya,40429,0.8666666666666667,0.8666666666666667,,,,
up2021__741506,2143,mohammadshahr,Sitapur,Mishrikh,Mohammadshahr,208044,89714,2143,mohammad nagar,Sitapur,Misrikh,Mohammad Nagar,37140,0.8967032967032967,0.8967032967032967,,,,
up2021__722101,2143,phoolpur jharia,Sitapur,Mishrikh,Phoolpur Jharia,208060,89692,2143,foolpur jhariya,Sitapur,Misrikh,Foolpur Jhariya,18056,0.8854700854700855,0.8854700854700855,,,,
up2021__834976,2143,lakdiya mau,Sitapur,Mishrikh,Lakdiya Mau,208076,89706,2143,lakariyamau,Sitapur,Misrikh,Lakariyamau,32035,0.8632996632996633,0.8632996632996633,,,,
up2021__908898,2143,patouja,Sitapur,Mishrikh,Patouja,208080,89723,2143,pataunja,Sitapur,Misrikh,Pataunja,43144,0.8694444444444446,0.8694444444444446,,,,
up2021__891458,2143,lakhanpur,Sitapur,Mishrikh,Lakhanpur,208089,89708,2143,lekhnapur,Sitapur,Misrikh,Lekhnapur,32703,0.8958333333333333,0.8958333333333333,,,,
up2021__807828,2143,mudayara,Sitapur,Mishrikh,Mudayara,208096,89716,2143,mudiyara,Sitapur,Misrikh,Mudiyara,37720,0.8750000000000001,0.8750000000000001,,,,
up2021__758489,2147,dawinadapur,Sitapur,Rampurmathura,Dawinadapur,208105,89975,2147,davindapur,Sitapur,Rampur Mathura,Davindapur,14921,0.8952188552188552,0.8952188552188552,,,,
up2021__841881,2147,pipiri,Sitapur,Rampurmathura,Pipiri,208121,90003,2147,pipari,Sitapur,Rampur Mathura,Pipari,43954,0.8755555555555556,0.8755555555555556,,,,
up2021__693675,2147,chadoli,Sitapur,Rampurmathura,Chadoli,208144,89970,2147,chandauli,Sitapur,Rampur Mathura,Chandauli,12483,0.888888888888889,0.888888888888889,,,,
up2021__712114,2147,dhamouda,Sitapur,Rampurmathura,Dhamouda,208145,89979,2147,dhamaura,Sitapur,Rampur Mathura,Dhamaura,15708,0.8666666666666667,0.8666666666666667,,,,
up2021__702634,2147,gawahadih,Sitapur,Rampurmathura,Gawahadih,208148,89983,2147,gawadeeh,Sitapur,Rampur Mathura,Gawadeeh,19317,0.85,0.85,,,,
up2021__695922,2147,ganchapa,Sitapur,Rampurmathura,Ganchapa,208150,89980,2147,gadhchapa,Sitapur,Rampur Mathura,Gadhchapa,18201,0.8693121693121693,0.8693121693121693,,,,
up2021__688931,2147,murtuzanagar,Sitapur,Rampurmathura,Murtuzanagar,208172,90001,2147,murtaja nagar,Sitapur,Rampur Mathura,Murtaja Nagar,38222,0.8805128205128206,0.8805128205128206,,,,
up2021__941802,2147,rampur mathura,Sitapur,Rampurmathura,Rampur Mathura,208175,90007,2147,rampur,Sitapur,Rampur Mathura,Rampur,46275,0.8857142857142858,0.8857142857142858,,,,
up2021__929186,2148,thanagaw,Sitapur,Reusaa,Thanagaw,208178,90101,2148,thangaon,Sitapur,Reusa,Thangaon,55607,0.8666666666666667,0.8666666666666667,,,,
up2021__944939,2148,jagdishpur hazaria,Sitapur,Reusaa,Jagdishpur Hazaria,208181,271518,2148,jagadishpur hajariya,Sitapur,Reusa,Jagadishpur Hajariya,23212,0.8696840958605664,0.8696840958605664,,,,
up2021__942252,2148,ghwada,Sitapur,Reusaa,Ghwada,208182,90047,2148,ghewara,Sitapur,Reusa,Ghewara,19551,0.8793650793650793,0.8793650793650793,,,,
up2021__945388,2148,nasirpur dawaria,Sitapur,Reusaa,Nasirpur Dawaria,208186,90079,2148,naseerpur devariya,Sitapur,Reusa,Naseerpur Devariya,39802,0.8734864672364673,0.8734864672364673,,,,
up2021__767346,2148,hussainpur khani,Sitapur,Reusaa,Hussainpur Khani,208193,90053,2148,husenpur khani,Sitapur,Reusa,Husenpur Khani,22511,0.8677884615384616,0.8677884615384616,,,,
up2021__1174734,2148,ssupouli,Sitapur,Reusaa,Ssupouli,208230,90098,2148,supauli,Sitapur,Reusa,Supauli,54418,0.8821428571428571,0.8821428571428571,,,,
up2021__748813,2148,kharauha,Sitapur,Reusaa,Kharauha,208246,90065,2148,kharoha,Sitapur,Reusa,Kharoha,29220,0.8880952380952382,0.8880952380952382,,,,
up2021__804522,2148,rausa,Sitapur,Reusaa,Rausa,208256,90088,2148,reusa,Sitapur,Reusa,Reusa,47675,0.88,0.88,,,,
up2021__832745,2148,balauta,Sitapur,Reusaa,Balauta,208266,90034,2148,belauta,Sitapur,Reusa,Belauta,7867,0.8642857142857143,0.8642857142857143,,,,
up2021__855461,2148,bholi,Sitapur,Reusaa,Bholi,208267,271525,2148,bhauli,Sitapur,Reusa,Bhauli,9542,0.8577777777777779,0.8577777777777779,,,,
up2021__732316,2148,tarasaura,Sitapur,Reusaa,Tarasaura,208269,90100,2148,tarseura,Sitapur,Reusa,Tarseura,55150,0.8856481481481482,0.8856481481481482,,,,
up2021__793141,2139,nimouchi,Sitapur,Laharpur,Nimouchi,208277,271575,2139,nibauchi,Sitapur,Laharpur,Nibauchi,40544,0.8666666666666667,0.8666666666666667,,,,
up2021__825961,2139,jitamau,Sitapur,Laharpur,Jitamau,208278,89447,2139,jeetamau,Sitapur,Laharpur,Jeetamau,24752,0.8821428571428571,0.8821428571428571,,,,
up2021__757096,2139,khaurullapur,Sitapur,Laharpur,Khaurullapur,208281,89450,2139,khairullapur,Sitapur,Laharpur,Khairullapur,28496,0.8974747474747474,0.8974747474747474,,,,
up2021__789106,2139,ganshpur nawada,Sitapur,Laharpur,Ganshpur Nawada,208302,89444,2139,ganeshpur,Sitapur,Laharpur,Ganeshpur,18585,0.8651851851851852,0.8651851851851852,,,,
up2021__785188,2139,kultajpur,Sitapur,Laharpur,Kultajpur,208304,271570,2139,kautajpur,Sitapur,Laharpur,Kautajpur,28035,0.8958333333333333,0.8958333333333333,,,,
up2021__744014,2139,vilaria,Sitapur,Laharpur,Vilaria,208332,89438,2139,bilariya,Sitapur,Laharpur,Bilariya,10942,0.8690476190476191,0.8690476190476191,,,,
up2021__847903,2139,naayaamupur,Sitapur,Laharpur,Naayaamupur,208340,89466,2139,nyamupur,Sitapur,Laharpur,Nyamupur,40997,0.8806818181818183,0.8806818181818183,,,,
up2021__845318,2149,roodarpur,Sitapur,Sakran,Roodarpur,208344,90153,2149,rudrapur,Sitapur,Sakran,Rudrapur,48006,0.8529761904761904,0.8529761904761904,,,,
up2021__843226,2149,lakhuvahdu,Sitapur,Sakran,Lakhuvahdu,208359,90132,2149,lakhuwa behad,Sitapur,Sakran,Lakhuwa Behad,32222,0.8830769230769232,0.8830769230769232,,,,
up2021__750544,2149,patarasa,Sitapur,Sakran,Patarasa,208382,271536,2149,patrasha,Sitapur,Sakran,Patrasha,43346,0.8750000000000001,0.8750000000000001,,,,
up2021__758129,2149,kamharia maharia,Sitapur,Sakran,Kamharia Maharia,208396,90127,2149,khamhariya mahariya,Sitapur,Sakran,Khamhariya Mahariya,28770,0.8588815789473684,0.8588815789473684,,,,
up2021__763195,2149,kauuwakhda,Sitapur,Sakran,Kauuwakhda,208425,90123,2149,kauwa khera,Sitapur,Sakran,Kauwa Khera,28038,0.8896969696969697,0.8896969696969697,,,,
up2021__831049,2150,hirpur,Sitapur,Sidhauli,Hirpur,208447,271361,2150,heerpur,Sitapur,Sidhauli,Heerpur,22148,0.8642857142857143,0.8642857142857143,,,,
up2021__724882,2150,badi,Sitapur,Sidhauli,Badi,208457,90178,2150,bari,Sitapur,Sidhauli,Bari,6550,0.8666666666666667,0.8666666666666667,,,,
up2021__751501,2150,bhitora,Sitapur,Sidhauli,Bhitora,208486,90180,2150,bhithaura,Sitapur,Sidhauli,Bhithaura,10103,0.8714285714285714,0.8714285714285714,,,,
up2021__818768,2150,ghazipur,Sitapur,Sidhauli,Ghazipur,208496,90189,2150,gajipur,Sitapur,Sidhauli,Gajipur,18426,0.8821428571428571,0.8821428571428571,,,,
up2021__695795,2150,umra,Sitapur,Sidhauli,Umra,208502,90235,2150,umara,Sitapur,Sidhauli,Umara,56757,0.88,0.88,,,,
up2021__866287,2150,kathauna,Sitapur,Sidhauli,Kathauna,208505,90205,2150,kathwa,Sitapur,Sidhauli,Kathwa,27823,0.8916666666666667,0.8916666666666667,,,,
up2021__777440,2136,gurghpa,Sitapur,Hargaon,Gurghpa,208522,89245,2136,gurdhapa,Sitapur,Hargaon,Gurdhapa,20760,0.8694444444444446,0.8694444444444446,,,,
up2021__727552,2136,balamu kala,Sitapur,Hargaon,Balamu Kala,208531,89233,2136,belamau kalan,Sitapur,Hargaon,Belamau Kalan,7834,0.8993006993006994,0.8993006993006994,,,,
up2021__847182,2136,pitpur,Sitapur,Hargaon,Pitpur,208538,89277,2136,peetpur,Sitapur,Hargaon,Peetpur,43546,0.8642857142857143,0.8642857142857143,,,,
up2021__849537,2136,vishnupur,Sitapur,Hargaon,Vishnupur,208541,89239,2136,bishunpur,Sitapur,Hargaon,Bishunpur,11371,0.8842592592592592,0.8842592592592592,,,,
up2021__822412,2136,vishun bawali,Sitapur,Hargaon,Vishun Bawali,208546,271435,2136,bishun bavali,Sitapur,Hargaon,Bishun Bavali,11354,0.8974358974358975,0.8974358974358975,,,,
up2021__811008,2136,fatehpur mirabehd,Sitapur,Hargaon,Fatehpur MirabehD,208554,272666,2136,fattepur meerabehad,Sitapur,Hargaon,Fattepur Meerabehad,17941,0.8923151014791882,0.8923151014791882,,,,
up2021__832426,2136,firozpur gadsari,Sitapur,Hargaon,Firozpur Gadsari,208568,89244,2136,firozpur,Sitapur,Hargaon,Firozpur,18031,0.9,0.9,,,,
up2021__725800,2136,parasahara sharifpur,Sitapur,Hargaon,Parasahara Sharifpur,208569,89276,2136,parsehra sharifpur,Sitapur,Hargaon,Parsehra Sharifpur,42886,0.8971350762527233,0.8971350762527233,,,,
up2021__842945,2136,salumu,Sitapur,Hargaon,Salumu,208572,89286,2136,selumau,Sitapur,Hargaon,Selumau,50977,0.8642857142857143,0.8642857142857143,,,,
up2021__255205,2159,dasupur,Sultanpur,Akhandnagar,Dasupur,208598,90756,2159,dasaoopur,Sultanpur,Akhand Nagar,Dasaoopur,14655,0.888888888888889,0.888888888888889,,,,
up2021__333307,2159,jaura,Sultanpur,Akhandnagar,Jaura,208610,90766,2159,jaunara,Sultanpur,Akhand Nagar,Jaunara,24680,0.8866666666666667,0.8866666666666667,,,,
up2021__215505,2159,udduri,Sultanpur,Akhandnagar,Udduri,208619,90809,2159,udari,Sultanpur,Akhand Nagar,Udari,56548,0.8577777777777779,0.8577777777777779,,,,
up2021__247801,2159,alipur kaampa,Sultanpur,Akhandnagar,Alipur Kaampa,208628,90741,2159,allipurkanpa,Sultanpur,Akhand Nagar,Allipurkanpa,1490,0.8673504273504273,0.8673504273504273,,,,
up2021__322962,2159,banbahadurkhinkanpur,Sultanpur,Akhandnagar,Banbahadurkhinkanpur,208662,90745,2159,banbahasirkhinpur,Sultanpur,Akhand Nagar,Banbahasirkhinpur,5376,0.8998039215686274,0.8998039215686274,,,,
up2021__214455,6897,patna pavropatti,Sultanpur,Karoundikala,Patna Pavropatti,208681,91536,6897,patana pawaropatti,Sultanpur,Karaudikala,Patana Pawaropatti,43113,0.8843055555555556,0.8843055555555556,,,,
up2021__236706,6897,bhatauta tulsipti,Sultanpur,Karoundikala,Bhatauta Tulsipti,208686,91494,6897,bharauta tulsipatti,Sultanpur,Karaudikala,Bharauta Tulsipatti,9154,0.8930856553147575,0.8930856553147575,,,,
up2021__236972,6897,baudia balamu,Sultanpur,Karoundikala,Baudia Balamu,208688,91493,6897,baurhiya balmaoo,Sultanpur,Karaudikala,Baurhiya Balmaoo,7477,0.8699737762237763,0.8699737762237763,,,,
up2021__345882,2172,aldemnoorpur,Sultanpur,Kadipur,Aldemnoorpur,208721,91483,2172,aldamaoo noorpur,Sultanpur,Kadipur,Aldamaoo Noorpur,1300,0.8864267676767676,0.8864267676767676,,,,
up2021__340577,2172,trilokpur nevada,Sultanpur,Kadipur,Trilokpur Nevada,208728,91548,2172,tailokpur newada,Sultanpur,Kadipur,Tailokpur Newada,54739,0.8607142857142858,0.8607142857142858,,,,
up2021__252625,2172,tavakkalpur nagara,Sultanpur,Kadipur,Tavakkalpur Nagara,208733,91549,2172,taukalpur nagara,Sultanpur,Kadipur,Taukalpur Nagara,55209,0.8677777777777778,0.8677777777777778,,,,
up2021__348337,2172,palyadevapur,Sultanpur,Kadipur,Palyadevapur,208741,90792,2172,palidawapur,Sultanpur,Kadipur,Palidawapur,42038,0.8733164983164984,0.8733164983164984,,,,
up2021__355667,2172,bhiitipahaaddpur,Sultanpur,Kadipur,Bhiitipahaaddpur,208752,90753,2172,bhiti paharpur,Sultanpur,Kadipur,Bhiti Paharpur,10133,0.8694444444444446,0.8694444444444446,,,,
up2021__339522,2172,prana nathpur kalan,Sultanpur,Kadipur,Prana Nathpur Kalan,208758,269710,2172,prannathpur kala,Sultanpur,Kadipur,Prannathpur Kala,44492,0.8934210526315789,0.8934210526315789,,,,
up2021__348388,2172,kumhai hamzapur,Sultanpur,Kadipur,Kumhai Hamzapur,208763,90773,2172,kumhi,Sultanpur,Kadipur,Kumhi,31202,0.8666666666666666,0.8666666666666666,,,,
up2021__344385,2172,khatippur,Sultanpur,Kadipur,Khatippur,208767,270079,2172,khateevpur,Sultanpur,Kadipur,Khateevpur,29322,0.8955555555555555,0.8955555555555555,,,,
up2021__387951,2174,mudeinewada,Sultanpur,Kudwar,Mudeinewada,208777,91664,2174,mudwa,Sultanpur,Kurwar,Mudwa,37737,0.8727272727272728,0.8727272727272728,,,,
up2021__312285,2174,kotowaa,Sultanpur,Kudwar,Kotowaa,208779,91652,2174,kotva,Sultanpur,Kurwar,Kotva,30840,0.8533333333333333,0.8533333333333333,,,,
up2021__240130,2174,ghusieria,Sultanpur,Kudwar,Ghusieria,208785,91641,2174,ghushyariya,Sultanpur,Kurwar,Ghushyariya,19710,0.8542568542568543,0.8542568542568543,,,,
up2021__265369,2174,madhavpur acharya,Sultanpur,Kudwar,Madhavpur Acharya,208794,91654,2174,madhopur acharya,Sultanpur,Kurwar,Madhopur Acharya,33338,0.8973039215686274,0.8973039215686274,,,,
up2021__218808,2174,dawoodpur,Sultanpur,Kudwar,Dawoodpur,208807,91637,2174,daudpur,Sultanpur,Kurwar,Daudpur,14775,0.873015873015873,0.873015873015873,,,,
up2021__302529,2174,dharawaan,Sultanpur,Kudwar,Dharawaan,208809,91639,2174,dhanrava,Sultanpur,Kurwar,Dhanrava,15946,0.8638888888888888,0.8638888888888888,,,,
up2021__248802,2174,bela pashchim,Sultanpur,Kudwar,Bela Pashchim,208819,91630,2174,balapashchim,Sultanpur,Kurwar,Balapashchim,4976,0.8743006993006993,0.8743006993006993,,,,
up2021__349869,2174,sarkauda,Sultanpur,Kudwar,Sarkauda,208831,91678,2174,sarkoura,Sultanpur,Kurwar,Sarkoura,50453,0.8666666666666667,0.8666666666666667,,,,
up2021__402482,2174,masetwa,Sultanpur,Kudwar,Masetwa,208837,272791,2174,matesawa,Sultanpur,Kurwar,Matesawa,35972,0.8904761904761905,0.8904761904761905,,,,
up2021__267375,2173,musahar nachna,Sultanpur,Kuddebhar,Musahar Nachna,208861,91594,2173,musharnachna,Sultanpur,Kurebhar,Musharnachna,38289,0.888888888888889,0.888888888888889,,,,
up2021__387700,2173,kodri,Sultanpur,Kuddebhar,Kodri,208867,91585,2173,korari,Sultanpur,Kurebhar,Korari,30610,0.8577777777777779,0.8577777777777779,,,,
up2021__288774,2173,jafarpur,Sultanpur,Kuddebhar,Jafarpur,208868,91576,2173,japharpur,Sultanpur,Kurebhar,Japharpur,24395,0.8693121693121693,0.8693121693121693,,,,
up2021__293025,2173,dih dhagguppur,Sultanpur,Kuddebhar,Dih Dhagguppur,208876,91568,2173,dehdhagupur,Sultanpur,Kurebhar,Dehdhagupur,15038,0.887012987012987,0.887012987012987,,,,
up2021__231294,2173,phoolpur,Sultanpur,Kuddebhar,Phoolpur,208887,91603,2173,phul pur,Sultanpur,Kurebhar,Phul Pur,43699,0.8666666666666667,0.8666666666666667,,,,
up2021__297446,2173,itakoli,Sultanpur,Kuddebhar,Itakoli,208912,91575,2173,itkauli,Sultanpur,Kurebhar,Itkauli,23075,0.8793650793650793,0.8793650793650793,,,,
up2021__277008,2173,tieri machhrauli,Sultanpur,Kuddebhar,Tieri Machhrauli,208914,91621,2173,tiyari machharauli,Sultanpur,Kurebhar,Tiyari Machharauli,56189,0.8677777777777778,0.8677777777777778,,,,
up2021__317570,2173,kauriawan,Sultanpur,Kuddebhar,Kauriawan,208924,272797,2173,kaudiyawa,Sultanpur,Kurebhar,Kaudiyawa,27977,0.8962962962962963,0.8962962962962963,,,,
up2021__259974,2170,chaure,Sultanpur,Jaisinghpur,Chaure,208948,269445,2170,chourey,Sultanpur,Jaisinghpur,Chourey,13885,0.8793650793650793,0.8793650793650793,,,,
up2021__381975,2170,ishaqpur,Sultanpur,Jaisinghpur,ishaqpur,208953,91390,2170,isahakpur,Sultanpur,Jaisinghpur,Isahakpur,22825,0.8693121693121693,0.8693121693121693,,,,
up2021__291651,2170,daulatpur,Sultanpur,Jaisinghpur,Daulatpur,208962,91381,2170,doulatpur,Sultanpur,Jaisinghpur,Doulatpur,17005,0.8958333333333333,0.8958333333333333,,,,
up2021__338517,2170,moongar,Sultanpur,Jaisinghpur,Moongar,208973,91406,2170,mungar,Sultanpur,Jaisinghpur,Mungar,38057,0.8642857142857143,0.8642857142857143,,,,
up2021__353920,2170,keelhapur,Sultanpur,Jaisinghpur,Keelhapur,208981,91397,2170,kilhapur,Sultanpur,Jaisinghpur,Kilhapur,30025,0.8958333333333333,0.8958333333333333,,,,
up2021__292245,2170,sisonda,Sultanpur,Jaisinghpur,Sisonda,209010,269668,2170,sisauda,Sultanpur,Jaisinghpur,Sisauda,53315,0.8666666666666668,0.8666666666666668,,,,
up2021__356765,2170,sata,Sultanpur,Jaisinghpur,Sata,209023,269686,2170,saata,Sultanpur,Jaisinghpur,Saata,48170,0.88,0.88,,,,
up2021__376869,2167,imiliyan khurd,Sultanpur,Doobepur,Imiliyan Khurd,209040,91167,2167,emiliya khurd,Sultanpur,Dubepur,Emiliya Khurd,17512,0.8711843711843712,0.8711843711843712,,,,
up2021__372664,2167,ramanagar kot,Sultanpur,Doobepur,Ramanagar Kot,209051,91224,2167,ramnagarcoate,Sultanpur,Dubepur,Ramnagarcoate,46161,0.8645687645687645,0.8645687645687645,,,,
up2021__406094,2167,doobepur,Sultanpur,Doobepur,Doobepur,209055,91190,2167,dubeypur,Sultanpur,Dubepur,Dubeypur,17053,0.8500000000000001,0.8500000000000001,,,,
up2021__322739,2167,karampurparwarbhar,Sultanpur,Doobepur,Karampurparwarbhar,209068,91198,2167,karaampur parvaarbhar,Sultanpur,Dubepur,Karaampur Parvaarbhar,26840,0.8802054154995331,0.8802054154995331,,,,
up2021__381655,2167,karaundia dehat,Sultanpur,Doobepur,Karaundia Dehat,209073,91199,2167,karondiya dehat,Sultanpur,Dubepur,Karondiya Dehat,27323,0.8659829059829061,0.8659829059829061,,,,
up2021__282102,2167,tikariya,Sultanpur,Doobepur,Tikariya,209078,91231,2167,takariya,Sultanpur,Dubepur,Takariya,54808,0.8821428571428571,0.8821428571428571,,,,
up2021__421791,2167,utturi,Sultanpur,Doobepur,Utturi,209094,91233,2167,uaturi,Sultanpur,Dubepur,Uaturi,56454,0.9,0.9,,,,
up2021__435808,2167,odra,Sultanpur,Doobepur,Odra,209105,91214,2167,odara,Sultanpur,Dubepur,Odara,41017,0.88,0.88,,,,
up2021__395360,2167,kataanwaan,Sultanpur,Doobepur,Kataanwaan,209106,91200,2167,katava,Sultanpur,Dubepur,Katava,27701,0.8666666666666667,0.8666666666666667,,,,
up2021__207919,2166,mustafaabadkalan,Sultanpur,Dostpur,Mustafaabadkalan,209127,91148,2166,mustfabad kakan,Sultanpur,Dostpur,Mustfabad Kakan,38365,0.8896794871794872,0.8896794871794872,,,,
up2021__454288,2166,khozapurupti,Sultanpur,Dostpur,Khozapurupti,209132,91143,2166,khojapuropaati,Sultanpur,Dostpur,Khojapuropaati,29751,0.8944444444444445,0.8944444444444445,,,,
up2021__218805,2166,sukhupur ashrafpatti,Sultanpur,Dostpur,Sukhupur Ashrafpatti,209164,91157,2166,sukhaoopur asaraf patti,Sultanpur,Dostpur,Sukhaoopur Asaraf Patti,54104,0.8920772946859904,0.8920772946859904,,,,
up2021__235993,2166,koomhi dadia,Sultanpur,Dostpur,Koomhi Dadia,209179,91145,2166,kumhidadiya,Sultanpur,Dostpur,Kumhidadiya,31203,0.8704545454545455,0.8704545454545455,,,,
up2021__261050,2165,juada patti,Sultanpur,Dhanpatganj,Juada patti,209182,91077,2165,judapatti,Sultanpur,Dhanpatganj,Judapatti,25250,0.8922558922558923,0.8922558922558923,,,,
up2021__268647,2165,fattehpur,Sultanpur,Dhanpatganj,Fattehpur,209185,91092,2165,phattepur,Sultanpur,Dhanpatganj,Phattepur,43644,0.8518518518518517,0.8518518518518517,,,,
up2021__301712,2165,bharasarraa,Sultanpur,Dhanpatganj,Bharasarraa,209187,91063,2165,bharsada,Sultanpur,Dhanpatganj,Bharsada,9231,0.8737012987012986,0.8737012987012986,,,,
up2021__326220,2165,saraiya mazhowa,Sultanpur,Dhanpatganj,Saraiya Mazhowa,209192,270973,2165,saraiya viraan,Sultanpur,Dhanpatganj,Saraiya Viraan,50109,0.8761904761904762,0.8761904761904762,,,,
up2021__241316,2165,rasheda,Sultanpur,Dhanpatganj,Rasheda,209221,91099,2165,rashara,Sultanpur,Dhanpatganj,Rashara,46996,0.8857142857142858,0.8857142857142858,,,,
up2021__327803,2165,kewatli,Sultanpur,Dhanpatganj,Kewatli,209228,91079,2165,kevtli,Sultanpur,Dhanpatganj,Kevtli,28268,0.8793650793650793,0.8793650793650793,,,,
up2021__328602,2165,bhikarpur,Sultanpur,Dhanpatganj,Bhikarpur,209241,270992,2165,bheekharpur,Sultanpur,Dhanpatganj,Bheekharpur,9764,0.8976430976430976,0.8976430976430976,,,,
up2021__243501,2165,pipary sainatapur,Sultanpur,Dhanpatganj,Pipary Sainatapur,209242,270994,2165,pipri sainathpur,Sultanpur,Dhanpatganj,Pipri Sainathpur,44234,0.8963235294117647,0.8963235294117647,,,,
up2021__334546,2178,kothra kalan,Sultanpur,Pratapur Kamecha,Kothra Kalan,209257,91865,2178,kotharakala,Sultanpur,P.P.Kamaicha,Kotharakala,30754,0.8884848484848485,0.8884848484848485,,,,
up2021__327738,2178,aanpur narayanganj,Sultanpur,Pratapur Kamecha,Aanpur Narayanganj,209258,91843,2178,aanapurnarayanganj,Sultanpur,P.P.Kamaicha,Aanapurnarayanganj,48,0.8917211328976035,0.8917211328976035,,,,
up2021__343533,2178,munee pur,Sultanpur,Pratapur Kamecha,Munee Pur,209264,91871,2178,munipur,Sultanpur,P.P.Kamaicha,Munipur,38073,0.888888888888889,0.888888888888889,,,,
up2021__325016,2178,garhma koiripur,Sultanpur,Pratapur Kamecha,Garhma Koiripur,209291,270857,2178,gadma koyaripur,Sultanpur,P.P.Kamaicha,Gadma Koyaripur,18240,0.8711111111111112,0.8711111111111112,,,,
up2021__229789,2178,kuber shah patti,Sultanpur,Pratapur Kamecha,Kuber Shah Patti,209310,91867,2178,kubarshahpatti,Sultanpur,P.P.Kamaicha,Kubarshahpatti,30951,0.8857371794871796,0.8857371794871796,,,,
up2021__345794,2161,singhani,Sultanpur,Baldirai,Singhani,209316,90902,2161,sighni,Sultanpur,Baldirai,Sighni,52468,0.888888888888889,0.888888888888889,,,,
up2021__290540,2161,medhmaau,Sultanpur,Baldirai,Medhmaau,209319,90890,2161,meghmau,Sultanpur,Baldirai,Meghmau,36467,0.8952380952380953,0.8952380952380953,,,,
up2021__387663,2161,para,Sultanpur,Baldirai,Para,209339,90895,2161,paara,Sultanpur,Baldirai,Paara,41145,0.88,0.88,,,,
up2021__257899,2161,natoli,Sultanpur,Baldirai,Natoli,209343,90893,2161,natauli,Sultanpur,Baldirai,Natauli,39886,0.8944444444444445,0.8944444444444445,,,,
up2021__300284,2161,birhaura,Sultanpur,Baldirai,Birhaura,209347,90864,2161,virdhaura,Sultanpur,Baldirai,Virdhaura,57454,0.8842592592592592,0.8842592592592592,,,,
up2021__357537,2161,haliapur,Sultanpur,Baldirai,Haliapur,209359,90881,2161,huliyapur,Sultanpur,Baldirai,Huliyapur,22410,0.8958333333333333,0.8958333333333333,,,,
up2021__206851,2161,jaraila,Sultanpur,Baldirai,Jaraila,209360,90883,2161,jarai kalan,Sultanpur,Baldirai,Jarai Kalan,24406,0.8987012987012987,0.8987012987012987,,,,
up2021__276098,2161,uskamaoo,Sultanpur,Baldirai,Uskamaoo,209364,90909,2161,uska mau,Sultanpur,Baldirai,Uska Mau,57107,0.9,0.9,,,,
up2021__293686,2162,panua tikri,Sultanpur,Bhadainaya,Panua Tikri,209398,90954,2162,pannatiari,Sultanpur,Bhadaiya,Pannatiari,42295,0.8896969696969697,0.8896969696969697,,,,
up2021__271206,2162,chatouna,Sultanpur,Bhadainaya,Chatouna,209405,90927,2162,chhatauna,Sultanpur,Bhadaiya,Chhatauna,13343,0.8693121693121693,0.8693121693121693,,,,
up2021__397376,2162,rudoli,Sultanpur,Bhadainaya,Rudoli,209420,90970,2162,rudauli,Sultanpur,Bhadaiya,Rudauli,47966,0.8944444444444445,0.8944444444444445,,,,
up2021__329111,2162,oujhi,Sultanpur,Bhadainaya,Oujhi,209430,270173,2162,aujhi,Sultanpur,Bhadaiya,Aujhi,3017,0.8666666666666667,0.8666666666666667,,,,
up2021__344808,2162,jaddoopr,Sultanpur,Bhadainaya,Jaddoopr,209434,90934,2162,jaddupur,Sultanpur,Bhadaiya,Jaddupur,23147,0.9,0.9,,,,
up2021__369089,2176,ahda,Sultanpur,Motigarpur,Ahda,209459,91755,2176,ahada,Sultanpur,Motigarpur,Ahada,453,0.88,0.88,,,,
up2021__278054,2176,dhingarpur bankegaon,Sultanpur,Motigarpur,Dhingarpur Bankegaon,209469,91763,2176,dingurpur bankegano,Sultanpur,Motigarpur,Dingurpur Bankegano,16771,0.8542105263157895,0.8542105263157895,,,,
up2021__393886,2176,badhonadih,Sultanpur,Motigarpur,Badhonadih,209471,91757,2176,barhonadeeh,Sultanpur,Motigarpur,Barhonadeeh,6521,0.8739393939393939,0.8739393939393939,,,,
up2021__258182,2176,khairha,Sultanpur,Motigarpur,Khairha,209474,91770,2176,kairaha,Sultanpur,Motigarpur,Kairaha,25703,0.8642857142857143,0.8642857142857143,,,,
up2021__274578,2176,pahadpur saraybhikam,Sultanpur,Motigarpur,Pahadpur Saraybhikam,209475,91787,2176,paharpur sarai bheekam,Sultanpur,Motigarpur,Paharpur Sarai Bheekam,41612,0.8880808080808081,0.8880808080808081,,,,
up2021__356705,2176,udharpurbhatpura,Sultanpur,Motigarpur,Udharpurbhatpura,209483,269700,2176,ughadpur bhatpura,Sultanpur,Motigarpur,Ughadpur Bhatpura,56659,0.8859558823529413,0.8859558823529413,,,,
up2021__338178,2175,maddanpnpurpaniya,Sultanpur,Lambhua,Maddanpnpurpaniya,209505,91726,2175,madanpur paniyar,Sultanpur,Lambhua,Madanpur Paniyar,33144,0.8963235294117647,0.8963235294117647,,,,
up2021__330699,2175,baini,Sultanpur,Lambhua,Baini,209507,91754,2175,vaini,Sultanpur,Lambhua,Vaini,57230,0.8666666666666667,0.8666666666666667,,,,
up2021__226438,2175,devari,Sultanpur,Lambhua,Devari,209509,91699,2175,dewri,Sultanpur,Lambhua,Dewri,15563,0.8577777777777779,0.8577777777777779,,,,
up2021__275741,2175,belrahi,Sultanpur,Lambhua,Belrahi,209510,91689,2175,balahi,Sultanpur,Lambhua,Balahi,4954,0.8642857142857143,0.8642857142857143,,,,
up2021__222124,2175,dhariymau,Sultanpur,Lambhua,Dhariymau,209519,91701,2175,dhariyamaoo,Sultanpur,Lambhua,Dhariyamaoo,16123,0.8982323232323232,0.8982323232323232,,,,
up2021__296824,2175,garaen,Sultanpur,Lambhua,Garaen,209525,91704,2175,garawa,Sultanpur,Lambhua,Garawa,18849,0.8666666666666666,0.8666666666666666,,,,
up2021__447076,2175,belouna pashchim,Sultanpur,Lambhua,Belouna Pashchim,209536,270189,2175,belauna paschim,Sultanpur,Lambhua,Belauna Paschim,7866,0.8886111111111111,0.8886111111111111,,,,
up2021__727681,297517,bharakavah,Sonbhadra,Karma,Bharakavah,209577,270291,297517,bharkwah,Sonbhadra,Karma,Bharkwah,9205,0.8864285714285713,0.8864285714285713,,,,
up2021__951124,297517,sarga,Sonbhadra,Karma,Sarga,209584,90504,297517,saranga,Sonbhadra,Karma,Saranga,50130,0.8866666666666667,0.8866666666666667,,,,
up2021__922309,297517,aelahi,Sonbhadra,Karma,Aelahi,209609,269697,297517,ailahi,Sonbhadra,Karma,Ailahi,714,0.9,0.9,,,,
up2021__954264,297517,kasayakalan,Sonbhadra,Karma,Kasayakalan,209614,90665,297517,kasya kalana,Sonbhadra,Karma,Kasya Kalana,27615,0.8957070707070707,0.8957070707070707,,,,
up2021__915235,297516,kachnarwa,Sonbhadra,Kon,Kachnarwa,209649,90336,297516,kachanarava,Sonbhadra,Kon,Kachanarava,25432,0.8732323232323231,0.8732323232323231,,,,
up2021__903357,297516,karail,Sonbhadra,Kon,Karail,209650,90339,297516,karel,Sonbhadra,Kon,Karel,27078,0.8755555555555556,0.8755555555555556,,,,
up2021__970663,2155,dhuwas,Sonbhadra,Ghorawal,Dhuwas,209673,90444,2155,ghuwas,Sonbhadra,Ghorawal,Ghuwas,19725,0.888888888888889,0.888888888888889,,,,
up2021__1048927,2155,moortiya,Sonbhadra,Ghorawal,Moortiya,209674,90486,2155,murtiya,Sonbhadra,Ghorawal,Murtiya,38239,0.8821428571428571,0.8821428571428571,,,,
up2021__1044955,2155,imlipokhar,Sonbhadra,Ghorawal,Imlipokhar,209675,90414,2155,amli pokhar,Sonbhadra,Ghorawal,Amli Pokhar,1854,0.869023569023569,0.869023569023569,,,,
up2021__969384,2155,parsona,Sonbhadra,Ghorawal,Parsona,209676,90493,2155,parsauna,Sonbhadra,Ghorawal,Parsauna,42838,0.8880952380952382,0.8880952380952382,,,,
up2021__970252,2155,tanudhar,Sonbhadra,Ghorawal,Tanudhar,209678,90519,2155,tenduhar,Sonbhadra,Ghorawal,Tenduhar,55417,0.8821428571428571,0.8821428571428571,,,,
up2021__931225,2155,dhaba,Sonbhadra,Ghorawal,Dhaba,209689,90434,2155,dabha,Sonbhadra,Ghorawal,Dabha,13978,0.88,0.88,,,,
up2021__955370,2155,jamgai,Sonbhadra,Ghorawal,Jamgai,209704,270375,2155,jamganee,Sonbhadra,Ghorawal,Jamganee,24052,0.8916666666666667,0.8916666666666667,,,,
up2021__956326,2155,khaddaur,Sonbhadra,Ghorawal,Khaddaur,209746,90462,2155,khardeur,Sonbhadra,Ghorawal,Khardeur,29123,0.8833333333333334,0.8833333333333334,,,,
up2021__958142,2155,kewata,Sonbhadra,Ghorawal,Kewata,209751,90459,2155,keweta,Sonbhadra,Ghorawal,Keweta,28297,0.8755555555555556,0.8755555555555556,,,,
up2021__957753,2155,marsada,Sonbhadra,Ghorawal,Marsada,209752,90479,2155,marasara,Sonbhadra,Ghorawal,Marasara,35715,0.8694444444444446,0.8694444444444446,,,,
up2021__999939,2155,dhuter,Sonbhadra,Ghorawal,Dhuter,209754,90520,2155,thuter,Sonbhadra,Ghorawal,Thuter,55744,0.888888888888889,0.888888888888889,,,,
up2021__947821,2155,bhausivar,Sonbhadra,Ghorawal,Bhausivar,209769,90427,2155,bhanswar,Sonbhadra,Ghorawal,Bhanswar,9055,0.8638888888888888,0.8638888888888888,,,,
up2021__769845,2152,koriaav,Sonbhadra,Chatra,Koriaav,209776,90293,2152,koriyanw,Sonbhadra,Chatra,Koriyanw,30655,0.8678571428571429,0.8678571428571429,,,,
up2021__741960,2152,korakala,Sonbhadra,Chatra,KoraKala,209785,90294,2152,kura kalan,Sonbhadra,Chatra,Kura Kalan,31397,0.8725,0.8725,,,,
up2021__885785,2152,sarai,Sonbhadra,Chatra,Sarai,209792,268766,2152,sarayee,Sonbhadra,Chatra,Sarayee,50252,0.8742857142857142,0.8742857142857142,,,,
up2021__776917,2152,siltham,Sonbhadra,Chatra,Siltham,209795,90312,2152,shiltham,Sonbhadra,Chatra,Shiltham,52112,0.8767857142857143,0.8767857142857143,,,,
up2021__874808,2152,ailai,Sonbhadra,Chatra,Ailai,209813,90269,2152,alahi,Sonbhadra,Chatra,Alahi,1181,0.88,0.88,,,,
up2021__952486,2152,tiyakalao,Sonbhadra,Chatra,Tiyakalao,209817,269172,2152,tiyara kalan,Sonbhadra,Chatra,Tiyara Kalan,56186,0.861111111111111,0.861111111111111,,,,
up2021__951816,2152,padrikhurd,Sonbhadra,Chatra,Padrikhurd,209824,90303,2152,pararikhurd,Sonbhadra,Chatra,Pararikhurd,42450,0.8655892255892256,0.8655892255892256,,,,
up2021__951498,2152,kusumha,Sonbhadra,Chatra,Kusumha,209827,90295,2152,kushmha,Sonbhadra,Chatra,Kushmha,31640,0.8944444444444445,0.8944444444444445,,,,
up2021__849975,2153,kurari,Sonbhadra,Chopan,Kurari,209850,271173,2153,kudaari,Sonbhadra,Chopan,Kudaari,30982,0.8793650793650793,0.8793650793650793,,,,
up2021__859109,2153,samiya,Sonbhadra,Chopan,Samiya,209854,90364,2153,shemiya,Sonbhadra,Chopan,Shemiya,51973,0.8642857142857143,0.8642857142857143,,,,
up2021__781370,2153,shilpi,Sonbhadra,Chopan,Shilpi,209855,90365,2153,silapi,Sonbhadra,Chopan,Silapi,52783,0.9,0.9,,,,
up2021__865029,2153,gurdeh,Sonbhadra,Chopan,Gurdeh,209868,90332,2153,guradah,Sonbhadra,Chopan,Guradah,20731,0.8944444444444445,0.8944444444444445,,,,
up2021__893359,2153,badgawa,Sonbhadra,Chopan,Badgawa,209869,90320,2153,barganwa,Sonbhadra,Chopan,Barganwa,6423,0.8952380952380953,0.8952380952380953,,,,
up2021__894590,2154,dhorpa,Sonbhadra,Duddhi,Dhorpa,209880,90381,2154,ghorpa,Sonbhadra,Dudhi,Ghorpa,19621,0.888888888888889,0.888888888888889,,,,
up2021__908176,2154,salauyadeeh,Sonbhadra,Duddhi,Salauyadeeh,209894,90408,2154,salaiya dih,Sonbhadra,Dudhi,Salaiya Dih,49084,0.890909090909091,0.890909090909091,,,,
up2021__828077,2154,gadradwa,Sonbhadra,Duddhi,Gadradwa,209903,271279,2154,garhdarwa,Sonbhadra,Dudhi,Garhdarwa,18889,0.8693121693121693,0.8693121693121693,,,,
up2021__833896,2154,rajkhad,Sonbhadra,Duddhi,Rajkhad,209904,90406,2154,rajakhar,Sonbhadra,Dudhi,Rajakhar,45559,0.8694444444444446,0.8694444444444446,,,,
up2021__909900,2154,katauli,Sonbhadra,Duddhi,Katauli,209913,90392,2154,katolli,Sonbhadra,Dudhi,Katolli,27886,0.8666666666666668,0.8666666666666668,,,,
up2021__903016,2154,mazhauli,Sonbhadra,Duddhi,Mazhauli,209915,90397,2154,majhouli,Sonbhadra,Dudhi,Majhouli,34610,0.8666666666666667,0.8666666666666667,,,,
up2021__909776,2154,bhagadu,Sonbhadra,Duddhi,Bhagadu,209918,90369,2154,bagharu,Sonbhadra,Dudhi,Bagharu,3932,0.8642857142857143,0.8642857142857143,,,,
up2021__943663,2154,harnakchhar,Sonbhadra,Duddhi,Harnakchhar,209928,90383,2154,harana kachhar,Sonbhadra,Dudhi,Harana Kachhar,21287,0.8863636363636364,0.8863636363636364,,,,
up2021__951075,2154,mednikhaad,Sonbhadra,Duddhi,Mednikhaad,209929,90399,2154,medini khar,Sonbhadra,Dudhi,Medini Khar,36372,0.8605303030303031,0.8605303030303031,,,,
up2021__894344,2157,darew,Sonbhadra,Nagwan,Darew,209944,90597,2157,dareva,Sonbhadra,Nagwa,Dareva,14522,0.8933333333333334,0.8933333333333334,,,,
up2021__760360,2157,gotibagh,Sonbhadra,Nagwan,Gotibagh,209960,90603,2157,gotiband,Sonbhadra,Nagwa,Gotiband,20378,0.9,0.9,,,,
up2021__925623,2157,suar sot khurd,Sonbhadra,Nagwan,Suar Sot Khurd,209963,90629,2157,shurshot khurd,Sonbhadra,Nagwa,Shurshot Khurd,52355,0.8642857142857143,0.8642857142857143,,,,
up2021__771529,2157,sarai garh,Sonbhadra,Nagwan,Sarai Garh,209964,90625,2157,shariai gar,Sonbhadra,Nagwa,Shariai Gar,51806,0.8821212121212121,0.8821212121212121,,,,
up2021__723694,2157,makribari,Sonbhadra,Nagwan,Makribari,209967,90609,2157,makarivari,Sonbhadra,Nagwa,Makarivari,34679,0.8982407407407408,0.8982407407407408,,,,
up2021__861631,2157,marukudi,Sonbhadra,Nagwan,Marukudi,209968,90611,2157,markuri,Sonbhadra,Nagwa,Markuri,35813,0.8694444444444446,0.8694444444444446,,,,
up2021__929114,2157,padri,Sonbhadra,Nagwan,Padri,209975,90620,2157,parari,Sonbhadra,Nagwa,Parari,42449,0.8577777777777779,0.8577777777777779,,,,
up2021__706052,2156,sandur makra,Sonbhadra,Myorpur,Sandur (Makra),209988,90585,2156,sendur jarha,Sonbhadra,Myorpur,Sendur Jarha,51183,0.8500000000000001,0.8500000000000001,,,,
up2021__803620,2156,mahrikala,Sonbhadra,Myorpur,Mahrikala,210010,90564,2156,maharikala,Sonbhadra,Myorpur,Maharikala,33721,0.8988888888888888,0.8988888888888888,,,,
up2021__862499,2156,sandur,Sonbhadra,Myorpur,Sandur,210014,90584,2156,sendur,Sonbhadra,Myorpur,Sendur,51176,0.9,0.9,,,,
up2021__901014,2156,namna,Sonbhadra,Myorpur,Namna,210015,90570,2156,nemana,Sonbhadra,Myorpur,Nemana,40354,0.8900000000000001,0.8900000000000001,,,,
up2021__889120,2156,jheelo,Sonbhadra,Myorpur,Jheelo,210017,90547,2156,jhilo,Sonbhadra,Myorpur,Jhilo,24911,0.8577777777777779,0.8577777777777779,,,,
up2021__844291,2156,laubannada,Sonbhadra,Myorpur,Laubannada,210035,90561,2156,lavband,Sonbhadra,Myorpur,Lavband,32609,0.8552380952380954,0.8552380952380954,,,,
up2021__834114,2156,devhar poo,Sonbhadra,Myorpur,Devhar - Poo,210043,271246,2156,devhar purab,Sonbhadra,Myorpur,Devhar Purab,15373,0.8933333333333334,0.8933333333333334,,,,
up2021__946079,2158,pipiri,Sonbhadra,Rabartersganj,Pipiri,210059,90719,2158,pipari,Sonbhadra,Robertsganj,Pipari,43955,0.8755555555555556,0.8755555555555556,,,,
up2021__947316,2158,safipur,Sonbhadra,Rabartersganj,Safipur,210064,270209,2158,safaripur,Sonbhadra,Robertsganj,Safaripur,48381,0.8814814814814815,0.8814814814814815,,,,
up2021__874455,2158,bithgavnisf b,Sonbhadra,Rabartersganj,Bithgavnisf - B,210074,90730,2158,bithgawn nishph b,Sonbhadra,Robertsganj,Bithgawn Nishph B,11477,0.8804607157548334,0.8804607157548334,,,,
up2021__831614,2158,lasda,Sonbhadra,Rabartersganj,Lasda,210078,90689,2158,lashra,Sonbhadra,Robertsganj,Lashra,32507,0.8755555555555556,0.8755555555555556,,,,
up2021__846604,2158,sajaor,Sonbhadra,Rabartersganj,Sajaor,210080,90726,2158,shajaur,Sonbhadra,Robertsganj,Shajaur,51674,0.8642857142857143,0.8642857142857143,,,,
up2021__786287,2158,uchdih,Sonbhadra,Rabartersganj,Uchdih,210084,90737,2158,unchidih,Sonbhadra,Robertsganj,Unchidih,56988,0.875,0.875,,,,
up2021__943948,2158,dahikala,Sonbhadra,Rabartersganj,Dahikala,210095,90664,2158,dehari kala,Sonbhadra,Robertsganj,Dehari Kala,15034,0.8806818181818183,0.8806818181818183,,,,
up2021__1042533,2158,buddharkhurd,Sonbhadra,Rabartersganj,Buddharkhurd,210118,90661,2158,burhr khurd,Sonbhadra,Robertsganj,Burhr Khurd,11835,0.8552188552188553,0.8552188552188553,,,,
up2021__774321,2158,siltheri,Sonbhadra,Rabartersganj,Siltheri,210138,270126,2158,silthary,Sonbhadra,Robertsganj,Silthary,52819,0.9,0.9,,,,
up2021__946813,2158,rudoli,Sonbhadra,Rabartersganj,Rudoli,210148,270136,2158,rudauli,Sonbhadra,Robertsganj,Rudauli,47969,0.8944444444444445,0.8944444444444445,,,,
up2021__946750,2158,bhabhaich,Sonbhadra,Rabartersganj,Bhabhaich,210150,90659,2158,bhbhaech,Sonbhadra,Robertsganj,Bhbhaech,9739,0.8693121693121693,0.8693121693121693,,,,
up2021__840405,2158,meitapur,Sonbhadra,Rabartersganj,Meitapur,210158,90695,2158,maitapur,Sonbhadra,Robertsganj,Maitapur,34421,0.8821428571428571,0.8821428571428571,,,,
up2021__818510,2151,ikdiri,Sonbhadra,Vabhni,Ikdiri,210165,90257,2151,ikadari,Sonbhadra,Babhani,Ikadari,22612,0.8793650793650793,0.8793650793650793,,,,
up2021__919455,2151,vaina,Sonbhadra,Vabhni,Vaina,210186,90241,2151,baina,Sonbhadra,Babhani,Baina,4583,0.8666666666666667,0.8666666666666667,,,,
up2021__894055,2151,gohda,Sonbhadra,Vabhni,Gohda,210195,90255,2151,gohara,Sonbhadra,Babhani,Gohara,19928,0.8755555555555556,0.8755555555555556,,,,
up2021__522009,1771,kurara dehat,Hamirpur,Kurara,Kurara Dehat,210203,67222,1771,kurara rural,Hamirpur,Kurara,Kurara Rural,31417,0.8666666666666666,0.8666666666666666,,,,
up2021__531719,1771,sheikhupur,Hamirpur,Kurara,Sheikhupur,210212,67234,1771,shekhoopur,Hamirpur,Kurara,Shekhoopur,51876,0.8775000000000001,0.8775000000000001,,,,
up2021__603325,1771,kandor danda,Hamirpur,Kurara,Kandor Danda,210224,67220,1771,kandaur danda,Hamirpur,Kurara,Kandaur Danda,26503,0.8980186480186481,0.8980186480186481,,,,
up2021__662308,1770,alakachhva,Hamirpur,Gohand,Alakachhva,210242,67156,1770,alkachaba,Hamirpur,Gohand,Alkachaba,1433,0.8503703703703704,0.8503703703703704,,,,
up2021__632209,1770,italiya raja,Hamirpur,Gohand,Italiya Raja,210251,67176,1770,iteliya raja,Hamirpur,Gohand,Iteliya Raja,23067,0.8585858585858586,0.8585858585858586,,,,
up2021__559120,1770,rigvarakhurd,Hamirpur,Gohand,Rigvarakhurd,210270,67195,1770,regwara khurd,Hamirpur,Gohand,Regwara Khurd,47587,0.8807692307692307,0.8807692307692307,,,,
up2021__565693,1770,amund,Hamirpur,Gohand,Amund,210272,67158,1770,amond,Hamirpur,Gohand,Amond,1889,0.8933333333333333,0.8933333333333333,,,,
up2021__552541,1770,aonta,Hamirpur,Gohand,Aonta,210274,67160,1770,aunta,Hamirpur,Gohand,Aunta,3039,0.88,0.88,,,,
up2021__483880,1770,kaimokhar,Hamirpur,Gohand,Kaimokhar,210282,67184,1770,kemokhar,Hamirpur,Gohand,Kemokhar,28131,0.8958333333333333,0.8958333333333333,,,,
up2021__661547,1770,badakharaka,Hamirpur,Gohand,Badakharaka,210289,67163,1770,bara kharka,Hamirpur,Gohand,Bara Kharka,6062,0.8734006734006734,0.8734006734006734,,,,
up2021__569023,1773,kandholi,Hamirpur,Muskra,Kandholi,210293,67317,1773,kandauli,Hamirpur,Muskara,Kandauli,26499,0.9,0.9,,,,
up2021__717044,1773,neuria,Hamirpur,Muskra,Neuria,210303,67324,1773,newriya,Hamirpur,Muskara,Newriya,40524,0.8793650793650793,0.8793650793650793,,,,
up2021__675729,1773,bhugaycha,Hamirpur,Muskra,Bhugaycha,210307,67305,1773,bhugehcha,Hamirpur,Muskara,Bhugehcha,10406,0.8825396825396825,0.8825396825396825,,,,
up2021__648669,1773,gahrauli,Hamirpur,Muskra,Gahrauli,210323,67313,1773,gehrauli,Hamirpur,Muskara,Gehrauli,19369,0.8821428571428571,0.8821428571428571,,,,
up2021__621537,1772,bighana,Hamirpur,Maudha,Bighana,210332,67247,1772,bigehna,Hamirpur,Maudaha,Bigehna,10710,0.8944444444444445,0.8944444444444445,,,,
up2021__611148,1772,chakadha,Hamirpur,Maudha,Chakadha,210333,67250,1772,chek daha,Hamirpur,Maudaha,Chek Daha,13167,0.8693121693121693,0.8693121693121693,,,,
up2021__588246,1772,himoli,Hamirpur,Maudha,Himoli,210337,67260,1772,himauli,Hamirpur,Maudaha,Himauli,22213,0.8944444444444445,0.8944444444444445,,,,
up2021__687231,1772,biharaka,Hamirpur,Maudha,Biharaka,210339,67248,1772,biherka,Hamirpur,Maudaha,Biherka,10770,0.8694444444444446,0.8694444444444446,,,,
up2021__720290,1772,baizemua,Hamirpur,Maudha,Baizemua,210352,67239,1772,baije mau,Hamirpur,Maudaha,Baije Mau,4526,0.8856481481481482,0.8856481481481482,,,,
up2021__652274,1772,bhambi,Hamirpur,Maudha,Bhambi,210354,67241,1772,bhabhai,Hamirpur,Maudaha,Bhabhai,8254,0.8944444444444445,0.8944444444444445,,,,
up2021__611283,1772,chhani,Hamirpur,Maudha,Chhani,210355,67251,1772,chhani par maudaha,Hamirpur,Maudaha,Chhani (Par Maudaha),13260,0.8666666666666666,0.8666666666666666,,,,
up2021__645287,1772,nayakpurwa,Hamirpur,Maudha,Nayakpurwa,210360,67277,1772,naik purwa,Hamirpur,Maudaha,Naik Purwa,39106,0.8933333333333333,0.8933333333333333,,,,
up2021__526815,1772,siloli,Hamirpur,Maudha,Siloli,210365,67292,1772,silauli,Hamirpur,Maudaha,Silauli,52787,0.8944444444444445,0.8944444444444445,,,,
up2021__611195,1774,muskara,Hamirpur,Raath,Muskara,210397,67360,1774,mushkara khurd,Hamirpur,Rath,Mushkara Khurd,38292,0.8833333333333334,0.8833333333333334,,,,
up2021__496794,1774,barel,Hamirpur,Raath,Barel,210401,67337,1774,barail,Hamirpur,Rath,Barail,6011,0.8755555555555556,0.8755555555555556,,,,
up2021__622733,1774,pahadigarhi,Hamirpur,Raath,Pahadigarhi,210403,67363,1774,pahari gari,Hamirpur,Rath,Pahari Gari,41538,0.8828282828282829,0.8828282828282829,,,,
up2021__570803,1774,umnia,Hamirpur,Raath,Umnia,210409,67372,1774,umaniya,Hamirpur,Rath,Umaniya,56746,0.8704761904761905,0.8704761904761905,,,,
up2021__569945,1774,kharakhar,Hamirpur,Raath,Kharakhar,210411,67353,1774,khhadakhar,Hamirpur,Rath,Khhadakhar,29603,0.8837037037037038,0.8837037037037038,,,,
up2021__602975,1774,jhinnavira,Hamirpur,Raath,Jhinnavira,210415,67349,1774,jhinna beera,Hamirpur,Rath,Jhinna Beera,24918,0.8933333333333334,0.8933333333333334,,,,
up2021__572996,1775,uprahataka,Hamirpur,Sarila,Uprahataka,210428,67414,1775,uparhaka,Hamirpur,Sarila,Uparhaka,57020,0.88,0.88,,,,
up2021__572346,1775,chhedibeni,Hamirpur,Sarila,Chhedibeni,210440,67384,1775,chheri baini,Hamirpur,Sarila,Chheri Baini,13408,0.8683333333333333,0.8683333333333333,,,,
up2021__642091,1775,dhohal bujurg,Hamirpur,Sarila,Dhohal Bujurg,210441,67387,1775,dhauhal bujurg,Hamirpur,Sarila,Dhauhal Bujurg,16230,0.8525030525030524,0.8525030525030524,,,,
up2021__590853,1775,bhangra,Hamirpur,Sarila,Bhangra,210444,67376,1775,bangara,Hamirpur,Sarila,Bangara,5484,0.8642857142857143,0.8642857142857143,,,,
up2021__643853,1775,jamoridanda,Hamirpur,Sarila,Jamoridanda,210448,67395,1775,jamauri danda,Hamirpur,Sarila,Jamauri Danda,24028,0.854941724941725,0.854941724941725,,,,
up2021__572849,1775,jitkiridanda,Hamirpur,Sarila,Jitkiridanda,210449,67397,1775,jitkari danda,Hamirpur,Sarila,Jitkari Danda,25084,0.8980186480186481,0.8980186480186481,,,,
up2021__572981,1775,chandout,Hamirpur,Sarila,Chandout,210450,67383,1775,chandaut danda,Hamirpur,Sarila,Chandaut Danda,12497,0.875,0.875,,,,
up2021__572699,1775,ataroli,Hamirpur,Sarila,Ataroli,210452,67373,1775,atrauli,Hamirpur,Sarila,Atrauli,2949,0.8793650793650793,0.8793650793650793,,,,
up2021__502997,1775,ichhora,Hamirpur,Sarila,Ichhora,210468,67391,1775,ichaura,Hamirpur,Sarila,Ichaura,22591,0.8666666666666668,0.8666666666666668,,,,
up2021__500843,1775,hardua,Hamirpur,Sarila,Hardua,210469,67389,1775,herduwa,Hamirpur,Sarila,Herduwa,22170,0.8642857142857143,0.8642857142857143,,,,
up2021__677747,1776,saughar,Hamirpur,Sumerpur,Saughar,210471,67459,1776,saukher,Hamirpur,Sumerpur,Saukher,50754,0.8666666666666668,0.8666666666666668,,,,
up2021__527323,1776,kundora,Hamirpur,Sumerpur,Kundora,210474,67445,1776,kundaura,Hamirpur,Sumerpur,Kundaura,31262,0.8880952380952382,0.8880952380952382,,,,
up2021__574777,1776,bidokhar puraayee,Hamirpur,Sumerpur,Bidokhar Puraayee,210492,67468,1776,vidokhar purai,Hamirpur,Sumerpur,Vidokhar Purai,57343,0.8543417366946778,0.8543417366946778,,,,
up2021__503088,1776,kalolijar,Hamirpur,Sumerpur,Kalolijar,210493,67440,1776,kalauli jar,Hamirpur,Sumerpur,Kalauli Jar,26006,0.852104377104377,0.852104377104377,,,,
up2021__565692,1776,kumhapur,Hamirpur,Sumerpur,Kumhapur,210497,67444,1776,kumaunpur,Hamirpur,Sumerpur,Kumaunpur,31168,0.8856481481481482,0.8856481481481482,,,,
up2021__565240,1776,kadehijar,Hamirpur,Sumerpur,Kadehijar,210515,264974,1776,khadehi jar,Hamirpur,Sumerpur,Khadehi Jar,28340,0.8787878787878789,0.8787878787878789,,,,
up2021__657471,1776,tekarauli,Hamirpur,Sumerpur,Tekarauli,210525,67465,1776,tikrauli,Hamirpur,Sumerpur,Tikrauli,55930,0.8529761904761904,0.8529761904761904,,,,
up2021__18741,1777,khadakheda,Hardoi,Ahirorhi,Khadakheda,210560,67511,1777,khara khera,Hardoi,Ahirori,Khara Khera,29078,0.8896969696969697,0.8896969696969697,,,,
up2021__363788,1777,umraapur byoraapur,Hardoi,Ahirorhi,Umraapur Byoraapur,210570,67536,1777,umra byorapur,Hardoi,Ahirori,Umra Byorapur,56893,0.882905982905983,0.882905982905983,,,,
up2021__432840,1777,kaimoo,Hardoi,Ahirorhi,Kaimoo,210593,67503,1777,kaimau,Hardoi,Ahirori,Kaimau,25673,0.8666666666666666,0.8666666666666666,,,,
up2021__461440,1777,kamaliya,Hardoi,Ahirorhi,Kamaliya,210595,272232,1777,kamolia,Hardoi,Ahirori,Kamolia,26362,0.8694444444444446,0.8694444444444446,,,,
up2021__8627,1777,dhoora,Hardoi,Ahirorhi,Dhoora,210602,272246,1777,ghoora,Hardoi,Ahirori,Ghoora,19592,0.888888888888889,0.888888888888889,,,,
up2021__84095,1785,kachhauna dehat,Hardoi,Kachauna,Kachhauna Dehat,210605,67968,1785,kachona dehat,Hardoi,Kachauna,Kachona Dehat,25479,0.8946153846153847,0.8946153846153847,,,,
up2021__36767,1785,kahali,Hardoi,Kachauna,Kahali,210611,67969,1785,kahly,Hardoi,Kachauna,Kahly,25598,0.8755555555555556,0.8755555555555556,,,,
up2021__27524,1785,samaspur,Hardoi,Kachauna,Samaspur,210614,67983,1785,shamshpur,Hardoi,Kachauna,Shamshpur,51727,0.8958333333333333,0.8958333333333333,,,,
up2021__4158,1785,musalmanabad,Hardoi,Kachauna,Musalmanabad,210644,67979,1785,musilmanabad,Hardoi,Kachauna,Musilmanabad,38301,0.8974747474747474,0.8974747474747474,,,,
up2021__51547,1785,mahmudpurdhatigada,Hardoi,Kachauna,Mahmudpurdhatigada,210645,67977,1785,mahmadpur dhatigara,Hardoi,Kachauna,Mahmadpur Dhatigara,33938,0.8961988304093567,0.8961988304093567,,,,
up2021__62925,1786,thanagaw,Hardoi,Kothawan,Thanagaw,210649,68036,1786,than gaon,Hardoi,Kothawan,Than Gaon,55608,0.85,0.85,,,,
up2021__26424,1786,ferenda,Hardoi,Kothawan,Ferenda,210655,68002,1786,farenda,Hardoi,Kothawan,Farenda,17677,0.8642857142857143,0.8642857142857143,,,,
up2021__73628,1786,umaraari,Hardoi,Kothawan,Umaraari,210656,68038,1786,umrari,Hardoi,Kothawan,Umrari,56911,0.888888888888889,0.888888888888889,,,,
up2021__1472,1786,ganglapur0,Hardoi,Kothawan,Ganglapur0,210679,68004,1786,gegalapur,Hardoi,Kothawan,Gegalapur,19365,0.8691666666666668,0.8691666666666668,,,,
up2021__51466,1786,raipur jaroowa,Hardoi,Kothawan,Raipur Jaroowa,210687,68030,1786,raypur n p jaroa,Hardoi,Kothawan,Raypur N.P. Jaroa,47547,0.8595238095238095,0.8595238095238095,,,,
up2021__37970,1786,aima,Hardoi,Kothawan,Aima,210695,272429,1786,aema,Hardoi,Kothawan,Aema,337,0.8500000000000001,0.8500000000000001,,,,
up2021__184208,1794,fukha teliani,Hardoi,Tadiyawan,Fukha Teliani,210717,68491,1794,phukha teliyani,Hardoi,Tandiyawan,Phukha Teliyani,43679,0.8799145299145299,0.8799145299145299,,,,
up2021__189715,1794,paat kunwa,Hardoi,Tadiyawan,Paat Kunwa,210733,68490,1794,patkuawan,Hardoi,Tandiyawan,Patkuawan,43292,0.8844444444444444,0.8844444444444444,,,,
up2021__192085,1794,bargawan aharpur,Hardoi,Tadiyawan,Bargawan Aharpur,210735,68462,1794,bhargwan ahirapur,Hardoi,Tandiyawan,Bhargwan Ahirapur,9170,0.8659558823529412,0.8659558823529412,,,,
up2021__181633,1794,bhota kamalpur,Hardoi,Tadiyawan,Bhota Kamalpur,210752,68463,1794,bhauta kamalpur,Hardoi,Tandiyawan,Bhauta Kamalpur,9593,0.8838583638583639,0.8838583638583639,,,,
up2021__48947,1795,ragwaan,Hardoi,Todarpur,Ragwaan,210763,68553,1795,raigavan,Hardoi,Todarpur,Raigavan,45345,0.8952380952380953,0.8952380952380953,,,,
up2021__161637,1795,aalam nagar,Hardoi,Todarpur,Aalam Nagar,210778,68510,1795,alam nagar,Hardoi,Todarpur,Alam Nagar,1204,0.8527272727272728,0.8527272727272728,,,,
up2021__74273,1795,chatiya dnhwar,Hardoi,Todarpur,Chatiya Dnhwar,210796,68522,1795,chathia dhanwar,Hardoi,Todarpur,Chathia Dhanwar,12897,0.8975091575091575,0.8975091575091575,,,,
up2021__6333,1795,andoua,Hardoi,Todarpur,Andoua,210799,68511,1795,andaua,Hardoi,Todarpur,Andaua,2029,0.8755555555555556,0.8755555555555556,,,,
up2021__71571,1795,dhakiiyaa tigvaan,Hardoi,Todarpur,Dhakiiyaa Tigvaan,210802,68523,1795,dhakia tigawan,Hardoi,Todarpur,Dhakia Tigawan,15654,0.8925016160310278,0.8925016160310278,,,,
up2021__105715,1795,husepur karmaya,Hardoi,Todarpur,Husepur Karmaya,210810,68532,1795,husaipur karmayan,Hardoi,Todarpur,Husaipur Karmayan,22484,0.8599346405228758,0.8599346405228758,,,,
up2021__162507,1789,dara bukharpur,Hardoi,Pihani,Dara Bukharpur,210830,68166,1789,darra bhukharpur,Hardoi,Pihani,Darra Bhukharpur,14626,0.8875000000000001,0.8875000000000001,,,,
up2021__73237,1789,jrauna,Hardoi,Pihani,Jrauna,210839,68176,1789,jarauna,Hardoi,Pihani,Jarauna,24447,0.8571428571428572,0.8571428571428572,,,,
up2021__184028,1789,sarehanju,Hardoi,Pihani,Sarehanju,210845,68205,1789,sarehjoo,Hardoi,Pihani,Sarehjoo,50331,0.8833333333333333,0.8833333333333333,,,,
up2021__22173,1789,tawkkalpur,Hardoi,Pihani,Tawkkalpur,210850,68208,1789,tavakkalpur,Hardoi,Pihani,Tavakkalpur,55223,0.8952188552188552,0.8952188552188552,,,,
up2021__117958,1789,uchawal tigaon,Hardoi,Pihani,Uchawal Tigaon,210858,68209,1789,uchaul tigawan,Hardoi,Pihani,Uchaul Tigawan,56473,0.8928571428571429,0.8928571428571429,,,,
up2021__54570,1789,pirpur,Hardoi,Pihani,Pirpur,210886,68193,1789,peerpur,Hardoi,Pihani,Peerpur,43538,0.8642857142857143,0.8642857142857143,,,,
up2021__207851,1778,baghauramal,Hardoi,Bawan,Baghauramal,210909,67543,1778,baghouramau,Hardoi,Bawan,Baghouramau,4004,0.8828282828282829,0.8828282828282829,,,,
up2021__454079,1778,hussainpur saohra,Hardoi,Bawan,Hussainpur Saohra,210917,67567,1778,husenpur sahora,Hardoi,Bawan,Husenpur Sahora,22514,0.8599346405228758,0.8599346405228758,,,,
up2021__456549,1778,baraila tigaon,Hardoi,Bawan,Baraila Tigaon,210927,67547,1778,barayla tigawan,Hardoi,Bawan,Barayla Tigawan,6266,0.8980952380952382,0.8980952380952382,,,,
up2021__218108,1778,kauda,Hardoi,Bawan,Kauda,210935,67572,1778,kaurha,Hardoi,Bawan,Kaurha,28019,0.8755555555555556,0.8755555555555556,,,,
up2021__219479,1778,gulamoo,Hardoi,Bawan,Gulamoo,210936,67566,1778,gulamau,Hardoi,Bawan,Gulamau,20601,0.8857142857142858,0.8857142857142858,,,,
up2021__955461,1778,tatyaura,Hardoi,Bawan,Tatyaura,210945,67600,1778,tatyora,Hardoi,Bawan,Tatyora,55203,0.8880952380952382,0.8880952380952382,,,,
up2021__162217,1778,barawan,Hardoi,Bawan,Barawan,210948,67550,1778,barvan,Hardoi,Bawan,Barvan,6902,0.8944444444444445,0.8944444444444445,,,,
up2021__164566,1778,rampur chaiya,Hardoi,Bawan,Rampur Chaiya,210950,67591,1778,ramapur chhaiya,Hardoi,Bawan,Ramapur Chhaiya,45954,0.8791452991452992,0.8791452991452992,,,,
up2021__955082,1778,musepur,Hardoi,Bawan,Musepur,210951,67582,1778,moosepur,Hardoi,Bawan,Moosepur,37510,0.8821428571428571,0.8821428571428571,,,,
up2021__416447,1778,aija,Hardoi,Bawan,Aija,210957,67539,1778,aeja,Hardoi,Bawan,Aeja,333,0.8500000000000001,0.8500000000000001,,,,
up2021__161050,1778,manimoo,Hardoi,Bawan,Manimoo,210978,272273,1778,manimau,Hardoi,Bawan,Manimau,35422,0.8857142857142858,0.8857142857142858,,,,
up2021__169438,1782,katari parsaul,Hardoi,Bilgraam,Katari Parsaul,210985,67825,1782,katri parsola,Hardoi,Bilgram,Katri Parsola,27931,0.8709401709401708,0.8709401709401708,,,,
up2021__226174,1782,bindhauri nevada,Hardoi,Bilgraam,Bindhauri Nevada,211001,67797,1782,bindori nevada,Hardoi,Bilgram,Bindori Nevada,11057,0.8866758241758241,0.8866758241758241,,,,
up2021__191264,1782,bhogaitpur,Hardoi,Bilgraam,Bhogaitpur,211002,67795,1782,bhagoutapur,Hardoi,Bilgram,Bhagoutapur,8559,0.8655892255892256,0.8655892255892256,,,,
up2021__199431,1782,jaroli raipura,Hardoi,Bilgraam,Jaroli Raipura,211006,67817,1782,jarauli raipura,Hardoi,Bilgram,Jarauli Raipura,24444,0.8624786324786325,0.8624786324786325,,,,
up2021__191615,1782,dhadhamau nekpur,Hardoi,Bilgraam,Dhadhamau Nekpur,211008,67805,1782,dhandhamau naikpur,Hardoi,Bilgram,Dhandhamau Naikpur,15829,0.8843055555555556,0.8843055555555556,,,,
up2021__399537,1782,ranena habib nagar,Hardoi,Bilgraam,Ranena Habib Nagar,211025,67841,1782,ranaina habib nagar,Hardoi,Bilgram,Ranaina Habib Nagar,46754,0.8801226923517944,0.8801226923517944,,,,
up2021__96387,1779,rithwen,Hardoi,Benhadar,Rithwen,211031,67650,1779,ritawey,Hardoi,Behendar,Ritawey,47762,0.8666666666666668,0.8666666666666668,,,,
up2021__2504,1779,sidbal malihabad,Hardoi,Benhadar,Sidbal Malihabad,211032,67656,1779,sindhwal malihabad,Hardoi,Behendar,Sindhwal Malihabad,52909,0.8677777777777778,0.8677777777777778,,,,
up2021__6344,1779,inayat pur,Hardoi,Benhadar,Inayat Pur,211042,67623,1779,enayatpur,Hardoi,Behendar,Enayatpur,17515,0.8962962962962964,0.8962962962962964,,,,
up2021__9359,1779,kudoni,Hardoi,Benhadar,Kudoni,211054,67642,1779,kudauni,Hardoi,Behendar,Kudauni,31008,0.8944444444444445,0.8944444444444445,,,,
up2021__86679,1779,akohra nevada,Hardoi,Benhadar,Akohra Nevada,211083,272276,1779,akohara newada,Hardoi,Behendar,Akohara Newada,1103,0.8893772893772893,0.8893772893772893,,,,
up2021__22843,1779,sarve,Hardoi,Benhadar,Sarve,211084,67655,1779,sarwen,Hardoi,Behendar,Sarwen,50602,0.8755555555555556,0.8755555555555556,,,,
up2021__72917,1779,devanathpur,Hardoi,Benhadar,Devanathpur,211091,272284,1779,dewnathpur,Hardoi,Behendar,Dewnathpur,15554,0.8952188552188552,0.8952188552188552,,,,
up2021__375723,1781,chaudarai,Hardoi,Barkhani,Chaudarai,211104,67728,1781,chaura rao,Hardoi,Bharkhani,Chaura Rao,13103,0.8669841269841271,0.8669841269841271,,,,
up2021__134793,1781,amirta,Hardoi,Barkhani,Amirta,211118,67711,1781,amirta markera,Hardoi,Bharkhani,Amirta Markera,1831,0.8857142857142858,0.8857142857142858,,,,
up2021__54777,1781,kudi,Hardoi,Barkhani,Kudi,211131,67750,1781,kuri,Hardoi,Bharkhani,Kuri,31484,0.8666666666666667,0.8666666666666667,,,,
up2021__6902,1781,barkhani,Hardoi,Barkhani,Barkhani,211140,67721,1781,bharkhani,Hardoi,Bharkhani,Bharkhani,9197,0.8916666666666667,0.8916666666666667,,,,
up2021__119399,1781,malik bilasari,Hardoi,Barkhani,Malik Bilasari,211144,67756,1781,malikapur balsari,Hardoi,Bharkhani,Malikapur Balsari,34947,0.8925016160310278,0.8925016160310278,,,,
up2021__45534,1781,farigahna,Hardoi,Barkhani,Farigahna,211148,67733,1781,farigahana aliyapur,Hardoi,Bharkhani,Farigahana Aliyapur,17734,0.8725146198830408,0.8725146198830408,,,,
up2021__69620,1781,hathora,Hardoi,Barkhani,hathora,211150,67735,1781,hathaura,Hardoi,Bharkhani,Hathaura,21978,0.8880952380952382,0.8880952380952382,,,,
up2021__135405,1781,mananagla,Hardoi,Barkhani,Mananagla,211153,67757,1781,man nagla,Hardoi,Bharkhani,Man Nagla,35537,0.8898148148148148,0.8898148148148148,,,,
up2021__128129,1781,vilsar hillan,Hardoi,Barkhani,Vilsar Hillan,211154,67723,1781,bilsar helan,Hardoi,Bharkhani,Bilsar Helan,11023,0.8675213675213675,0.8675213675213675,,,,
up2021__121904,1781,bhaahpur sapaha,Hardoi,Barkhani,Bhaahpur Sapaha,211155,67720,1781,bhapur sapha,Hardoi,Bharkhani,Bhapur Sapha,9072,0.8755555555555556,0.8755555555555556,,,,
up2021__158871,1781,ghaso,Hardoi,Barkhani,Ghaso,211156,67732,1781,dhaso,Hardoi,Bharkhani,Dhaso,16219,0.8666666666666667,0.8666666666666667,,,,
up2021__71275,1781,ubarikheda,Hardoi,Barkhani,Ubarikheda,211173,272365,1781,ubri khera,Hardoi,Bharkhani,Ubri Khera,56465,0.8933333333333333,0.8933333333333333,,,,
up2021__162273,1781,nadkheda,Hardoi,Barkhani,Nadkheda,211185,67762,1781,nand khera,Hardoi,Bharkhani,Nand Khera,39292,0.8866666666666667,0.8866666666666667,,,,
up2021__142464,1780,kanouraant,Hardoi,Bharawan,Kanouraant,211200,67682,1780,kanaur a ant,Hardoi,Bharawan,Kanaur A Ant,26458,0.8924074074074073,0.8924074074074073,,,,
up2021__81181,1780,laalamau,Hardoi,Bharawan,Laalamau,211201,67690,1780,lalamau,Hardoi,Bharawan,Lalamau,32258,0.8904761904761905,0.8904761904761905,,,,
up2021__1112375,1780,itaunja,Hardoi,Bharawan,Itaunja,211211,67680,1780,itaunja shivpuri,Hardoi,Bharawan,Itaunja Shivpuri,23028,0.8875,0.8875,,,,
up2021__45266,1780,saanda dakholol,Hardoi,Bharawan,Saanda Dakholol,211217,67705,1780,sanda dakhlol,Hardoi,Bharawan,Sanda Dakhlol,49543,0.8823931623931623,0.8823931623931623,,,,
up2021__81962,1780,pipergawan,Hardoi,Bharawan,Pipergawan,211223,67699,1780,pipargaon,Hardoi,Bharawan,Pipargaon,43934,0.8982407407407408,0.8982407407407408,,,,
up2021__49003,1780,ataroli,Hardoi,Bharawan,Ataroli,211233,67661,1780,atrauli,Hardoi,Bharawan,Atrauli,2950,0.8793650793650793,0.8793650793650793,,,,
up2021__8375,1780,bilariyya,Hardoi,Bharawan,Bilariyya,211239,272295,1780,bilriya,Hardoi,Bharawan,Bilriya,11016,0.8814814814814815,0.8814814814814815,,,,
up2021__1100923,1780,harha,Hardoi,Bharawan,Harha,211241,272321,1780,hadha,Hardoi,Bharawan,Hadha,20932,0.8933333333333333,0.8933333333333333,,,,
up2021__38387,1780,bangalpur,Hardoi,Bharawan,Bangalpur,211245,272324,1780,bengalpur,Hardoi,Bharawan,Bengalpur,8092,0.8958333333333333,0.8958333333333333,,,,
up2021__29598,1780,bani,Hardoi,Bharawan,Bani,211246,272325,1780,bany,Hardoi,Bharawan,Bany,5836,0.8833333333333334,0.8833333333333334,,,,
up2021__170463,1780,kuruandh,Hardoi,Bharawan,Kuruandh,211251,67687,1780,kourondh,Hardoi,Bharawan,Kourondh,30881,0.8500000000000001,0.8500000000000001,,,,
up2021__2212,1788,darukuiyan,Hardoi,Mallawan,Darukuiyan,211257,68113,1788,daroo kuinya,Hardoi,Mallawan,Daroo Kuinya,14622,0.8664814814814815,0.8664814814814815,,,,
up2021__6615,1788,islamnagar jagai,Hardoi,Mallawan,Islamnagar Jagai,211279,68120,1788,islampur jagai,Hardoi,Mallawan,Islampur Jagai,22908,0.8714285714285714,0.8714285714285714,,,,
up2021__1642,1788,hareya sahimpur,Hardoi,Mallawan,Hareya Sahimpur,211285,68115,1788,harraiya sahimpur,Hardoi,Mallawan,Harraiya Sahimpur,21732,0.8932679738562092,0.8932679738562092,,,,
up2021__9663,1788,manimoo,Hardoi,Mallawan,Manimoo,211301,272449,1788,manimau,Hardoi,Mallawan,Manimau,35423,0.8857142857142858,0.8857142857142858,,,,
up2021__10915,1788,puranmau,Hardoi,Mallawan,Puranmau,211303,68136,1788,puranmau naikpur,Hardoi,Mallawan,Puranmau Naikpur,44757,0.9,0.9,,,,
up2021__57732,1787,khangeria khazanpur,Hardoi,Madhauganj,Khangeria Khazanpur,211321,68067,1787,kha dheria khan jahanpur,Hardoi,Madhoganj,Kha Dheria Khan Jahanpur,28348,0.8524810801513588,0.8524810801513588,,,,
up2021__55625,1787,badhanwan,Hardoi,Madhauganj,Badhanwan,211322,68046,1787,barhnawa,Hardoi,Madhoganj,Barhnawa,6518,0.8693121693121693,0.8693121693121693,,,,
up2021__22342,1787,khemipur,Hardoi,Madhauganj,Khemipur,211330,68068,1787,khemipur samjalpur,Hardoi,Madhoganj,Khemipur Samjalpur,29419,0.888888888888889,0.888888888888889,,,,
up2021__100749,1787,baghoda,Hardoi,Madhauganj,Baghoda,211339,68041,1787,baghaurha,Hardoi,Madhoganj,Baghaurha,3961,0.8539682539682539,0.8539682539682539,,,,
up2021__7048,1787,fatehpur chaugwan,Hardoi,Madhauganj,Fatehpur Chaugwan,211356,68056,1787,fatteypur chougawan,Hardoi,Madhoganj,Fatteypur Chougawan,17945,0.8910990712074304,0.8910990712074304,,,,
up2021__5588,1787,souhar,Hardoi,Madhauganj,Souhar,211361,68090,1787,sauhar,Hardoi,Madhoganj,Sauhar,50747,0.9,0.9,,,,
up2021__1553,1787,panyoda,Hardoi,Madhauganj,Panyoda,211373,272456,1787,paneora,Hardoi,Madhoganj,Paneora,42254,0.8666666666666668,0.8666666666666668,,,,
up2021__2020,1787,mohaddinpur,Hardoi,Madhauganj,Mohaddinpur,211375,272458,1787,mohiuddinpur,Hardoi,Madhoganj,Mohiuddinpur,37392,0.86989898989899,0.86989898989899,,,,
up2021__105962,1792,hirauli qutubnagar,Hardoi,Shahabaad,Hirauli Qutubnagar,211386,68344,1792,hiroli kutub nagar,Hardoi,Shahabad,Hiroli Kutub Nagar,22335,0.8755555555555556,0.8755555555555556,,,,
up2021__33479,1792,agampur,Hardoi,Shahabaad,Agampur,211403,68321,1792,agampur dhurhai,Hardoi,Shahabad,Agampur Dhurhai,374,0.8933333333333334,0.8933333333333334,,,,
up2021__30234,1792,aegawa,Hardoi,Shahabaad,Aegawa,211405,68323,1792,aigawa,Hardoi,Shahabad,Aigawa,709,0.9,0.9,,,,
up2021__20721,1792,magiy aw a n,Hardoi,Shahabaad,Magiy aw a n,211414,68356,1792,mangiawan,Hardoi,Shahabad,Mangiawan,35290,0.8814814814814814,0.8814814814814814,,,,
up2021__23618,1792,harrai,Hardoi,Shahabaad,Harrai,211427,68342,1792,harrai tigawan,Hardoi,Shahabad,Harrai Tigawan,21720,0.8857142857142858,0.8857142857142858,,,,
up2021__77274,1792,dhierai,Hardoi,Shahabaad,Dhierai,211432,68338,1792,dhiarai,Hardoi,Shahabad,Dhiarai,16358,0.8944444444444445,0.8944444444444445,,,,
up2021__23096,1792,bootamau bakoura,Hardoi,Shahabaad,Bootamau Bakoura,211441,68333,1792,boota mau,Hardoi,Shahabad,Boota Mau,11581,0.8680555555555556,0.8680555555555556,,,,
up2021__9728,1792,nasoli damar,Hardoi,Shahabaad,Nasoli Damar,211443,68369,1792,nasauli damar,Hardoi,Shahabad,Nasauli Damar,39786,0.881021756021756,0.881021756021756,,,,
up2021__62933,1792,baheda rasoolpur,Hardoi,Shahabaad,Baheda Rasoolpur,211454,272511,1792,baherha rasoolpur,Hardoi,Shahabad,Baherha Rasoolpur,4271,0.8973039215686274,0.8973039215686274,,,,
up2021__115,1792,gadehpur,Hardoi,Shahabaad,Gadehpur,211460,68340,1792,garheypur,Hardoi,Shahabad,Garheypur,18892,0.8693121693121693,0.8693121693121693,,,,
up2021__117532,1791,gadaura,Hardoi,Sandila,Gadaura,211497,68275,1791,gaudora,Hardoi,Sandila,Gaudora,19039,0.8793650793650793,0.8793650793650793,,,,
up2021__21094,1791,mandauli,Hardoi,Sandila,Mandauli,211504,68296,1791,mandoly,Hardoi,Sandila,Mandoly,35210,0.8678571428571429,0.8678571428571429,,,,
up2021__2217,1791,gogaawan umaraav,Hardoi,Sandila,Gogaawan Umaraav,211513,68278,1791,gogawan umrao,Hardoi,Sandila,Gogawan Umrao,19904,0.867948717948718,0.867948717948718,,,,
up2021__7656,1791,tarifmandai,Hardoi,Sandila,Tarifmandai,211528,272530,1791,taraf mandie,Hardoi,Sandila,Taraf Mandie,55030,0.86989898989899,0.86989898989899,,,,
up2021__487192,1790,manimoo,Hardoi,Sandi,Manimoo,211550,68245,1790,mani mau,Hardoi,Sandi,Mani Mau,35424,0.8678571428571429,0.8678571428571429,,,,
up2021__165200,1790,baranai chatrakha,Hardoi,Sandi,Baranai Chatrakha,211553,68222,1790,barnai chatarkha,Hardoi,Sandi,Barnai Chatarkha,6706,0.8987745098039216,0.8987745098039216,,,,
up2021__493094,1790,rasulpur aaima,Hardoi,Sandi,Rasulpur aaima,211568,68252,1790,rasoolpur aima,Hardoi,Sandi,Rasoolpur Aima,47063,0.8750000000000001,0.8750000000000001,,,,
up2021__946392,1790,mihitapur,Hardoi,Sandi,Mihitapur,211574,68244,1790,mahitapur,Hardoi,Sandi,Mahitapur,33908,0.8958333333333333,0.8958333333333333,,,,
up2021__949760,1790,aida bhadar,Hardoi,Sandi,Aida Bhadar,211577,68213,1790,aera bhadar,Hardoi,Sandi,Aera Bhadar,339,0.890909090909091,0.890909090909091,,,,
up2021__923218,1790,kuchla bijana,Hardoi,Sandi,Kuchla Bijana,211600,68241,1790,kuchila vijna,Hardoi,Sandi,Kuchila Vijna,30977,0.8839160839160839,0.8839160839160839,,,,
up2021__30829,1793,saraiya,Hardoi,Surusa,Saraiya,211604,68434,1793,sariyan,Hardoi,Sursa,Sariyan,50409,0.8944444444444445,0.8944444444444445,,,,
up2021__21903,1793,hardoi dehat,Hardoi,Surusa,Hardoi Dehat,211610,68409,1793,hardoi gramin,Hardoi,Sursa,Hardoi(Gramin),21414,0.8564102564102564,0.8564102564102564,,,,
up2021__71321,1793,bhadaincha,Hardoi,Surusa,Bhadaincha,211619,68398,1793,bhadeicha,Hardoi,Sursa,Bhadeicha,8358,0.8877777777777778,0.8877777777777778,,,,
up2021__77005,1793,odara nevalia,Hardoi,Surusa,Odara Nevalia,211620,68427,1793,odra nevliya,Hardoi,Sursa,Odra Nevliya,41030,0.8882672882672883,0.8882672882672883,,,,
up2021__84086,1793,kordha,Hardoi,Surusa,Kordha,211625,68419,1793,kodwa,Hardoi,Sursa,Kodwa,30329,0.8577777777777779,0.8577777777777779,,,,
up2021__52298,1793,dahitisalkarpur,Hardoi,Surusa,Dahitisalkarpur,211635,68402,1793,dahti salkupur,Hardoi,Sursa,Dahti Salkupur,14210,0.8811111111111112,0.8811111111111112,,,,
up2021__41244,1793,bikapur,Hardoi,Surusa,Bikapur,211640,68397,1793,beekapur,Hardoi,Sursa,Beekapur,7589,0.8821428571428571,0.8821428571428571,,,,
up2021__33524,1793,bhelawan,Hardoi,Surusa,Bhelawan,211644,68400,1793,bhalawan,Hardoi,Sursa,Bhalawan,8894,0.8571428571428572,0.8571428571428572,,,,
up2021__4635,1793,umrapur,Hardoi,Surusa,Umrapur,211654,68447,1793,umrapur behraiyan,Hardoi,Sursa,Umrapur Behraiyan,56904,0.8823529411764706,0.8823529411764706,,,,
up2021__3819,1793,mehuna maheshpur,Hardoi,Surusa,Mehuna Maheshpur,211669,68424,1793,mayhuna maheshpur,Hardoi,Sursa,Mayhuna Maheshpur,36338,0.8859558823529413,0.8859558823529413,,,,
up2021__176158,1784,pithanapur nagariya,Hardoi,Harpalpur,Pithanapur Nagariya,211679,67941,1784,pithnapur nagria,Hardoi,Harpalpur,Pithnapur Nagria,44316,0.8934210526315789,0.8934210526315789,,,,
up2021__202129,1784,molhanpur,Hardoi,Harpalpur,Molhanpur,211696,67935,1784,muhalanpur,Hardoi,Harpalpur,Muhalanpur,37763,0.8691666666666668,0.8691666666666668,,,,
up2021__202518,1784,surjupur durjna,Hardoi,Harpalpur,Surjupur durjna,211701,67949,1784,surjoopur durjana,Hardoi,Harpalpur,Surjoopur Durjana,54551,0.8942296918767507,0.8942296918767507,,,,
up2021__1385617,1784,gauria sisala,Hardoi,Harpalpur,Gauria Sisala,211713,67920,1784,gauria,Hardoi,Harpalpur,Gauria,19217,0.8923076923076924,0.8923076923076924,,,,
up2021__1378963,1784,ghodithar mubarakpur,Hardoi,Harpalpur,Ghodithar Mubarakpur,211714,67921,1784,ghorhi thar mubarakpur,Hardoi,Harpalpur,Ghorhi Thar Mubarakpur,19614,0.8582695374800638,0.8582695374800638,,,,
up2021__154269,1784,palia,Hardoi,Harpalpur,Palia,211733,67939,1784,palia kiratpur,Hardoi,Harpalpur,Palia Kiratpur,42023,0.8714285714285714,0.8714285714285714,,,,
up2021__51957,1783,bagaucha,Hardoi,Hariyawan,Bagaucha,211749,67856,1783,bagocha,Hardoi,Hariyawan,Bagocha,4043,0.8694444444444446,0.8694444444444446,,,,
up2021__71011,1783,bhadaora,Hardoi,Hariyawan,Bhadaora,211753,67860,1783,bhadeura,Hardoi,Hariyawan,Bhadeura,8375,0.8666666666666667,0.8666666666666667,,,,
up2021__71982,1783,utra,Hardoi,Hariyawan,Utra,211757,67898,1783,utara,Hardoi,Hariyawan,Utara,57148,0.88,0.88,,,,
up2021__7741,1783,tolwaoot,Hardoi,Hariyawan,Tolwaoot,211761,67897,1783,tolwa aant,Hardoi,Hariyawan,Tolwa Aant,56240,0.87,0.87,,,,
up2021__44553,1783,budhagaov,Hardoi,Hariyawan,Budhagaov,211767,67862,1783,burhagaon,Hardoi,Hariyawan,Burhagaon,11816,0.8814814814814814,0.8814814814814814,,,,
up2021__43217,1783,baramhola,Hardoi,Hariyawan,Baramhola,211771,67859,1783,barmahaula,Hardoi,Hariyawan,Barmahaula,6689,0.8690740740740741,0.8690740740740741,,,,
up2021__48264,1783,saraiya,Hardoi,Hariyawan,Saraiya,211780,272397,1783,sariyan,Hardoi,Hariyawan,Sariyan,50410,0.8944444444444445,0.8944444444444445,,,,
up2021__40333,1783,kayampur,Hardoi,Hariyawan,Kayampur,211783,272400,1783,kaimpur,Hardoi,Hariyawan,Kaimpur,25687,0.8952380952380953,0.8952380952380953,,,,
up2021__63471,1783,kapoorpurchaudhi,Hardoi,Hariyawan,Kapoorpurchaudhi,211785,272402,1783,kapurpur chaudhi,Hardoi,Hariyawan,Kapurpur Chaudhi,26838,0.8750000000000001,0.8750000000000001,,,,
up2021__9986,1921,garbagadhi,Hathras,Mursan,Garbagadhi,211812,76000,1921,garaw garhi,Hathras,Mursan,Garaw Garhi,18850,0.8896969696969697,0.8896969696969697,,,,
up2021__434606,1921,luhata kala,Hathras,Mursan,Luhata Kala,211826,76024,1921,luheta khurd kalan,Hathras,Mursan,Luheta Khurd Kalan,33018,0.8517508417508417,0.8517508417508417,,,,
up2021__965076,1921,kareel,Hathras,Mursan,Kareel,211844,76014,1921,karil,Hathras,Mursan,Karil,27135,0.8755555555555556,0.8755555555555556,,,,
up2021__19369,1921,visundas,Hathras,Mursan,Visundas,211845,75991,1921,bishundas,Hathras,Mursan,Bishundas,11355,0.8842592592592592,0.8842592592592592,,,,
up2021__965310,1921,kheda persauli,Hathras,Mursan,Kheda Persauli,211853,76019,1921,khera parsauli,Hathras,Mursan,Khera Parsauli,29483,0.8750000000000001,0.8750000000000001,,,,
up2021__965024,1921,mahmudpur brahmannaan,Hathras,Mursan,Mahmudpur Brahmannaan,211858,76027,1921,mehmudpur brahaman,Hathras,Mursan,Mehmudpur Brahaman,36522,0.8908963585434173,0.8908963585434173,,,,
up2021__417282,1921,siymal,Hathras,Mursan,Siymal,211866,266017,1921,siamal,Hathras,Mursan,Siamal,52383,0.8577777777777779,0.8577777777777779,,,,
up2021__86130,1921,korana chamrwa,Hathras,Mursan,Korana Chamrwa,211870,76021,1921,korna chamarua,Hathras,Mursan,Korna Chamarua,30659,0.8948717948717949,0.8948717948717949,,,,
up2021__122379,1924,tharaura,Hathras,Sahpau,Tharaura,211890,76228,1924,tharora,Hathras,Sehpau,Tharora,55642,0.8880952380952382,0.8880952380952382,,,,
up2021__100838,1924,vudhaich,Hathras,Sahpau,Vudhaich,211895,76189,1924,budhainch,Hathras,Sehpau,Budhainch,11682,0.8842592592592592,0.8842592592592592,,,,
up2021__100337,1924,roodayal,Hathras,Sahpau,Roodayal,211897,265989,1924,rudayal,Hathras,Sehpau,Rudayal,47977,0.8821428571428571,0.8821428571428571,,,,
up2021__11840,1924,kaukana khurd,Hathras,Sahpau,Kaukana Khurd,211904,76201,1924,kokna khurd,Hathras,Sehpau,Kokna Khurd,30422,0.8734965034965034,0.8734965034965034,,,,
up2021__14948,1922,madhnai,Hathras,Sadabad,Madhnai,211927,76088,1922,mandnai,Hathras,Sadabad,Mandnai,35207,0.8793650793650793,0.8793650793650793,,,,
up2021__109329,1922,cista,Hathras,Sadabad,Cista,211940,76101,1922,sista,Hathras,Sadabad,Sista,53366,0.8666666666666667,0.8666666666666667,,,,
up2021__128011,1922,sarauth,Hathras,Sadabad,Sarauth,211950,76099,1922,saroth,Hathras,Sadabad,Saroth,50475,0.8944444444444445,0.8944444444444445,,,,
up2021__44661,1922,ghucha,Hathras,Sadabad,Ghucha,211951,76073,1922,ghooncha,Hathras,Sadabad,Ghooncha,19590,0.8555555555555556,0.8555555555555556,,,,
up2021__30481,1922,dhanauti,Hathras,Sadabad,Dhanauti,211961,76069,1922,dhanothi,Hathras,Sadabad,Dhanothi,15927,0.9,0.9,,,,
up2021__27725,1922,abhayapura,Hathras,Sadabad,Abhayapura,211971,76056,1922,abhaipura,Hathras,Sadabad,Abhaipura,126,0.8877777777777778,0.8877777777777778,,,,
up2021__15485,1922,vilara,Hathras,Sadabad,Vilara,211972,76064,1922,bilara,Hathras,Sadabad,Bilara,10932,0.888888888888889,0.888888888888889,,,,
up2021__35585,1923,nadouna no lachhi,Hathras,Sasni,Nadouna No. Lachhi,211987,76152,1923,nadauna nagla lachhi,Hathras,Sasni,Nadauna Nagla Lachhi,38481,0.8675490196078433,0.8675490196078433,,,,
up2021__66846,1923,khitoli kateliya,Hathras,Sasni,Khitoli Kateliya,211994,76142,1923,khitauli katailiya,Hathras,Sasni,Khitauli Katailiya,29712,0.8734126984126984,0.8734126984126984,,,,
up2021__138020,1923,audwa,Hathras,Sasni,Audwa,212000,76113,1923,aundua,Hathras,Sasni,Aundua,3032,0.8577777777777779,0.8577777777777779,,,,
up2021__58627,1923,gopalpur,Hathras,Sasni,Gopalpur,212002,76132,1923,gopalpur urf bhootpura,Hathras,Sasni,Gopalpur Urf Bhootpura,20212,0.8727272727272728,0.8727272727272728,,,,
up2021__127940,1923,alipur,Hathras,Sasni,Alipur,212004,76110,1923,alipur ta daryapur,Hathras,Sasni,Alipur Ta Daryapur,1419,0.8666666666666666,0.8666666666666666,,,,
up2021__30183,1923,kheda firozpur,Hathras,Sasni,Kheda Firozpur,212013,76140,1923,khera firozpur,Hathras,Sasni,Khera Firozpur,29461,0.876923076923077,0.876923076923077,,,,
up2021__22553,1923,ladhauta,Hathras,Sasni,Ladhauta,212033,76146,1923,larauta,Hathras,Sasni,Larauta,32483,0.8952380952380953,0.8952380952380953,,,,
up2021__106857,1923,jiroli,Hathras,Sasni,Jiroli,212037,76139,1923,jirauli,Hathras,Sasni,Jirauli,25060,0.8944444444444445,0.8944444444444445,,,,
up2021__89923,1923,utra,Hathras,Sasni,Utra,212044,76184,1923,utara,Hathras,Sasni,Utara,57149,0.88,0.88,,,,
up2021__30966,1923,mauharia alipur,Hathras,Sasni,Mauharia Alipur,212054,76151,1923,mauhariya,Hathras,Sasni,Mauhariya,36169,0.8844444444444444,0.8844444444444444,,,,
up2021__110023,1923,hardoor,Hathras,Sasni,Hardoor,212055,76134,1923,hardpur,Hathras,Sasni,Hardpur,21424,0.8857142857142858,0.8857142857142858,,,,
up2021__69951,1923,sumrat gadhi,Hathras,Sasni,Sumrat Gadhi,212060,265985,1923,sumarat garhi,Hathras,Sasni,Sumarat Garhi,54295,0.881021756021756,0.881021756021756,,,,
up2021__37336,1925,kachora,Hathras,Sikandra Rao,Kachora,212065,76251,1925,kachaura,Hathras,Sikandrarao,Kachaura,25441,0.8880952380952382,0.8880952380952382,,,,
up2021__53876,1925,rampur no chator,Hathras,Sikandra Rao,Rampur No Chator,212104,265979,1925,rampur nagla chatol,Hathras,Sikandrarao,Rampur Nagla Chatol,46594,0.893796992481203,0.893796992481203,,,,
up2021__56270,1925,navaalii laalpur,Hathras,Sikandra Rao,Navaalii Laalpur,212106,76263,1925,nawali lalpur,Hathras,Sikandrarao,Nawali Lalpur,40221,0.8683760683760684,0.8683760683760684,,,,
up2021__179362,1925,warmau,Hathras,Sikandra Rao,Warmau,212107,265981,1925,barmau,Hathras,Sikandrarao,Barmau,6693,0.888888888888889,0.888888888888889,,,,
up2021__155671,1919,amausi,Hathras,Hasayan,Amausi,212131,75847,1919,amosi,Hathras,Hasayan,Amosi,1894,0.8577777777777779,0.8577777777777779,,,,
up2021__215387,1919,phulrai mughalgadi,Hathras,Hasayan,Phulrai Mughalgadi,212139,75865,1919,fulrai mugalgarhi,Hathras,Hasayan,Fulrai Mugalgarhi,18077,0.8607843137254902,0.8607843137254902,,,,
up2021__208552,1919,haitha raghunathpur,Hathras,Hasayan,Haithā Raghunāthpur,212153,75871,1919,hetha raghunathpur,Hathras,Hasayan,Hetha Raghunathpur,22181,0.8635190918472653,0.8635190918472653,,,,
up2021__203410,1919,baan abdul haippur,Hathras,Hasayan,Baan Abdul Haippur,212157,75852,1919,ban abdulhaipur,Hathras,Hasayan,Ban Abdulhaipur,5323,0.8844444444444445,0.8844444444444445,,,,
up2021__205355,1919,shree nagar,Hathras,Hasayan,Shree Nagar,212159,75908,1919,srinagar,Hathras,Hasayan,Srinagar,53905,0.8534090909090909,0.8534090909090909,,,,
up2021__106229,1919,doukeli,Hathras,Hasayan,Doukeli,212175,265975,1919,daunkeli,Hathras,Hasayan,Daunkeli,14898,0.8821428571428571,0.8821428571428571,,,,
up2021__42821,1920,gwarau kala,Hathras,Hathras,Gwarau Kala,212183,75933,1920,guaraoo kala,Hathras,Hathras,Guaraoo Kala,20500,0.8627272727272728,0.8627272727272728,,,,
up2021__70906,1920,gadhidharu,Hathras,Hathras,Gadhidharu,212184,75930,1920,garhi dharu,Hathras,Hathras,Garhi Dharu,18923,0.8952188552188552,0.8952188552188552,,,,
up2021__164081,1920,gahdi parti vanarasi,Hathras,Hathras,Gahdi Parti Vanarasi,212185,75931,1920,garhi parti banarasi,Hathras,Hathras,Garhi Parti Banarasi,18953,0.8577777777777779,0.8577777777777779,,,,
up2021__106145,1920,gangchau,Hathras,Hathras,Gangchau,212187,75927,1920,gangcholi,Hathras,Hathras,Gangcholi,18689,0.8833333333333333,0.8833333333333333,,,,
up2021__76105,1920,noorpur,Hathras,Hathras,Noorpur,212204,75960,1920,nurpur,Hathras,Hathras,Nurpur,40979,0.8642857142857143,0.8642857142857143,,,,
up2021__80707,1920,virnagar,Hathras,Hathras,Virnagar,212217,75980,1920,veernagar,Hathras,Hathras,Veernagar,57310,0.8958333333333333,0.8958333333333333,,,,
up2021__299377,1920,bhogawan no jais,Hathras,Hathras,Bhogawan no Jais,212221,75919,1920,bhogaon nagla jayas,Hathras,Hathras,Bhogaon Nagla Jayas,10180,0.893796992481203,0.893796992481203,,,,
up2021__47756,1920,majhaula,Hathras,Hathras,Majhaula,212223,75950,1920,majhola,Hathras,Hathras,Majhola,34595,0.8880952380952382,0.8880952380952382,,,,
up2021__25625,1920,mhauri,Hathras,Hathras,Mhauri,212228,75953,1920,mohari,Hathras,Hathras,Mohari,37322,0.9,0.9,,,,
up2021__118644,1920,lakhanun,Hathras,Hathras,Lakhanun,212231,75948,1920,lakhnoo,Hathras,Hathras,Lakhnoo,32194,0.8678571428571429,0.8678571428571429,,,,
up2021__154371,1920,sithauli,Hathras,Hathras,Sithauli,212234,75975,1920,sithroli,Hathras,Hathras,Sithroli,53451,0.9,0.9,,,,
up2021__14416,1920,shaikhopur madan,Hathras,Hathras,Shaikhopur Madan,212238,75972,1920,shekhupur madan,Hathras,Hathras,Shekhupur Madan,51950,0.8939316239316238,0.8939316239316238,,,,
up2021__96992,1920,shairpur,Hathras,Hathras,Shairpur,212239,75973,1920,sherpur,Hathras,Hathras,Sherpur,52014,0.8952380952380953,0.8952380952380953,,,,
up2021__47270,1920,barauli,Hathras,Hathras,Barauli,212242,75916,1920,baroli,Hathras,Hathras,Baroli,6740,0.8944444444444445,0.8944444444444445,,,,
up2021__29938,1920,roodrapur,Hathras,Hathras,Roodrapur,212244,266036,1920,rudrapur,Hathras,Hathras,Rudrapur,48007,0.8958333333333333,0.8958333333333333,,,,
up2021__14662,1920,ramangala,Hathras,Hathras,Ramangala,212250,266024,1920,ram nagla,Hathras,Hathras,Ram Nagla,46205,0.8898148148148148,0.8898148148148148,,,,
up2021__832410,1713,akkhapur,Hapur,Garhmukteshwar,Akkhapur,212261,63547,1713,akkhapur urf akhtyarpur,Hapur,Garh Mukteshwar,Akkhapur Urf Akhtyarpur,1094,0.8695652173913043,0.8695652173913043,,,,
up2021__770679,1713,devli,Hapur,Garhmukteshwar,Devli,212266,63564,1713,deoli,Hapur,Garh Mukteshwar,Deoli,15163,0.8933333333333333,0.8933333333333333,,,,
up2021__768649,1713,allabakshpur,Hapur,Garhmukteshwar,AllaBakshpur,212278,63550,1713,allabuxpur,Hapur,Garh Mukteshwar,Allabuxpur,1435,0.8683333333333333,0.8683333333333333,,,,
up2021__732470,1713,alipur,Hapur,Garhmukteshwar,Alipur,212291,63551,1713,allipur thera,Hapur,Garh Mukteshwar,Allipur Thera,1497,0.8564102564102565,0.8564102564102565,,,,
up2021__799442,1713,lahderabari,Hapur,Garhmukteshwar,Lahderabari,212302,63577,1713,lahadara,Hapur,Garh Mukteshwar,Lahadara,31944,0.8526515151515152,0.8526515151515152,,,,
up2021__741794,1713,sherpur,Hapur,Garhmukteshwar,Sherpur,212303,63596,1713,sherpur alapur,Hapur,Garh Mukteshwar,Sherpur Alapur,52028,0.9,0.9,,,,
up2021__728009,1713,rahrwa kiravali,Hapur,Garhmukteshwar,Rahrwa - Kiravali,212306,63589,1713,raharwa kirawali,Hapur,Garh Mukteshwar,Raharwa Kirawali,45218,0.8886111111111111,0.8886111111111111,,,,
up2021__723233,1712,narayanpur baska,Hapur,Dhaulana,Narayanpur Baska,212316,63537,1712,narainpur vaska,Hapur,Dhaulana,Narainpur Vaska,39458,0.8742948717948718,0.8742948717948718,,,,
up2021__712785,1712,nangalakashi,Hapur,Dhaulana,Nangalakashi,212324,63533,1712,nagla kashi,Hapur,Dhaulana,Nagla Kashi,38831,0.877979797979798,0.877979797979798,,,,
up2021__717524,1712,azampur,Hapur,Dhaulana,Azampur,212338,63505,1712,aajampur,Hapur,Dhaulana,Aajampur,11,0.8821428571428571,0.8821428571428571,,,,
up2021__765574,1712,sikhaida,Hapur,Dhaulana,Sikhaida,212340,63545,1712,sikheda,Hapur,Dhaulana,Sikheda,52695,0.8880952380952382,0.8880952380952382,,,,
up2021__764556,1712,madapur,Hapur,Dhaulana,Madapur,212342,63532,1712,madapur mustafabad,Hapur,Dhaulana,Madapur Mustafabad,33152,0.8777777777777778,0.8777777777777778,,,,
up2021__730527,1712,haval,Hapur,Dhaulana,Haval,212343,268943,1712,hawal,Hapur,Dhaulana,Hawal,22091,0.8933333333333333,0.8933333333333333,,,,
up2021__755919,1712,kandaula,Hapur,Dhaulana,Kandaula,212344,63526,1712,kandola,Hapur,Dhaulana,Kandola,26555,0.8880952380952382,0.8880952380952382,,,,
up2021__685756,1712,chhizarsi,Hapur,Dhaulana,Chhizarsi,212347,63512,1712,chhajarsi,Hapur,Dhaulana,Chhajarsi,13227,0.8962962962962963,0.8962962962962963,,,,
up2021__716647,1712,jodopur,Hapur,Dhaulana,Jodopur,212353,267771,1712,jadopur,Hapur,Dhaulana,Jadopur,23157,0.8642857142857143,0.8642857142857143,,,,
up2021__775009,1712,mirapur,Hapur,Dhaulana,Mirapur,212361,267785,1712,meerapur,Hapur,Dhaulana,Meerapur,36410,0.8821428571428571,0.8821428571428571,,,,
up2021__705112,1718,pirnagar,Hapur,Simbhavli,Pirnagar,212373,63812,1718,peer nagar,Hapur,Simbhawali,Peer Nagar,43533,0.8725,0.8725,,,,
up2021__707415,1718,phuldehra,Hapur,Simbhavli,Phuldehra,212375,239151,1718,fuldehra,Hapur,Simbhawali,Fuldehra,18069,0.8842592592592592,0.8842592592592592,,,,
up2021__832721,1718,nangla badh,Hapur,Simbhavli,Nangla Badh,212389,63808,1718,nagla bar,Hapur,Simbhawali,Nagla Bar,38727,0.8976430976430976,0.8976430976430976,,,,
up2021__687856,1718,nekrampur phuldi,Hapur,Simbhavli,Nekrampur Phuldi,212400,63810,1718,neknampur fuldi,Hapur,Simbhawali,Neknampur Fuldi,40343,0.889241452991453,0.889241452991453,,,,
up2021__694013,1718,baharanpur badli,Hapur,Simbhavli,Baharanpur Badli,212416,63774,1718,barhanpur vadali,Hapur,Simbhawali,Barhanpur Vadali,6477,0.8777777777777778,0.8777777777777778,,,,
up2021__729843,1718,arifpur madiya,Hapur,Simbhavli,Arifpur Madiya,212417,63770,1718,arifpur,Hapur,Simbhawali,Arifpur,2330,0.9,0.9,,,,
up2021__756534,1718,gauhara alamgirpur,Hapur,Simbhavli,Gauhara Alamgirpur,212421,63789,1718,gohra alamgirpur,Hapur,Simbhawali,Gohra Alamgirpur,19946,0.8912500000000001,0.8912500000000001,,,,
up2021__846325,1714,achheja,Hapur,Hapur,Achheja,212435,63599,1714,achhaija,Hapur,Hapur,Achhaija,194,0.8880952380952382,0.8880952380952382,,,,
up2021__863872,1714,hajibur udaipur,Hapur,Hapur,Hajibur Udaipur,212446,63628,1714,hajipur,Hapur,Hapur,Hajipur,21039,0.8514285714285714,0.8514285714285714,,,,
up2021__942660,1714,piranagar sudna,Hapur,Hapur,Piranagar Sudna,212454,63653,1714,peernagar sudna,Hapur,Hapur,Peernagar Sudna,43535,0.8738461538461539,0.8738461538461539,,,,
up2021__845995,1714,lalpur chitadei,Hapur,Hapur,Lalpur Chitadei,212457,63640,1714,lalpur,Hapur,Hapur,Lalpur,32329,0.88,0.88,,,,
up2021__808317,1714,patna,Hapur,Hapur,Patna,212458,63652,1714,patna muradpur,Hapur,Hapur,Patna Muradpur,43318,0.8714285714285714,0.8714285714285714,,,,
up2021__794434,1714,sultanganj mansurpur,Hapur,Hapur,Sultanganj Mansurpur,212460,63671,1714,sultanpur,Hapur,Hapur,Sultanpur,54201,0.8577777777777778,0.8577777777777778,,,,
up2021__882960,1714,bheekappur,Hapur,Hapur,Bheekappur,212464,63615,1714,bhikanpur,Hapur,Hapur,Bhikanpur,9871,0.8607407407407408,0.8607407407407408,,,,
up2021__890643,1714,dadaira,Hapur,Hapur,Dadaira,212471,63619,1714,dadayara,Hapur,Hapur,Dadayara,14037,0.8880952380952382,0.8880952380952382,,,,
up2021__837301,1714,girardharpur tumrail,Hapur,Hapur,Girardharpur Tumrail,212481,63626,1714,girdharpur tumrail,Hapur,Hapur,Girdharpur Tumrail,19794,0.8988888888888888,0.8988888888888888,,,,
up2021__867060,1714,akdoli,Hapur,Hapur,Akdoli,212489,63601,1714,akdauli,Hapur,Hapur,Akdauli,1032,0.8944444444444445,0.8944444444444445,,,,
up2021__880051,1714,imtauri,Hapur,Hapur,Imtauri,212493,268944,1714,imtori,Hapur,Hapur,Imtori,22713,0.8944444444444445,0.8944444444444445,,,,
up2021__767608,1714,dadri,Hapur,Hapur,Dadri,212498,239139,1714,dadri jogipura,Hapur,Hapur,Dadri-Jogipura,14079,0.8714285714285714,0.8714285714285714,,,,
up2021__902674,1714,badoda sihani,Hapur,Hapur,Badoda Sihani,212502,63610,1714,baroda sinhani,Hapur,Hapur,Baroda Sinhani,6725,0.896947496947497,0.896947496947497,,,,
up2021__931268,1714,harsinghpur brahmanpur,Hapur,Hapur,Harsinghpur Brahmanpur,212505,63629,1714,harsinghpur,Hapur,Hapur,Harsinghpur,21757,0.9,0.9,,,,
up2021__882232,1714,mursherpur jhanda,Hapur,Hapur,Mursherpur Jhanda,212518,63646,1714,mushrafpur jhanda,Hapur,Hapur,Mushrafpur Jhanda,38295,0.883921568627451,0.883921568627451,,,,
