election_gp_key,election_year,source_file,source_row_number,source_record_id,winner_markers_conflict,gp_number_raw,district_name_hindi,district_name_eng_raw,district_name_eng,district_name_std_raw,district_name_alias_used,block_name_hindi,block_name_eng_raw,block_name_eng,block_name_std_raw,block_xwalk_used,block_name_alias_used,lgd_block_code,gp_name_hindi,lgd_gp_code,lgd_gp_name,lgd_gp_link_method,lgd_gp_link_score,lgd_gp_linked,gp_name_eng_raw,gp_name_eng,name_override_used,district_name_std,block_name_std,gp_name_std,normalized_name_key,normalized_name_key_n,link_eligible,reservation_status_hindi,reservation_status_eng,reservation_class,women_reserved,pradhan_name_hindi,pradhan_name_eng_raw,winner_sex_hindi,winner_woman,result_status_hindi,exception_reason
up2005__row886,2005,gp_head_winner_records_2005.parquet,886,,False,17,मुज्जफरनगर,Muzzafarnagar,Muzaffarnagar,muzzafarnagar,True,खतौली,Khatauli,Khatauli,khatauli,False,False,,"श , तिगाई",,,,,False,,,False,muzaffarnagar,khatauli,,,,False,अनारक्षित,Unreserved,general,0,चरण सिंह,Charan Singh,पुरुष,0,,missing_normalized_component
up2005__row2347,2005,gp_head_winner_records_2005.parquet,2347,,False,58,गाजियाबाद,Ghaziabad,Ghaziabad,ghaziabad,False,हापुड,Hapur,Hapur,hapur,False,False,,दोमयी जरौठी,,,,,False,,,False,ghaziabad,hapur,,,,False,अनुसूचित जाति महिला,Scheduled Caste - Female,sc,1,विद्या,Vidya,महिला,1,,missing_normalized_component
up2005__row2727,2005,gp_head_winner_records_2005.parquet,2727,,False,40,गौतम बुद्ध नगर,Gautam Buddha Nagar,Gautam Buddha Nagar,gautam buddha nagar,False,जेवर,Jewar,Jewar,jewar,False,False,,भगवन्लपुर छातंगा,,,,,False,,,False,gautam buddha nagar,jewar,,,,False,अनारक्षित,Unreserved,general,0,रतन लाल,Ratan Lal,पुरुष,0,,missing_normalized_component
up2005__row4110,2005,gp_head_winner_records_2005.parquet,4110,,False,55,बिजनौर,Bijnaur,Bijnor,bijnaur,True,किरतपुर,Kiratpur,Kiratpur,kiratpur,False,False,,मिर्जापुर  मेमन सादात,,,,,False,,,False,bijnor,kiratpur,,,,False,,Unknown,unknown,,महिला मुन्नी देवी जमिल अ ०,,पुरुष,0,,missing_normalized_component
up2005__row5738,2005,gp_head_winner_records_2005.parquet,5738,,False,33,मुरादाबाद,Muradabad,Moradabad,muradabad,True,पंवासा,Panwasa,Panwasa,panwasa,False,False,,आदौल,,,,,False,,,False,moradabad,panwasa,,,,False,महिला,Female,general,1,विमला,Vimla,महिला,1,,missing_normalized_component
up2005__row6066,2005,gp_head_winner_records_2005.parquet,6066,,False,51,मुरादाबाद,Muradabad,Moradabad,muradabad,True,छजलैट,Chhajlait,Chhajlait,chhajlait,False,False,,सदरपुर  छजलैट,,,,,False,,,False,moradabad,chhajlait,,,,False,,Unknown,unknown,,गजराज रानी,,महिला,1,,missing_normalized_component
up2005__row6069,2005,gp_head_winner_records_2005.parquet,6069,,False,54,मुरादाबाद,Muradabad,Moradabad,muradabad,True,छजलैट,Chhajlait,Chhajlait,chhajlait,False,False,,कुरी खाना  छज्जुपुरा,,,,,False,,,False,moradabad,chhajlait,,,,False,,Unknown,unknown,,पूरन कमला देवी,Puran Kamala Devi,महिला,1,,missing_normalized_component
up2005__row6070,2005,gp_head_winner_records_2005.parquet,6070,,False,55,मुरादाबाद,Muradabad,Moradabad,muradabad,True,छजलैट,Chhajlait,Chhajlait,chhajlait,False,False,,छज्जुपुरा  महेन्द्री,,,,,False,,,False,moradabad,chhajlait,,,,False,,Unknown,unknown,,कमला देवी सुमन देवी,Kamla Devi Suman Devi,महिला,1,,missing_normalized_component
up2005__row6071,2005,gp_head_winner_records_2005.parquet,6071,,False,56,मुरादाबाद,Muradabad,Moradabad,muradabad,True,छजलैट,Chhajlait,Chhajlait,chhajlait,False,False,,महेन्द्री  खुशहालपुर,,,,,False,,,False,moradabad,chhajlait,,,,False,पिछड़ी जाति महिला,Other Backward Class - Female,obc,1,सुमन देवी गीता देवी,Suman Devi Gita Devi,महिला,1,,missing_normalized_component
up2005__row6072,2005,gp_head_winner_records_2005.parquet,6072,,False,57,मुरादाबाद,Muradabad,Moradabad,muradabad,True,छजलैट,Chhajlait,Chhajlait,chhajlait,False,False,,खुशहालपुर  भीकनपुर,,,,,False,,,False,moradabad,chhajlait,,,,False,महिला,Female,general,1,गीता देवी,Gita Devi,पुरुष,0,,missing_normalized_component
up2005__row6073,2005,gp_head_winner_records_2005.parquet,6073,,False,58,मुरादाबाद,Muradabad,Moradabad,muradabad,True,छजलैट,Chhajlait,Chhajlait,chhajlait,False,False,,भीकनपुर  शाहपुर,,,,,False,,,False,moradabad,chhajlait,,,,False,,Unknown,unknown,,वुनियाद हरचरन,Vuniad Harcharan,पुरुष,0,,missing_normalized_component
up2005__row6074,2005,gp_head_winner_records_2005.parquet,6074,,False,59,मुरादाबाद,Muradabad,Moradabad,muradabad,True,छजलैट,Chhajlait,Chhajlait,chhajlait,False,False,,शाहपुर  सराय खजूर,,,,,False,,,False,moradabad,chhajlait,,,,False,अनुसूचित जाति,Scheduled Caste,sc,0,हरचरन मीना,Har Charan Meena,महिला,1,,missing_normalized_component
up2005__row6076,2005,gp_head_winner_records_2005.parquet,6076,,False,61,मुरादाबाद,Muradabad,Moradabad,muradabad,True,छजलैट,Chhajlait,Chhajlait,chhajlait,False,False,,बीबीपुर  संदलीपुर,,,,,False,,,False,moradabad,chhajlait,,,,False,पिछड़ी जाति - महिला,Other Backward Class - Female,obc,1,कमला देवी वीरवती,Kamla Devi Veeravati,महिला,1,,missing_normalized_component
up2005__row6077,2005,gp_head_winner_records_2005.parquet,6077,,False,62,मुरादाबाद,Muradabad,Moradabad,muradabad,True,छजलैट,Chhajlait,Chhajlait,chhajlait,False,False,,संदलीपुर  मानपुर,,,,,False,,,False,moradabad,chhajlait,,,,False,,Unknown,unknown,,वीरवती विनोद कुमारी,Virvati Vinod Kumari,महिला,1,,missing_normalized_component
up2005__row6078,2005,gp_head_winner_records_2005.parquet,6078,,False,63,मुरादाबाद,Muradabad,Moradabad,muradabad,True,छजलैट,Chhajlait,Chhajlait,chhajlait,False,False,,मानपुर  लदावली,,,,,False,,,False,moradabad,chhajlait,,,,False,अनुसूचित जाति महिला,Scheduled Caste - Female,sc,1,विनोद कुमारी ओमवती,Vinod Kumari Omvat,महिला,1,,missing_normalized_component
up2005__row6079,2005,gp_head_winner_records_2005.parquet,6079,,False,64,मुरादाबाद,Muradabad,Moradabad,muradabad,True,छजलैट,Chhajlait,Chhajlait,chhajlait,False,False,,बैरमपुर  सलावा,,,,,False,,,False,moradabad,chhajlait,,,,False,,Unknown,unknown,,ओमवती चन्द्रकला मुनिदेव,omwati chandra kala munidew,महिला,1,,missing_normalized_component
up2005__row6081,2005,gp_head_winner_records_2005.parquet,6081,,False,66,मुरादाबाद,Muradabad,Moradabad,muradabad,True,छजलैट,Chhajlait,Chhajlait,chhajlait,False,False,,अन्यारी उर्फ अलीनग,,,,,False,,,False,moradabad,chhajlait,,,,False,,Unknown,unknown,,महिला,Mahila,महिला,1,,missing_normalized_component
up2005__row6085,2005,gp_head_winner_records_2005.parquet,6085,,False,70,मुरादाबाद,Muradabad,Moradabad,muradabad,True,छजलैट,Chhajlait,Chhajlait,chhajlait,False,False,,सुलतानपुर फुलैदा,,,,,False,,,False,moradabad,chhajlait,,,,False,,Unknown,unknown,,पुरुष,Men,,,,missing_normalized_component
up2005__row6087,2005,gp_head_winner_records_2005.parquet,6087,,False,72,मुरादाबाद,Muradabad,Moradabad,muradabad,True,छजलैट,Chhajlait,Chhajlait,chhajlait,False,False,,मुण्डाला मौ  जमांपुर,,,,,False,,,False,moradabad,chhajlait,,,,False,,Unknown,unknown,,महिला,Mahila,महिला,1,,missing_normalized_component
up2005__row6088,2005,gp_head_winner_records_2005.parquet,6088,,False,73,मुरादाबाद,Muradabad,Moradabad,muradabad,True,छजलैट,Chhajlait,Chhajlait,chhajlait,False,False,,गोपालपुर नत्था,,,,,False,,,False,moradabad,chhajlait,,,,False,,Unknown,unknown,,महिला,Mahila,महिला,1,,missing_normalized_component
up2005__row6089,2005,gp_head_winner_records_2005.parquet,6089,,False,74,मुरादाबाद,Muradabad,Moradabad,muradabad,True,छजलैट,Chhajlait,Chhajlait,chhajlait,False,False,,बरखेडा बसन्तपुर उर्फ,,,,,False,,,False,moradabad,chhajlait,,,,False,,Unknown,unknown,,महिला,Mahila,महिला,1,,missing_normalized_component
up2005__row6091,2005,gp_head_winner_records_2005.parquet,6091,,False,76,मुरादाबाद,Muradabad,Moradabad,muradabad,True,छजलैट,Chhajlait,Chhajlait,chhajlait,False,False,,मल्हपुरखैइया,,,,,False,,,False,moradabad,chhajlait,,,,False,,Unknown,unknown,,महिला,Mahila,महिला,1,,missing_normalized_component
up2005__row6472,2005,gp_head_winner_records_2005.parquet,6472,,False,48,रामपुर,Rampur,Rampur,rampur,False,मिलक,Milk,Milk,milk,False,False,,गदैईया निकटहरसुनगत्,,,,,False,,,False,rampur,milk,,,,False,,Unknown,unknown,,सुशीला देवी,Sushila Devi,महिला,1,,missing_normalized_component
up2005__row6475,2005,gp_head_winner_records_2005.parquet,6475,,False,51,रामपुर,Rampur,Rampur,rampur,False,मिलक,Milk,Milk,milk,False,False,,मौ  नगर नानकार पिछड़ी,,,,,False,,,False,rampur,milk,,,,False,,Unknown,unknown,,सुषमा देवी,Sushma Devi,महिला,1,,missing_normalized_component
up2005__row6506,2005,gp_head_winner_records_2005.parquet,6506,,False,82,रामपुर,Rampur,Rampur,rampur,False,मिलक,Milk,Milk,milk,False,False,,ळ्  करीमगंज,,,,,False,,,False,rampur,milk,,,,False,अनुसूचित जाति,Scheduled Caste,sc,0,कीर्ति,Kirti,महिला,1,,missing_normalized_component
up2005__row8229,2005,gp_head_winner_records_2005.parquet,8229,,False,107,पीलीभीत,Pilibhit,Pilibhit,pilibhit,False,पूरनपुर,Purnanpur,Purnanpur,purnanpur,False,False,,टण्डोला जटपुरा,,,,,False,,,False,pilibhit,purnanpur,,,,False,,Unknown,unknown,,रामलाल बेलामती,Ramalal Belamati,पुरुष,0,,missing_normalized_component
up2005__row8236,2005,gp_head_winner_records_2005.parquet,8236,,False,114,पीलीभीत,Pilibhit,Pilibhit,pilibhit,False,पूरनपुर,Purnanpur,Purnanpur,purnanpur,False,False,,ग्रन्ट नं  उर्फ महादेव माती,,,,,False,,,False,pilibhit,purnanpur,,,,False,,Unknown,unknown,,छोटेसिंह,Chotte Singh,पुरुष,0,,missing_normalized_component
up2005__row8238,2005,gp_head_winner_records_2005.parquet,8238,,False,116,पीलीभीत,Pilibhit,Pilibhit,pilibhit,False,पूरनपुर,Purnanpur,Purnanpur,purnanpur,False,False,,निजामपुर उर्फ सोंधा,,,,,False,,,False,pilibhit,purnanpur,,,,False,,Unknown,unknown,,कमलेश कुमार,Kamlesh Kumar,पुरुष,0,,missing_normalized_component
up2005__row8242,2005,gp_head_winner_records_2005.parquet,8242,,False,120,पीलीभीत,Pilibhit,Pilibhit,pilibhit,False,पूरनपुर,Purnanpur,Purnanpur,purnanpur,False,False,,सपहा  दुर्जनपुर,,,,,False,,,False,pilibhit,purnanpur,,,,False,अनारक्षित,Unreserved,general,0,मो ० उबैद बेग,Mo 0 Ubaid beg,पुरुष,0,,missing_normalized_component
up2005__row8245,2005,gp_head_winner_records_2005.parquet,8245,,False,123,पीलीभीत,Pilibhit,Pilibhit,pilibhit,False,पूरनपुर,Purnanpur,Purnanpur,purnanpur,False,False,,केसरपुर  गोरा,,,,,False,,,False,pilibhit,purnanpur,,,,False,,Unknown,unknown,,बिहारी लाल,Bihari Lal,पुरुष,0,,missing_normalized_component
up2005__row8270,2005,gp_head_winner_records_2005.parquet,8270,,False,152,पीलीभीत,Pilibhit,Pilibhit,pilibhit,False,पूरनपुर,Purnanpur,Purnanpur,purnanpur,False,False,,सबलपुर मु  रम्पुरा फ,,,,,False,,,False,pilibhit,purnanpur,,,,False,पिछड़ी जाति - महिला,Other Backward Class - Female,obc,1,कलावती,Kalawati,महिला,1,,missing_normalized_component
up2005__row8477,2005,gp_head_winner_records_2005.parquet,8477,,False,24,शाहजहांपुर,Shahjahnapur,Shahjahanpur,shahjahnapur,True,भावलखेड़ा,Bhavlakheda,Bhavlakheda,bhavlakheda,False,False,,मुका  जमुही,,,,,False,,,False,shahjahanpur,bhavlakheda,,,,False,,Unknown,unknown,,अनारक्षित सोहन सिह अनुसूचित जाति बुध लाल अनारक्षित गुलशेर खाँ,,पुरुष,0,,missing_normalized_component
up2005__row8478,2005,gp_head_winner_records_2005.parquet,8478,,False,25,शाहजहांपुर,Shahjahnapur,Shahjahanpur,shahjahnapur,True,भावलखेड़ा,Bhavlakheda,Bhavlakheda,bhavlakheda,False,False,,जमुही  जलालपुर,,,,,False,,,False,shahjahanpur,bhavlakheda,,,,False,,Unknown,unknown,,अनुसूचित जाति बुध लाल अनारक्षित गुलशेर खाँ अनुसूचित जाति जगदेयी,,महिला,1,,missing_normalized_component
up2005__row8483,2005,gp_head_winner_records_2005.parquet,8483,,False,30,शाहजहांपुर,Shahjahnapur,Shahjahanpur,shahjahnapur,True,भावलखेड़ा,Bhavlakheda,Bhavlakheda,bhavlakheda,False,False,,ते ल,,,,,False,,,False,shahjahanpur,bhavlakheda,,,,False,,Unknown,unknown,,अनुसूचित जाति महिला - सरोजनी अनारक्षित नसीम खाँ अनारक्षित कप्तान सिंह,,पुरुष,0,,missing_normalized_component
up2005__row8487,2005,gp_head_winner_records_2005.parquet,8487,,False,34,शाहजहांपुर,Shahjahnapur,Shahjahanpur,shahjahnapur,True,भावलखेड़ा,Bhavlakheda,Bhavlakheda,bhavlakheda,False,False,,ल लू,,,,,False,,,False,shahjahanpur,bhavlakheda,,,,False,,Unknown,unknown,,पिछड़ी जाति महिला - शकुन्तला अनारक्षित संजय कुमार अनुसूचित जाति सुखपाल,,पुरुष,0,,missing_normalized_component
up2005__row9275,2005,gp_head_winner_records_2005.parquet,9275,,False,19,बदायूं,Budaun,Budaun,budaun,False,वजीरगंज,Wazirganj,Wazirganj,wazirganj,False,False,,×  पुसगवां,,,,,False,,,False,budaun,wazirganj,,,,False,पिछड़ी जाति,Other Backward Class,obc,0,महिला आयशा बेगम,Mahila Ayesha Begam,महिला,1,,missing_normalized_component
up2005__row10973,2005,gp_head_winner_records_2005.parquet,10973,,False,66,अलीगढ़,Aligarh,Aligarh,aligarh,False,,NA,NA,na,False,False,,किन्हुआ,,,,,False,,,False,aligarh,na,,,,False,अनुसूचित जाति,Scheduled Caste,sc,0,रामवीर,Ramvir,पुरुष,0,,missing_normalized_component
up2005__row11821,2005,gp_head_winner_records_2005.parquet,11821,,False,36,मथुरा,Mathura,Mathura,mathura,False,छाता,Chhata,Chhata,chhata,False,False,,गुहेत  बिस्सा,,,,,False,,,False,mathura,chhata,,,,False,महिला,Female,general,1,रामवती,Ramwati,महिला,1,,missing_normalized_component
up2005__row14993,2005,gp_head_winner_records_2005.parquet,14993,,False,83,फरुखाबाद,Farrukhabad,Farrukhabad,farrukhabad,False,कमालगंज,Kamalganj,Kamalganj,kamalganj,False,False,,ळ्  जहागीरपुर,,,,,False,,,False,farrukhabad,kamalganj,,,,False,अनारक्षित,Unreserved,general,0,अब्बास गंगादेवी,Abbas Ganga Devi,महिला,1,,missing_normalized_component
up2005__row14994,2005,gp_head_winner_records_2005.parquet,14994,,False,84,फरुखाबाद,Farrukhabad,Farrukhabad,farrukhabad,False,कमालगंज,Kamalganj,Kamalganj,kamalganj,False,False,,ळ  अहिमलापुर,,,,,False,,,False,farrukhabad,kamalganj,,,,False,महिला,Female,general,1,गंगादेवी शांतीदेवी,Gangadevi Shantidevi,महिला,1,,missing_normalized_component
up2005__row15689,2005,gp_head_winner_records_2005.parquet,15689,,False,22,इटावा,Itawah,Etawah,itawah,True,भरथना,Bharathana,Bharathana,bharathana,False,False,,"अकबरपुर , दौलतपुर",,,,,False,,,False,etawah,bharathana,,,,False,अनुसूचित जाति,Scheduled Caste,sc,0,कमलेश चन्द्र,Kamlesh Chandra,पुरुष,0,,missing_normalized_component
up2005__row16067,2005,gp_head_winner_records_2005.parquet,16067,,False,18,औरैया,Auraiya,Auraiya,auraiya,False,अजीतमल,Ajitmal,Ajitmal,ajitmal,False,False,,सॉफर,,,,,False,,,False,auraiya,ajitmal,,,,False,,Unknown,unknown,,यतीन्द्र सिंह,Yatindra Singh,पुरुष,0,,missing_normalized_component
up2005__row16071,2005,gp_head_winner_records_2005.parquet,16071,,False,22,औरैया,Auraiya,Auraiya,auraiya,False,अजीतमल,Ajitmal,Ajitmal,ajitmal,False,False,,वेरधि नगर,,,,,False,,,False,auraiya,ajitmal,,,,False,,Unknown,unknown,,मनोरमा,Manorama,महिला,1,,missing_normalized_component
up2005__row17250,2005,gp_head_winner_records_2005.parquet,17250,,False,4,कानपुर देहात,Kanpur Dehat,Kanpur Dehat,kanpur dehat,False,मलासा,Malasa,Malasa,malasa,False,False,,सिथरा बुजर्ग सिथरा खर्द,,,,,False,,,False,kanpur dehat,malasa,,,,False,,Unknown,unknown,,कुमारी चन्द्र,Kumari Chandra,पुरुष,0,,missing_normalized_component
up2005__row17252,2005,gp_head_winner_records_2005.parquet,17252,,False,6,कानपुर देहात,Kanpur Dehat,Kanpur Dehat,kanpur dehat,False,मलासा,Malasa,Malasa,malasa,False,False,,वरूआ रसूलपुर दोहरापुर,,,,,False,,,False,kanpur dehat,malasa,,,,False,,Unknown,unknown,,,NA,पुरुष,0,,missing_normalized_component
up2005__row17282,2005,gp_head_winner_records_2005.parquet,17282,,False,36,कानपुर देहात,Kanpur Dehat,Kanpur Dehat,kanpur dehat,False,मलासा,Malasa,Malasa,malasa,False,False,,विदखुरी  सुखसौरा,,,,,False,,,False,kanpur dehat,malasa,,,,False,,Unknown,unknown,,सिंह,Singh,पुरुष,0,,missing_normalized_component
up2005__row17283,2005,gp_head_winner_records_2005.parquet,17283,,False,37,कानपुर देहात,Kanpur Dehat,Kanpur Dehat,kanpur dehat,False,मलासा,Malasa,Malasa,malasa,False,False,,सुखसौरा  लवरसी,,,,,False,,,False,kanpur dehat,malasa,,,,False,,Unknown,unknown,,सिंह,Singh,पुरुष,0,,missing_normalized_component
up2005__row17284,2005,gp_head_winner_records_2005.parquet,17284,,False,38,कानपुर देहात,Kanpur Dehat,Kanpur Dehat,kanpur dehat,False,मलासा,Malasa,Malasa,malasa,False,False,,लवरसी  सिहारी,,,,,False,,,False,kanpur dehat,malasa,,,,False,,Unknown,unknown,,,NA,पुरुष,0,,missing_normalized_component
up2005__row17285,2005,gp_head_winner_records_2005.parquet,17285,,False,39,कानपुर देहात,Kanpur Dehat,Kanpur Dehat,kanpur dehat,False,मलासा,Malasa,Malasa,malasa,False,False,,सिहारी  कछगाँव,,,,,False,,,False,kanpur dehat,malasa,,,,False,,Unknown,unknown,,,NA,पुरुष,0,,missing_normalized_component
up2005__row19103,2005,gp_head_winner_records_2005.parquet,19103,,False,12,महोबा,Mahoba,Mahoba,mahoba,False,जैतपुर,Jaitpur,Jaitpur,jaitpur,False,False,,सगुनियांमाफ,,,,,False,,,False,mahoba,jaitpur,,,,False,महिला,Female,general,1,रानू देवी,Ranu Devi,,,,missing_normalized_component
up2005__row19131,2005,gp_head_winner_records_2005.parquet,19131,,False,40,महोबा,Mahoba,Mahoba,mahoba,False,जैतपुर,Jaitpur,Jaitpur,jaitpur,False,False,,बगवाहा गौलिया,,,,,False,,,False,mahoba,jaitpur,,,,False,"अनारक्षित
अनारक्षित",,unknown,,राम कुमार,Ram Kumar,पुरुष,0,,missing_normalized_component
up2005__row20305,2005,gp_head_winner_records_2005.parquet,20305,,False,20,फतेहपुर,Fatehpur,Fatehpur,fatehpur,False,खजुहा,Khajooha,Khajooha,khajooha,False,False,,खूंटा  गोपालपुर घघौरा,,,,,False,,,False,fatehpur,khajooha,,,,False,अनुसूचित जाति,Scheduled Caste,sc,0,का नाम,Ka Nam,,,,missing_normalized_component
up2005__row20306,2005,gp_head_winner_records_2005.parquet,20306,,False,21,फतेहपुर,Fatehpur,Fatehpur,fatehpur,False,खजुहा,Khajooha,Khajooha,khajooha,False,False,,गोपालपुर घघौरा  सुल्तानगढ़,,,,,False,,,False,fatehpur,khajooha,,,,False,,Unknown,unknown,,श्याम सुन्दर छेदिया,Shyam Sundar Chedia,,,,missing_normalized_component
up2005__row20307,2005,gp_head_winner_records_2005.parquet,20307,,False,22,फतेहपुर,Fatehpur,Fatehpur,fatehpur,False,खजुहा,Khajooha,Khajooha,khajooha,False,False,,सुल्तानगढ़  रेवरी,,,,,False,,,False,fatehpur,khajooha,,,,False,,Unknown,unknown,,छेदिया उमा देवी,Chhediya Uma Devi,पुरुष,0,,missing_normalized_component
up2005__row20308,2005,gp_head_winner_records_2005.parquet,20308,,False,23,फतेहपुर,Fatehpur,Fatehpur,fatehpur,False,खजुहा,Khajooha,Khajooha,khajooha,False,False,,रेवरी  बारा,,,,,False,,,False,fatehpur,khajooha,,,,False,,Unknown,unknown,,उमा देवी छेद्दी,Uma Devi Chhedi,पुरुष,0,,missing_normalized_component
up2005__row20309,2005,gp_head_winner_records_2005.parquet,20309,,False,24,फतेहपुर,Fatehpur,Fatehpur,fatehpur,False,खजुहा,Khajooha,Khajooha,khajooha,False,False,,बारा  सिजौली,,,,,False,,,False,fatehpur,khajooha,,,,False,,Unknown,unknown,,छेद्दी,Chhedi,महिला,1,,missing_normalized_component
up2005__row20310,2005,gp_head_winner_records_2005.parquet,20310,,False,25,फतेहपुर,Fatehpur,Fatehpur,fatehpur,False,खजुहा,Khajooha,Khajooha,khajooha,False,False,,सिजौली  गौरा,,,,,False,,,False,fatehpur,khajooha,,,,False,,Unknown,unknown,,सतलू,Satlu,महिला,1,,missing_normalized_component
up2005__row20311,2005,gp_head_winner_records_2005.parquet,20311,,False,26,फतेहपुर,Fatehpur,Fatehpur,fatehpur,False,खजुहा,Khajooha,Khajooha,khajooha,False,False,,गौरा  धौरहरा,,,,,False,,,False,fatehpur,khajooha,,,,False,पिछड़ी जाति - महिला,Other Backward Class - Female,obc,1,रवि प्रताप सिंह किशोरी,Ravi Pratap Singh Kishore,महिला,1,,missing_normalized_component
up2005__row20312,2005,gp_head_winner_records_2005.parquet,20312,,False,27,फतेहपुर,Fatehpur,Fatehpur,fatehpur,False,खजुहा,Khajooha,Khajooha,khajooha,False,False,,धौरहरा  मदुरी,,,,,False,,,False,fatehpur,khajooha,,,,False,,Unknown,unknown,,राम किशोरी,Rama Kishori,पुरुष,0,,missing_normalized_component
up2005__row20313,2005,gp_head_winner_records_2005.parquet,20313,,False,28,फतेहपुर,Fatehpur,Fatehpur,fatehpur,False,खजुहा,Khajooha,Khajooha,khajooha,False,False,,मदुरी  तेन्दुली लाखीपुर,,,,,False,,,False,fatehpur,khajooha,,,,False,,Unknown,unknown,,छत्रपाल,Chatrapal,पुरुष,0,,missing_normalized_component
up2005__row20314,2005,gp_head_winner_records_2005.parquet,20314,,False,29,फतेहपुर,Fatehpur,Fatehpur,fatehpur,False,खजुहा,Khajooha,Khajooha,khajooha,False,False,,तेन्दुली लाखीपुर  गढ़ी,,,,,False,,,False,fatehpur,khajooha,,,,False,,Unknown,unknown,,सुरेन्द्र कुमार,Surendra Kumar,महिला,1,,missing_normalized_component
up2005__row20319,2005,gp_head_winner_records_2005.parquet,20319,,False,34,फतेहपुर,Fatehpur,Fatehpur,fatehpur,False,खजुहा,Khajooha,Khajooha,khajooha,False,False,,बिन्दौर  मौहारी,,,,,False,,,False,fatehpur,khajooha,,,,False,,Unknown,unknown,,वसीम जहाँ,Vaseem Jahan,पुरुष,0,,missing_normalized_component
up2005__row20320,2005,gp_head_winner_records_2005.parquet,20320,,False,35,फतेहपुर,Fatehpur,Fatehpur,fatehpur,False,खजुहा,Khajooha,Khajooha,khajooha,False,False,,मौहारी  जाफरगंज,,,,,False,,,False,fatehpur,khajooha,,,,False,,Unknown,unknown,,सुतीक्षण सिंह,Sutikshan Singh,महिला,1,,missing_normalized_component
up2005__row20628,2005,gp_head_winner_records_2005.parquet,20628,,False,31,फतेहपुर,Fatehpur,Fatehpur,fatehpur,False,बहुआ,Bahua,Bahua,bahua,False,False,,समदाबाद मोहन अलीपुर,,,,,False,,,False,fatehpur,bahua,,,,False,,Unknown,unknown,,अफसरी बेगम,Afsari Begam,महिला,1,,missing_normalized_component
up2005__row21879,2005,gp_head_winner_records_2005.parquet,21879,,False,52,इलाहाबाद,Allahabad,Prayagraj,allahabad,True,बहादुरपुर,Bahadurpur,Bahadurpur,bahadurpur,False,False,,जगबंधनपुर  कसेरू आकला,,,,,False,,,False,prayagraj,bahadurpur,,,,False,,Unknown,unknown,,राजेन्द्र बहादूर सिंह,Rājēndra Bahādur Singh,,,,missing_normalized_component
up2005__row21882,2005,gp_head_winner_records_2005.parquet,21882,,False,55,इलाहाबाद,Allahabad,Prayagraj,allahabad,True,बहादुरपुर,Bahadurpur,Bahadurpur,bahadurpur,False,False,,भोपतपुर  सेगरामऊ,,,,,False,,,False,prayagraj,bahadurpur,,,,False,पिछड़ी जाति - महिला,Other Backward Class - Female,obc,1,वेंकटेश्वर प्रसाद पुष्पा सिंह,Venkateshwar Prasad Pushpa Singh,पुरुष,0,,missing_normalized_component
up2005__row21884,2005,gp_head_winner_records_2005.parquet,21884,,False,57,इलाहाबाद,Allahabad,Prayagraj,allahabad,True,बहादुरपुर,Bahadurpur,Bahadurpur,bahadurpur,False,False,,बभन कुइयां  महरौड़ा,,,,,False,,,False,prayagraj,bahadurpur,,,,False,महिला,Female,general,1,कमला सोना देवी,Kamala Sona Devi,महिला,1,,missing_normalized_component
up2005__row21885,2005,gp_head_winner_records_2005.parquet,21885,,False,58,इलाहाबाद,Allahabad,Prayagraj,allahabad,True,बहादुरपुर,Bahadurpur,Bahadurpur,bahadurpur,False,False,,महरौड़ा  सुदनीपुर कला,,,,,False,,,False,prayagraj,bahadurpur,,,,False,अनुसूचित जाति महिला,Scheduled Caste - Female,sc,1,सोना देवी विमला देवी,Sona Devi Vimla Devi,महिला,1,,missing_normalized_component
up2005__row21886,2005,gp_head_winner_records_2005.parquet,21886,,False,59,इलाहाबाद,Allahabad,Prayagraj,allahabad,True,बहादुरपुर,Bahadurpur,Bahadurpur,bahadurpur,False,False,,सुदनीपुर कला  देवकली,,,,,False,,,False,prayagraj,bahadurpur,,,,False,अनुसूचित जाति,Scheduled Caste,sc,0,कमलेन्द्र शरद,Kamalendra Sharad,महिला,1,,missing_normalized_component
up2005__row21887,2005,gp_head_winner_records_2005.parquet,21887,,False,60,इलाहाबाद,Allahabad,Prayagraj,allahabad,True,बहादुरपुर,Bahadurpur,Bahadurpur,bahadurpur,False,False,,देवकली  कैथवल,,,,,False,,,False,prayagraj,bahadurpur,,,,False,अनारक्षित,Unreserved,general,0,शरद जगत बहादूर,Sharad Jagat Bahadur,पुरुष,0,,missing_normalized_component
up2005__row21888,2005,gp_head_winner_records_2005.parquet,21888,,False,61,इलाहाबाद,Allahabad,Prayagraj,allahabad,True,बहादुरपुर,Bahadurpur,Bahadurpur,bahadurpur,False,False,,कैथवल  रामनाथपुर,,,,,False,,,False,prayagraj,bahadurpur,,,,False,पिछड़ी जाति,Other Backward Class,obc,0,जगत बहादूर लालमणि,Jagat Bahadur Lalmani,पुरुष,0,,missing_normalized_component
up2005__row21990,2005,gp_head_winner_records_2005.parquet,21990,,False,69,इलाहाबाद,Allahabad,Prayagraj,allahabad,True,सैदाबाद,Saidabad,Saidabad,saidabad,False,False,,जहा मिश्रान,,,,,False,,,False,prayagraj,saidabad,,,,False,,Unknown,unknown,,महिला,Mahila,महिला,1,,missing_normalized_component
up2005__row22698,2005,gp_head_winner_records_2005.parquet,22698,,False,60,इलाहाबाद,Allahabad,Prayagraj,allahabad,True,फूलपुर,Phoolpur,Phoolpur,phoolpur,False,False,,जाफरपुर उर्फ बाबूगंज,,,,,False,,,False,prayagraj,phoolpur,,,,False,पिछड़ी जाति - महिला,Other Backward Class - Female,obc,1,कसमती,Kasamati,महिला,1,,missing_normalized_component
up2005__row23104,2005,gp_head_winner_records_2005.parquet,23104,,False,52,प्रतापगढ़,Pratapgarh,Pratapgarh,pratapgarh,False,सदर,Sadar,Sadar,sadar,False,False,,रंजीतपुरचिलबि O,,,,,False,,,False,pratapgarh,sadar,,,,False,अनुसूचित जाति,Scheduled Caste,sc,0,भीरू,,पुरुष,0,,missing_normalized_component
up2005__row23427,2005,gp_head_winner_records_2005.parquet,23427,,False,7,प्रतापगढ़,Pratapgarh,Pratapgarh,pratapgarh,False,लालगंज,Lalganj,Lalganj,lalganj,False,False,,मोठिन  कौडियाडीह,,,,,False,,,False,pratapgarh,lalganj,,,,False,,Unknown,unknown,,अनुसूचित जाति - महिला,Anusuchit Jati - Mahila,,,,missing_normalized_component
up2005__row23429,2005,gp_head_winner_records_2005.parquet,23429,,False,9,प्रतापगढ़,Pratapgarh,Pratapgarh,pratapgarh,False,लालगंज,Lalganj,Lalganj,lalganj,False,False,,धारूपुर  पुरवारा,,,,,False,,,False,pratapgarh,lalganj,,,,False,अनुसूचित जाति,Scheduled Caste,sc,0,राजेश रामलखन,,,,,missing_normalized_component
up2005__row23430,2005,gp_head_winner_records_2005.parquet,23430,,False,10,प्रतापगढ़,Pratapgarh,Pratapgarh,pratapgarh,False,लालगंज,Lalganj,Lalganj,lalganj,False,False,,पुरवारा  हरनाहर,,,,,False,,,False,pratapgarh,lalganj,,,,False,अनुसूचित जाति,Scheduled Caste,sc,0,रामलखन विसेसर,,,,,missing_normalized_component
up2005__row23432,2005,gp_head_winner_records_2005.parquet,23432,,False,12,प्रतापगढ़,Pratapgarh,Pratapgarh,pratapgarh,False,लालगंज,Lalganj,Lalganj,lalganj,False,False,,प्रतापरूद्रपुर  कन्हैया,,,,,False,,,False,pratapgarh,lalganj,,,,False,,Unknown,unknown,,पिछड़ी जाति,Pichadi Jati,,,,missing_normalized_component
up2005__row23435,2005,gp_head_winner_records_2005.parquet,23435,,False,15,प्रतापगढ़,Pratapgarh,Pratapgarh,pratapgarh,False,लालगंज,Lalganj,Lalganj,lalganj,False,False,,रतनपुर दाबी,,,,,False,,,False,pratapgarh,lalganj,,,,False,पिछड़ी जाति - महिला,Other Backward Class - Female,obc,1,सुमन रामकिशोर,,,,,missing_normalized_component
up2005__row23436,2005,gp_head_winner_records_2005.parquet,23436,,False,16,प्रतापगढ़,Pratapgarh,Pratapgarh,pratapgarh,False,लालगंज,Lalganj,Lalganj,lalganj,False,False,,रामपुर  देवारा,,,,,False,,,False,pratapgarh,lalganj,,,,False,अनारक्षित,Unreserved,general,0,रामकिशोर देवकली,,,,,missing_normalized_component
up2005__row26749,2005,gp_head_winner_records_2005.parquet,26749,,False,6,हरदोई,Hardoi,Hardoi,hardoi,False,भरखनी,Barkhani,Barkhani,barkhani,False,False,,सलोनी  सहजनपुर,,,,,False,,,False,hardoi,barkhani,,,,False,अनुसूचित जाति,Scheduled Caste,sc,0,सिरदार रामलाल,Sardar Ramlal,पुरुष,0,,missing_normalized_component
up2005__row26750,2005,gp_head_winner_records_2005.parquet,26750,,False,7,हरदोई,Hardoi,Hardoi,hardoi,False,भरखनी,Barkhani,Barkhani,barkhani,False,False,,सहजनपुर  नादखेडा,,,,,False,,,False,hardoi,barkhani,,,,False,अनुसूचित जाति,Scheduled Caste,sc,0,रामलाल रामनाथ,,पुरुष,0,,missing_normalized_component
up2005__row26751,2005,gp_head_winner_records_2005.parquet,26751,,False,8,हरदोई,Hardoi,Hardoi,hardoi,False,भरखनी,Barkhani,Barkhani,barkhani,False,False,,नादखेडा  भोरा पुर,,,,,False,,,False,hardoi,barkhani,,,,False,अनारक्षित,Unreserved,general,0,ज्ञानवती रेवती,Gyanwati Revti,महिला,1,,missing_normalized_component
up2005__row26752,2005,gp_head_winner_records_2005.parquet,26752,,False,9,हरदोई,Hardoi,Hardoi,hardoi,False,भरखनी,Barkhani,Barkhani,barkhani,False,False,,पुर रामदासपुर,,,,,False,,,False,hardoi,barkhani,,,,False,पिछड़ी जाति - महिला,Other Backward Class - Female,obc,1,रेवती स्नेह लता,Revati Sneh Lata,महिला,1,,missing_normalized_component
up2005__row26754,2005,gp_head_winner_records_2005.parquet,26754,,False,11,हरदोई,Hardoi,Hardoi,hardoi,False,भरखनी,Barkhani,Barkhani,barkhani,False,False,,बहाउददीनपुर  पाण्डेपुर,,,,,False,,,False,hardoi,barkhani,,,,False,महिला,Female,general,1,मीरा देवी,Mira Devi,पुरुष,0,,missing_normalized_component
up2005__row26755,2005,gp_head_winner_records_2005.parquet,26755,,False,12,हरदोई,Hardoi,Hardoi,hardoi,False,भरखनी,Barkhani,Barkhani,barkhani,False,False,,पाण्डेपुर  रमपुराखम्हरिया,,,,,False,,,False,hardoi,barkhani,,,,False,महिला,Female,general,1,अनिल कुमार,Anil Kumar,पुरुष,0,,missing_normalized_component
up2005__row26756,2005,gp_head_winner_records_2005.parquet,26756,,False,13,हरदोई,Hardoi,Hardoi,hardoi,False,भरखनी,Barkhani,Barkhani,barkhani,False,False,,मदनापुर  चौडाराय,,,,,False,,,False,hardoi,barkhani,,,,False,,Unknown,unknown,,शिवचरन महेश चन्द्र,Shiv Charan Mahesh Chandra,पुरुष,0,,missing_normalized_component
up2005__row26759,2005,gp_head_winner_records_2005.parquet,26759,,False,16,हरदोई,Hardoi,Hardoi,hardoi,False,भरखनी,Barkhani,Barkhani,barkhani,False,False,,सिलवारी  सवायजपुर,,,,,False,,,False,hardoi,barkhani,,,,False,,Unknown,unknown,,बीनादेवी,Bin Devi,पुरुष,0,,missing_normalized_component
up2005__row26808,2005,gp_head_winner_records_2005.parquet,26808,,False,67,हरदोई,Hardoi,Hardoi,hardoi,False,भरखनी,Barkhani,Barkhani,barkhani,False,False,,हुल्लारपुर  भावर केशवपुर,,,,,False,,,False,hardoi,barkhani,,,,False,,Unknown,unknown,,महिला पिछड़ी जाति पिछड़ी जाति,Mahila Pichhri Jati Pichhri Jati,,,,missing_normalized_component
up2005__row27327,2005,gp_head_winner_records_2005.parquet,27327,,False,28,लखनऊ,Lucknow,Lucknow,lucknow,False,माल,Maal,Maal,maal,False,False,,आट गढ़ी सौरा,,,,,False,,,False,lucknow,maal,,,,False,,Unknown,unknown,,,NA,पुरुष,0,,missing_normalized_component
up2005__row30195,2005,gp_head_winner_records_2005.parquet,30195,,False,26,बहराइच,Bahraich,Bahraich,bahraich,False,महसी,Mahsi,Mahsi,mahsi,False,False,,औराही,,,,,False,,,False,bahraich,mahsi,,,,False,पिछड़ी जाति - महिला,Other Backward Class - Female,obc,1,रामकुमारी,Ramakumari,महिला,1,,missing_normalized_component
up2005__row31709,2005,gp_head_winner_records_2005.parquet,31709,,False,25,गोंडा,Gonda,Gonda,gonda,False,हलधरमऊ,Haladharamuu,Haladharamuu,haladharamuu,False,False,,"पतिसा ,",,,,,False,,,False,gonda,haladharamuu,,,,False,अनारक्षित,Unreserved,general,0,अवधेश कुमार,Awadhesh Kumar,पुरुष,0,,missing_normalized_component
up2005__row31782,2005,gp_head_winner_records_2005.parquet,31782,,False,38,गोंडा,Gonda,Gonda,gonda,False,परसपुर,Parsapur,Parsapur,parsapur,False,False,,नरायनपुर जैसिंह शिवगढ़,,,,,False,,,False,gonda,parsapur,,,,False,पिछड़ी जाति - महिला,Other Backward Class - Female,obc,1,कैलाशपति,Kailashpati,महिला,1,,missing_normalized_component
up2005__row32604,2005,gp_head_winner_records_2005.parquet,32604,,False,20,गोंडा,Gonda,Gonda,gonda,False,बभनजोत,Bhabha njot,Bhabha njot,bhabha njot,False,False,,औराडीह,,,,,False,,,False,gonda,bhabha njot,,,,False,अनुसूचित जाति,Scheduled Caste,sc,0,रामतेज,Ramtej,पुरुष,0,,missing_normalized_component
up2005__row32671,2005,gp_head_winner_records_2005.parquet,32671,,False,21,गोंडा,Gonda,Gonda,gonda,False,रूपईडीह,Rupaidih,Rupaidih,rupaidih,False,False,,जमुनही हरदोपट्टी जेठपुरवा,,,,,False,,,False,gonda,rupaidih,,,,False,अनारक्षित,Unreserved,general,0,नरेन्द्र कुमार पुरुष भगवानदीन वर्मा पुरुष,Narendra Kumar Purush Bhagwandin Verma Purush,महिला,1,,missing_normalized_component
up2005__row32677,2005,gp_head_winner_records_2005.parquet,32677,,False,27,गोंडा,Gonda,Gonda,gonda,False,रूपईडीह,Rupaidih,Rupaidih,rupaidih,False,False,,तेन्दुआ चौखडिया देवतहा,,,,,False,,,False,gonda,rupaidih,,,,False,,Unknown,unknown,,कृपाराम यादव पुरुष शबनम साहू महिला,Kripram Yadav Purush Shabnam Sahu Mahila,महिला,1,,missing_normalized_component
up2005__row33849,2005,gp_head_winner_records_2005.parquet,33849,,False,20,बाराबंकी,Barabanki,Barabanki,barabanki,False,मवई,Mawai,Mawai,mawai,False,False,,नवरोजपुर बघेडी,,,,,False,,,False,barabanki,mawai,,,,False,महिला,Female,general,1,सरोजकुमारी,Sarojakumari,पुरुष,0,,missing_normalized_component
up2005__row33924,2005,gp_head_winner_records_2005.parquet,33924,,False,47,सुल्तानपुर,Sultanpur,Sultanpur,sultanpur,False,अखण्डनगर,Akhandnagar,Akhandnagar,akhandnagar,False,False,,हाजीपुर बी,,,,,False,,,False,sultanpur,akhandnagar,,,,False,महिला,Female,general,1,विभा सिंह,Vibha Singh,महिला,1,,missing_normalized_component
up2005__row34288,2005,gp_head_winner_records_2005.parquet,34288,,False,26,सुल्तानपुर,Sultanpur,Sultanpur,sultanpur,False,दोस्तपुर,Dostpur,Dostpur,dostpur,False,False,,तेन्दुआकाजी  कोहरा,,,,,False,,,False,sultanpur,dostpur,,,,False,,Unknown,unknown,,आशा देवी पूर्णमाषी,Asha Devi Purnimashi,महिला,1,,missing_normalized_component
up2005__row34793,2005,gp_head_winner_records_2005.parquet,34793,,False,35,सुल्तानपुर,Sultanpur,Sultanpur,sultanpur,False,कुडेभार,Kudebhar,Kudebhar,kudebhar,False,False,,गडौली बझना,,,,,False,,,False,sultanpur,kudebhar,,,,False,,Unknown,unknown,,कुमार राम समुझ गंगादेई,Kumar Ram Samujh Gangadei,पुरुष,0,,missing_normalized_component
up2005__row34812,2005,gp_head_winner_records_2005.parquet,34812,,False,57,सुल्तानपुर,Sultanpur,Sultanpur,sultanpur,False,कुडेभार,Kudebhar,Kudebhar,kudebhar,False,False,,पदुमराबेनीसांगो  बरौला,,,,,False,,,False,sultanpur,kudebhar,,,,False,,Unknown,unknown,,सुरेता देवी,Sureta Devi,महिला,1,,missing_normalized_component
up2005__row34814,2005,gp_head_winner_records_2005.parquet,34814,,False,59,सुल्तानपुर,Sultanpur,Sultanpur,sultanpur,False,कुडेभार,Kudebhar,Kudebhar,kudebhar,False,False,,भगवानपुर  देवकली सरैया,,,,,False,,,False,sultanpur,kudebhar,,,,False,,Unknown,unknown,,सिंगारी देवी,Singari Devi,महिला,1,,missing_normalized_component
up2005__row35808,2005,gp_head_winner_records_2005.parquet,35808,,False,35,अम्बेडकरनगर,Ambedkar Nagar,Ambedkar Nagar,ambedkar nagar,False,जहांगीरगंज,Jahangirganj,Jahangirganj,jahangirganj,False,False,,बुजुर्ग लाला,,,,,False,,,False,ambedkar nagar,jahangirganj,,,,False,अनुसूचित जाति,Scheduled Caste,sc,0,विनोद कुमार,Vinod Kumar,,,,missing_normalized_component
up2005__row35809,2005,gp_head_winner_records_2005.parquet,35809,,False,36,अम्बेडकरनगर,Ambedkar Nagar,Ambedkar Nagar,ambedkar nagar,False,जहांगीरगंज,Jahangirganj,Jahangirganj,jahangirganj,False,False,,लाला देवरियापंडित,,,,,False,,,False,ambedkar nagar,jahangirganj,,,,False,पिछड़ी जाति,Other Backward Class,obc,0,रवीन्द्र,Ravindra,,,,missing_normalized_component
up2005__row36009,2005,gp_head_winner_records_2005.parquet,36009,,False,5,फैजाबाद,Faizabad,Ayodhya,faizabad,True,पूराबाजार,Puraabaajaar,Puraabaajaar,puraabaajaar,False,False,,मूडाडीहा सनेथू,,,,,False,,,False,ayodhya,puraabaajaar,,,,False,,Unknown,unknown,,दुलारे,Dulare,पुरुष,0,,missing_normalized_component
up2005__row36012,2005,gp_head_winner_records_2005.parquet,36012,,False,8,फैजाबाद,Faizabad,Ayodhya,faizabad,True,पूराबाजार,Puraabaajaar,Puraabaajaar,puraabaajaar,False,False,,रामपुरहलवारा सिरसिन्डा,,,,,False,,,False,ayodhya,puraabaajaar,,,,False,,Unknown,unknown,,गजराज,Gajraj,पुरुष,0,,missing_normalized_component
up2005__row36025,2005,gp_head_winner_records_2005.parquet,36025,,False,21,फैजाबाद,Faizabad,Ayodhya,faizabad,True,पूराबाजार,Puraabaajaar,Puraabaajaar,puraabaajaar,False,False,,अलावलपुर  मित्रसेनपुर,,,,,False,,,False,ayodhya,puraabaajaar,,,,False,,Unknown,unknown,,चन्द्र पाण्डेय,Chandra Pandey,पुरुष,0,,missing_normalized_component
up2005__row36026,2005,gp_head_winner_records_2005.parquet,36026,,False,22,फैजाबाद,Faizabad,Ayodhya,faizabad,True,पूराबाजार,Puraabaajaar,Puraabaajaar,puraabaajaar,False,False,,मित्रसेनपुर  सुक्खापुरइटौरा,,,,,False,,,False,ayodhya,puraabaajaar,,,,False,,Unknown,unknown,,महिला,Mahila,पुरुष,0,,missing_normalized_component
up2005__row36027,2005,gp_head_winner_records_2005.parquet,36027,,False,23,फैजाबाद,Faizabad,Ayodhya,faizabad,True,पूराबाजार,Puraabaajaar,Puraabaajaar,puraabaajaar,False,False,,सुक्खापुरइटौरा  मोहतसिमपुर,,,,,False,,,False,ayodhya,puraabaajaar,,,,False,,Unknown,unknown,,महिला,Mahila,पुरुष,0,,missing_normalized_component
up2005__row36028,2005,gp_head_winner_records_2005.parquet,36028,,False,24,फैजाबाद,Faizabad,Ayodhya,faizabad,True,पूराबाजार,Puraabaajaar,Puraabaajaar,puraabaajaar,False,False,,मोहतसिमपुर  अकवारा,,,,,False,,,False,ayodhya,puraabaajaar,,,,False,,Unknown,unknown,,यादव,Yadav,पुरुष,0,,missing_normalized_component
up2005__row36029,2005,gp_head_winner_records_2005.parquet,36029,,False,25,फैजाबाद,Faizabad,Ayodhya,faizabad,True,पूराबाजार,Puraabaajaar,Puraabaajaar,puraabaajaar,False,False,,अकवारा देवकाली अनुसूचित,,,,,False,,,False,ayodhya,puraabaajaar,,,,False,,Unknown,unknown,,अहमद,Ahmed,पुरुष,0,,missing_normalized_component
up2005__row36032,2005,gp_head_winner_records_2005.parquet,36032,,False,28,फैजाबाद,Faizabad,Ayodhya,faizabad,True,पूराबाजार,Puraabaajaar,Puraabaajaar,puraabaajaar,False,False,,भीखापुर अनुसूचित रानोपाली,,,,,False,,,False,ayodhya,puraabaajaar,,,,False,,Unknown,unknown,,गुरचरण,Gurchran,पुरुष,0,,missing_normalized_component
up2005__row36042,2005,gp_head_winner_records_2005.parquet,36042,,False,38,फैजाबाद,Faizabad,Ayodhya,faizabad,True,पूराबाजार,Puraabaajaar,Puraabaajaar,puraabaajaar,False,False,,रहीमपुरदुगवा  समसा,,,,,False,,,False,ayodhya,puraabaajaar,,,,False,,Unknown,unknown,,श्यामा,Shama,महिला,1,,missing_normalized_component
up2005__row36043,2005,gp_head_winner_records_2005.parquet,36043,,False,39,फैजाबाद,Faizabad,Ayodhya,faizabad,True,पूराबाजार,Puraabaajaar,Puraabaajaar,puraabaajaar,False,False,,समसा  दतौली,,,,,False,,,False,ayodhya,puraabaajaar,,,,False,,Unknown,unknown,,बिट्टन,Bitton,महिला,1,,missing_normalized_component
up2005__row36045,2005,gp_head_winner_records_2005.parquet,36045,,False,41,फैजाबाद,Faizabad,Ayodhya,faizabad,True,पूराबाजार,Puraabaajaar,Puraabaajaar,puraabaajaar,False,False,,रोशननगर  खुशिपालगंज,,,,,False,,,False,ayodhya,puraabaajaar,,,,False,पिछड़ी जाति महिला,Other Backward Class - Female,obc,1,,NA,,,,missing_normalized_component
up2005__row36465,2005,gp_head_winner_records_2005.parquet,36465,,False,,फैजाबाद,Faizabad,Ayodhya,faizabad,True,मिल्कीपुर,Milkipur,Milkipur,milkipur,False,False,,सुरवारा  पलिया मु ० कुचेरा,,,,,False,,,False,ayodhya,milkipur,,,,False,अनारक्षित,Unreserved,general,0,साहब लाल कवित्री,Sahab Lal Kavitri,पुरुष,0,,missing_normalized_component
up2005__row36466,2005,gp_head_winner_records_2005.parquet,36466,,False,,फैजाबाद,Faizabad,Ayodhya,faizabad,True,मिल्कीपुर,Milkipur,Milkipur,milkipur,False,False,,पलिया मु ० कुचेरा  मीठेगाँव,,,,,False,,,False,ayodhya,milkipur,,,,False,पिछड़ी जाति - महिला,Other Backward Class - Female,obc,1,कवित्री सुनीता,Kavithri sunita,महिला,1,,missing_normalized_component
up2005__row37945,2005,gp_head_winner_records_2005.parquet,37945,,False,111,सिद्धार्थनगर,Siddharth Nagar,Siddharth Nagar,siddharth nagar,False,डुमरियागंज,Dumriaganj,Dumriaganj,dumriaganj,False,False,,औराताल,,,,,False,,,False,siddharth nagar,dumriaganj,,,,False,पिछड़ी जाति,Other Backward Class,obc,0,कुरवान अली,Kurwan Ali,पुरुष,0,,missing_normalized_component
up2005__row38522,2005,gp_head_winner_records_2005.parquet,38522,,False,42,सिद्धार्थनगर,Siddharth Nagar,Siddharth Nagar,siddharth nagar,False,बढ़नी,Badhni,Badhni,badhni,False,False,,चरिगवां (,,,,,False,,,False,siddharth nagar,badhni,,,,False,,Unknown,unknown,,प्रेया देवी,Preyaa Devi,महिला,1,,missing_normalized_component
up2005__row38912,2005,gp_head_winner_records_2005.parquet,38912,,False,67,संत कबीर नगर,Sant Kabeer Nagar,Sant Kabeer Nagar,sant kabeer nagar,False,हैंसरबाजार,Haansar Bazar,Haansar Bazar,haansar bazar,False,False,,औराडाड़,,,,,False,,,False,sant kabeer nagar,haansar bazar,,,,False,महिला,Female,general,1,शीला,Sheela,महिला,1,,missing_normalized_component
up2005__row39097,2005,gp_head_winner_records_2005.parquet,39097,,False,31,संत कबीर नगर,Sant Kabeer Nagar,Sant Kabeer Nagar,sant kabeer nagar,False,सॉथा,Sautha,Sautha,sautha,False,False,,प्रतापपुर  जसवल,,,,,False,,,False,sant kabeer nagar,sautha,,,,False,अनुसूचित जाति महिला,Scheduled Caste - Female,sc,1,संवारी देवी,Sanwari Devi,पुरुष,0,,missing_normalized_component
up2005__row39098,2005,gp_head_winner_records_2005.parquet,39098,,False,32,संत कबीर नगर,Sant Kabeer Nagar,Sant Kabeer Nagar,sant kabeer nagar,False,सॉथा,Sautha,Sautha,sautha,False,False,,जसवल  देवकली,,,,,False,,,False,sant kabeer nagar,sautha,,,,False,,Unknown,unknown,,मंगरू,Mangru,पुरुष,0,,missing_normalized_component
up2005__row39273,2005,gp_head_winner_records_2005.parquet,39273,,False,38,गोरखपुर,Gorakhpur,Gorakhpur,gorakhpur,False,भटहट,Bhathat,Bhathat,bhathat,False,False,,"महरी ,",,,,,False,,,False,gorakhpur,bhathat,,,,False,पिछड़ी जाति - महिला,Other Backward Class - Female,obc,1,रीना सिंह,Reena Singh,महिला,1,,missing_normalized_component
up2005__row39415,2005,gp_head_winner_records_2005.parquet,39415,,False,34,गोरखपुर,Gorakhpur,Gorakhpur,gorakhpur,False,ब्रहमपुर,Brahmpur,Brahmpur,brahmpur,False,False,,ल  तेनुआ खुर्द,,,,,False,,,False,gorakhpur,brahmpur,,,,False,महिला,Female,general,1,सकरावती,Sakarvati,महिला,1,,missing_normalized_component
up2005__row39933,2005,gp_head_winner_records_2005.parquet,39933,,False,24,गोरखपुर,Gorakhpur,Gorakhpur,gorakhpur,False,बड़हलगंज,Barhalganj,Barhalganj,barhalganj,False,False,,भांटपार  बेलसड़ी अनुसूचित,,,,,False,,,False,gorakhpur,barhalganj,,,,False,,Unknown,unknown,,देवी,Devi,पुरुष,0,,missing_normalized_component
up2005__row39935,2005,gp_head_winner_records_2005.parquet,39935,,False,26,गोरखपुर,Gorakhpur,Gorakhpur,gorakhpur,False,बड़हलगंज,Barhalganj,Barhalganj,barhalganj,False,False,,कोल्हुआ अनुसूचित नेवादा,,,,,False,,,False,gorakhpur,barhalganj,,,,False,,Unknown,unknown,,विन्ध्याचल देवी,Vindhyāchal Dēvī,पुरुष,0,,missing_normalized_component
up2005__row39936,2005,gp_head_winner_records_2005.parquet,39936,,False,27,गोरखपुर,Gorakhpur,Gorakhpur,gorakhpur,False,बड़हलगंज,Barhalganj,Barhalganj,barhalganj,False,False,,नेवादा  लखनपार अनुसूचित,,,,,False,,,False,gorakhpur,barhalganj,,,,False,,Unknown,unknown,,शीला देवी,Sheela Devi,महिला,1,,missing_normalized_component
up2005__row39937,2005,gp_head_winner_records_2005.parquet,39937,,False,28,गोरखपुर,Gorakhpur,Gorakhpur,gorakhpur,False,बड़हलगंज,Barhalganj,Barhalganj,barhalganj,False,False,,लखनपार अनुसूचित भीटीवाल,,,,,False,,,False,gorakhpur,barhalganj,,,,False,,Unknown,unknown,,अमरावती देवी,Amravati Devi,महिला,1,,missing_normalized_component
up2005__row39938,2005,gp_head_winner_records_2005.parquet,39938,,False,29,गोरखपुर,Gorakhpur,Gorakhpur,gorakhpur,False,बड़हलगंज,Barhalganj,Barhalganj,barhalganj,False,False,,भीटीवाल  सकराखोर,,,,,False,,,False,gorakhpur,barhalganj,,,,False,,Unknown,unknown,,पुरूषोत्तम प्रमिला देवी,Purushottam Pramila Devi,महिला,1,,missing_normalized_component
up2005__row39945,2005,gp_head_winner_records_2005.parquet,39945,,False,36,गोरखपुर,Gorakhpur,Gorakhpur,gorakhpur,False,बड़हलगंज,Barhalganj,Barhalganj,barhalganj,False,False,,शुक्लपुरी महुलिया पोयल,,,,,False,,,False,gorakhpur,barhalganj,,,,False,अनुसूचित जाति,Scheduled Caste,sc,0,रविन्द्र,Ravindra,पुरुष,0,,missing_normalized_component
up2005__row39946,2005,gp_head_winner_records_2005.parquet,39946,,False,37,गोरखपुर,Gorakhpur,Gorakhpur,gorakhpur,False,बड़हलगंज,Barhalganj,Barhalganj,barhalganj,False,False,,महुलिया पोयल  भीटी दूबे,,,,,False,,,False,gorakhpur,barhalganj,,,,False,,Unknown,unknown,,श्यामसरन,Shyamsaran,पुरुष,0,,missing_normalized_component
up2005__row39947,2005,gp_head_winner_records_2005.parquet,39947,,False,38,गोरखपुर,Gorakhpur,Gorakhpur,gorakhpur,False,बड़हलगंज,Barhalganj,Barhalganj,barhalganj,False,False,,भीटी दूबे  पोहिला,,,,,False,,,False,gorakhpur,barhalganj,,,,False,,Unknown,unknown,,उर्मिला देवी,Urmila Devi,महिला,1,,missing_normalized_component
up2005__row39948,2005,gp_head_winner_records_2005.parquet,39948,,False,39,गोरखपुर,Gorakhpur,Gorakhpur,gorakhpur,False,बड़हलगंज,Barhalganj,Barhalganj,barhalganj,False,False,,पोहिला  महुआपार,,,,,False,,,False,gorakhpur,barhalganj,,,,False,,Unknown,unknown,,विजयप्रताप,Vijaypratap,पुरुष,0,,missing_normalized_component
up2005__row39950,2005,gp_head_winner_records_2005.parquet,39950,,False,41,गोरखपुर,Gorakhpur,Gorakhpur,gorakhpur,False,बड़हलगंज,Barhalganj,Barhalganj,barhalganj,False,False,,रामपुर गढ़वा  ओझौली,,,,,False,,,False,gorakhpur,barhalganj,,,,False,,Unknown,unknown,,शोभा देवी,Shobha Devi,महिला,1,,missing_normalized_component
up2005__row39951,2005,gp_head_winner_records_2005.parquet,39951,,False,42,गोरखपुर,Gorakhpur,Gorakhpur,gorakhpur,False,बड़हलगंज,Barhalganj,Barhalganj,barhalganj,False,False,,ओझौली  कोड़ा,,,,,False,,,False,gorakhpur,barhalganj,,,,False,,Unknown,unknown,,लालती देवी,Laalati Devi,महिला,1,,missing_normalized_component
up2005__row39953,2005,gp_head_winner_records_2005.parquet,39953,,False,44,गोरखपुर,Gorakhpur,Gorakhpur,gorakhpur,False,बड़हलगंज,Barhalganj,Barhalganj,barhalganj,False,False,,बुढ़नपुरा  जैतपुर,,,,,False,,,False,gorakhpur,barhalganj,,,,False,अनुसूचित जाति,Scheduled Caste,sc,0,,NA,,,,missing_normalized_component
up2005__row40408,2005,gp_head_winner_records_2005.parquet,40408,,False,65,गोरखपुर,Gorakhpur,Gorakhpur,gorakhpur,False,बॉसगॉव,Bosagaon,Bosagaon,bosagaon,False,False,,ढढ़ौना,,,,,False,,,False,gorakhpur,bosagaon,,,,False,अनारक्षित,Unreserved,general,0,,NA,,,,missing_normalized_component
up2005__row40479,2005,gp_head_winner_records_2005.parquet,40479,,False,10,महाराजगंज,Maharajganj,Maharajganj,maharajganj,False,पनियरा,Paniyara,Paniyara,paniyara,False,False,,जं बाकी टु  नं  -,,,,,False,,,False,maharajganj,paniyara,,,,False,अनुसूचित जाति महिला,Scheduled Caste - Female,sc,1,जानकी,Janaki,महिला,1,,missing_normalized_component
up2005__row41263,2005,gp_head_winner_records_2005.parquet,41263,,False,19,कुशीनगर,Kushinagar,Kushi Nagar,kushinagar,True,पड़रौना,Padrauna,Padrauna,padrauna,False,False,,जं O नाहर छपरा,,,,,False,,,False,kushi nagar,padrauna,,,,False,अनुसूचित जाति महिला,Scheduled Caste - Female,sc,1,करमी,Karmi,महिला,1,,missing_normalized_component
up2005__row41282,2005,gp_head_winner_records_2005.parquet,41282,,False,38,कुशीनगर,Kushinagar,Kushi Nagar,kushinagar,True,पड़रौना,Padrauna,Padrauna,padrauna,False,False,,लमुआ केवलछपरा वलचहा,,,,,False,,,False,kushi nagar,padrauna,,,,False,महिला,Female,general,1,प्रभावती मंजू,Prabhawati Manju,महिला,1,,missing_normalized_component
up2005__row41287,2005,gp_head_winner_records_2005.parquet,41287,,False,43,कुशीनगर,Kushinagar,Kushi Nagar,kushinagar,True,पड़रौना,Padrauna,Padrauna,padrauna,False,False,,सोहरौना काटी,,,,,False,,,False,kushi nagar,padrauna,,,,False,पिछड़ी जाति - महिला,Other Backward Class - Female,obc,1,प्रभावती सीमा,Prabhavati Seema,महिला,1,,missing_normalized_component
up2005__row41299,2005,gp_head_winner_records_2005.parquet,41299,,False,55,कुशीनगर,Kushinagar,Kushi Nagar,kushinagar,True,पड़रौना,Padrauna,Padrauna,padrauna,False,False,,जिगना  नरसर,,,,,False,,,False,kushi nagar,padrauna,,,,False,महिला,Female,general,1,अमीना सिंह,Amina Singh,पुरुष,0,,missing_normalized_component
up2005__row41300,2005,gp_head_winner_records_2005.parquet,41300,,False,56,कुशीनगर,Kushinagar,Kushi Nagar,kushinagar,True,पड़रौना,Padrauna,Padrauna,padrauna,False,False,,नरसर  खरदेवा,,,,,False,,,False,kushi nagar,padrauna,,,,False,अनारक्षित,Unreserved,general,0,शम्भू सिंह कमलावती,Shambhu Singh Kamlawati,महिला,1,,missing_normalized_component
up2005__row41301,2005,gp_head_winner_records_2005.parquet,41301,,False,57,कुशीनगर,Kushinagar,Kushi Nagar,kushinagar,True,पड़रौना,Padrauna,Padrauna,padrauna,False,False,,खरदेवा  बतरडेरा,,,,,False,,,False,kushi nagar,padrauna,,,,False,महिला,Female,general,1,कमलावती विमला,Kamlavati Vimla,महिला,1,,missing_normalized_component
up2005__row41302,2005,gp_head_winner_records_2005.parquet,41302,,False,58,कुशीनगर,Kushinagar,Kushi Nagar,kushinagar,True,पड़रौना,Padrauna,Padrauna,padrauna,False,False,,बतरडेरा  सिधुआ बांगर,,,,,False,,,False,kushi nagar,padrauna,,,,False,,Unknown,unknown,,विमला मुनिया,Vimla Muniya,महिला,1,,missing_normalized_component
up2005__row41304,2005,gp_head_winner_records_2005.parquet,41304,,False,60,कुशीनगर,Kushinagar,Kushi Nagar,kushinagar,True,पड़रौना,Padrauna,Padrauna,padrauna,False,False,,बैजनाथपुर  कोहड़ा,,,,,False,,,False,kushi nagar,padrauna,,,,False,,Unknown,unknown,,बादमी विनोद,Badami Vinod,पुरुष,0,,missing_normalized_component
up2005__row41305,2005,gp_head_winner_records_2005.parquet,41305,,False,61,कुशीनगर,Kushinagar,Kushi Nagar,kushinagar,True,पड़रौना,Padrauna,Padrauna,padrauna,False,False,,कोहड़ा  साड़ी खुर्द,,,,,False,,,False,kushi nagar,padrauna,,,,False,पिछड़ी जाति,Other Backward Class,obc,0,विनोद,Vinod,पुरुष,0,,missing_normalized_component
up2005__row41310,2005,gp_head_winner_records_2005.parquet,41310,,False,66,कुशीनगर,Kushinagar,Kushi Nagar,kushinagar,True,पड़रौना,Padrauna,Padrauna,padrauna,False,False,,हरैया बु O  गांगरानी,,,,,False,,,False,kushi nagar,padrauna,,,,False,पिछड़ी जाति,Other Backward Class,obc,0,महिला सूरसती,Mahila Suurasati,पुरुष,0,,missing_normalized_component
up2005__row41311,2005,gp_head_winner_records_2005.parquet,41311,,False,67,कुशीनगर,Kushinagar,Kushi Nagar,kushinagar,True,पड़रौना,Padrauna,Padrauna,padrauna,False,False,,गांगरानी  बरहज,,,,,False,,,False,kushi nagar,padrauna,,,,False,,Unknown,unknown,,बृक्षा दुर्गेश सिंह,Briksha Durgesh Singh,पुरुष,0,,missing_normalized_component
up2005__row41312,2005,gp_head_winner_records_2005.parquet,41312,,False,68,कुशीनगर,Kushinagar,Kushi Nagar,kushinagar,True,पड़रौना,Padrauna,Padrauna,padrauna,False,False,,बरहज  होरलापुर,,,,,False,,,False,kushi nagar,padrauna,,,,False,अनारक्षित,Unreserved,general,0,दुर्गेश सिंह,Durgesh Singh,पुरुष,0,,missing_normalized_component
up2005__row41315,2005,gp_head_winner_records_2005.parquet,41315,,False,71,कुशीनगर,Kushinagar,Kushi Nagar,kushinagar,True,पड़रौना,Padrauna,Padrauna,padrauna,False,False,,परसादपुर  पलिया,,,,,False,,,False,kushi nagar,padrauna,,,,False,,Unknown,unknown,,शिवपूजन रमाशंकर,Shivpujan Ramashankar,पुरुष,0,,missing_normalized_component
up2005__row42417,2005,gp_head_winner_records_2005.parquet,42417,,False,28,गोसाईगंज,Gosaiganj,Gosaiganj,gosaiganj,False,सलेमपुर,Salempur,Salempur,salempur,False,False,,जमुआ नं,,,,,False,,,False,gosaiganj,salempur,,,,False,अनुसूचित जाति,Scheduled Caste,sc,0,हरेराम,Hareram,पुरुष,0,,missing_normalized_component
up2005__row42661,2005,gp_head_winner_records_2005.parquet,42661,,False,25,गोसाईगंज,Gosaiganj,Gosaiganj,gosaiganj,False,लार,Lar,Lar,lar,False,False,,"मटियरा जगदीश ,",,,,,False,,,False,gosaiganj,lar,,,,False,अनारक्षित,Unreserved,general,0,भानुप्रताप उपध्याय,Bhanupratap Upadhyay,पुरुष,0,,missing_normalized_component
up2005__row42678,2005,gp_head_winner_records_2005.parquet,42678,,False,42,गोसाईगंज,Gosaiganj,Gosaiganj,gosaiganj,False,लार,Lar,Lar,lar,False,False,,रतनपुरा  परासी चकलाल,,,,,False,,,False,gosaiganj,lar,,,,False,महिला,Female,general,1,सुनीता देवी,Sunita Devi,महिला,1,,missing_normalized_component
up2005__row42746,2005,gp_head_winner_records_2005.parquet,42746,,False,48,गोसाईगंज,Gosaiganj,Gosaiganj,gosaiganj,False,बैतालपुर,Baitaalpur,Baitaalpur,baitaalpur,False,False,,औरा चौरी,,,,,False,,,False,gosaiganj,baitaalpur,,,,False,पिछड़ी जाति - महिला,Other Backward Class - Female,obc,1,इन्द्रावती देवी,Indrawati Devi,महिला,1,,missing_normalized_component
up2005__row45905,2005,gp_head_winner_records_2005.parquet,45905,,False,35,बलिया,Baliya,Ballia,baliya,True,चिलकहर,Chilakhar,Chilakhar,chilakhar,False,False,,"थुमामोहन ,",,,,,False,,,False,ballia,chilakhar,,,,False,पिछड़ी जाति,Other Backward Class,obc,0,बलिराम,Baliram,पुरुष,0,,missing_normalized_component
up2005__row45975,2005,gp_head_winner_records_2005.parquet,45975,,False,43,बलिया,Baliya,Ballia,baliya,True,रसड़ा,Rasra,Rasra,rasra,False,False,,"बेसवान ,",,,,,False,,,False,ballia,rasra,,,,False,पिछड़ी जाति - महिला,Other Backward Class - Female,obc,1,हेवन्ती,Hewanti,महिला,1,,missing_normalized_component
up2005__row46790,2005,gp_head_winner_records_2005.parquet,46790,,False,37,गाजीपुर,Ghazipur,Ghazipur,ghazipur,False,सादात,Sadaat,Sadaat,sadaat,False,False,,?,,,,,False,?,?,False,ghazipur,sadaat,,,,False,पिछड़ी जाति,Other Backward Class,obc,0,महेन्द्र,Mahendra,पुरुष,0,,missing_normalized_component
up2005__row47080,2005,gp_head_winner_records_2005.parquet,47080,,False,40,गाजीपुर,Ghazipur,Ghazipur,ghazipur,False,भदौरा,Bhadaura,Bhadaura,bhadaura,False,False,,दिलदारनगर कोड -,,,,,False,,,False,ghazipur,bhadaura,,,,False,,Unknown,unknown,,भवरांकोल माया,Bhavrankol,,,,missing_normalized_component
up2005__row47452,2005,gp_head_winner_records_2005.parquet,47452,,False,47,चन्दौली,Chandauli,Chandauli,chandauli,False,सकलडीहा,Sakaldeeha,Sakaldeeha,sakaldeeha,False,False,,प्रतापपुर हिनौता,,,,,False,,,False,chandauli,sakaldeeha,,,,False,अनुसूचित जाति,Scheduled Caste,sc,0,आरती,Aarti,महिला,1,,missing_normalized_component
up2005__row47806,2005,gp_head_winner_records_2005.parquet,47806,,False,29,चन्दौली,Chandauli,Chandauli,chandauli,False,धानापुर,Dhanapur,Dhanapur,dhanapur,False,False,,प्रकाशपूर महुरा,,,,,False,,,False,chandauli,dhanapur,,,,False,,Unknown,unknown,,,NA,पुरुष,0,,missing_normalized_component
up2005__row47807,2005,gp_head_winner_records_2005.parquet,47807,,False,30,चन्दौली,Chandauli,Chandauli,chandauli,False,धानापुर,Dhanapur,Dhanapur,dhanapur,False,False,,माधोपूर,,,,,False,,,False,chandauli,dhanapur,,,,False,,Unknown,unknown,,महिला,Mahila,महिला,1,,missing_normalized_component
up2005__row47808,2005,gp_head_winner_records_2005.parquet,47808,,False,31,चन्दौली,Chandauli,Chandauli,chandauli,False,धानापुर,Dhanapur,Dhanapur,dhanapur,False,False,,सिलौटा मांगलपूर,,,,,False,,,False,chandauli,dhanapur,,,,False,,Unknown,unknown,,,NA,पुरुष,0,,missing_normalized_component
up2005__row47811,2005,gp_head_winner_records_2005.parquet,47811,,False,34,चन्दौली,Chandauli,Chandauli,chandauli,False,धानापुर,Dhanapur,Dhanapur,dhanapur,False,False,,लालपूर जनौली,,,,,False,,,False,chandauli,dhanapur,,,,False,,Unknown,unknown,,,NA,पुरुष,0,,missing_normalized_component
up2005__row47812,2005,gp_head_winner_records_2005.parquet,47812,,False,35,चन्दौली,Chandauli,Chandauli,chandauli,False,धानापुर,Dhanapur,Dhanapur,dhanapur,False,False,,वनियाँवथाना,,,,,False,,,False,chandauli,dhanapur,,,,False,,Unknown,unknown,,महिला,Mahila,महिला,1,,missing_normalized_component
up2005__row49616,2005,gp_head_winner_records_2005.parquet,49616,,False,62,जौनपुर,Jaunpur,Jaunpur,jaunpur,False,बरसठी,Barsathi,Barsathi,barsathi,False,False,,बनकट -,,,,,False,,,False,jaunpur,barsathi,,,,False,अनारक्षित,Unreserved,general,0,प्रदीप,Pradeep,पुरुष,0,,missing_normalized_component
up2005__row50095,2005,gp_head_winner_records_2005.parquet,50095,,False,62,जौनपुर,Jaunpur,Jaunpur,jaunpur,False,शाहगंज सोधी,Shahganj Sodhi,Shahganj Sodhi,shahganj sodhi,False,False,,मुस्तफाबाद अमरेथुआ,,,,,False,,,False,jaunpur,shahganj sodhi,,,,False,पिछड़ी जाति - महिला,Other Backward Class - Female,obc,1,कमला देवी,Kamla Devi,महिला,1,,missing_normalized_component
up2005__row50120,2005,gp_head_winner_records_2005.parquet,50120,,False,87,जौनपुर,Jaunpur,Jaunpur,jaunpur,False,शाहगंज सोधी,Shahganj Sodhi,Shahganj Sodhi,shahganj sodhi,False,False,,राजेपुर अनुसूचित उड़ली,,,,,False,,,False,jaunpur,shahganj sodhi,,,,False,,Unknown,unknown,,,NA,पुरुष,0,,missing_normalized_component
up2005__row50282,2005,gp_head_winner_records_2005.parquet,50282,,False,72,संत रविदास नगर,Sant Ravidas Nagar,Sant Ravidas Nagar,sant ravidas nagar,False,औराई,Aurain,Aurain,aurain,False,False,,नेवादा फौदीपुर,,,,,False,,,False,sant ravidas nagar,aurain,,,,False,"अनारक्षित
अनारक्षित",,unknown,,हदयनारायन शैलेन्द्र,Hdaynarayan Shailendra,पुरुष,0,,missing_normalized_component
up2005__row50481,2005,gp_head_winner_records_2005.parquet,50481,,False,14,संत रविदास नगर,Sant Ravidas Nagar,Sant Ravidas Nagar,sant ravidas nagar,False,भदोही,Bhadohi,Bhadohi,bhadohi,False,False,,पल्हैया  तारापुर,,,,,False,,,False,sant ravidas nagar,bhadohi,,,,False,,Unknown,unknown,,केवलादेवी कमलधर,Kewaladevi Kamaldhar,पुरुष,0,,missing_normalized_component
up2005__row50482,2005,gp_head_winner_records_2005.parquet,50482,,False,15,संत रविदास नगर,Sant Ravidas Nagar,Sant Ravidas Nagar,sant ravidas nagar,False,भदोही,Bhadohi,Bhadohi,bhadohi,False,False,,तारापुर  सर्रोई,,,,,False,,,False,sant ravidas nagar,bhadohi,,,,False,अनुसूचित जाति,Scheduled Caste,sc,0,कमलधर मो ० मोविन,Kamaldhar Mo 0 Mowin,पुरुष,0,,missing_normalized_component
up2005__row50484,2005,gp_head_winner_records_2005.parquet,50484,,False,17,संत रविदास नगर,Sant Ravidas Nagar,Sant Ravidas Nagar,sant ravidas nagar,False,भदोही,Bhadohi,Bhadohi,bhadohi,False,False,,दूलमदासपुर  हृदयपट्टी,,,,,False,,,False,sant ravidas nagar,bhadohi,,,,False,,Unknown,unknown,,पुष्पा देवी हरिशचन्द्र,Pushpa Devi Harishchandra,पुरुष,0,,missing_normalized_component
up2005__row50487,2005,gp_head_winner_records_2005.parquet,50487,,False,20,संत रविदास नगर,Sant Ravidas Nagar,Sant Ravidas Nagar,sant ravidas nagar,False,भदोही,Bhadohi,Bhadohi,bhadohi,False,False,,रामरायपुर  चौबेपुर,,,,,False,,,False,sant ravidas nagar,bhadohi,,,,False,अनुसूचित जाति,Scheduled Caste,sc,0,रामकवल,Ramkumar,पुरुष,0,,missing_normalized_component
up2005__row50488,2005,gp_head_winner_records_2005.parquet,50488,,False,21,संत रविदास नगर,Sant Ravidas Nagar,Sant Ravidas Nagar,sant ravidas nagar,False,भदोही,Bhadohi,Bhadohi,bhadohi,False,False,,चौबेपुर  हरियाँव,,,,,False,,,False,sant ravidas nagar,bhadohi,,,,False,,Unknown,unknown,,शिवराम बिन्द्र सोहनलाल,Shivram Bindra Sohanlāl,पुरुष,0,,missing_normalized_component
up2005__row50489,2005,gp_head_winner_records_2005.parquet,50489,,False,22,संत रविदास नगर,Sant Ravidas Nagar,Sant Ravidas Nagar,sant ravidas nagar,False,भदोही,Bhadohi,Bhadohi,bhadohi,False,False,,हरियाँव  रामपुर,,,,,False,,,False,sant ravidas nagar,bhadohi,,,,False,अनारक्षित,Unreserved,general,0,सोहनलाल,Sohalal,महिला,1,,missing_normalized_component
up2005__row50503,2005,gp_head_winner_records_2005.parquet,50503,,False,36,संत रविदास नगर,Sant Ravidas Nagar,Sant Ravidas Nagar,sant ravidas nagar,False,भदोही,Bhadohi,Bhadohi,bhadohi,False,False,,बरैला पिछड़ी जगदीशपुर,,,,,False,,,False,sant ravidas nagar,bhadohi,,,,False,,Unknown,unknown,,दुबे,Dube,पुरुष,0,,missing_normalized_component
up2005__row35329,2005,gp_head_winner_records_2005.parquet,35329,,False,15,अम्बेडकरनगर,Ambedkar Nagar,Ambedkar Nagar,ambedkar nagar,False,अकबरपुर,Akbarpur,Akbarpur,akbarpur,False,False,,मोहियुददीनपुर,,,,,False,Mohiuddinpur,Mohiuddinpur,False,ambedkar nagar,akbarpur,mohiuddinpur,ambedkar nagar__akbarpur__mohiuddinpur,2,False,पिछड़ी जाति महिला,Other Backward Class - Female,obc,1,अनारा,Anara,महिला,1,,normalized_key_collision
up2005__row35346,2005,gp_head_winner_records_2005.parquet,35346,,False,32,अम्बेडकरनगर,Ambedkar Nagar,Ambedkar Nagar,ambedkar nagar,False,अकबरपुर,Akbarpur,Akbarpur,akbarpur,False,False,,मोहीयुद्दीनपुर,,,,,False,Mohiuddinpur,Mohiuddinpur,False,ambedkar nagar,akbarpur,mohiuddinpur,ambedkar nagar__akbarpur__mohiuddinpur,2,False,महिला,Female,general,1,नाही मेहदी,Nahi Mehndi,महिला,1,,normalized_key_collision
up2005__row35317,2005,gp_head_winner_records_2005.parquet,35317,,False,186,अम्बेडकरनगर,Ambedkar Nagar,Ambedkar Nagar,ambedkar nagar,False,अकबरपुर,Akbarpur,Akbarpur,akbarpur,False,False,,सुल्तानपुर,,,,,False,Sultanpur,Sultanpur,False,ambedkar nagar,akbarpur,sultanpur,ambedkar nagar__akbarpur__sultanpur,2,False,,Unknown,unknown,,सावित्री,Savitri,महिला,1,,normalized_key_collision
up2005__row35354,2005,gp_head_winner_records_2005.parquet,35354,,False,40,अम्बेडकरनगर,Ambedkar Nagar,Ambedkar Nagar,ambedkar nagar,False,अकबरपुर,Akbarpur,Akbarpur,akbarpur,False,False,,सुल्तानपुर,,,,,False,Sultanpur,Sultanpur,False,ambedkar nagar,akbarpur,sultanpur,ambedkar nagar__akbarpur__sultanpur,2,False,महिला,Female,general,1,कंचन वर्मा,Kanchan Verma,महिला,1,,normalized_key_collision
up2005__row35797,2005,gp_head_winner_records_2005.parquet,35797,,False,24,अम्बेडकरनगर,Ambedkar Nagar,Ambedkar Nagar,ambedkar nagar,False,जहांगीरगंज,Jahangirganj,Jahangirganj,jahangirganj,False,False,,,,,,,False,NA,NA,False,ambedkar nagar,jahangirganj,na,ambedkar nagar__jahangirganj__na,5,False,महिला,Female,general,1,मुनरा देवी,Munara devi,,,,normalized_key_collision
up2005__row35800,2005,gp_head_winner_records_2005.parquet,35800,,False,27,अम्बेडकरनगर,Ambedkar Nagar,Ambedkar Nagar,ambedkar nagar,False,जहांगीरगंज,Jahangirganj,Jahangirganj,jahangirganj,False,False,,,,,,,False,NA,NA,False,ambedkar nagar,jahangirganj,na,ambedkar nagar__jahangirganj__na,5,False,अनारक्षित,Unreserved,general,0,रमाकान्त सिंह,Ramakant Singh,,,,normalized_key_collision
up2005__row35803,2005,gp_head_winner_records_2005.parquet,35803,,False,30,अम्बेडकरनगर,Ambedkar Nagar,Ambedkar Nagar,ambedkar nagar,False,जहांगीरगंज,Jahangirganj,Jahangirganj,jahangirganj,False,False,,,,,,,False,NA,NA,False,ambedkar nagar,jahangirganj,na,ambedkar nagar__jahangirganj__na,5,False,अनारक्षित,Unreserved,general,0,प्रदीप कुमार,Pradeep Kumar,,,,normalized_key_collision
up2005__row35814,2005,gp_head_winner_records_2005.parquet,35814,,False,41,अम्बेडकरनगर,Ambedkar Nagar,Ambedkar Nagar,ambedkar nagar,False,जहांगीरगंज,Jahangirganj,Jahangirganj,jahangirganj,False,False,,,,,,,False,NA,NA,False,ambedkar nagar,jahangirganj,na,ambedkar nagar__jahangirganj__na,5,False,,Unknown,unknown,,पिछड़ी जाति,Pichadi Jati,,,,normalized_key_collision
up2005__row35816,2005,gp_head_winner_records_2005.parquet,35816,,False,43,अम्बेडकरनगर,Ambedkar Nagar,Ambedkar Nagar,ambedkar nagar,False,जहांगीरगंज,Jahangirganj,Jahangirganj,jahangirganj,False,False,,,,,,,False,NA,NA,False,ambedkar nagar,jahangirganj,na,ambedkar nagar__jahangirganj__na,5,False,,Unknown,unknown,,अहिरौली अनुसूचित जाति,Ahirauli Anusuchit Jati,,,,normalized_key_collision
up2005__row35194,2005,gp_head_winner_records_2005.parquet,35194,,False,63,अम्बेडकरनगर,Ambedkar Nagar,Ambedkar Nagar,ambedkar nagar,False,कटेहरी,Katehri,Katehri,katehri,False,False,,,,,,,False,NA,NA,False,ambedkar nagar,katehri,na,ambedkar nagar__katehri__na,2,False,,Unknown,unknown,,अनारक्षित,Anarakshit,महिला,1,,normalized_key_collision
up2005__row35197,2005,gp_head_winner_records_2005.parquet,35197,,False,66,अम्बेडकरनगर,Ambedkar Nagar,Ambedkar Nagar,ambedkar nagar,False,कटेहरी,Katehri,Katehri,katehri,False,False,,,,,,,False,NA,NA,False,ambedkar nagar,katehri,na,ambedkar nagar__katehri__na,2,False,,Unknown,unknown,,अनुसूचित जाति,Anusuchit Jati,पुरुष,0,,normalized_key_collision
up2005__row16345,2005,gp_head_winner_records_2005.parquet,16345,,False,24,औरैया,Auraiya,Auraiya,auraiya,False,भाग्यनगर,Bhagyanagar,Bhagyanagar,bhagyanagar,False,False,,लखनपुर,,,,,False,Lakhanpur,Lakhanpur,False,auraiya,bhagyanagar,lakhanpur,auraiya__bhagyanagar__lakhanpur,2,False,पिछड़ी जाति - महिला,Other Backward Class - Female,obc,1,इन्द्रावती,Indravati,महिला,1,,normalized_key_collision
up2005__row16353,2005,gp_head_winner_records_2005.parquet,16353,,False,32,औरैया,Auraiya,Auraiya,auraiya,False,भाग्यनगर,Bhagyanagar,Bhagyanagar,bhagyanagar,False,False,,लखनापुर,,,,,False,Lakhanpur,Lakhanpur,False,auraiya,bhagyanagar,lakhanpur,auraiya__bhagyanagar__lakhanpur,2,False,अनुसूचित जाति महिला,Scheduled Caste - Female,sc,1,शीलादेवी,Sheelaa Devi,महिला,1,,normalized_key_collision
up2005__row16223,2005,gp_head_winner_records_2005.parquet,16223,,False,23,औरैया,Auraiya,Auraiya,auraiya,False,विधूना,Vidhuna,Vidhuna,vidhuna,False,False,,मऊ,,,,,False,Mau,Mau,False,auraiya,vidhuna,mau,auraiya__vidhuna__mau,2,False,अनारक्षित,Unreserved,general,0,रामनरेश,Ramanresh,पुरुष,0,,normalized_key_collision
up2005__row16248,2005,gp_head_winner_records_2005.parquet,16248,,False,48,औरैया,Auraiya,Auraiya,auraiya,False,विधूना,Vidhuna,Vidhuna,vidhuna,False,False,,मऊ,,,,,False,Mau,Mau,False,auraiya,vidhuna,mau,auraiya__vidhuna__mau,2,False,अनुसूचित जाति,Scheduled Caste,sc,0,गंगाराम,Gangaram,पुरुष,0,,normalized_key_collision
up2005__row36018,2005,gp_head_winner_records_2005.parquet,36018,,False,14,फैजाबाद,Faizabad,Ayodhya,faizabad,True,पूराबाजार,Puraabaajaar,Puraabaajaar,puraabaajaar,False,False,,,,,,,False,NA,NA,False,ayodhya,puraabaajaar,na,ayodhya__puraabaajaar__na,13,False,पिछड़ी जाति - महिला,Other Backward Class - Female,obc,1,,NA,पुरुष,0,,normalized_key_collision
up2005__row36023,2005,gp_head_winner_records_2005.parquet,36023,,False,19,फैजाबाद,Faizabad,Ayodhya,faizabad,True,पूराबाजार,Puraabaajaar,Puraabaajaar,puraabaajaar,False,False,,,,,,,False,NA,NA,False,ayodhya,puraabaajaar,na,ayodhya__puraabaajaar__na,13,False,,Unknown,unknown,,,NA,पुरुष,0,,normalized_key_collision
up2005__row36030,2005,gp_head_winner_records_2005.parquet,36030,,False,26,फैजाबाद,Faizabad,Ayodhya,faizabad,True,पूराबाजार,Puraabaajaar,Puraabaajaar,puraabaajaar,False,False,,,,,,,False,NA,NA,False,ayodhya,puraabaajaar,na,ayodhya__puraabaajaar__na,13,False,,Unknown,unknown,,मंसूर जाति तुरन्ती,Mansur Jati Turanti,महिला,1,,normalized_key_collision
up2005__row36031,2005,gp_head_winner_records_2005.parquet,36031,,False,27,फैजाबाद,Faizabad,Ayodhya,faizabad,True,पूराबाजार,Puraabaajaar,Puraabaajaar,puraabaajaar,False,False,,,,,,,False,NA,NA,False,ayodhya,puraabaajaar,na,ayodhya__puraabaajaar__na,13,False,,Unknown,unknown,,जाति तुरन्ती राम,,पुरुष,0,,normalized_key_collision
up2005__row36033,2005,gp_head_winner_records_2005.parquet,36033,,False,29,फैजाबाद,Faizabad,Ayodhya,faizabad,True,पूराबाजार,Puraabaajaar,Puraabaajaar,puraabaajaar,False,False,,,,,,,False,NA,NA,False,ayodhya,puraabaajaar,na,ayodhya__puraabaajaar__na,13,False,,Unknown,unknown,,जाति,Jati,पुरुष,0,,normalized_key_collision
up2005__row36034,2005,gp_head_winner_records_2005.parquet,36034,,False,30,फैजाबाद,Faizabad,Ayodhya,faizabad,True,पूराबाजार,Puraabaajaar,Puraabaajaar,puraabaajaar,False,False,,,,,,,False,NA,NA,False,ayodhya,puraabaajaar,na,ayodhya__puraabaajaar__na,13,False,,Unknown,unknown,,माया,Maya,पुरुष,0,,normalized_key_collision
up2005__row36035,2005,gp_head_winner_records_2005.parquet,36035,,False,31,फैजाबाद,Faizabad,Ayodhya,faizabad,True,पूराबाजार,Puraabaajaar,Puraabaajaar,puraabaajaar,False,False,,,,,,,False,NA,NA,False,ayodhya,puraabaajaar,na,ayodhya__puraabaajaar__na,13,False,,Unknown,unknown,,जाति,Jati,पुरुष,0,,normalized_key_collision
up2005__row36036,2005,gp_head_winner_records_2005.parquet,36036,,False,32,फैजाबाद,Faizabad,Ayodhya,faizabad,True,पूराबाजार,Puraabaajaar,Puraabaajaar,puraabaajaar,False,False,,,,,,,False,NA,NA,False,ayodhya,puraabaajaar,na,ayodhya__puraabaajaar__na,13,False,,Unknown,unknown,,जाति जाति,Jati Jati,महिला,1,,normalized_key_collision
up2005__row36037,2005,gp_head_winner_records_2005.parquet,36037,,False,33,फैजाबाद,Faizabad,Ayodhya,faizabad,True,पूराबाजार,Puraabaajaar,Puraabaajaar,puraabaajaar,False,False,,,,,,,False,NA,NA,False,ayodhya,puraabaajaar,na,ayodhya__puraabaajaar__na,13,False,,Unknown,unknown,,जाति,Jati,महिला,1,,normalized_key_collision
up2005__row36038,2005,gp_head_winner_records_2005.parquet,36038,,False,34,फैजाबाद,Faizabad,Ayodhya,faizabad,True,पूराबाजार,Puraabaajaar,Puraabaajaar,puraabaajaar,False,False,,,,,,,False,NA,NA,False,ayodhya,puraabaajaar,na,ayodhya__puraabaajaar__na,13,False,,Unknown,unknown,,जाति,Jati,पुरुष,0,,normalized_key_collision
up2005__row36039,2005,gp_head_winner_records_2005.parquet,36039,,False,35,फैजाबाद,Faizabad,Ayodhya,faizabad,True,पूराबाजार,Puraabaajaar,Puraabaajaar,puraabaajaar,False,False,,,,,,,False,NA,NA,False,ayodhya,puraabaajaar,na,ayodhya__puraabaajaar__na,13,False,,Unknown,unknown,,जाति,Jati,पुरुष,0,,normalized_key_collision
up2005__row36040,2005,gp_head_winner_records_2005.parquet,36040,,False,36,फैजाबाद,Faizabad,Ayodhya,faizabad,True,पूराबाजार,Puraabaajaar,Puraabaajaar,puraabaajaar,False,False,,,,,,,False,NA,NA,False,ayodhya,puraabaajaar,na,ayodhya__puraabaajaar__na,13,False,,Unknown,unknown,,अनारक्षित,Anarakshit,पुरुष,0,,normalized_key_collision
up2005__row36041,2005,gp_head_winner_records_2005.parquet,36041,,False,37,फैजाबाद,Faizabad,Ayodhya,faizabad,True,पूराबाजार,Puraabaajaar,Puraabaajaar,puraabaajaar,False,False,,,,,,,False,NA,NA,False,ayodhya,puraabaajaar,na,ayodhya__puraabaajaar__na,13,False,,Unknown,unknown,,अनारक्षित पिछड़ी जाति - महिला,anarakshit pichhri jati - mahila,महिला,1,,normalized_key_collision
up2005__row44066,2005,gp_head_winner_records_2005.parquet,44066,,False,74,आज़मगढ़,Azamgarh,Azamgarh,azamgarh,False,बिलरियागंज,Bilriaganj,Bilriaganj,bilriaganj,False,False,,मोहिउद्दीनपुर,,,,,False,Mohiuddinpur,Mohiuddinpur,False,azamgarh,bilriaganj,mohiuddinpur,azamgarh__bilriaganj__mohiuddinpur,2,False,अनुसूचित जाति,Scheduled Caste,sc,0,फिरतु,Firtu,पुरुष,0,,normalized_key_collision
up2005__row44081,2005,gp_head_winner_records_2005.parquet,44081,,False,89,आज़मगढ़,Azamgarh,Azamgarh,azamgarh,False,बिलरियागंज,Bilriaganj,Bilriaganj,bilriaganj,False,False,,मोहिउद्दीनपुर,,,,,False,Mohiuddinpur,Mohiuddinpur,False,azamgarh,bilriaganj,mohiuddinpur,azamgarh__bilriaganj__mohiuddinpur,2,False,अनुसूचित जाति महिला,Scheduled Caste - Female,sc,1,सुरेश,Suresh,महिला,1,,normalized_key_collision
up2005__row43893,2005,gp_head_winner_records_2005.parquet,43893,,False,34,आज़मगढ़,Azamgarh,Azamgarh,azamgarh,False,जहानागंज,Jahangirabad,Jahangirabad,jahangirabad,False,False,,रामपुर,,,,,False,Rampur,Rampur,False,azamgarh,jahangirabad,rampur,azamgarh__jahangirabad__rampur,2,False,अनारक्षित,Unreserved,general,0,रामविजयसिंह,Ramvijay Singh,पुरुष,0,,normalized_key_collision
up2005__row44809,2005,gp_head_winner_records_2005.parquet,44809,,False,40,आज़मगढ़,Azamgarh,Azamgarh,azamgarh,False,जहानागंज,Jahangirabad,Jahangirabad,jahangirabad,False,False,,रामपुर,,,,,False,Rampur,Rampur,False,azamgarh,jahangirabad,rampur,azamgarh__jahangirabad__rampur,2,False,महिला,Female,general,1,चन्द्रकला,Chandrakala,महिला,1,,normalized_key_collision
up2005__row44562,2005,gp_head_winner_records_2005.parquet,44562,,False,8,आज़मगढ़,Azamgarh,Azamgarh,azamgarh,False,कोयलसा,Koyalsa,Koyalsa,koyalsa,False,False,,भरौली,,,,,False,Bharoli,Bharoli,False,azamgarh,koyalsa,bharoli,azamgarh__koyalsa__bharoli,2,False,अनारक्षित,Unreserved,general,0,तारासिंह,Tarasingh,महिला,1,,normalized_key_collision
up2005__row44604,2005,gp_head_winner_records_2005.parquet,44604,,False,50,आज़मगढ़,Azamgarh,Azamgarh,azamgarh,False,कोयलसा,Koyalsa,Koyalsa,koyalsa,False,False,,भरौली,,,,,False,Bharoli,Bharoli,False,azamgarh,koyalsa,bharoli,azamgarh__koyalsa__bharoli,2,False,पिछड़ी जाति - महिला,Other Backward Class - Female,obc,1,लिलावती,Lilavati,महिला,1,,normalized_key_collision
up2005__row44577,2005,gp_head_winner_records_2005.parquet,44577,,False,23,आज़मगढ़,Azamgarh,Azamgarh,azamgarh,False,कोयलसा,Koyalsa,Koyalsa,koyalsa,False,False,,एकडन्गी सरवनपुर,,,,,False,EKDANGI Sarwanpur,EKDANGI Sarwanpur,False,azamgarh,koyalsa,ekdangi sarwanpur,azamgarh__koyalsa__ekdangi sarwanpur,2,False,अनारक्षित,Unreserved,general,0,रामकेवल यादव,Ramkeval Yadav,पुरुष,0,,normalized_key_collision
up2005__row44583,2005,gp_head_winner_records_2005.parquet,44583,,False,29,आज़मगढ़,Azamgarh,Azamgarh,azamgarh,False,कोयलसा,Koyalsa,Koyalsa,koyalsa,False,False,,एकडन्गी सरवनपुर,,,,,False,EKDANGI Sarwanpur,EKDANGI Sarwanpur,False,azamgarh,koyalsa,ekdangi sarwanpur,azamgarh__koyalsa__ekdangi sarwanpur,2,False,महिला,Female,general,1,लालती देवी,Laalati Devi,महिला,1,,normalized_key_collision
up2005__row30156,2005,gp_head_winner_records_2005.parquet,30156,,False,41,बहराइच,Bahraich,Bahraich,bahraich,False,बलहा,Balha,Balha,balha,False,False,,,,,,,False,NA,NA,False,bahraich,balha,na,bahraich__balha__na,2,False,,Unknown,unknown,,बेलवा महिला,Belwa Mahila,,,,normalized_key_collision
up2005__row30157,2005,gp_head_winner_records_2005.parquet,30157,,False,42,बहराइच,Bahraich,Bahraich,bahraich,False,बलहा,Balha,Balha,balha,False,False,,,,,,,False,NA,NA,False,bahraich,balha,na,bahraich__balha__na,2,False,,Unknown,unknown,,महिला,Mahila,,,,normalized_key_collision
up2005__row29863,2005,gp_head_winner_records_2005.parquet,29863,,False,15,बहराइच,Bahraich,Bahraich,bahraich,False,कैसरगंज,Kaiserganj,Kaiserganj,kaiserganj,False,False,,गोडहिया नं,,,,,False,Godhiya,Godhiya,False,bahraich,kaiserganj,godhiya,bahraich__kaiserganj__godhiya,2,False,पिछड़ी जाति,Other Backward Class,obc,0,गंगाराम यादव,Gangaram Yadav,पुरुष,0,,normalized_key_collision
up2005__row29864,2005,gp_head_winner_records_2005.parquet,29864,,False,16,बहराइच,Bahraich,Bahraich,bahraich,False,कैसरगंज,Kaiserganj,Kaiserganj,kaiserganj,False,False,,गोडहिया नं,,,,,False,Godhiya,Godhiya,False,bahraich,kaiserganj,godhiya,bahraich__kaiserganj__godhiya,2,False,पिछड़ी जाति - महिला,Other Backward Class - Female,obc,1,शांती देवी,Shanti Devi,महिला,1,,normalized_key_collision
up2005__row30320,2005,gp_head_winner_records_2005.parquet,30320,,False,28,बहराइच,Bahraich,Bahraich,bahraich,False,मिहीपुरवा,Mihipurwa,Mihipurwa,mihipurwa,False,False,,अड़गोड़वा,,,,,False,Adgora,Adgora,False,bahraich,mihipurwa,adgora,bahraich__mihipurwa__adgora,2,False,अनारक्षित,Unreserved,general,0,सत्यदेव,Satyadev,पुरुष,0,,normalized_key_collision
up2005__row30352,2005,gp_head_winner_records_2005.parquet,30352,,False,60,बहराइच,Bahraich,Bahraich,bahraich,False,मिहीपुरवा,Mihipurwa,Mihipurwa,mihipurwa,False,False,,अड़गोड़वा,,,,,False,Adgora,Adgora,False,bahraich,mihipurwa,adgora,bahraich__mihipurwa__adgora,2,False,पिछड़ी जाति - महिला,Other Backward Class - Female,obc,1,जैरूल,Jairul,महिला,1,,normalized_key_collision
up2005__row45790,2005,gp_head_winner_records_2005.parquet,45790,,False,1,बलिया,Baliya,Ballia,baliya,True,नगरा,Nagra,Nagra,nagra,False,False,,भीमपुरा नं-,,,,,False,Bhimpura No.,Bhimpura No.,False,ballia,nagra,bhimpura no,ballia__nagra__bhimpura no,2,False,अनारक्षित,Unreserved,general,0,राकेश कुमार,Rakesh Kumar,पुरुष,0,,normalized_key_collision
up2005__row45826,2005,gp_head_winner_records_2005.parquet,45826,,False,37,बलिया,Baliya,Ballia,baliya,True,नगरा,Nagra,Nagra,nagra,False,False,,भीमपुरा नं,,,,,False,Bhimpura No.,Bhimpura No.,False,ballia,nagra,bhimpura no,ballia__nagra__bhimpura no,2,False,,Unknown,unknown,,,NA,पुरुष,0,,normalized_key_collision
up2005__row32854,2005,gp_head_winner_records_2005.parquet,32854,,False,46,बाराबंकी,Barabanki,Barabanki,barabanki,False,सूरतगंज,Suratganj,Suratganj,suratganj,False,False,,बसंतपुर,,,,,False,Basantpur,Basantpur,False,barabanki,suratganj,basantpur,barabanki__suratganj__basantpur,2,False,महिला,Female,general,1,श्यामकली,Shyamkali,महिला,1,,normalized_key_collision
up2005__row32936,2005,gp_head_winner_records_2005.parquet,32936,,False,47,बाराबंकी,Barabanki,Barabanki,barabanki,False,सूरतगंज,Suratganj,Suratganj,suratganj,False,False,,बसन्तपुर,,,,,False,Basantpur,Basantpur,False,barabanki,suratganj,basantpur,barabanki__suratganj__basantpur,2,False,अनुसूचित जाति,Scheduled Caste,sc,0,राम आसरे,Ram Aasre,पुरुष,0,,normalized_key_collision
up2005__row32953,2005,gp_head_winner_records_2005.parquet,32953,,False,64,बाराबंकी,Barabanki,Barabanki,barabanki,False,सूरतगंज,Suratganj,Suratganj,suratganj,False,False,,मोहम्मदपुर,,,,,False,Mohammadpur,Mohammadpur,False,barabanki,suratganj,mohammadpur,barabanki__suratganj__mohammadpur,2,False,महिला,Female,general,1,गीता देवी,Gita Devi,महिला,1,,normalized_key_collision
up2005__row32954,2005,gp_head_winner_records_2005.parquet,32954,,False,65,बाराबंकी,Barabanki,Barabanki,barabanki,False,सूरतगंज,Suratganj,Suratganj,suratganj,False,False,,मोहम्मदीपुर,,,,,False,Mohammadpur,Mohammadpur,False,barabanki,suratganj,mohammadpur,barabanki__suratganj__mohammadpur,2,False,पिछड़ी जाति,Other Backward Class,obc,0,गीता देवी,Gita Devi,महिला,1,,normalized_key_collision
up2005__row32879,2005,gp_head_winner_records_2005.parquet,32879,,False,71,बाराबंकी,Barabanki,Barabanki,barabanki,False,सूरतगंज,Suratganj,Suratganj,suratganj,False,False,,शाहपुर,,,,,False,Shahpur,Shahpur,False,barabanki,suratganj,shahpur,barabanki__suratganj__shahpur,2,False,पिछड़ी जाति महिला,Other Backward Class - Female,obc,1,अनुराधा,Anuradha,महिला,1,,normalized_key_collision
up2005__row32962,2005,gp_head_winner_records_2005.parquet,32962,,False,73,बाराबंकी,Barabanki,Barabanki,barabanki,False,सूरतगंज,Suratganj,Suratganj,suratganj,False,False,,शाहपुर,,,,,False,Shahpur,Shahpur,False,barabanki,suratganj,shahpur,barabanki__suratganj__shahpur,2,False,महिला,Female,general,1,सन्ध्यासिंह,Sandhyasingh,महिला,1,,normalized_key_collision
up2005__row32857,2005,gp_head_winner_records_2005.parquet,32857,,False,49,बाराबंकी,Barabanki,Barabanki,barabanki,False,सूरतगंज,Suratganj,Suratganj,suratganj,False,False,,विशुनपुर,,,,,False,Vishunpur,Vishunpur,False,barabanki,suratganj,vishunpur,barabanki__suratganj__vishunpur,2,False,अनुसूचित जाति,Scheduled Caste,sc,0,हरीप्राद,Hariprad,पुरुष,0,,normalized_key_collision
up2005__row32940,2005,gp_head_winner_records_2005.parquet,32940,,False,51,बाराबंकी,Barabanki,Barabanki,barabanki,False,सूरतगंज,Suratganj,Suratganj,suratganj,False,False,,विशुनपुर,,,,,False,Vishunpur,Vishunpur,False,barabanki,suratganj,vishunpur,barabanki__suratganj__vishunpur,2,False,अनारक्षित,Unreserved,general,0,अनवर अली,Anwar Ali,पुरुष,0,,normalized_key_collision
up2005__row37449,2005,gp_head_winner_records_2005.parquet,37449,,False,4,बस्ती,Basti,Basti,basti,False,बहादुरपुर,Bahadurpur,Bahadurpur,bahadurpur,False,False,,गोविन्दापुर,,,,,False,Govindapur,Govindapur,False,basti,bahadurpur,govindapur,basti__bahadurpur__govindapur,2,False,पिछड़ी जाति,Other Backward Class,obc,0,महेन्द्र कुमार,Mahendra Kumar,पुरुष,0,,normalized_key_collision
up2005__row37508,2005,gp_head_winner_records_2005.parquet,37508,,False,63,बस्ती,Basti,Basti,basti,False,बहादुरपुर,Bahadurpur,Bahadurpur,bahadurpur,False,False,,गोविन्दापुर,,,,,False,Govindapur,Govindapur,False,basti,bahadurpur,govindapur,basti__bahadurpur__govindapur,2,False,अनुसूचित जाति,Scheduled Caste,sc,0,शिव शंकर,Shiv Shankar,पुरुष,0,,normalized_key_collision
up2005__row37244,2005,gp_head_winner_records_2005.parquet,37244,,False,37,बस्ती,Basti,Basti,basti,False,बस्ती,Basti,Basti,basti,False,False,,बनगवा,,,,,False,Bangwa,Bangwa,False,basti,basti,bangwa,basti__basti__bangwa,2,False,अनारक्षित,Unreserved,general,0,राम भुवाल चौधरी,Ram Bhuwal Chaudhary,पुरुष,0,,normalized_key_collision
up2005__row37276,2005,gp_head_winner_records_2005.parquet,37276,,False,69,बस्ती,Basti,Basti,basti,False,बस्ती,Basti,Basti,basti,False,False,,बनगवा,,,,,False,Bangwa,Bangwa,False,basti,basti,bangwa,basti__basti__bangwa,2,False,महिला,Female,general,1,इसरावती देवी,Israwati Devi,महिला,1,,normalized_key_collision
up2005__row36866,2005,gp_head_winner_records_2005.parquet,36866,,False,48,बस्ती,Basti,Basti,basti,False,रूधौली,Raudhauli,Raudhauli,raudhauli,False,False,,,,,,,False,NA,NA,False,basti,raudhauli,na,basti__raudhauli__na,2,False,,Unknown,unknown,,पिछड़ी जाति,Pichadi Jati,महिला,1,,normalized_key_collision
up2005__row36868,2005,gp_head_winner_records_2005.parquet,36868,,False,50,बस्ती,Basti,Basti,basti,False,रूधौली,Raudhauli,Raudhauli,raudhauli,False,False,,,,,,,False,NA,NA,False,basti,raudhauli,na,basti__raudhauli__na,2,False,,Unknown,unknown,,महिला,Mahila,,,,normalized_key_collision
up2005__row9269,2005,gp_head_winner_records_2005.parquet,9269,,False,13,बदायूं,Budaun,Budaun,budaun,False,वजीरगंज,Wazirganj,Wazirganj,wazirganj,False,False,,,,,,,False,NA,NA,False,budaun,wazirganj,na,budaun__wazirganj__na,4,False,,Unknown,unknown,,,NA,,,,normalized_key_collision
up2005__row9280,2005,gp_head_winner_records_2005.parquet,9280,,False,24,बदायूं,Budaun,Budaun,budaun,False,वजीरगंज,Wazirganj,Wazirganj,wazirganj,False,False,,,,,,,False,NA,NA,False,budaun,wazirganj,na,budaun__wazirganj__na,4,False,,Unknown,unknown,,नासिर खाँ,Naser Khan,पुरुष,0,,normalized_key_collision
up2005__row9281,2005,gp_head_winner_records_2005.parquet,9281,,False,25,बदायूं,Budaun,Budaun,budaun,False,वजीरगंज,Wazirganj,Wazirganj,wazirganj,False,False,,,,,,,False,NA,NA,False,budaun,wazirganj,na,budaun__wazirganj__na,4,False,,Unknown,unknown,,भगवान,Bhagwan,महिला,1,,normalized_key_collision
up2005__row9282,2005,gp_head_winner_records_2005.parquet,9282,,False,26,बदायूं,Budaun,Budaun,budaun,False,वजीरगंज,Wazirganj,Wazirganj,wazirganj,False,False,,,,,,,False,NA,NA,False,budaun,wazirganj,na,budaun__wazirganj__na,4,False,,Unknown,unknown,,अनार,Anaar,महिला,1,,normalized_key_collision
up2005__row47816,2005,gp_head_winner_records_2005.parquet,47816,,False,39,चन्दौली,Chandauli,Chandauli,chandauli,False,धानापुर,Dhanapur,Dhanapur,dhanapur,False,False,,,,,,,False,NA,NA,False,chandauli,dhanapur,na,chandauli__dhanapur__na,4,False,,Unknown,unknown,,निर्मला देवी,Nirmala Devi,महिला,1,,normalized_key_collision
up2005__row47817,2005,gp_head_winner_records_2005.parquet,47817,,False,40,चन्दौली,Chandauli,Chandauli,chandauli,False,धानापुर,Dhanapur,Dhanapur,dhanapur,False,False,,,,,,,False,NA,NA,False,chandauli,dhanapur,na,chandauli__dhanapur__na,4,False,,Unknown,unknown,,आरती देवी,Aarti Devi,महिला,1,,normalized_key_collision
up2005__row47818,2005,gp_head_winner_records_2005.parquet,47818,,False,41,चन्दौली,Chandauli,Chandauli,chandauli,False,धानापुर,Dhanapur,Dhanapur,dhanapur,False,False,,,,,,,False,NA,NA,False,chandauli,dhanapur,na,chandauli__dhanapur__na,4,False,,Unknown,unknown,,दिलीप,Dilip,पुरुष,0,,normalized_key_collision
up2005__row47819,2005,gp_head_winner_records_2005.parquet,47819,,False,42,चन्दौली,Chandauli,Chandauli,chandauli,False,धानापुर,Dhanapur,Dhanapur,dhanapur,False,False,,,,,,,False,NA,NA,False,chandauli,dhanapur,na,chandauli__dhanapur__na,4,False,,Unknown,unknown,,जाति - महिला पूनिया,Jaati - Mahila Puniya,महिला,1,,normalized_key_collision
up2005__row47795,2005,gp_head_winner_records_2005.parquet,47795,,False,18,चन्दौली,Chandauli,Chandauli,chandauli,False,धानापुर,Dhanapur,Dhanapur,dhanapur,False,False,,संग्रामपूर,,,,,False,Sangrampur,Sangrampur,False,chandauli,dhanapur,sangrampur,chandauli__dhanapur__sangrampur,2,False,पिछड़ी जाति - महिला,Other Backward Class - Female,obc,1,कलावती,Kalawati,महिला,1,,normalized_key_collision
up2005__row47796,2005,gp_head_winner_records_2005.parquet,47796,,False,19,चन्दौली,Chandauli,Chandauli,chandauli,False,धानापुर,Dhanapur,Dhanapur,dhanapur,False,False,,संग्रामपूर,,,,,False,Sangrampur,Sangrampur,False,chandauli,dhanapur,sangrampur,chandauli__dhanapur__sangrampur,2,False,पिछड़ी जाति - महिला,Other Backward Class - Female,obc,1,कलावती,Kalawati,महिला,1,,normalized_key_collision
up2005__row47395,2005,gp_head_winner_records_2005.parquet,47395,,False,77,चन्दौली,Chandauli,Chandauli,chandauli,False,सकलडीहा,Sakaldeeha,Sakaldeeha,sakaldeeha,False,False,,दिघवट,,,,,False,Dighwat,Dighwat,False,chandauli,sakaldeeha,dighwat,chandauli__sakaldeeha__dighwat,2,False,पिछड़ी जाति महिला,Other Backward Class - Female,obc,1,उर्मिला,Urmila,महिला,1,,normalized_key_collision
up2005__row47473,2005,gp_head_winner_records_2005.parquet,47473,,False,68,चन्दौली,Chandauli,Chandauli,chandauli,False,सकलडीहा,Sakaldeeha,Sakaldeeha,sakaldeeha,False,False,,दिघवट,,,,,False,Dighwat,Dighwat,False,chandauli,sakaldeeha,dighwat,chandauli__sakaldeeha__dighwat,2,False,महिला,Female,general,1,संगीता,Sangeeta,महिला,1,,normalized_key_collision
up2005__row47350,2005,gp_head_winner_records_2005.parquet,47350,,False,32,चन्दौली,Chandauli,Chandauli,chandauli,False,सकलडीहा,Sakaldeeha,Sakaldeeha,sakaldeeha,False,False,,केशवपुर,,,,,False,Keshavpur,Keshavpur,False,chandauli,sakaldeeha,keshavpur,chandauli__sakaldeeha__keshavpur,2,False,अनारक्षित,Unreserved,general,0,हरिराम,Hariram,पुरुष,0,,normalized_key_collision
up2005__row47415,2005,gp_head_winner_records_2005.parquet,47415,,False,10,चन्दौली,Chandauli,Chandauli,chandauli,False,सकलडीहा,Sakaldeeha,Sakaldeeha,sakaldeeha,False,False,,केशवपुर,,,,,False,Keshavpur,Keshavpur,False,chandauli,sakaldeeha,keshavpur,chandauli__sakaldeeha__keshavpur,2,False,अनारक्षित,Unreserved,general,0,छविनाथ,Chhavinath,पुरुष,0,,normalized_key_collision
up2005__row47330,2005,gp_head_winner_records_2005.parquet,47330,,False,12,चन्दौली,Chandauli,Chandauli,chandauli,False,सकलडीहा,Sakaldeeha,Sakaldeeha,sakaldeeha,False,False,,सलेमपुर,,,,,False,Salempur,Salempur,False,chandauli,sakaldeeha,salempur,chandauli__sakaldeeha__salempur,2,False,अनारक्षित,Unreserved,general,0,हरिमोहन,Harimohan,पुरुष,0,,normalized_key_collision
up2005__row47470,2005,gp_head_winner_records_2005.parquet,47470,,False,65,चन्दौली,Chandauli,Chandauli,chandauli,False,सकलडीहा,Sakaldeeha,Sakaldeeha,sakaldeeha,False,False,,सलेमपुर,,,,,False,Salempur,Salempur,False,chandauli,sakaldeeha,salempur,chandauli__sakaldeeha__salempur,2,False,अनारक्षित,Unreserved,general,0,रमेश,Ramesh,पुरुष,0,,normalized_key_collision
up2005__row47354,2005,gp_head_winner_records_2005.parquet,47354,,False,36,चन्दौली,Chandauli,Chandauli,chandauli,False,सकलडीहा,Sakaldeeha,Sakaldeeha,sakaldeeha,False,False,,टड़िया,,,,,False,Tadiya,Tadiya,False,chandauli,sakaldeeha,tadiya,chandauli__sakaldeeha__tadiya,2,False,पिछड़ी जाति,Other Backward Class,obc,0,रामललित सिंह,Ramlalit Singh,पुरुष,0,,normalized_key_collision
up2005__row47474,2005,gp_head_winner_records_2005.parquet,47474,,False,69,चन्दौली,Chandauli,Chandauli,chandauli,False,सकलडीहा,Sakaldeeha,Sakaldeeha,sakaldeeha,False,False,,टड़िया,,,,,False,Tadiya,Tadiya,False,chandauli,sakaldeeha,tadiya,chandauli__sakaldeeha__tadiya,2,False,अनुसूचित जाति,Scheduled Caste,sc,0,उमाशंकर,Umashankar,पुरुष,0,,normalized_key_collision
up2005__row13775,2005,gp_head_winner_records_2005.parquet,13775,,False,49,एटा,Eta,Etah,eta,True,मारहरा,Marhara,Marhara,marhara,False,False,,घिरामई . विस्वा,,,,,False,Ghiramai . Biswa,Ghiramai . Biswa,False,etah,marhara,ghiramai biswa,etah__marhara__ghiramai biswa,2,False,अनुसूचित जाति,Scheduled Caste,sc,0,पुष्पा देवी,Pushpa Devi,महिला,1,,normalized_key_collision
up2005__row13776,2005,gp_head_winner_records_2005.parquet,13776,,False,50,एटा,Eta,Etah,eta,True,मारहरा,Marhara,Marhara,marhara,False,False,,घिरामई . विस्वा,,,,,False,Ghiramai . Biswa,Ghiramai . Biswa,False,etah,marhara,ghiramai biswa,etah__marhara__ghiramai biswa,2,False,पिछड़ी जाति महिला,Other Backward Class - Female,obc,1,ज्ञान देवी,Gyaan Devi,महिला,1,,normalized_key_collision
up2005__row15943,2005,gp_head_winner_records_2005.parquet,15943,,False,73,इटावा,Itawah,Etawah,itawah,True,महेवा,Mahewa,Mahewa,mahewa,False,False,,,,,,,False,NA,NA,False,etawah,mahewa,na,etawah__mahewa__na,2,False,,Unknown,unknown,,अनुसूचित,Anusuchit,महिला,1,,normalized_key_collision
up2005__row15944,2005,gp_head_winner_records_2005.parquet,15944,,False,74,इटावा,Itawah,Etawah,itawah,True,महेवा,Mahewa,Mahewa,mahewa,False,False,,,,,,,False,NA,NA,False,etawah,mahewa,na,etawah__mahewa__na,2,False,,Unknown,unknown,,अनुसूचित,Anusuchit,,,,normalized_key_collision
up2005__row14946,2005,gp_head_winner_records_2005.parquet,14946,,False,36,फरुखाबाद,Farrukhabad,Farrukhabad,farrukhabad,False,कमालगंज,Kamalganj,Kamalganj,kamalganj,False,False,,ईशापुर,,,,,False,Ishapur,Ishapur,False,farrukhabad,kamalganj,ishapur,farrukhabad__kamalganj__ishapur,2,False,अनारक्षित,Unreserved,general,0,रघुवीर सिंह,Raghuvir Singh,पुरुष,0,,normalized_key_collision
up2005__row14959,2005,gp_head_winner_records_2005.parquet,14959,,False,49,फरुखाबाद,Farrukhabad,Farrukhabad,farrukhabad,False,कमालगंज,Kamalganj,Kamalganj,kamalganj,False,False,,ईशापुर,,,,,False,Ishapur,Ishapur,False,farrukhabad,kamalganj,ishapur,farrukhabad__kamalganj__ishapur,2,False,अनारक्षित,Unreserved,general,0,अतीक अहमद पंचम सिंह,Atique Ahmed Pancha Singh,पुरुष,0,,normalized_key_collision
up2005__row20644,2005,gp_head_winner_records_2005.parquet,20644,,False,47,फतेहपुर,Fatehpur,Fatehpur,fatehpur,False,बहुआ,Bahua,Bahua,bahua,False,False,,,,,,,False,NA,NA,False,fatehpur,bahua,na,fatehpur__bahua__na,2,False,अनुसूचित जाति - महिला,Scheduled Caste - Female,sc,1,गयाश्री,Gayashree,महिला,1,,normalized_key_collision
up2005__row20646,2005,gp_head_winner_records_2005.parquet,20646,,False,,फतेहपुर,Fatehpur,Fatehpur,fatehpur,False,बहुआ,Bahua,Bahua,bahua,False,False,,,,,,,False,NA,NA,False,fatehpur,bahua,na,fatehpur__bahua__na,2,False,अनारक्षित,Unreserved,general,0,सगीर,Sagir,पुरुष,0,,normalized_key_collision
up2005__row47042,2005,gp_head_winner_records_2005.parquet,47042,,False,2,गाजीपुर,Ghazipur,Ghazipur,ghazipur,False,भदौरा,Bhadaura,Bhadaura,bhadaura,False,False,,भदौरा,,,,,False,Bhadaura,Bhadaura,False,ghazipur,bhadaura,bhadaura,ghazipur__bhadaura__bhadaura,2,False,पिछड़ी जाति - महिला,Other Backward Class - Female,obc,1,इन्दिरा,Indira,महिला,1,,normalized_key_collision
up2005__row47122,2005,gp_head_winner_records_2005.parquet,47122,,False,42,गाजीपुर,Ghazipur,Ghazipur,ghazipur,False,भदौरा,Bhadaura,Bhadaura,bhadaura,False,False,,भदौरा,,,,,False,Bhadaura,Bhadaura,False,ghazipur,bhadaura,bhadaura,ghazipur__bhadaura__bhadaura,2,False,पिछड़ी जाति,Other Backward Class,obc,0,जर्नादन,Jarnalan,पुरुष,0,,normalized_key_collision
up2005__row47109,2005,gp_head_winner_records_2005.parquet,47109,,False,29,गाजीपुर,Ghazipur,Ghazipur,ghazipur,False,भदौरा,Bhadaura,Bhadaura,bhadaura,False,False,,महेशपुर,,,,,False,Maheshpur,Maheshpur,False,ghazipur,bhadaura,maheshpur,ghazipur__bhadaura__maheshpur,2,False,,Unknown,unknown,,फिरोज,Feroz,,,,normalized_key_collision
up2005__row47115,2005,gp_head_winner_records_2005.parquet,47115,,False,35,गाजीपुर,Ghazipur,Ghazipur,ghazipur,False,भदौरा,Bhadaura,Bhadaura,bhadaura,False,False,,महेशपुर,,,,,False,Maheshpur,Maheshpur,False,ghazipur,bhadaura,maheshpur,ghazipur__bhadaura__maheshpur,2,False,अनारक्षित,Unreserved,general,0,अब्दुल्लाह,Abdullaah,पुरुष,0,,normalized_key_collision
up2005__row47061,2005,gp_head_winner_records_2005.parquet,47061,,False,21,गाजीपुर,Ghazipur,Ghazipur,ghazipur,False,भदौरा,Bhadaura,Bhadaura,bhadaura,False,False,,मनियां,,,,,False,Maniya,Maniya,False,ghazipur,bhadaura,maniya,ghazipur__bhadaura__maniya,2,False,अनुसूचित जाति,Scheduled Caste,sc,0,कन्हैया रावत,Kanhaiya Rawat,पुरुष,0,,normalized_key_collision
up2005__row47117,2005,gp_head_winner_records_2005.parquet,47117,,False,37,गाजीपुर,Ghazipur,Ghazipur,ghazipur,False,भदौरा,Bhadaura,Bhadaura,bhadaura,False,False,,मनियां,,,,,False,Maniya,Maniya,False,ghazipur,bhadaura,maniya,ghazipur__bhadaura__maniya,2,False,अनारक्षित,Unreserved,general,0,दरोगा,Daroga,पुरुष,0,,normalized_key_collision
up2005__row47059,2005,gp_head_winner_records_2005.parquet,47059,,False,19,गाजीपुर,Ghazipur,Ghazipur,ghazipur,False,भदौरा,Bhadaura,Bhadaura,bhadaura,False,False,,शेरपुर,,,,,False,Sherpur,Sherpur,False,ghazipur,bhadaura,sherpur,ghazipur__bhadaura__sherpur,2,False,अनुसूचित जाति महिला,Scheduled Caste - Female,sc,1,पुष्पा,Pushpa,महिला,1,,normalized_key_collision
up2005__row47137,2005,gp_head_winner_records_2005.parquet,47137,,False,57,गाजीपुर,Ghazipur,Ghazipur,ghazipur,False,भदौरा,Bhadaura,Bhadaura,bhadaura,False,False,,शेरपुर,,,,,False,Sherpur,Sherpur,False,ghazipur,bhadaura,sherpur,ghazipur__bhadaura__sherpur,2,False,अनारक्षित,Unreserved,general,0,जयप्रकाश,Jaiprakash,पुरुष,0,,normalized_key_collision
up2005__row46686,2005,gp_head_winner_records_2005.parquet,46686,,False,18,गाजीपुर,Ghazipur,Ghazipur,ghazipur,False,सैदपुर,Saidpur,Saidpur,saidpur,False,False,,नेवादा,,,,,False,NEWADA,NEWADA,False,ghazipur,saidpur,newada,ghazipur__saidpur__newada,2,False,अनारक्षित,Unreserved,general,0,सुनीता,Sunita,महिला,1,,normalized_key_collision
up2005__row46693,2005,gp_head_winner_records_2005.parquet,46693,,False,25,गाजीपुर,Ghazipur,Ghazipur,ghazipur,False,सैदपुर,Saidpur,Saidpur,saidpur,False,False,,नेवादा,,,,,False,NEWADA,NEWADA,False,ghazipur,saidpur,newada,ghazipur__saidpur__newada,2,False,महिला,Female,general,1,आशादेवी,Ashadevi,महिला,1,,normalized_key_collision
up2005__row32699,2005,gp_head_winner_records_2005.parquet,32699,,False,49,गोंडा,Gonda,Gonda,gonda,False,रूपईडीह,Rupaidih,Rupaidih,rupaidih,False,False,,बीरपुर,,,,,False,Birpur,Birpur,False,gonda,rupaidih,birpur,gonda__rupaidih__birpur,2,False,,Unknown,unknown,,दयाराम शकरून्निशा,Dayaram Shakrunnisa,महिला,1,,normalized_key_collision
up2005__row32706,2005,gp_head_winner_records_2005.parquet,32706,,False,56,गोंडा,Gonda,Gonda,gonda,False,रूपईडीह,Rupaidih,Rupaidih,rupaidih,False,False,,बीरपुर,,,,,False,Birpur,Birpur,False,gonda,rupaidih,birpur,gonda__rupaidih__birpur,2,False,,Unknown,unknown,,,NA,,,,normalized_key_collision
up2005__row39915,2005,gp_head_winner_records_2005.parquet,39915,,False,,गोरखपुर,Gorakhpur,Gorakhpur,gorakhpur,False,बड़हलगंज,Barhalganj,Barhalganj,barhalganj,False,False,,बैरिया डीह,,,,,False,Bairiya Dih,Bairiya Dih,False,gorakhpur,barhalganj,bairiya dih,gorakhpur__barhalganj__bairiya dih,2,False,,Unknown,unknown,,अमलावती देवी रामधीन,Amlawati Devi Ramdhin,पुरुष,0,,normalized_key_collision
up2005__row39916,2005,gp_head_winner_records_2005.parquet,39916,,False,7,गोरखपुर,Gorakhpur,Gorakhpur,gorakhpur,False,बड़हलगंज,Barhalganj,Barhalganj,barhalganj,False,False,,बैरिया डीह,,,,,False,Bairiya Dih,Bairiya Dih,False,gorakhpur,barhalganj,bairiya dih,gorakhpur__barhalganj__bairiya dih,2,False,,Unknown,unknown,,सताशी देवी,Satashee Devi,महिला,1,,normalized_key_collision
up2005__row39939,2005,gp_head_winner_records_2005.parquet,39939,,False,30,गोरखपुर,Gorakhpur,Gorakhpur,gorakhpur,False,बड़हलगंज,Barhalganj,Barhalganj,barhalganj,False,False,,,,,,,False,NA,NA,False,gorakhpur,barhalganj,na,gorakhpur__barhalganj__na,5,False,,Unknown,unknown,,अनारक्षित अनुसूचित जाति महिला -,Anarakshit Anusuchit Jati Mahila -,महिला,1,,normalized_key_collision
up2005__row39941,2005,gp_head_winner_records_2005.parquet,39941,,False,32,गोरखपुर,Gorakhpur,Gorakhpur,gorakhpur,False,बड़हलगंज,Barhalganj,Barhalganj,barhalganj,False,False,,,,,,,False,NA,NA,False,gorakhpur,barhalganj,na,gorakhpur__barhalganj__na,5,False,,Unknown,unknown,,जाति - महिला अनुसूचित जाति महिला -,Jati - Mahila Anusuchit Jati Mahila -,पुरुष,0,,normalized_key_collision
up2005__row39942,2005,gp_head_winner_records_2005.parquet,39942,,False,33,गोरखपुर,Gorakhpur,Gorakhpur,gorakhpur,False,बड़हलगंज,Barhalganj,Barhalganj,barhalganj,False,False,,,,,,,False,NA,NA,False,gorakhpur,barhalganj,na,gorakhpur__barhalganj__na,5,False,,Unknown,unknown,,अनुसूचित जाति महिला - अनुसूचित जाति,Anusuchit Jaati Mahila - Anusuchit Jaati,पुरुष,0,,normalized_key_collision
up2005__row39943,2005,gp_head_winner_records_2005.parquet,39943,,False,34,गोरखपुर,Gorakhpur,Gorakhpur,gorakhpur,False,बड़हलगंज,Barhalganj,Barhalganj,barhalganj,False,False,,,,,,,False,NA,NA,False,gorakhpur,barhalganj,na,gorakhpur__barhalganj__na,5,False,,Unknown,unknown,,अनुसूचित जाति अनुसूचित जाति,Anusuchit Jati Anusuchit Jati,पुरुष,0,,normalized_key_collision
up2005__row39944,2005,gp_head_winner_records_2005.parquet,39944,,False,35,गोरखपुर,Gorakhpur,Gorakhpur,gorakhpur,False,बड़हलगंज,Barhalganj,Barhalganj,barhalganj,False,False,,,,,,,False,NA,NA,False,gorakhpur,barhalganj,na,gorakhpur__barhalganj__na,5,False,,Unknown,unknown,,अनुसूचित जाति अनुसूचित जाति,Anusuchit Jati Anusuchit Jati,पुरुष,0,,normalized_key_collision
up2005__row39264,2005,gp_head_winner_records_2005.parquet,39264,,False,29,गोरखपुर,Gorakhpur,Gorakhpur,gorakhpur,False,भटहट,Bhathat,Bhathat,bhathat,False,False,,जं ० डुमरी नं-,,,,,False,Jan 0 Dumri No. -,Jan 0 Dumri No. -,False,gorakhpur,bhathat,jan 0 dumri no,gorakhpur__bhathat__jan 0 dumri no,2,False,अनुसूचित जाति महिला,Scheduled Caste - Female,sc,1,भवना देवी,Bhavna Devi,महिला,1,,normalized_key_collision
up2005__row39265,2005,gp_head_winner_records_2005.parquet,39265,,False,30,गोरखपुर,Gorakhpur,Gorakhpur,gorakhpur,False,भटहट,Bhathat,Bhathat,bhathat,False,False,,जं ० डुमरी नं-,,,,,False,Jan 0 Dumri No. -,Jan 0 Dumri No. -,False,gorakhpur,bhathat,jan 0 dumri no,gorakhpur__bhathat__jan 0 dumri no,2,False,पिछड़ी जाति - महिला,Other Backward Class - Female,obc,1,हबीबु,Habeeb,महिला,1,,normalized_key_collision
up2005__row39822,2005,gp_head_winner_records_2005.parquet,39822,,False,33,गोरखपुर,Gorakhpur,Gorakhpur,gorakhpur,False,चरगावॉ,Chargaawon,Chargaawon,chargaawon,False,False,,ठाकुरपुर नं-,,,,,False,Thakurpur No-,Thakurpur No-,False,gorakhpur,chargaawon,thakurpur no,gorakhpur__chargaawon__thakurpur no,2,False,महिला,Female,general,1,राजमती,Rajmati,महिला,1,,normalized_key_collision
up2005__row39823,2005,gp_head_winner_records_2005.parquet,39823,,False,34,गोरखपुर,Gorakhpur,Gorakhpur,gorakhpur,False,चरगावॉ,Chargaawon,Chargaawon,chargaawon,False,False,,ठाकुरपुर नं-,,,,,False,Thakurpur No-,Thakurpur No-,False,gorakhpur,chargaawon,thakurpur no,gorakhpur__chargaawon__thakurpur no,2,False,महिला,Female,general,1,लक्ष्मीना,Lakshmina,महिला,1,,normalized_key_collision
up2005__row39470,2005,gp_head_winner_records_2005.parquet,39470,,False,32,गोरखपुर,Gorakhpur,Gorakhpur,gorakhpur,False,जॅ o कौड़िया,J. O. Kauriya,J. O. Kauriya,j o kauriya,False,False,,मंझरिया,,,,,False,Manzhariya,Manzhariya,False,gorakhpur,j o kauriya,manzhariya,gorakhpur__j o kauriya__manzhariya,2,False,पिछड़ी जाति,Other Backward Class,obc,0,अरविन्द,Arvind,पुरुष,0,,normalized_key_collision
up2005__row39515,2005,gp_head_winner_records_2005.parquet,39515,,False,77,गोरखपुर,Gorakhpur,Gorakhpur,gorakhpur,False,जॅ o कौड़िया,J. O. Kauriya,J. O. Kauriya,j o kauriya,False,False,,मंझरिया,,,,,False,Manzhariya,Manzhariya,False,gorakhpur,j o kauriya,manzhariya,gorakhpur__j o kauriya__manzhariya,2,False,अनारक्षित,Unreserved,general,0,निवास,Nivas,पुरुष,0,,normalized_key_collision
up2005__row39721,2005,gp_head_winner_records_2005.parquet,39721,,False,10,गोरखपुर,Gorakhpur,Gorakhpur,gorakhpur,False,कैम्पियरगंज,Khampierganj,Khampierganj,khampierganj,False,False,,लक्ष्मीपुर -,,,,,False,LakshmiPur -,LakshmiPur -,False,gorakhpur,khampierganj,lakshmipur,gorakhpur__khampierganj__lakshmipur,2,False,पिछड़ी जाति,Other Backward Class,obc,0,बेचन यादव,Bechan Yadav,पुरुष,0,,normalized_key_collision
up2005__row39750,2005,gp_head_winner_records_2005.parquet,39750,,False,39,गोरखपुर,Gorakhpur,Gorakhpur,gorakhpur,False,कैम्पियरगंज,Khampierganj,Khampierganj,khampierganj,False,False,,लक्ष्मीपुर -,,,,,False,LakshmiPur -,LakshmiPur -,False,gorakhpur,khampierganj,lakshmipur,gorakhpur__khampierganj__lakshmipur,2,False,अनुसूचित जाति महिला,Scheduled Caste - Female,sc,1,गुड्डी,Guddi,महिला,1,,normalized_key_collision
up2005__row39984,2005,gp_head_winner_records_2005.parquet,39984,,False,12,गोरखपुर,Gorakhpur,Gorakhpur,gorakhpur,False,खोराबार,Khorabaar,Khorabaar,khorabaar,False,False,,रामपुर,,,,,False,Rampur,Rampur,False,gorakhpur,khorabaar,rampur,gorakhpur__khorabaar__rampur,2,False,पिछड़ी जाति - महिला,Other Backward Class - Female,obc,1,मीरा देवी,Mira Devi,महिला,1,,normalized_key_collision
up2005__row40018,2005,gp_head_winner_records_2005.parquet,40018,,False,46,गोरखपुर,Gorakhpur,Gorakhpur,gorakhpur,False,खोराबार,Khorabaar,Khorabaar,khorabaar,False,False,,रामपुर,,,,,False,Rampur,Rampur,False,gorakhpur,khorabaar,rampur,gorakhpur__khorabaar__rampur,2,False,अनारक्षित,Unreserved,general,0,अम्बिका देवी,Ambika Devi,महिला,1,,normalized_key_collision
up2005__row42306,2005,gp_head_winner_records_2005.parquet,42306,,False,4,गोसाईगंज,Gosaiganj,Gosaiganj,gosaiganj,False,देवरिया सदर,Deoria Sadar,Deoria Sadar,deoria sadar,False,False,,सरौरा,,,,,False,Saraura,Saraura,False,gosaiganj,deoria sadar,saraura,gosaiganj__deoria sadar__saraura,2,False,अनुसूचित जाति महिला,Scheduled Caste - Female,sc,1,बासमती,Basmati,महिला,1,,normalized_key_collision
up2005__row42341,2005,gp_head_winner_records_2005.parquet,42341,,False,39,गोसाईगंज,Gosaiganj,Gosaiganj,gosaiganj,False,देवरिया सदर,Deoria Sadar,Deoria Sadar,deoria sadar,False,False,,सरौरा,,,,,False,Saraura,Saraura,False,gosaiganj,deoria sadar,saraura,gosaiganj__deoria sadar__saraura,2,False,महिला,Female,general,1,मंजू देवी,Manju Devi,महिला,1,,normalized_key_collision
up2005__row43071,2005,gp_head_winner_records_2005.parquet,43071,,False,12,गोसाईगंज,Gosaiganj,Gosaiganj,gosaiganj,False,रामपुर कारखाना,Rampur Kaarkhana,Rampur Kaarkhana,rampur kaarkhana,False,False,,भीखमपुर,,,,,False,Bhikhampur,Bhikhampur,False,gosaiganj,rampur kaarkhana,bhikhampur,gosaiganj__rampur kaarkhana__bhikhampur,2,False,अनुसूचित जाति महिला,Scheduled Caste - Female,sc,1,कृपावती,Kripavati,महिला,1,,normalized_key_collision
up2005__row43079,2005,gp_head_winner_records_2005.parquet,43079,,False,20,गोसाईगंज,Gosaiganj,Gosaiganj,gosaiganj,False,रामपुर कारखाना,Rampur Kaarkhana,Rampur Kaarkhana,rampur kaarkhana,False,False,,भीखमपुर,,,,,False,Bhikhampur,Bhikhampur,False,gosaiganj,rampur kaarkhana,bhikhampur,gosaiganj__rampur kaarkhana__bhikhampur,2,False,अनुसूचित जाति,Scheduled Caste,sc,0,जितेन्द्रकुमार,Jitendra Kumar,पुरुष,0,,normalized_key_collision
up2005__row43061,2005,gp_head_winner_records_2005.parquet,43061,,False,2,गोसाईगंज,Gosaiganj,Gosaiganj,gosaiganj,False,रामपुर कारखाना,Rampur Kaarkhana,Rampur Kaarkhana,rampur kaarkhana,False,False,,पोखरभिण्डा ई  प्र,,,,,False,Pokharbhida,Pokharbhida,False,gosaiganj,rampur kaarkhana,pokharbhida,gosaiganj__rampur kaarkhana__pokharbhida,2,False,पिछड़ी जाति - महिला,Other Backward Class - Female,obc,1,लालपरी,Lal Peri,महिला,1,,normalized_key_collision
up2005__row43108,2005,gp_head_winner_records_2005.parquet,43108,,False,49,गोसाईगंज,Gosaiganj,Gosaiganj,gosaiganj,False,रामपुर कारखाना,Rampur Kaarkhana,Rampur Kaarkhana,rampur kaarkhana,False,False,,पोखरभिण्डा,,,,,False,Pokharbhida,Pokharbhida,False,gosaiganj,rampur kaarkhana,pokharbhida,gosaiganj__rampur kaarkhana__pokharbhida,2,False,महिला,Female,general,1,अंजनी,Anjani,महिला,1,,normalized_key_collision
up2005__row19408,2005,gp_head_winner_records_2005.parquet,19408,,False,41,हमीरपुर,Hamirpur,Hamirpur,hamirpur,False,मौदहा,Maudha,Maudha,maudha,False,False,,मसगवां,,,,,False,Masgwan,Masgwan,False,hamirpur,maudha,masgwan,hamirpur__maudha__masgwan,2,False,पिछड़ी जाति,Other Backward Class,obc,0,गया प्रसाद,Gaya Prasad,पुरुष,0,,normalized_key_collision
up2005__row19409,2005,gp_head_winner_records_2005.parquet,19409,,False,,हमीरपुर,Hamirpur,Hamirpur,hamirpur,False,मौदहा,Maudha,Maudha,maudha,False,False,,मसगवां,,,,,False,Masgwan,Masgwan,False,hamirpur,maudha,masgwan,hamirpur__maudha__masgwan,2,False,अनुसूचित जाति,Scheduled Caste,sc,0,महराजवा,Maharajwa,पुरुष,0,,normalized_key_collision
up2005__row26768,2005,gp_head_winner_records_2005.parquet,26768,,False,25,हरदोई,Hardoi,Hardoi,hardoi,False,भरखनी,Barkhani,Barkhani,barkhani,False,False,,मुण्डेर,,,,,False,Munder,Munder,False,hardoi,barkhani,munder,hardoi__barkhani__munder,2,False,पिछड़ी जाति,Other Backward Class,obc,0,पाती राम जाति कडढी,Pati Ram Jati Kadhi,पुरुष,0,,normalized_key_collision
up2005__row26769,2005,gp_head_winner_records_2005.parquet,26769,,False,26,हरदोई,Hardoi,Hardoi,hardoi,False,भरखनी,Barkhani,Barkhani,barkhani,False,False,,मुण्डेर,,,,,False,Munder,Munder,False,hardoi,barkhani,munder,hardoi__barkhani__munder,2,False,,Unknown,unknown,,जाति कडढी लंकुश सिंह,Jati Kadadhi Lankush Singh,पुरुष,0,,normalized_key_collision
up2005__row26529,2005,gp_head_winner_records_2005.parquet,26529,,False,58,हरदोई,Hardoi,Hardoi,hardoi,False,बावन,Bawan,Bawan,bawan,False,False,,बेहटा,,,,,False,Behata,Behata,False,hardoi,bawan,behata,hardoi__bawan__behata,2,False,,Unknown,unknown,,अनुसूचित जाति,Anusuchit Jati,,,,normalized_key_collision
up2005__row26530,2005,gp_head_winner_records_2005.parquet,26530,,False,59,हरदोई,Hardoi,Hardoi,hardoi,False,बावन,Bawan,Bawan,bawan,False,False,,बेहटा,,,,,False,Behata,Behata,False,hardoi,bawan,behata,hardoi__bawan__behata,2,False,,Unknown,unknown,,अनुसूचित जाति,Anusuchit Jati,,,,normalized_key_collision
up2005__row26202,2005,gp_head_winner_records_2005.parquet,26202,,False,36,हरदोई,Hardoi,Hardoi,hardoi,False,कोथावाँ,Kothawan,Kothawan,kothawan,False,False,,रायपुर,,,,,False,Raipur,Raipur,False,hardoi,kothawan,raipur,hardoi__kothawan__raipur,2,False,अनारक्षित,Unreserved,general,0,विजेन्द्र कुमार,Vijendra Kumar,पुरुष,0,,normalized_key_collision
up2005__row26213,2005,gp_head_winner_records_2005.parquet,26213,,False,47,हरदोई,Hardoi,Hardoi,hardoi,False,कोथावाँ,Kothawan,Kothawan,kothawan,False,False,,रायपुर,,,,,False,Raipur,Raipur,False,hardoi,kothawan,raipur,hardoi__kothawan__raipur,2,False,अनुसूचित जाति,Scheduled Caste,sc,0,उजागर,Ujaggar,पुरुष,0,,normalized_key_collision
up2005__row11213,2005,gp_head_winner_records_2005.parquet,11213,,False,87,हाथरस,Hathras,Hathras,hathras,False,सासनी,Sasni,Sasni,sasni,False,False,,औदुआ,,,,,False,Audwa,Audwa,False,hathras,sasni,audwa,hathras__sasni__audwa,2,False,अनारक्षित,Unreserved,general,0,अशोक कुमार,Ashok Kumar,पुरुष,0,,normalized_key_collision
up2005__row11214,2005,gp_head_winner_records_2005.parquet,11214,,False,29,हाथरस,Hathras,Hathras,hathras,False,सासनी,Sasni,Sasni,sasni,False,False,,औदुआ,,,,,False,Audwa,Audwa,False,hathras,sasni,audwa,hathras__sasni__audwa,2,False,अनुसूचित जाति महिला,Scheduled Caste - Female,sc,1,नीलम,Neelam,महिला,1,,normalized_key_collision
up2005__row17980,2005,gp_head_winner_records_2005.parquet,17980,,False,37,जालौन,Jalaun,Jalaun,jalaun,False,कोचं,Kochan,Kochan,kochan,False,False,,भड़ारी,,,,,False,Bhadari,Bhadari,False,jalaun,kochan,bhadari,jalaun__kochan__bhadari,2,False,पिछड़ी जाति,Other Backward Class,obc,0,रामलता,Ramlata,महिला,1,,normalized_key_collision
up2005__row18000,2005,gp_head_winner_records_2005.parquet,18000,,False,57,जालौन,Jalaun,Jalaun,jalaun,False,कोचं,Kochan,Kochan,kochan,False,False,,भदारी,,,,,False,Bhadari,Bhadari,False,jalaun,kochan,bhadari,jalaun__kochan__bhadari,2,False,पिछड़ी जाति,Other Backward Class,obc,0,पुष्पादेवी,Pushpadevi,महिला,1,,normalized_key_collision
up2005__row49555,2005,gp_head_winner_records_2005.parquet,49555,,False,1,जौनपुर,Jaunpur,Jaunpur,jaunpur,False,बरसठी,Barsathi,Barsathi,barsathi,False,False,,चतुर्भुजपुर,,,,,False,Chaturbhujpur,Chaturbhujpur,False,jaunpur,barsathi,chaturbhujpur,jaunpur__barsathi__chaturbhujpur,2,False,अनारक्षित,Unreserved,general,0,दुर्गावती,Durgawati,महिला,1,,normalized_key_collision
up2005__row49607,2005,gp_head_winner_records_2005.parquet,49607,,False,53,जौनपुर,Jaunpur,Jaunpur,jaunpur,False,बरसठी,Barsathi,Barsathi,barsathi,False,False,,चतुर्भुजपुर,,,,,False,Chaturbhujpur,Chaturbhujpur,False,jaunpur,barsathi,chaturbhujpur,jaunpur__barsathi__chaturbhujpur,2,False,पिछड़ी जाति महिला,Other Backward Class - Female,obc,1,प्रेमा देवी,Prema Devi,महिला,1,,normalized_key_collision
up2005__row49614,2005,gp_head_winner_records_2005.parquet,49614,,False,60,जौनपुर,Jaunpur,Jaunpur,jaunpur,False,बरसठी,Barsathi,Barsathi,barsathi,False,False,,गोपालपुर,,,,,False,Gopalpur,Gopalpur,False,jaunpur,barsathi,gopalpur,jaunpur__barsathi__gopalpur,2,False,अनारक्षित,Unreserved,general,0,दयाशंकर पाल,Dayashankar Pal,पुरुष,0,,normalized_key_collision
up2005__row49632,2005,gp_head_winner_records_2005.parquet,49632,,False,78,जौनपुर,Jaunpur,Jaunpur,jaunpur,False,बरसठी,Barsathi,Barsathi,barsathi,False,False,,गोपालपुर,,,,,False,Gopalpur,Gopalpur,False,jaunpur,barsathi,gopalpur,jaunpur__barsathi__gopalpur,2,False,पिछड़ी जाति - महिला,Other Backward Class - Female,obc,1,उर्मिला देवी,Urmila Devi,महिला,1,,normalized_key_collision
up2005__row49856,2005,gp_head_winner_records_2005.parquet,49856,,False,51,जौनपुर,Jaunpur,Jaunpur,jaunpur,False,करन्जा कला,Karanja Kala,Karanja Kala,karanja kala,False,False,,हरबसपुर,,,,,False,Harbaspur,Harbaspur,False,jaunpur,karanja kala,harbaspur,jaunpur__karanja kala__harbaspur,2,False,पिछड़ी जाति,Other Backward Class,obc,0,रामचन्द्र,Ramchandra,पुरुष,0,,normalized_key_collision
up2005__row49870,2005,gp_head_winner_records_2005.parquet,49870,,False,65,जौनपुर,Jaunpur,Jaunpur,jaunpur,False,करन्जा कला,Karanja Kala,Karanja Kala,karanja kala,False,False,,हरबसपुर,,,,,False,Harbaspur,Harbaspur,False,jaunpur,karanja kala,harbaspur,jaunpur__karanja kala__harbaspur,2,False,अनुसूचित जाति,Scheduled Caste,sc,0,मैनादेवी,Mainadevi,महिला,1,,normalized_key_collision
up2005__row49855,2005,gp_head_winner_records_2005.parquet,49855,,False,50,जौनपुर,Jaunpur,Jaunpur,jaunpur,False,करन्जा कला,Karanja Kala,Karanja Kala,karanja kala,False,False,,जलालपुर,,,,,False,Jalalpur,Jalalpur,False,jaunpur,karanja kala,jalalpur,jaunpur__karanja kala__jalalpur,2,False,अनारक्षित,Unreserved,general,0,राधेश्याम,Radheshyam,पुरुष,0,,normalized_key_collision
up2005__row49881,2005,gp_head_winner_records_2005.parquet,49881,,False,77,जौनपुर,Jaunpur,Jaunpur,jaunpur,False,करन्जा कला,Karanja Kala,Karanja Kala,karanja kala,False,False,,जलालपुर,,,,,False,Jalalpur,Jalalpur,False,jaunpur,karanja kala,jalalpur,jaunpur__karanja kala__jalalpur,2,False,अनुसूचित जाति महिला,Scheduled Caste - Female,sc,1,आशा,Asha,महिला,1,,normalized_key_collision
up2005__row49308,2005,gp_head_winner_records_2005.parquet,49308,,False,20,जौनपुर,Jaunpur,Jaunpur,jaunpur,False,केराकत,Kerakat,Kerakat,kerakat,False,False,,ब्राम्हणपुर,,,,,False,Brahmanpur,Brahmanpur,False,jaunpur,kerakat,brahmanpur,jaunpur__kerakat__brahmanpur,2,False,पिछड़ी जाति,Other Backward Class,obc,0,राजमणि,Rajmani,पुरुष,0,,normalized_key_collision
up2005__row49340,2005,gp_head_winner_records_2005.parquet,49340,,False,52,जौनपुर,Jaunpur,Jaunpur,jaunpur,False,केराकत,Kerakat,Kerakat,kerakat,False,False,,बरामनपुर,,,,,False,Brahmanpur,Brahmanpur,False,jaunpur,kerakat,brahmanpur,jaunpur__kerakat__brahmanpur,2,False,महिला,Female,general,1,फूलबासा,Phoolbasa,महिला,1,,normalized_key_collision
up2005__row49510,2005,gp_head_winner_records_2005.parquet,49510,,False,38,जौनपुर,Jaunpur,Jaunpur,jaunpur,False,खुटहन,Khutahan,Khutahan,khutahan,False,False,,कानामऊ,,,,,False,Kanamau,Kanamau,False,jaunpur,khutahan,kanamau,jaunpur__khutahan__kanamau,2,False,महिला,Female,general,1,दुर्गावती,Durgawati,महिला,1,,normalized_key_collision
up2005__row49515,2005,gp_head_winner_records_2005.parquet,49515,,False,42,जौनपुर,Jaunpur,Jaunpur,jaunpur,False,खुटहन,Khutahan,Khutahan,khutahan,False,False,,कानामऊ,,,,,False,Kanamau,Kanamau,False,jaunpur,khutahan,kanamau,jaunpur__khutahan__kanamau,2,False,महिला,Female,general,1,दुर्गावती,Durgawati,महिला,1,,normalized_key_collision
up2005__row49658,2005,gp_head_winner_records_2005.parquet,49658,,False,24,जौनपुर,Jaunpur,Jaunpur,jaunpur,False,रामनगर,Ramnagar,Ramnagar,ramnagar,False,False,,नेवादा -,,,,,False,Newada -,Newada -,False,jaunpur,ramnagar,newada,jaunpur__ramnagar__newada,2,False,अनुसूचित जाति,Scheduled Caste,sc,0,प्रेमचन्द्र,Prem Chandra,पुरुष,0,,normalized_key_collision
up2005__row49674,2005,gp_head_winner_records_2005.parquet,49674,,False,40,जौनपुर,Jaunpur,Jaunpur,jaunpur,False,रामनगर,Ramnagar,Ramnagar,ramnagar,False,False,,नेवादा -,,,,,False,Newada -,Newada -,False,jaunpur,ramnagar,newada,jaunpur__ramnagar__newada,2,False,पिछड़ी जाति - महिला,Other Backward Class - Female,obc,1,प्रभावती,Prabhawati,महिला,1,,normalized_key_collision
up2005__row49650,2005,gp_head_winner_records_2005.parquet,49650,,False,16,जौनपुर,Jaunpur,Jaunpur,jaunpur,False,रामनगर,Ramnagar,Ramnagar,ramnagar,False,False,,रामनगर -,,,,,False,Ramanagar,Ramanagar,False,jaunpur,ramnagar,ramanagar,jaunpur__ramnagar__ramanagar,2,False,अनारक्षित,Unreserved,general,0,राजदेव,Rajdev,पुरुष,0,,normalized_key_collision
up2005__row49677,2005,gp_head_winner_records_2005.parquet,49677,,False,43,जौनपुर,Jaunpur,Jaunpur,jaunpur,False,रामनगर,Ramnagar,Ramnagar,ramnagar,False,False,,रामनगर -,,,,,False,Ramanagar,Ramanagar,False,jaunpur,ramnagar,ramanagar,jaunpur__ramnagar__ramanagar,2,False,अनुसूचित जाति महिला,Scheduled Caste - Female,sc,1,राजकुमारी,Rajkumari,महिला,1,,normalized_key_collision
up2005__row50098,2005,gp_head_winner_records_2005.parquet,50098,,False,65,जौनपुर,Jaunpur,Jaunpur,jaunpur,False,शाहगंज सोधी,Shahganj Sodhi,Shahganj Sodhi,shahganj sodhi,False,False,,मानीकला,,,,,False,Manikala,Manikala,False,jaunpur,shahganj sodhi,manikala,jaunpur__shahganj sodhi__manikala,2,False,अनुसूचित जाति,Scheduled Caste,sc,0,दयाराम,Dayaram,पुरुष,0,,normalized_key_collision
up2005__row50099,2005,gp_head_winner_records_2005.parquet,50099,,False,66,जौनपुर,Jaunpur,Jaunpur,jaunpur,False,शाहगंज सोधी,Shahganj Sodhi,Shahganj Sodhi,shahganj sodhi,False,False,,मानीकला,,,,,False,Manikala,Manikala,False,jaunpur,shahganj sodhi,manikala,jaunpur__shahganj sodhi__manikala,2,False,,Unknown,unknown,,धनपत्ती,Dhanpatti,महिला,1,,normalized_key_collision
up2005__row50121,2005,gp_head_winner_records_2005.parquet,50121,,False,88,जौनपुर,Jaunpur,Jaunpur,jaunpur,False,शाहगंज सोधी,Shahganj Sodhi,Shahganj Sodhi,shahganj sodhi,False,False,,,,,,,False,NA,NA,False,jaunpur,shahganj sodhi,na,jaunpur__shahganj sodhi__na,8,False,,Unknown,unknown,,जाति महिला उर्मिला,Jati Mahila Urmila,महिला,1,,normalized_key_collision
up2005__row50122,2005,gp_head_winner_records_2005.parquet,50122,,False,89,जौनपुर,Jaunpur,Jaunpur,jaunpur,False,शाहगंज सोधी,Shahganj Sodhi,Shahganj Sodhi,shahganj sodhi,False,False,,,,,,,False,NA,NA,False,jaunpur,shahganj sodhi,na,jaunpur__shahganj sodhi__na,8,False,,Unknown,unknown,,जाति महिला उर्मिला जाति महेन्द्र,,पुरुष,0,,normalized_key_collision
up2005__row50123,2005,gp_head_winner_records_2005.parquet,50123,,False,90,जौनपुर,Jaunpur,Jaunpur,jaunpur,False,शाहगंज सोधी,Shahganj Sodhi,Shahganj Sodhi,shahganj sodhi,False,False,,,,,,,False,NA,NA,False,jaunpur,shahganj sodhi,na,jaunpur__shahganj sodhi__na,8,False,,Unknown,unknown,,जाति महेन्द्र चिन्ता,Jaati Mahendra Chinta,महिला,1,,normalized_key_collision
up2005__row50124,2005,gp_head_winner_records_2005.parquet,50124,,False,91,जौनपुर,Jaunpur,Jaunpur,jaunpur,False,शाहगंज सोधी,Shahganj Sodhi,Shahganj Sodhi,shahganj sodhi,False,False,,,,,,,False,NA,NA,False,jaunpur,shahganj sodhi,na,jaunpur__shahganj sodhi__na,8,False,,Unknown,unknown,,प्रभावती,Prabhawati,महिला,1,,normalized_key_collision
up2005__row50125,2005,gp_head_winner_records_2005.parquet,50125,,False,92,जौनपुर,Jaunpur,Jaunpur,jaunpur,False,शाहगंज सोधी,Shahganj Sodhi,Shahganj Sodhi,shahganj sodhi,False,False,,,,,,,False,NA,NA,False,jaunpur,shahganj sodhi,na,jaunpur__shahganj sodhi__na,8,False,,Unknown,unknown,,प्रभावती रोशनजहां,Prabhawati Roshan Jahan,महिला,1,,normalized_key_collision
up2005__row50126,2005,gp_head_winner_records_2005.parquet,50126,,False,93,जौनपुर,Jaunpur,Jaunpur,jaunpur,False,शाहगंज सोधी,Shahganj Sodhi,Shahganj Sodhi,shahganj sodhi,False,False,,,,,,,False,NA,NA,False,jaunpur,shahganj sodhi,na,jaunpur__shahganj sodhi__na,8,False,,Unknown,unknown,,जाति महिला - विमलादेवी,Jati Mahila - Vimaladevi,महिला,1,,normalized_key_collision
up2005__row50127,2005,gp_head_winner_records_2005.parquet,50127,,False,94,जौनपुर,Jaunpur,Jaunpur,jaunpur,False,शाहगंज सोधी,Shahganj Sodhi,Shahganj Sodhi,shahganj sodhi,False,False,,,,,,,False,NA,NA,False,jaunpur,shahganj sodhi,na,jaunpur__shahganj sodhi__na,8,False,,Unknown,unknown,,जाति -,Jati -,महिला,1,,normalized_key_collision
up2005__row50128,2005,gp_head_winner_records_2005.parquet,50128,,False,95,जौनपुर,Jaunpur,Jaunpur,jaunpur,False,शाहगंज सोधी,Shahganj Sodhi,Shahganj Sodhi,shahganj sodhi,False,False,,,,,,,False,NA,NA,False,jaunpur,shahganj sodhi,na,jaunpur__shahganj sodhi__na,8,False,,Unknown,unknown,,जाति - महिला ता,Jati - Mahila Ta,महिला,1,,normalized_key_collision
up2005__row49217,2005,gp_head_winner_records_2005.parquet,49217,,False,16,जौनपुर,Jaunpur,Jaunpur,jaunpur,False,सुजानगंज,Sujangang,Sujangang,sujangang,False,False,,सकरा -,,,,,False,Sakra -,Sakra -,False,jaunpur,sujangang,sakra,jaunpur__sujangang__sakra,2,False,महिला,Female,general,1,मालती,Malati,महिला,1,,normalized_key_collision
up2005__row49258,2005,gp_head_winner_records_2005.parquet,49258,,False,57,जौनपुर,Jaunpur,Jaunpur,jaunpur,False,सुजानगंज,Sujangang,Sujangang,sujangang,False,False,,सकरा -,,,,,False,Sakra -,Sakra -,False,jaunpur,sujangang,sakra,jaunpur__sujangang__sakra,2,False,महिला,Female,general,1,कमला देवी,Kamla Devi,महिला,1,,normalized_key_collision
up2005__row18573,2005,gp_head_winner_records_2005.parquet,18573,,False,110,झांसी,Jhanshi,Jhansi,jhanshi,True,नाम गुरसराय,Nam Gursarai,Nam Gursarai,nam gursarai,False,False,,टहरौली,,,,,False,Thahroli,Thahroli,False,jhansi,nam gursarai,thahroli,jhansi__nam gursarai__thahroli,2,False,,Unknown,unknown,,गिरिराज सिंह,Giriraj Singh,पुरुष,0,,normalized_key_collision
up2005__row18574,2005,gp_head_winner_records_2005.parquet,18574,,False,111,झांसी,Jhanshi,Jhansi,jhanshi,True,नाम गुरसराय,Nam Gursarai,Nam Gursarai,nam gursarai,False,False,,टहरौली,,,,,False,Thahroli,Thahroli,False,jhansi,nam gursarai,thahroli,jhansi__nam gursarai__thahroli,2,False,,Unknown,unknown,,पूरन लाल,Puran Lal,पुरुष,0,,normalized_key_collision
up2005__row15459,2005,gp_head_winner_records_2005.parquet,15459,,False,61,कन्नौज,Kannauj,Kannauj,kannauj,False,उमर्दा,Umarda,Umarda,umarda,False,False,,,,,,,False,NA,NA,False,kannauj,umarda,na,kannauj__umarda__na,2,False,,Unknown,unknown,,महिला,Mahila,,,,normalized_key_collision
up2005__row15464,2005,gp_head_winner_records_2005.parquet,15464,,False,66,कन्नौज,Kannauj,Kannauj,kannauj,False,उमर्दा,Umarda,Umarda,umarda,False,False,,,,,,,False,NA,NA,False,kannauj,umarda,na,kannauj__umarda__na,2,False,,Unknown,unknown,,पिछड़ी जाति - महिला,Pichhari Jaati - Mahila,,,,normalized_key_collision
up2005__row16646,2005,gp_head_winner_records_2005.parquet,16646,,False,34,कानपुर नगर,Kanpur Nagar,Kanpur Nagar,kanpur nagar,False,कल्यानपुर,Kalyanpur,Kalyanpur,kalyanpur,False,False,,,,,,,False,NA,NA,False,kanpur nagar,kalyanpur,na,kanpur nagar__kalyanpur__na,3,False,,Unknown,unknown,,पिछड़ी जाति,Pichadi Jati,पुरुष,0,,normalized_key_collision
up2005__row16648,2005,gp_head_winner_records_2005.parquet,16648,,False,36,कानपुर नगर,Kanpur Nagar,Kanpur Nagar,kanpur nagar,False,कल्यानपुर,Kalyanpur,Kalyanpur,kalyanpur,False,False,,,,,,,False,NA,NA,False,kanpur nagar,kalyanpur,na,kanpur nagar__kalyanpur__na,3,False,,Unknown,unknown,,अनारक्षित,Anarakshit,महिला,1,,normalized_key_collision
up2005__row16649,2005,gp_head_winner_records_2005.parquet,16649,,False,37,कानपुर नगर,Kanpur Nagar,Kanpur Nagar,kanpur nagar,False,कल्यानपुर,Kalyanpur,Kalyanpur,kalyanpur,False,False,,,,,,,False,NA,NA,False,kanpur nagar,kalyanpur,na,kanpur nagar__kalyanpur__na,3,False,,Unknown,unknown,,अनारक्षित,Anarakshit,पुरुष,0,,normalized_key_collision
up2005__row29225,2005,gp_head_winner_records_2005.parquet,29225,,False,16,लखीमपुर खीरी,Lakhimpur Khiri,Kheri,lakhimpur khiri,True,बांकेगंज,Bankeganj,Bankeganj,bankeganj,False,False,,ग्रन्ट नम्बर,,,,,False,Grant Number,Grant Number,False,kheri,bankeganj,grant number,kheri__bankeganj__grant number,3,False,अनारक्षित,Unreserved,general,0,युनूस खाँ,Younus Khan,पुरुष,0,,normalized_key_collision
up2005__row29247,2005,gp_head_winner_records_2005.parquet,29247,,False,38,लखीमपुर खीरी,Lakhimpur Khiri,Kheri,lakhimpur khiri,True,बांकेगंज,Bankeganj,Bankeganj,bankeganj,False,False,,ग्रन्ट नम्बर,,,,,False,Grant Number,Grant Number,False,kheri,bankeganj,grant number,kheri__bankeganj__grant number,3,False,अनुसूचित जाति - महिला,Scheduled Caste - Female,sc,1,विजयकुमारी,Vijaykumari,महिला,1,,normalized_key_collision
up2005__row29248,2005,gp_head_winner_records_2005.parquet,29248,,False,39,लखीमपुर खीरी,Lakhimpur Khiri,Kheri,lakhimpur khiri,True,बांकेगंज,Bankeganj,Bankeganj,bankeganj,False,False,,ग्रन्ट नम्बर,,,,,False,Grant Number,Grant Number,False,kheri,bankeganj,grant number,kheri__bankeganj__grant number,3,False,अनुसूचित जाति,Scheduled Caste,sc,0,शेर सिंह,Sher Singh,पुरुष,0,,normalized_key_collision
up2005__row29368,2005,gp_head_winner_records_2005.parquet,29368,,False,33,लखीमपुर खीरी,Lakhimpur Khiri,Kheri,lakhimpur khiri,True,मितौली,Mitauli,Mitauli,mitauli,False,False,,परसेहरा,,,,,False,parsehra,parsehra,False,kheri,mitauli,parsehra,kheri__mitauli__parsehra,2,False,पिछड़ी जाति,Other Backward Class,obc,0,रामपाल,Rampal,पुरुष,0,,normalized_key_collision
up2005__row29402,2005,gp_head_winner_records_2005.parquet,29402,,False,67,लखीमपुर खीरी,Lakhimpur Khiri,Kheri,lakhimpur khiri,True,मितौली,Mitauli,Mitauli,mitauli,False,False,,परसेहरा,,,,,False,parsehra,parsehra,False,kheri,mitauli,parsehra,kheri__mitauli__parsehra,2,False,अनुसूचित जाति,Scheduled Caste,sc,0,सोबरन लाल,Sobaran Lal,पुरुष,0,,normalized_key_collision
up2005__row29028,2005,gp_head_winner_records_2005.parquet,29028,,False,8,लखीमपुर खीरी,Lakhimpur Khiri,Kheri,lakhimpur khiri,True,नकहा,Nakha,Nakha,nakha,False,False,,,,,,,False,NA,NA,False,kheri,nakha,na,kheri__nakha__na,2,False,अनुसूचित जाति,Scheduled Caste,sc,0,रामरानी,Ramrani,महिला,1,,normalized_key_collision
up2005__row29035,2005,gp_head_winner_records_2005.parquet,29035,,False,15,लखीमपुर खीरी,Lakhimpur Khiri,Kheri,lakhimpur khiri,True,नकहा,Nakha,Nakha,nakha,False,False,,,,,,,False,NA,NA,False,kheri,nakha,na,kheri__nakha__na,2,False,महिला,Female,general,1,ब्रजरानी,Brajrani,महिला,1,,normalized_key_collision
up2005__row29633,2005,gp_head_winner_records_2005.parquet,29633,,False,24,लखीमपुर खीरी,Lakhimpur Khiri,Kheri,lakhimpur khiri,True,निघासन,Nighasan,Nighasan,nighasan,False,False,,खमरिया,,,,,False,Khamaria,Khamaria,False,kheri,nighasan,khamaria,kheri__nighasan__khamaria,2,False,अनारक्षित,Unreserved,general,0,रमेश सिंह,Ramesh Singh,पुरुष,0,,normalized_key_collision
up2005__row29648,2005,gp_head_winner_records_2005.parquet,29648,,False,39,लखीमपुर खीरी,Lakhimpur Khiri,Kheri,lakhimpur khiri,True,निघासन,Nighasan,Nighasan,nighasan,False,False,,खमरिया,,,,,False,Khamaria,Khamaria,False,kheri,nighasan,khamaria,kheri__nighasan__khamaria,2,False,अनारक्षित,Unreserved,general,0,जमाल,Jamal,पुरुष,0,,normalized_key_collision
up2005__row29609,2005,gp_head_winner_records_2005.parquet,29609,,False,1,लखीमपुर खीरी,Lakhimpur Khiri,Kheri,lakhimpur khiri,True,निघासन,Nighasan,Nighasan,nighasan,False,False,,रायपुर,,,,,False,Raipur,Raipur,False,kheri,nighasan,raipur,kheri__nighasan__raipur,2,False,अनारक्षित,Unreserved,general,0,राम विलास,Ram Vilas,पुरुष,0,,normalized_key_collision
up2005__row29610,2005,gp_head_winner_records_2005.parquet,29610,,False,1,लखीमपुर खीरी,Lakhimpur Khiri,Kheri,lakhimpur khiri,True,निघासन,Nighasan,Nighasan,nighasan,False,False,,रायपुर,,,,,False,Raipur,Raipur,False,kheri,nighasan,raipur,kheri__nighasan__raipur,2,False,अनारक्षित,Unreserved,general,0,राम विलास,Ram Vilas,पुरुष,0,,normalized_key_collision
up2005__row41560,2005,gp_head_winner_records_2005.parquet,41560,,False,10,कुशीनगर,Kushinagar,Kushi Nagar,kushinagar,True,मोतीचक,Moti Chak,Moti Chak,moti chak,False,False,,लक्ष्मीपुर,,,,,False,Lakshmipur,Lakshmipur,False,kushi nagar,moti chak,lakshmipur,kushi nagar__moti chak__lakshmipur,2,False,अनारक्षित,Unreserved,general,0,जुबैर,Jubeir,पुरुष,0,,normalized_key_collision
up2005__row41594,2005,gp_head_winner_records_2005.parquet,41594,,False,44,कुशीनगर,Kushinagar,Kushi Nagar,kushinagar,True,मोतीचक,Moti Chak,Moti Chak,moti chak,False,False,,लक्ष्मीपुर,,,,,False,Lakshmipur,Lakshmipur,False,kushi nagar,moti chak,lakshmipur,kushi nagar__moti chak__lakshmipur,2,False,अनुसूचित जाति,Scheduled Caste,sc,0,गजाधर प्रसाद,Gajadhar Prasad,पुरुष,0,,normalized_key_collision
up2005__row41555,2005,gp_head_winner_records_2005.parquet,41555,,False,5,कुशीनगर,Kushinagar,Kushi Nagar,kushinagar,True,मोतीचक,Moti Chak,Moti Chak,moti chak,False,False,,नरायनपुर,,,,,False,Narayanpur,Narayanpur,False,kushi nagar,moti chak,narayanpur,kushi nagar__moti chak__narayanpur,3,False,पिछड़ी जाति महिला,Other Backward Class - Female,obc,1,धर्मावती देवी,Dhramavati Devi,महिला,1,,normalized_key_collision
up2005__row41559,2005,gp_head_winner_records_2005.parquet,41559,,False,9,कुशीनगर,Kushinagar,Kushi Nagar,kushinagar,True,मोतीचक,Moti Chak,Moti Chak,moti chak,False,False,,नरायनपुर,,,,,False,Narayanpur,Narayanpur,False,kushi nagar,moti chak,narayanpur,kushi nagar__moti chak__narayanpur,3,False,महिला,Female,general,1,आशादेवी,Ashadevi,महिला,1,,normalized_key_collision
up2005__row41595,2005,gp_head_winner_records_2005.parquet,41595,,False,45,कुशीनगर,Kushinagar,Kushi Nagar,kushinagar,True,मोतीचक,Moti Chak,Moti Chak,moti chak,False,False,,नरायनपुर,,,,,False,Narayanpur,Narayanpur,False,kushi nagar,moti chak,narayanpur,kushi nagar__moti chak__narayanpur,3,False,महिला,Female,general,1,रामपति,Rampati,महिला,1,,normalized_key_collision
up2005__row41273,2005,gp_head_winner_records_2005.parquet,41273,,False,29,कुशीनगर,Kushinagar,Kushi Nagar,kushinagar,True,पड़रौना,Padrauna,Padrauna,padrauna,False,False,,भटवलिया,,,,,False,Bhatwaliya,Bhatwaliya,False,kushi nagar,padrauna,bhatwaliya,kushi nagar__padrauna__bhatwaliya,2,False,महिला,Female,general,1,ब्रजवासी,Brajwasi,महिला,1,,normalized_key_collision
up2005__row41334,2005,gp_head_winner_records_2005.parquet,41334,,False,91,कुशीनगर,Kushinagar,Kushi Nagar,kushinagar,True,पड़रौना,Padrauna,Padrauna,padrauna,False,False,,भटवलिया,,,,,False,Bhatwaliya,Bhatwaliya,False,kushi nagar,padrauna,bhatwaliya,kushi nagar__padrauna__bhatwaliya,2,False,पिछड़ी जाति,Other Backward Class,obc,0,ऋतेश,Ritesh,पुरुष,0,,normalized_key_collision
up2005__row42172,2005,gp_head_winner_records_2005.parquet,42172,,False,52,कुशीनगर,Kushinagar,Kushi Nagar,kushinagar,True,तमकुहीराज,Tamkuhiraj,Tamkuhiraj,tamkuhiraj,False,False,,बभनौली,,,,,False,Babhanouli,Babhanouli,False,kushi nagar,tamkuhiraj,babhanouli,kushi nagar__tamkuhiraj__babhanouli,2,False,अनारक्षित,Unreserved,general,0,वशिष्ठ राय,Vashishth Rai,पुरुष,0,,normalized_key_collision
up2005__row42189,2005,gp_head_winner_records_2005.parquet,42189,,False,69,कुशीनगर,Kushinagar,Kushi Nagar,kushinagar,True,तमकुहीराज,Tamkuhiraj,Tamkuhiraj,tamkuhiraj,False,False,,बभनौली,,,,,False,Babhanouli,Babhanouli,False,kushi nagar,tamkuhiraj,babhanouli,kushi nagar__tamkuhiraj__babhanouli,2,False,अनारक्षित,Unreserved,general,0,जाकिर हुसैन,Zakir Husain,पुरुष,0,,normalized_key_collision
up2005__row27319,2005,gp_head_winner_records_2005.parquet,27319,,False,20,लखनऊ,Lucknow,Lucknow,lucknow,False,माल,Maal,Maal,maal,False,False,,मसीढा,,,,,False,Masidha,Masidha,False,lucknow,maal,masidha,lucknow__maal__masidha,2,False,,Unknown,unknown,,विमला कुमारी,Vimla Kumari,महिला,1,,normalized_key_collision
up2005__row27320,2005,gp_head_winner_records_2005.parquet,27320,,False,21,लखनऊ,Lucknow,Lucknow,lucknow,False,माल,Maal,Maal,maal,False,False,,मसीढा,,,,,False,Masidha,Masidha,False,lucknow,maal,masidha,lucknow__maal__masidha,2,False,,Unknown,unknown,,प्रेमकुमारी,Prem Kumari,महिला,1,,normalized_key_collision
up2005__row27242,2005,gp_head_winner_records_2005.parquet,27242,,False,54,लखनऊ,Lucknow,Lucknow,lucknow,False,सरोजनीनगर,Sarojninagar,Sarojninagar,sarojninagar,False,False,,कल्ली,,,,,False,Kalli,Kalli,False,lucknow,sarojninagar,kalli,lucknow__sarojninagar__kalli,2,False,,Unknown,unknown,,महिला,Mahila,,,,normalized_key_collision
up2005__row27244,2005,gp_head_winner_records_2005.parquet,27244,,False,56,लखनऊ,Lucknow,Lucknow,lucknow,False,सरोजनीनगर,Sarojninagar,Sarojninagar,sarojninagar,False,False,,कल्ली,,,,,False,Kalli,Kalli,False,lucknow,sarojninagar,kalli,lucknow__sarojninagar__kalli,2,False,,Unknown,unknown,,अनुसूचित,Anusuchit,,,,normalized_key_collision
up2005__row45008,2005,gp_head_winner_records_2005.parquet,45008,,False,7,मऊ,Mau,Mau,mau,False,दोहरीघाट,Dohrighat,Dohrighat,dohrighat,False,False,,इब्राहिमाबाद,,,,,False,Ibrahimabad,Ibrahimabad,False,mau,dohrighat,ibrahimabad,mau__dohrighat__ibrahimabad,2,False,अनुसूचित जाति,Scheduled Caste,sc,0,रामअवध,Ramavadh,पुरुष,0,,normalized_key_collision
up2005__row45031,2005,gp_head_winner_records_2005.parquet,45031,,False,30,मऊ,Mau,Mau,mau,False,दोहरीघाट,Dohrighat,Dohrighat,dohrighat,False,False,,इब्राहिमाबाद-,,,,,False,Ibrahimabad-,Ibrahimabad-,False,mau,dohrighat,ibrahimabad,mau__dohrighat__ibrahimabad,2,False,महिला,Female,general,1,पुष्पा,Pushpa,महिला,1,,normalized_key_collision
up2005__row51124,2005,gp_head_winner_records_2005.parquet,51124,,False,54,मिर्जापुर,Mirzapur,Mirzapur,mirzapur,False,नरायनपुर,Narayanpur,Narayanpur,narayanpur,False,False,,रैपुरिया,,,,,False,Raipuria,Raipuria,False,mirzapur,narayanpur,raipuria,mirzapur__narayanpur__raipuria,2,False,महिला,Female,general,1,आशा,Asha,महिला,1,,normalized_key_collision
up2005__row51145,2005,gp_head_winner_records_2005.parquet,51145,,False,75,मिर्जापुर,Mirzapur,Mirzapur,mirzapur,False,नरायनपुर,Narayanpur,Narayanpur,narayanpur,False,False,,रैपुरिया,,,,,False,Raipuria,Raipuria,False,mirzapur,narayanpur,raipuria,mirzapur__narayanpur__raipuria,2,False,पिछड़ी जाति,Other Backward Class,obc,0,विमला,Vimla,महिला,1,,normalized_key_collision
up2005__row7903,2005,gp_head_winner_records_2005.parquet,7903,,False,8,पीलीभीत,Pilibhit,Pilibhit,pilibhit,False,बरखेड़ा,Barkheda,Barkheda,barkheda,False,False,,,,,,,False,NA,NA,False,pilibhit,barkheda,na,pilibhit__barkheda__na,2,False,अनुसूचित जाति महिला,Scheduled Caste - Female,sc,1,सुनीता देवी,Sunita Devi,महिला,1,,normalized_key_collision
up2005__row7904,2005,gp_head_winner_records_2005.parquet,7904,,False,9,पीलीभीत,Pilibhit,Pilibhit,pilibhit,False,बरखेड़ा,Barkheda,Barkheda,barkheda,False,False,,,,,,,False,NA,NA,False,pilibhit,barkheda,na,pilibhit__barkheda__na,2,False,अनुसूचित जाति,Scheduled Caste,sc,0,मोती राम,Moti Raam,पुरुष,0,,normalized_key_collision
up2005__row8213,2005,gp_head_winner_records_2005.parquet,8213,,False,,पीलीभीत,Pilibhit,Pilibhit,pilibhit,False,पूरनपुर,Purnanpur,Purnanpur,purnanpur,False,False,,दिलावरपुर,,,,,False,Dilawarpur,Dilawarpur,False,pilibhit,purnanpur,dilawarpur,pilibhit__purnanpur__dilawarpur,2,False,,Unknown,unknown,,प्रसाद,Prasad,पुरुष,0,,normalized_key_collision
up2005__row8214,2005,gp_head_winner_records_2005.parquet,8214,,False,92,पीलीभीत,Pilibhit,Pilibhit,pilibhit,False,पूरनपुर,Purnanpur,Purnanpur,purnanpur,False,False,,दिलावरपुर खास,,,,,False,Dilawarpur,Dilawarpur,False,pilibhit,purnanpur,dilawarpur,pilibhit__purnanpur__dilawarpur,2,False,,Unknown,unknown,,किशोर,Kishore,पुरुष,0,,normalized_key_collision
up2005__row23439,2005,gp_head_winner_records_2005.parquet,23439,,False,19,प्रतापगढ़,Pratapgarh,Pratapgarh,pratapgarh,False,लालगंज,Lalganj,Lalganj,lalganj,False,False,,,,,,,False,NA,NA,False,pratapgarh,lalganj,na,pratapgarh__lalganj__na,5,False,,Unknown,unknown,,पिछड़ी जाति,Pichadi Jati,,,,normalized_key_collision
up2005__row23440,2005,gp_head_winner_records_2005.parquet,23440,,False,20,प्रतापगढ़,Pratapgarh,Pratapgarh,pratapgarh,False,लालगंज,Lalganj,Lalganj,lalganj,False,False,,,,,,,False,NA,NA,False,pratapgarh,lalganj,na,pratapgarh__lalganj__na,5,False,,Unknown,unknown,,महिला,Mahila,,,,normalized_key_collision
up2005__row23441,2005,gp_head_winner_records_2005.parquet,23441,,False,21,प्रतापगढ़,Pratapgarh,Pratapgarh,pratapgarh,False,लालगंज,Lalganj,Lalganj,lalganj,False,False,,,,,,,False,NA,NA,False,pratapgarh,lalganj,na,pratapgarh__lalganj__na,5,False,,Unknown,unknown,,पिछड़ी जाति,Pichadi Jati,,,,normalized_key_collision
up2005__row23444,2005,gp_head_winner_records_2005.parquet,23444,,False,24,प्रतापगढ़,Pratapgarh,Pratapgarh,pratapgarh,False,लालगंज,Lalganj,Lalganj,lalganj,False,False,,,,,,,False,NA,NA,False,pratapgarh,lalganj,na,pratapgarh__lalganj__na,5,False,,Unknown,unknown,,अनुसूचित जाति,Anusuchit Jati,,,,normalized_key_collision
up2005__row23445,2005,gp_head_winner_records_2005.parquet,23445,,False,25,प्रतापगढ़,Pratapgarh,Pratapgarh,pratapgarh,False,लालगंज,Lalganj,Lalganj,lalganj,False,False,,,,,,,False,NA,NA,False,pratapgarh,lalganj,na,pratapgarh__lalganj__na,5,False,अनारक्षित,Unreserved,general,0,पवन कुमार राकेश सिंह,,,,,normalized_key_collision
up2005__row23108,2005,gp_head_winner_records_2005.parquet,23108,,False,56,प्रतापगढ़,Pratapgarh,Pratapgarh,pratapgarh,False,सदर,Sadar,Sadar,sadar,False,False,,,,,,,False,NA,NA,False,pratapgarh,sadar,na,pratapgarh__sadar__na,5,False,,Unknown,unknown,,बबिता,Babita,महिला,1,,normalized_key_collision
up2005__row23109,2005,gp_head_winner_records_2005.parquet,23109,,False,57,प्रतापगढ़,Pratapgarh,Pratapgarh,pratapgarh,False,सदर,Sadar,Sadar,sadar,False,False,,,,,,,False,NA,NA,False,pratapgarh,sadar,na,pratapgarh__sadar__na,5,False,,Unknown,unknown,,जुमई खां,Jummai Khan,पुरुष,0,,normalized_key_collision
up2005__row23110,2005,gp_head_winner_records_2005.parquet,23110,,False,58,प्रतापगढ़,Pratapgarh,Pratapgarh,pratapgarh,False,सदर,Sadar,Sadar,sadar,False,False,,,,,,,False,NA,NA,False,pratapgarh,sadar,na,pratapgarh__sadar__na,5,False,,Unknown,unknown,,ऊषा देवी,Usha Devi,महिला,1,,normalized_key_collision
up2005__row23111,2005,gp_head_winner_records_2005.parquet,23111,,False,59,प्रतापगढ़,Pratapgarh,Pratapgarh,pratapgarh,False,सदर,Sadar,Sadar,sadar,False,False,,,,,,,False,NA,NA,False,pratapgarh,sadar,na,pratapgarh__sadar__na,5,False,,Unknown,unknown,,मो ० सादिक,Mo 0 Sadik,पुरुष,0,,normalized_key_collision
up2005__row23112,2005,gp_head_winner_records_2005.parquet,23112,,False,60,प्रतापगढ़,Pratapgarh,Pratapgarh,pratapgarh,False,सदर,Sadar,Sadar,sadar,False,False,,,,,,,False,NA,NA,False,pratapgarh,sadar,na,pratapgarh__sadar__na,5,False,,Unknown,unknown,,महिला मसरातुल निशा,Mahila Masratul Nisha,महिला,1,,normalized_key_collision
up2005__row23863,2005,gp_head_winner_records_2005.parquet,23863,,False,8,प्रतापगढ़,Pratapgarh,Pratapgarh,pratapgarh,False,शिवगढ़,Shivgarh,Shivgarh,shivgarh,False,False,,जगदीशपुर,,,,,False,Jagdishpur,Jagdishpur,False,pratapgarh,shivgarh,jagdishpur,pratapgarh__shivgarh__jagdishpur,2,False,महिला,Female,general,1,शशी देवी,Shashi Devi,महिला,1,,normalized_key_collision
up2005__row23902,2005,gp_head_winner_records_2005.parquet,23902,,False,47,प्रतापगढ़,Pratapgarh,Pratapgarh,pratapgarh,False,शिवगढ़,Shivgarh,Shivgarh,shivgarh,False,False,,जगदीशपुर,,,,,False,Jagdishpur,Jagdishpur,False,pratapgarh,shivgarh,jagdishpur,pratapgarh__shivgarh__jagdishpur,2,False,महिला,Female,general,1,शैलेश कुमारी,Shailesh Kumari,महिला,1,,normalized_key_collision
up2005__row22628,2005,gp_head_winner_records_2005.parquet,22628,,False,62,इलाहाबाद,Allahabad,Prayagraj,allahabad,True,प्रतापपुर,Pratapur,Pratapur,pratapur,False,False,,,,,,,False,NA,NA,False,prayagraj,pratapur,na,prayagraj__pratapur__na,3,False,,Unknown,unknown,,पिछड़ी जाति -,Backward Caste -,महिला,1,,normalized_key_collision
up2005__row22629,2005,gp_head_winner_records_2005.parquet,22629,,False,63,इलाहाबाद,Allahabad,Prayagraj,allahabad,True,प्रतापपुर,Pratapur,Pratapur,pratapur,False,False,,,,,,,False,NA,NA,False,prayagraj,pratapur,na,prayagraj__pratapur__na,3,False,,Unknown,unknown,,पिछड़ी जाति -,Backward Caste -,महिला,1,,normalized_key_collision
up2005__row22631,2005,gp_head_winner_records_2005.parquet,22631,,False,65,इलाहाबाद,Allahabad,Prayagraj,allahabad,True,प्रतापपुर,Pratapur,Pratapur,pratapur,False,False,,,,,,,False,NA,NA,False,prayagraj,pratapur,na,prayagraj__pratapur__na,3,False,,Unknown,unknown,,पिछड़ी जाति -,Backward Caste -,महिला,1,,normalized_key_collision
up2005__row24607,2005,gp_head_winner_records_2005.parquet,24607,,False,,रायबरेली,Rae bareli,Rae bareli,rae bareli,False,डीह,Deeha,Deeha,deeha,False,False,,जगतपुर,,,,,False,Jagatpur,Jagatpur,False,rae bareli,deeha,jagatpur,rae bareli__deeha__jagatpur,2,False,,Unknown,unknown,,,NA,,,,normalized_key_collision
up2005__row24617,2005,gp_head_winner_records_2005.parquet,24617,,False,10,रायबरेली,Rae bareli,Rae bareli,rae bareli,False,डीह,Deeha,Deeha,deeha,False,False,,जगतपुर,,,,,False,Jagatpur,Jagatpur,False,rae bareli,deeha,jagatpur,rae bareli__deeha__jagatpur,2,False,पिछड़ी जाति - महिला,Other Backward Class - Female,obc,1,शान्ति देवी,Shanti Devi,महिला,1,,normalized_key_collision
up2005__row6576,2005,gp_head_winner_records_2005.parquet,6576,,False,34,रामपुर,Rampur,Rampur,rampur,False,स्वार,Swar,Swar,swar,False,False,,महुआखेडा,,,,,False,Mahuakheda,Mahuakheda,False,rampur,swar,mahuakheda,rampur__swar__mahuakheda,2,False,महिला,Female,general,1,जैबुलनिशा,Zainulnisha,महिला,1,,normalized_key_collision
up2005__row6636,2005,gp_head_winner_records_2005.parquet,6636,,False,94,रामपुर,Rampur,Rampur,rampur,False,स्वार,Swar,Swar,swar,False,False,,महुआखेडा,,,,,False,Mahuakheda,Mahuakheda,False,rampur,swar,mahuakheda,rampur__swar__mahuakheda,2,False,पिछड़ी जाति - महिला,Other Backward Class - Female,obc,1,बानो बेगम,Bano Begum,महिला,1,,normalized_key_collision
up2005__row50226,2005,gp_head_winner_records_2005.parquet,50226,,False,16,संत रविदास नगर,Sant Ravidas Nagar,Sant Ravidas Nagar,sant ravidas nagar,False,औराई,Aurain,Aurain,aurain,False,False,,भवानीपुर,,,,,False,Bhawanipur,Bhawanipur,False,sant ravidas nagar,aurain,bhawanipur,sant ravidas nagar__aurain__bhawanipur,2,False,अनुसूचित जाति - महिला,Scheduled Caste - Female,sc,1,सरिता देवी,Sarita Devi,महिला,1,,normalized_key_collision
up2005__row50318,2005,gp_head_winner_records_2005.parquet,50318,,False,108,संत रविदास नगर,Sant Ravidas Nagar,Sant Ravidas Nagar,sant ravidas nagar,False,औराई,Aurain,Aurain,aurain,False,False,,भवानीपुर,,,,,False,Bhawanipur,Bhawanipur,False,sant ravidas nagar,aurain,bhawanipur,sant ravidas nagar__aurain__bhawanipur,2,False,महिला,Female,general,1,प्रेमादेवी,Premadevi,महिला,1,,normalized_key_collision
up2005__row50283,2005,gp_head_winner_records_2005.parquet,50283,,False,73,संत रविदास नगर,Sant Ravidas Nagar,Sant Ravidas Nagar,sant ravidas nagar,False,औराई,Aurain,Aurain,aurain,False,False,,,,,,,False,NA,NA,False,sant ravidas nagar,aurain,na,sant ravidas nagar__aurain__na,2,False,,Unknown,unknown,,शैलेन्द्र कुमार,Shailendra Kumar,पुरुष,0,,normalized_key_collision
up2005__row50316,2005,gp_head_winner_records_2005.parquet,50316,,False,106,संत रविदास नगर,Sant Ravidas Nagar,Sant Ravidas Nagar,sant ravidas nagar,False,औराई,Aurain,Aurain,aurain,False,False,,,,,,,False,NA,NA,False,sant ravidas nagar,aurain,na,sant ravidas nagar__aurain__na,2,False,महिला,Female,general,1,अमला देवी,Amla Devi,महिला,1,,normalized_key_collision
up2005__row50491,2005,gp_head_winner_records_2005.parquet,50491,,False,24,संत रविदास नगर,Sant Ravidas Nagar,Sant Ravidas Nagar,sant ravidas nagar,False,भदोही,Bhadohi,Bhadohi,bhadohi,False,False,,कोम,,,,,False,Kom,Kom,False,sant ravidas nagar,bhadohi,kom,sant ravidas nagar__bhadohi__kom,2,False,,Unknown,unknown,,कमलेश देवी,Kamlesh Devi,पुरुष,0,,normalized_key_collision
up2005__row50492,2005,gp_head_winner_records_2005.parquet,50492,,False,25,संत रविदास नगर,Sant Ravidas Nagar,Sant Ravidas Nagar,sant ravidas nagar,False,भदोही,Bhadohi,Bhadohi,bhadohi,False,False,,कोम,,,,,False,Kom,Kom,False,sant ravidas nagar,bhadohi,kom,sant ravidas nagar__bhadohi__kom,2,False,अनुसूचित जाति,Scheduled Caste,sc,0,रामअधार,Ramadhar,महिला,1,,normalized_key_collision
up2005__row50495,2005,gp_head_winner_records_2005.parquet,50495,,False,28,संत रविदास नगर,Sant Ravidas Nagar,Sant Ravidas Nagar,sant ravidas nagar,False,भदोही,Bhadohi,Bhadohi,bhadohi,False,False,,,,,,,False,NA,NA,False,sant ravidas nagar,bhadohi,na,sant ravidas nagar__bhadohi__na,6,False,महिला,Female,general,1,निर्मला मिश्र,Nirmala Mishra,पुरुष,0,,normalized_key_collision
up2005__row50498,2005,gp_head_winner_records_2005.parquet,50498,,False,31,संत रविदास नगर,Sant Ravidas Nagar,Sant Ravidas Nagar,sant ravidas nagar,False,भदोही,Bhadohi,Bhadohi,bhadohi,False,False,,,,,,,False,NA,NA,False,sant ravidas nagar,bhadohi,na,sant ravidas nagar__bhadohi__na,6,False,,Unknown,unknown,,रामयज्ञ,Ram Yajna,पुरुष,0,,normalized_key_collision
up2005__row50499,2005,gp_head_winner_records_2005.parquet,50499,,False,32,संत रविदास नगर,Sant Ravidas Nagar,Sant Ravidas Nagar,sant ravidas nagar,False,भदोही,Bhadohi,Bhadohi,bhadohi,False,False,,,,,,,False,NA,NA,False,sant ravidas nagar,bhadohi,na,sant ravidas nagar__bhadohi__na,6,False,,Unknown,unknown,,जाति महिला - रामा देवी नूरजहाँ,,महिला,1,,normalized_key_collision
up2005__row50500,2005,gp_head_winner_records_2005.parquet,50500,,False,33,संत रविदास नगर,Sant Ravidas Nagar,Sant Ravidas Nagar,sant ravidas nagar,False,भदोही,Bhadohi,Bhadohi,bhadohi,False,False,,,,,,,False,NA,NA,False,sant ravidas nagar,bhadohi,na,sant ravidas nagar__bhadohi__na,6,False,,Unknown,unknown,,नूरजहाँ महेन्द्र,Noorjahan Mahender,पुरुष,0,,normalized_key_collision
up2005__row50501,2005,gp_head_winner_records_2005.parquet,50501,,False,34,संत रविदास नगर,Sant Ravidas Nagar,Sant Ravidas Nagar,sant ravidas nagar,False,भदोही,Bhadohi,Bhadohi,bhadohi,False,False,,,,,,,False,NA,NA,False,sant ravidas nagar,bhadohi,na,sant ravidas nagar__bhadohi__na,6,False,,Unknown,unknown,,महेन्द्र,Mahendra,महिला,1,,normalized_key_collision
up2005__row50504,2005,gp_head_winner_records_2005.parquet,50504,,False,37,संत रविदास नगर,Sant Ravidas Nagar,Sant Ravidas Nagar,sant ravidas nagar,False,भदोही,Bhadohi,Bhadohi,bhadohi,False,False,,,,,,,False,NA,NA,False,sant ravidas nagar,bhadohi,na,sant ravidas nagar__bhadohi__na,6,False,,Unknown,unknown,,जाति रामजीत मीरा,Jaati Ramjit Mira,महिला,1,,normalized_key_collision
up2005__row50162,2005,gp_head_winner_records_2005.parquet,50162,,False,35,संत रविदास नगर,Sant Ravidas Nagar,Sant Ravidas Nagar,sant ravidas nagar,False,ज्ञानपुर,Gyanpur,Gyanpur,gyanpur,False,False,,दशरथपुर,,,,,False,Dashrathpur,Dashrathpur,False,sant ravidas nagar,gyanpur,dashrathpur,sant ravidas nagar__gyanpur__dashrathpur,2,False,महिला,Female,general,1,मुन्नी देवी,Munni Devi,महिला,1,,normalized_key_collision
up2005__row50164,2005,gp_head_winner_records_2005.parquet,50164,,False,37,संत रविदास नगर,Sant Ravidas Nagar,Sant Ravidas Nagar,sant ravidas nagar,False,ज्ञानपुर,Gyanpur,Gyanpur,gyanpur,False,False,,दशरथपुर,,,,,False,Dashrathpur,Dashrathpur,False,sant ravidas nagar,gyanpur,dashrathpur,sant ravidas nagar__gyanpur__dashrathpur,2,False,अनुसूचित जाति महिला,Scheduled Caste - Female,sc,1,भोला मुसहर,Bhola Musahar,महिला,1,,normalized_key_collision
up2005__row8479,2005,gp_head_winner_records_2005.parquet,8479,,False,26,शाहजहांपुर,Shahjahnapur,Shahjahanpur,shahjahnapur,True,भावलखेड़ा,Bhavlakheda,Bhavlakheda,bhavlakheda,False,False,,डींगुरपुर,,,,,False,Dingarpur,Dingarpur,False,shahjahanpur,bhavlakheda,dingarpur,shahjahanpur__bhavlakheda__dingarpur,2,False,,Unknown,unknown,,अनारक्षित गुलशेर खाँ अनुसूचित जाति जगदेयी,Anarakshit Gulsher Khan Anusuchit Jati Jagdeyi,पुरुष,0,,normalized_key_collision
up2005__row8480,2005,gp_head_winner_records_2005.parquet,8480,,False,27,शाहजहांपुर,Shahjahnapur,Shahjahanpur,shahjahnapur,True,भावलखेड़ा,Bhavlakheda,Bhavlakheda,bhavlakheda,False,False,,डींगुरपुर,,,,,False,Dingarpur,Dingarpur,False,shahjahanpur,bhavlakheda,dingarpur,shahjahanpur__bhavlakheda__dingarpur,2,False,,Unknown,unknown,,अनुसूचित जाति जगदेयी पिछड़ी जाति विनोद कुमार पिछड़ी जाति - महिला बीना देवी,,महिला,1,,normalized_key_collision
up2005__row8484,2005,gp_head_winner_records_2005.parquet,8484,,False,31,शाहजहांपुर,Shahjahnapur,Shahjahanpur,shahjahnapur,True,भावलखेड़ा,Bhavlakheda,Bhavlakheda,bhavlakheda,False,False,,ल ल,,,,,False,L L,L L,False,shahjahanpur,bhavlakheda,l l,shahjahanpur__bhavlakheda__l l,3,False,,Unknown,unknown,,अनारक्षित नसीम खाँ अनारक्षित कप्तान सिंह,Anarakshit Naseem Khan Anarakshit Kaptaan Singh,महिला,1,,normalized_key_collision
up2005__row8485,2005,gp_head_winner_records_2005.parquet,8485,,False,32,शाहजहांपुर,Shahjahnapur,Shahjahanpur,shahjahnapur,True,भावलखेड़ा,Bhavlakheda,Bhavlakheda,bhavlakheda,False,False,,ल ल,,,,,False,L L,L L,False,shahjahanpur,bhavlakheda,l l,shahjahanpur__bhavlakheda__l l,3,False,,Unknown,unknown,,अनारक्षित कप्तान सिंह पिछड़ी जाति महिला - शकुन्तला,Anarakshit Kaptaan Singh Pich hDha Jaati Mahila - Shak uantla,पुरुष,0,,normalized_key_collision
up2005__row8486,2005,gp_head_winner_records_2005.parquet,8486,,False,33,शाहजहांपुर,Shahjahnapur,Shahjahanpur,shahjahnapur,True,भावलखेड़ा,Bhavlakheda,Bhavlakheda,bhavlakheda,False,False,,ल ल,,,,,False,L L,L L,False,shahjahanpur,bhavlakheda,l l,shahjahanpur__bhavlakheda__l l,3,False,,Unknown,unknown,,पिछड़ी जाति महिला - शकुन्तला अनारक्षित संजय कुमार,,पुरुष,0,,normalized_key_collision
up2005__row8489,2005,gp_head_winner_records_2005.parquet,8489,,False,36,शाहजहांपुर,Shahjahnapur,Shahjahanpur,shahjahnapur,True,भावलखेड़ा,Bhavlakheda,Bhavlakheda,bhavlakheda,False,False,,,,,,,False,NA,NA,False,shahjahanpur,bhavlakheda,na,shahjahanpur__bhavlakheda__na,9,False,,Unknown,unknown,,अनुसूचित जाति सुखपाल पिछड़ी जाति - महिला रिक्त बाड़ीग अनारक्षित सोफिया,,पुरुष,0,,normalized_key_collision
up2005__row8490,2005,gp_head_winner_records_2005.parquet,8490,,False,37,शाहजहांपुर,Shahjahnapur,Shahjahanpur,shahjahnapur,True,भावलखेड़ा,Bhavlakheda,Bhavlakheda,bhavlakheda,False,False,,,,,,,False,NA,NA,False,shahjahanpur,bhavlakheda,na,shahjahanpur__bhavlakheda__na,9,False,,Unknown,unknown,,पिछड़ी जाति - महिला रिक्त बाड़ीग अनारक्षित सोफिया अनारक्षित गुड्डू सिंह,Pichhri Jati - Mahila Rikt Badigar Anaraksht Sofia Anaraksht Guddu Singh,पुरुष,0,,normalized_key_collision
up2005__row8491,2005,gp_head_winner_records_2005.parquet,8491,,False,38,शाहजहांपुर,Shahjahnapur,Shahjahanpur,shahjahnapur,True,भावलखेड़ा,Bhavlakheda,Bhavlakheda,bhavlakheda,False,False,,,,,,,False,NA,NA,False,shahjahanpur,bhavlakheda,na,shahjahanpur__bhavlakheda__na,9,False,,Unknown,unknown,,बाड़ीग अनारक्षित सोफिया अनारक्षित गुड्डू सिंह अनारक्षित नरेन्द्र सिंह,Badig Anaarxit Sofia Anaarxit Guddu Singh Anaarxit Narendra Singh,पुरुष,0,,normalized_key_collision
up2005__row8493,2005,gp_head_winner_records_2005.parquet,8493,,False,40,शाहजहांपुर,Shahjahnapur,Shahjahanpur,shahjahnapur,True,भावलखेड़ा,Bhavlakheda,Bhavlakheda,bhavlakheda,False,False,,,,,,,False,NA,NA,False,shahjahanpur,bhavlakheda,na,shahjahanpur__bhavlakheda__na,9,False,,Unknown,unknown,,अनारक्षित नरेन्द्र अनुसूचित जाति प्यारेलाल पिछड़ी जाति श्री,,पुरुष,0,,normalized_key_collision
up2005__row8495,2005,gp_head_winner_records_2005.parquet,8495,,False,42,शाहजहांपुर,Shahjahnapur,Shahjahanpur,shahjahnapur,True,भावलखेड़ा,Bhavlakheda,Bhavlakheda,bhavlakheda,False,False,,,,,,,False,NA,NA,False,shahjahanpur,bhavlakheda,na,shahjahanpur__bhavlakheda__na,9,False,,Unknown,unknown,,पिछड़ी जाति श्री अनुसूचित जाति रामकुमार क अनुसूचित जाति - महिला नत्थो,,महिला,1,,normalized_key_collision
up2005__row8496,2005,gp_head_winner_records_2005.parquet,8496,,False,43,शाहजहांपुर,Shahjahnapur,Shahjahanpur,shahjahnapur,True,भावलखेड़ा,Bhavlakheda,Bhavlakheda,bhavlakheda,False,False,,,,,,,False,NA,NA,False,shahjahanpur,bhavlakheda,na,shahjahanpur__bhavlakheda__na,9,False,,Unknown,unknown,,अनुसूचित जाति रामकुमार क अनुसूचित जाति - महिला नत्थो महिला संतोष,,महिला,1,,normalized_key_collision
up2005__row8497,2005,gp_head_winner_records_2005.parquet,8497,,False,44,शाहजहांपुर,Shahjahnapur,Shahjahanpur,shahjahnapur,True,भावलखेड़ा,Bhavlakheda,Bhavlakheda,bhavlakheda,False,False,,,,,,,False,NA,NA,False,shahjahanpur,bhavlakheda,na,shahjahanpur__bhavlakheda__na,9,False,,Unknown,unknown,,क अनुसूचित जाति - महिला नत्थो नगर महिला संतोष महिला कृष्णा,K Anusuchit Jati - Mahila Nattho Nagar Mahila Santosh Mahila Krishna,,,,normalized_key_collision
up2005__row8498,2005,gp_head_winner_records_2005.parquet,8498,,False,45,शाहजहांपुर,Shahjahnapur,Shahjahanpur,shahjahnapur,True,भावलखेड़ा,Bhavlakheda,Bhavlakheda,bhavlakheda,False,False,,,,,,,False,NA,NA,False,shahjahanpur,bhavlakheda,na,shahjahanpur__bhavlakheda__na,9,False,,Unknown,unknown,,नगर महिला संतोष महिला कृष्णा,Nagar Mahila Santosh Mahila Krishna,,,,normalized_key_collision
up2005__row8499,2005,gp_head_winner_records_2005.parquet,8499,,False,46,शाहजहांपुर,Shahjahnapur,Shahjahanpur,shahjahnapur,True,भावलखेड़ा,Bhavlakheda,Bhavlakheda,bhavlakheda,False,False,,,,,,,False,NA,NA,False,shahjahanpur,bhavlakheda,na,shahjahanpur__bhavlakheda__na,9,False,,Unknown,unknown,,महिला कृष्णा ( 232,Mahila Krishna (232,,,,normalized_key_collision
up2005__row8605,2005,gp_head_winner_records_2005.parquet,8605,,False,7,शाहजहांपुर,Shahjahnapur,Shahjahanpur,shahjahnapur,True,मिर्जापुर,Mirzapur,Mirzapur,mirzapur,False,False,,भरतापुर,,,,,False,Bharatpur,Bharatpur,False,shahjahanpur,mirzapur,bharatpur,shahjahanpur__mirzapur__bharatpur,2,False,अनारक्षित,Unreserved,general,0,रामदेव,Ram Dev,पुरुष,0,,normalized_key_collision
up2005__row8619,2005,gp_head_winner_records_2005.parquet,8619,,False,21,शाहजहांपुर,Shahjahnapur,Shahjahanpur,shahjahnapur,True,मिर्जापुर,Mirzapur,Mirzapur,mirzapur,False,False,,भरतापुर,,,,,False,Bharatpur,Bharatpur,False,shahjahanpur,mirzapur,bharatpur,shahjahanpur__mirzapur__bharatpur,2,False,अनारक्षित,Unreserved,general,0,जितेन्द्र,Jitendra,पुरुष,0,,normalized_key_collision
up2005__row30877,2005,gp_head_winner_records_2005.parquet,30877,,False,0,श्रावस्ती,Shravasti,Shravasti,shravasti,False,जमुनहा,Jamunha,Jamunha,jamunha,False,False,,महदेवा नासिरगॅज,,,,,False,Mahdeva Nasirganj,Mahdeva Nasirganj,False,shravasti,jamunha,mahdeva nasirganj,shravasti__jamunha__mahdeva nasirganj,2,False,पिछड़ी जाति - महिला,Other Backward Class - Female,obc,1,तैयबा बेगम,Taiyba Begam,महिला,1,,normalized_key_collision
up2005__row30925,2005,gp_head_winner_records_2005.parquet,30925,,False,48,श्रावस्ती,Shravasti,Shravasti,shravasti,False,जमुनहा,Jamunha,Jamunha,jamunha,False,False,,महदेवा नासिरगॅज,,,,,False,Mahdeva Nasirganj,Mahdeva Nasirganj,False,shravasti,jamunha,mahdeva nasirganj,shravasti__jamunha__mahdeva nasirganj,2,False,पिछड़ी जाति - महिला,Other Backward Class - Female,obc,1,तैय्यबा बेगम,Taiyyaba Begum,महिला,1,,normalized_key_collision
up2005__row38269,2005,gp_head_winner_records_2005.parquet,38269,,False,11,सिद्धार्थनगर,Siddharth Nagar,Siddharth Nagar,siddharth nagar,False,इटवा,Itwa,Itwa,itwa,False,False,,सेमरा,,,,,False,Semra,Semra,False,siddharth nagar,itwa,semra,siddharth nagar__itwa__semra,2,False,अनारक्षित,Unreserved,general,0,अ ० हमीद,A 0 Hameed,पुरुष,0,,normalized_key_collision
up2005__row38305,2005,gp_head_winner_records_2005.parquet,38305,,False,47,सिद्धार्थनगर,Siddharth Nagar,Siddharth Nagar,siddharth nagar,False,इटवा,Itwa,Itwa,itwa,False,False,,सेमरा,,,,,False,Semra,Semra,False,siddharth nagar,itwa,semra,siddharth nagar__itwa__semra,2,False,अनारक्षित,Unreserved,general,0,अ ० व,A 0 V,पुरुष,0,,normalized_key_collision
up2005__row27904,2005,gp_head_winner_records_2005.parquet,27904,,False,63,सीतापुर,Sitapur,Sitapur,sitapur,False,बेहटा,Behata,Behata,behata,False,False,,,,,,,False,NA,NA,False,sitapur,behata,na,sitapur__behata__na,5,False,,Unknown,unknown,,अनारक्षित रमेश,Anarakshit Ramesh,पुरुष,0,,normalized_key_collision
up2005__row27905,2005,gp_head_winner_records_2005.parquet,27905,,False,64,सीतापुर,Sitapur,Sitapur,sitapur,False,बेहटा,Behata,Behata,behata,False,False,,,,,,,False,NA,NA,False,sitapur,behata,na,sitapur__behata__na,5,False,,Unknown,unknown,,महिला,Mahila,महिला,1,,normalized_key_collision
up2005__row27906,2005,gp_head_winner_records_2005.parquet,27906,,False,65,सीतापुर,Sitapur,Sitapur,sitapur,False,बेहटा,Behata,Behata,behata,False,False,,,,,,,False,NA,NA,False,sitapur,behata,na,sitapur__behata__na,5,False,,Unknown,unknown,,मरोड़ अनुसूचित जाति राम,Marod Anusuchit Jati Ram,पुरुष,0,,normalized_key_collision
up2005__row27908,2005,gp_head_winner_records_2005.parquet,27908,,False,67,सीतापुर,Sitapur,Sitapur,sitapur,False,बेहटा,Behata,Behata,behata,False,False,,,,,,,False,NA,NA,False,sitapur,behata,na,sitapur__behata__na,5,False,,Unknown,unknown,,अनारक्षित,Anarakshit,पुरुष,0,,normalized_key_collision
up2005__row27911,2005,gp_head_winner_records_2005.parquet,27911,,False,70,सीतापुर,Sitapur,Sitapur,sitapur,False,बेहटा,Behata,Behata,behata,False,False,,,,,,,False,NA,NA,False,sitapur,behata,na,sitapur__behata__na,5,False,,Unknown,unknown,,अनारक्षित,Anarakshit,पुरुष,0,,normalized_key_collision
up2005__row34271,2005,gp_head_winner_records_2005.parquet,34271,,False,9,सुल्तानपुर,Sultanpur,Sultanpur,sultanpur,False,दोस्तपुर,Dostpur,Dostpur,dostpur,False,False,,धतुरहा,,,,,False,Dhaturaha,Dhaturaha,False,sultanpur,dostpur,dhaturaha,sultanpur__dostpur__dhaturaha,2,False,,Unknown,unknown,,- महिला राजकुमारी हबीबुर रहमान,,पुरुष,0,,normalized_key_collision
up2005__row34272,2005,gp_head_winner_records_2005.parquet,34272,,False,10,सुल्तानपुर,Sultanpur,Sultanpur,sultanpur,False,दोस्तपुर,Dostpur,Dostpur,dostpur,False,False,,धतुरहा,,,,,False,Dhaturaha,Dhaturaha,False,sultanpur,dostpur,dhaturaha,sultanpur__dostpur__dhaturaha,2,False,,Unknown,unknown,,हबीबुर रहमान चन्दी प्रकाश,Habibur Rahman Chandi Prakash,पुरुष,0,,normalized_key_collision
up2005__row34270,2005,gp_head_winner_records_2005.parquet,34270,,False,8,सुल्तानपुर,Sultanpur,Sultanpur,sultanpur,False,दोस्तपुर,Dostpur,Dostpur,dostpur,False,False,,,,,,,False,NA,NA,False,sultanpur,dostpur,na,sultanpur__dostpur__na,14,False,,Unknown,unknown,,महिला राजकुमारी,Mahila Rajkumari,पुरुष,0,,normalized_key_collision
up2005__row34273,2005,gp_head_winner_records_2005.parquet,34273,,False,11,सुल्तानपुर,Sultanpur,Sultanpur,sultanpur,False,दोस्तपुर,Dostpur,Dostpur,dostpur,False,False,,,,,,,False,NA,NA,False,sultanpur,dostpur,na,sultanpur__dostpur__na,14,False,,Unknown,unknown,,चिन्तामणि,Chintamani,पुरुष,0,,normalized_key_collision
up2005__row34274,2005,gp_head_winner_records_2005.parquet,34274,,False,12,सुल्तानपुर,Sultanpur,Sultanpur,sultanpur,False,दोस्तपुर,Dostpur,Dostpur,dostpur,False,False,,,,,,,False,NA,NA,False,sultanpur,dostpur,na,sultanpur__dostpur__na,14,False,,Unknown,unknown,,इस्माइल,Ismail,पुरुष,0,,normalized_key_collision
up2005__row34275,2005,gp_head_winner_records_2005.parquet,34275,,False,13,सुल्तानपुर,Sultanpur,Sultanpur,sultanpur,False,दोस्तपुर,Dostpur,Dostpur,dostpur,False,False,,,,,,,False,NA,NA,False,sultanpur,dostpur,na,sultanpur__dostpur__na,14,False,,Unknown,unknown,,- महिला शान्ती,- Mahila Shanti,पुरुष,0,,normalized_key_collision
up2005__row34276,2005,gp_head_winner_records_2005.parquet,34276,,False,14,सुल्तानपुर,Sultanpur,Sultanpur,sultanpur,False,दोस्तपुर,Dostpur,Dostpur,dostpur,False,False,,,,,,,False,NA,NA,False,sultanpur,dostpur,na,sultanpur__dostpur__na,14,False,,Unknown,unknown,,जाति रामदौर,Jati Ramdaur,पुरुष,0,,normalized_key_collision
up2005__row34277,2005,gp_head_winner_records_2005.parquet,34277,,False,15,सुल्तानपुर,Sultanpur,Sultanpur,sultanpur,False,दोस्तपुर,Dostpur,Dostpur,dostpur,False,False,,,,,,,False,NA,NA,False,sultanpur,dostpur,na,sultanpur__dostpur__na,14,False,,Unknown,unknown,,प्रेमा,Prema,पुरुष,0,,normalized_key_collision
up2005__row34278,2005,gp_head_winner_records_2005.parquet,34278,,False,16,सुल्तानपुर,Sultanpur,Sultanpur,sultanpur,False,दोस्तपुर,Dostpur,Dostpur,dostpur,False,False,,,,,,,False,NA,NA,False,sultanpur,dostpur,na,sultanpur__dostpur__na,14,False,,Unknown,unknown,,प्रेमा आसुतोष,Prema Asutosh,पुरुष,0,,normalized_key_collision
up2005__row34279,2005,gp_head_winner_records_2005.parquet,34279,,False,17,सुल्तानपुर,Sultanpur,Sultanpur,sultanpur,False,दोस्तपुर,Dostpur,Dostpur,dostpur,False,False,,,,,,,False,NA,NA,False,sultanpur,dostpur,na,sultanpur__dostpur__na,14,False,,Unknown,unknown,,आसुतोष जाति महिला -- लीलावती,Asutosh Jaati Mahila -- Leelavati,महिला,1,,normalized_key_collision
up2005__row34280,2005,gp_head_winner_records_2005.parquet,34280,,False,18,सुल्तानपुर,Sultanpur,Sultanpur,sultanpur,False,दोस्तपुर,Dostpur,Dostpur,dostpur,False,False,,,,,,,False,NA,NA,False,sultanpur,dostpur,na,sultanpur__dostpur__na,14,False,,Unknown,unknown,,जाति महिला -- जाति मुन्नीलाल,,पुरुष,0,,normalized_key_collision
up2005__row34281,2005,gp_head_winner_records_2005.parquet,34281,,False,19,सुल्तानपुर,Sultanpur,Sultanpur,sultanpur,False,दोस्तपुर,Dostpur,Dostpur,dostpur,False,False,,,,,,,False,NA,NA,False,sultanpur,dostpur,na,sultanpur__dostpur__na,14,False,,Unknown,unknown,,मुन्नीलाल बिठाना,Munnilal Bithana,महिला,1,,normalized_key_collision
up2005__row34282,2005,gp_head_winner_records_2005.parquet,34282,,False,20,सुल्तानपुर,Sultanpur,Sultanpur,sultanpur,False,दोस्तपुर,Dostpur,Dostpur,dostpur,False,False,,,,,,,False,NA,NA,False,sultanpur,dostpur,na,sultanpur__dostpur__na,14,False,,Unknown,unknown,,बिरोजा,Birroja,महिला,1,,normalized_key_collision
up2005__row34283,2005,gp_head_winner_records_2005.parquet,34283,,False,21,सुल्तानपुर,Sultanpur,Sultanpur,sultanpur,False,दोस्तपुर,Dostpur,Dostpur,dostpur,False,False,,,,,,,False,NA,NA,False,sultanpur,dostpur,na,sultanpur__dostpur__na,14,False,,Unknown,unknown,,रेखादेवी,Rekha Devi,पुरुष,0,,normalized_key_collision
up2005__row34284,2005,gp_head_winner_records_2005.parquet,34284,,False,22,सुल्तानपुर,Sultanpur,Sultanpur,sultanpur,False,दोस्तपुर,Dostpur,Dostpur,dostpur,False,False,,,,,,,False,NA,NA,False,sultanpur,dostpur,na,sultanpur__dostpur__na,14,False,,Unknown,unknown,,अनुसूचित जाति,Anusuchit Jati,पुरुष,0,,normalized_key_collision
up2005__row34287,2005,gp_head_winner_records_2005.parquet,34287,,False,25,सुल्तानपुर,Sultanpur,Sultanpur,sultanpur,False,दोस्तपुर,Dostpur,Dostpur,dostpur,False,False,,,,,,,False,NA,NA,False,sultanpur,dostpur,na,sultanpur__dostpur__na,14,False,,Unknown,unknown,,महिला पिछड़ी जाति महिला -,Mahila Pichdi Jati Mahila -,पुरुष,0,,normalized_key_collision
up2005__row48299,2005,gp_head_winner_records_2005.parquet,48299,,False,16,वाराणसी,Varanasi,Varanasi,varanasi,False,चोलापुर,Cholapur,Cholapur,cholapur,False,False,,रामपुर,,,,,False,Rampur,Rampur,False,varanasi,cholapur,rampur,varanasi__cholapur__rampur,2,False,महिला,Female,general,1,उषा पत्नी जयप्रकाश,Usha Patel Jayprakash,महिला,1,,normalized_key_collision
up2005__row48330,2005,gp_head_winner_records_2005.parquet,48330,,False,47,वाराणसी,Varanasi,Varanasi,varanasi,False,चोलापुर,Cholapur,Cholapur,cholapur,False,False,,रामपुर,,,,,False,Rampur,Rampur,False,varanasi,cholapur,rampur,varanasi__cholapur__rampur,2,False,अनारक्षित,Unreserved,general,0,हवलदार पुत्र हरदेव,Havaldar Putra Hardev,पुरुष,0,,normalized_key_collision
up2005__row48218,2005,gp_head_winner_records_2005.parquet,48218,,False,33,वाराणसी,Varanasi,Varanasi,varanasi,False,पिण्ड्रा,Pindra,Pindra,pindra,False,False,,इन्दरपुर,,,,,False,Inderpur,Inderpur,False,varanasi,pindra,inderpur,varanasi__pindra__inderpur,2,False,अनारक्षित,Unreserved,general,0,विजेन्द्र पुत्र हरि,Vijendra Putra Hari,पुरुष,0,,normalized_key_collision
up2005__row48220,2005,gp_head_winner_records_2005.parquet,48220,,False,35,वाराणसी,Varanasi,Varanasi,varanasi,False,पिण्ड्रा,Pindra,Pindra,pindra,False,False,,इन्दरपुर,,,,,False,Inderpur,Inderpur,False,varanasi,pindra,inderpur,varanasi__pindra__inderpur,2,False,महिला,Female,general,1,बेबी यादव पुत्र विजय,Baby Yadav Putra Vijay,पुरुष,0,,normalized_key_collision
up2005__row48205,2005,gp_head_winner_records_2005.parquet,48205,,False,20,वाराणसी,Varanasi,Varanasi,varanasi,False,पिण्ड्रा,Pindra,Pindra,pindra,False,False,,शाहपुर,,,,,False,Shahpur,Shahpur,False,varanasi,pindra,shahpur,varanasi__pindra__shahpur,2,False,अनारक्षित,Unreserved,general,0,शोभनाथ पुत्र रामजियाव,Shobhanath Putra Ramjiaw,पुरुष,0,,normalized_key_collision
up2005__row48212,2005,gp_head_winner_records_2005.parquet,48212,,False,27,वाराणसी,Varanasi,Varanasi,varanasi,False,पिण्ड्रा,Pindra,Pindra,pindra,False,False,,शाहपुर,,,,,False,Shahpur,Shahpur,False,varanasi,pindra,shahpur,varanasi__pindra__shahpur,2,False,अनारक्षित,Unreserved,general,0,चन्द्रशेखर पुत्र रामचन्दर,Chandrashekhar Putra Ramchander,पुरुष,0,,normalized_key_collision
up2010__row1630,2010,gp_head_winner_records_2010.parquet,1630,,False,120,पीलीभीत,Pilibhit,Pilibhit,pilibhit,False,पूरनपुर,Purnanpur,Purnanpur,purnanpur,False,False,,TETT,,,,,False,,,False,pilibhit,purnanpur,,,,False,पिछड़ी जाति,Other Backward Class,obc,0,कमलेश,Kamlesh,पुरुष,0,,missing_normalized_component
up2010__row1671,2010,gp_head_winner_records_2010.parquet,1671,,False,22,इटावा,Itawah,Etawah,itawah,True,भरथना,Bharathana,Bharathana,bharathana,False,False,,"अकबरपुर , दौलतपुर",,,,,False,,,False,etawah,bharathana,,,,False,महिला,Female,general,1,श्रीमती शिवकुमारी,Shrimati Shivakumari,महिला,1,,missing_normalized_component
up2010__row3070,2010,gp_head_winner_records_2010.parquet,3070,,False,9,गाजियाबाद,Ghaziabad,Ghaziabad,ghaziabad,False,मुरादनगर,Muradnagar,Muradnagar,muradnagar,False,False,,%,,,,,False,%,%,False,ghaziabad,muradnagar,,,,False,पिछड़ी जाति,Other Backward Class,obc,0,जसवन्त,Jaswant,पुरुष,0,,missing_normalized_component
up2010__row4251,2010,gp_head_winner_records_2010.parquet,4251,,False,4,शाहजहांपुर,Shahjahnapur,Shahjahanpur,shahjahnapur,True,ददरौल,Daderol,Daderol,daderol,False,False,,%,,,,,False,%,%,False,shahjahanpur,daderol,,,,False,पिछड़ी जाति,Other Backward Class,obc,0,आसमा बेगम,Asma Begum,महिला,1,,missing_normalized_component
up2010__row4897,2010,gp_head_winner_records_2010.parquet,4897,,False,48,देवरिया,Devaria,Deoria,devaria,True,बैतालपुर,Baitaalpur,Baitaalpur,baitaalpur,False,False,,औरा चौरी,,,,,False,,,False,deoria,baitaalpur,,,,False,अनारक्षित,Unreserved,general,0,सुमन,Suman,महिला,1,,missing_normalized_component
up2010__row4900,2010,gp_head_winner_records_2010.parquet,4900,,False,67,संत कबीर नगर,Sant Kabeer Nagar,Sant Kabeer Nagar,sant kabeer nagar,False,हैसरबाजार,Hesarbazar,Hesarbazar,hesarbazar,False,False,,औराडाड़,,,,,False,,,False,sant kabeer nagar,hesarbazar,,,,False,अनुसूचित जाति,Scheduled Caste,sc,0,भोला प्रसाद,Bhola Prasad,पुरुष,0,,missing_normalized_component
up2010__row4901,2010,gp_head_winner_records_2010.parquet,4901,,False,20,गोंडा,Gonda,Gonda,gonda,False,बभनजोत,Bhabha njot,Bhabha njot,bhabha njot,False,False,,औराडीह,,,,,False,,,False,gonda,bhabha njot,,,,False,अनारक्षित,Unreserved,general,0,मो ० रफीक,Mo 0 Rafiq,पुरुष,0,,missing_normalized_component
up2010__row4902,2010,gp_head_winner_records_2010.parquet,4902,,False,111,सिद्धार्थनगर,Siddharth Nagar,Siddharth Nagar,siddharth nagar,False,डुमरियागंज,Dumriaganj,Dumriaganj,dumriaganj,False,False,,औराताल,,,,,False,,,False,siddharth nagar,dumriaganj,,,,False,अनारक्षित,Unreserved,general,0,मो ० मुबीन,Mo 0 Mubeen,पुरुष,0,,missing_normalized_component
up2010__row4904,2010,gp_head_winner_records_2010.parquet,4904,,False,34,बदायूं,Budaun,Budaun,budaun,False,जगत,Jagat,Jagat,jagat,False,False,,±,,,,,False,,,False,budaun,jagat,,,,False,अनारक्षित,Unreserved,general,0,श्रीपाल,Shripal,पुरुष,0,,missing_normalized_component
up2010__row4907,2010,gp_head_winner_records_2010.parquet,4907,,False,26,बहराइच,Bahraich,Bahraich,bahraich,False,महसी,Mahsi,Mahsi,mahsi,False,False,,औराही,,,,,False,,,False,bahraich,mahsi,,,,False,अनुसूचित जाति,Scheduled Caste,sc,0,मेवा लाल,Mewa Lal,पुरुष,0,,missing_normalized_component
up2010__row6632,2010,gp_head_winner_records_2010.parquet,6632,,False,66,अलीगढ़,Aligarh,Aligarh,aligarh,False,चण्डौस,Chandous,Chandous,chandous,False,False,,किन्हुआ,,,,,False,,,False,aligarh,chandous,,,,False,महिला,Female,general,1,मालती देवी,Malti Devi,महिला,1,,missing_normalized_component
up2010__row6724,2010,gp_head_winner_records_2010.parquet,6724,,False,34,श्रावस्ती,Shravasti,Shravasti,shravasti,False,गिलौला,Gilola,Gilola,gilola,False,False,,±,,,,,False,,,False,shravasti,gilola,,,,False,अनुसूचित जाति,Scheduled Caste,sc,0,हनोमान,Hanoman,पुरुष,0,,missing_normalized_component
up2010__row6946,2010,gp_head_winner_records_2010.parquet,6946,,False,9,देवरिया,Devaria,Deoria,devaria,True,भागलपुर,Bhagalpur,Bhagalpur,bhagalpur,False,False,,"कुण्डावल हरि ,",,,,,False,,,False,deoria,bhagalpur,,,,False,अनारक्षित,Unreserved,general,0,धरीक्षन,Dharikshan,पुरुष,0,,missing_normalized_component
up2010__row8321,2010,gp_head_winner_records_2010.parquet,8321,,False,34,पीलीभीत,Pilibhit,Pilibhit,pilibhit,False,बीसलपुर,Bisalpur,Bisalpur,bisalpur,False,False,,±,,,,,False,,,False,pilibhit,bisalpur,,,,False,पिछड़ी जाति - महिला,Other Backward Class - Female,obc,1,रेखा देवी,Rekha Devi,महिला,1,,missing_normalized_component
up2010__row9850,2010,gp_head_winner_records_2010.parquet,9850,,False,55,महाराजगंज,Maharajganj,Maharajganj,maharajganj,False,पनियरा,Paniyara,Paniyara,paniyara,False,False,,er,,,,,False,,,False,maharajganj,paniyara,,,,False,अनारक्षित,Unreserved,general,0,निर्मला देवी,Nirmala Devi,महिला,1,,missing_normalized_component
up2010__row10210,2010,gp_head_winner_records_2010.parquet,10210,,False,36,मथुरा,Mathura,Mathura,mathura,False,छाता,Chhata,Chhata,chhata,False,False,,गुहेता  बिस्सा,,,,,False,,,False,mathura,chhata,,,,False,अनारक्षित,Unreserved,general,0,राधारमन,Radharaman,पुरुष,0,,missing_normalized_component
up2010__row11090,2010,gp_head_winner_records_2010.parquet,11090,,False,16,बरेली,Bareilly,Bareilly,bareilly,False,भोजीपुरा,Bhojipura,Bhojipura,bhojipura,False,False,,SS,,,,,False,,,False,bareilly,bhojipura,,,,False,अनारक्षित,Unreserved,general,0,मोमीन उद्दीन,Momin Uddin,पुरुष,0,,missing_normalized_component
up2010__row12508,2010,gp_head_winner_records_2010.parquet,12508,,False,22,कुशीनगर,Kushinagar,Kushi Nagar,kushinagar,True,पड़रौना,Padrauna,Padrauna,padrauna,False,False,,जं  जगदीश,,,,,False,,,False,kushi nagar,padrauna,,,,False,महिला,Female,general,1,बुधिया,Budhiya,महिला,1,,missing_normalized_component
up2010__row12534,2010,gp_head_winner_records_2010.parquet,12534,,False,6,कुशीनगर,Kushinagar,Kushi Nagar,kushinagar,True,पड़रौना,Padrauna,Padrauna,padrauna,False,False,,जं  हनुमानगंज,,,,,False,,,False,kushi nagar,padrauna,,,,False,अनारक्षित,Unreserved,general,0,छेदी,Chhedi,पुरुष,0,,missing_normalized_component
up2010__row12535,2010,gp_head_winner_records_2010.parquet,12535,,False,19,कुशीनगर,Kushinagar,Kushi Nagar,kushinagar,True,पड़रौना,Padrauna,Padrauna,padrauna,False,False,,जं O नाहर छपरा,,,,,False,,,False,kushi nagar,padrauna,,,,False,अनारक्षित,Unreserved,general,0,राम प्रसाद,Ram Prasad,पुरुष,0,,missing_normalized_component
up2010__row13011,2010,gp_head_winner_records_2010.parquet,13011,,False,28,देवरिया,Devaria,Deoria,devaria,True,सलेमपुर,Salempur,Salempur,salempur,False,False,,जमुआ नं,,,,,False,,,False,deoria,salempur,,,,False,महिला,Female,general,1,सुषमा देवी,Sushma Devi,महिला,1,,missing_normalized_component
up2010__row13261,2010,gp_head_winner_records_2010.parquet,13261,,False,56,मुरादाबाद,Muradabad,Moradabad,muradabad,True,बिलारी,Bilari,Bilari,bilari,False,False,,on,,,,,False,,,False,moradabad,bilari,,,,False,महिला,Female,general,1,ताहिरा बेगम,Tahira Begam,महिला,1,,missing_normalized_component
up2010__row13506,2010,gp_head_winner_records_2010.parquet,13506,,False,60,इलाहाबाद,Allahabad,Prayagraj,allahabad,True,फूलपुर,Phoolpur,Phoolpur,phoolpur,False,False,,जाफरपुर उर्फ बाबूगंज,,,,,False,,,False,prayagraj,phoolpur,,,,False,अनारक्षित,Unreserved,general,0,रामदास,Ram Daas,पुरुष,0,,missing_normalized_component
up2010__row13997,2010,gp_head_winner_records_2010.parquet,13997,,False,8,शाहजहांपुर,Shahjahnapur,Shahjahanpur,shahjahnapur,True,जलालाबाद,Jalalabad,Jalalabad,jalalabad,False,False,,ज्ञानपुर मंगोला ( कोयल,,,,,False,,,False,shahjahanpur,jalalabad,,,,False,अनुसूचित जाति,Scheduled Caste,sc,0,नन्ही,Nanhi,महिला,1,,missing_normalized_component
up2010__row14210,2010,gp_head_winner_records_2010.parquet,14210,,False,15,रायबरेली,Rae bareli,Rae bareli,rae bareli,False,जगतपुर,Jagatpur,Jagatpur,jagatpur,False,False,,टिकठामुसल्लेपुर ( भनु,,,,,False,,,False,rae bareli,jagatpur,,,,False,अनुसूचित जाति - महिला,Scheduled Caste - Female,sc,1,रजनी,Rajni,महिला,1,,missing_normalized_component
up2010__row14752,2010,gp_head_winner_records_2010.parquet,14752,,False,34,झांसी,Jhanshi,Jhansi,jhanshi,True,बामौर,Bamour,Bamour,bamour,False,False,,±,,,,,False,,,False,jhansi,bamour,,,,False,महिला,Female,general,1,अर्चना,Archana,महिला,1,,missing_normalized_component
up2010__row16631,2010,gp_head_winner_records_2010.parquet,16631,,False,50,देवरिया,Devaria,Deoria,devaria,True,बरहज,Barhaj,Barhaj,barhaj,False,False,,"देईडीहा ,",,,,,False,,,False,deoria,barhaj,,,,False,पिछड़ी जाति,Other Backward Class,obc,0,शम्भू,Shambhu,पुरुष,0,,missing_normalized_component
up2010__row17687,2010,gp_head_winner_records_2010.parquet,17687,,False,22,फिरोजाबाद,Firozabad,Firozabad,firozabad,False,एका,Eka,Eka,eka,False,False,,%,,,,,False,%,%,False,firozabad,eka,,,,False,अनुसूचित जाति महिला,Scheduled Caste - Female,sc,1,तारावती,Taravati,महिला,1,,missing_normalized_component
up2010__row18201,2010,gp_head_winner_records_2010.parquet,18201,,False,56,महाराजगंज,Maharajganj,Maharajganj,maharajganj,False,पनियरा,Paniyara,Paniyara,paniyara,False,False,,un,,,,,False,,,False,maharajganj,paniyara,,,,False,अनारक्षित,Unreserved,general,0,सोनवती देवी,Sonawati Devi,महिला,1,,missing_normalized_component
up2010__row18429,2010,gp_head_winner_records_2010.parquet,18429,,False,28,बदायूं,Budaun,Budaun,budaun,False,समरेर,Samarer,Samarer,samarer,False,False,,नव  महमूदपुर,,,,,False,,,False,budaun,samarer,,,,False,पिछड़ी जाति महिला,Other Backward Class - Female,obc,1,नेमवती,Nemwati,महिला,1,,missing_normalized_component
up2010__row19944,2010,gp_head_winner_records_2010.parquet,19944,,False,25,गोंडा,Gonda,Gonda,gonda,False,हलधरमऊ,Haladharamuu,Haladharamuu,haladharamuu,False,False,,"पतिसा ,",,,,,False,,,False,gonda,haladharamuu,,,,False,पिछड़ी जाति महिला,Other Backward Class - Female,obc,1,लक्ष्मी देवी,Laxmi Devi,महिला,1,,missing_normalized_component
up2010__row20020,2010,gp_head_winner_records_2010.parquet,20020,,False,1,महोबा,Mahoba,Mahoba,mahoba,False,पनवाडी,Panwadi,Panwadi,panwadi,False,False,,.,,,,,False,.,.,False,mahoba,panwadi,,,,False,अनारक्षित,Unreserved,general,0,आशाराम यादव,Asharam Yadav,पुरुष,0,,missing_normalized_component
up2010__row22274,2010,gp_head_winner_records_2010.parquet,22274,,False,2,शाहजहांपुर,Shahjahnapur,Shahjahanpur,shahjahnapur,True,मदनापुर,Madaanaapur,Madaanaapur,madaanaapur,False,False,,.,,,,,False,.,.,False,shahjahanpur,madaanaapur,,,,False,अनारक्षित,Unreserved,general,0,रामलल,Ram Lal,महिला,1,,missing_normalized_component
up2010__row23158,2010,gp_head_winner_records_2010.parquet,23158,,False,56,सीतापुर,Sitapur,Sitapur,sitapur,False,सिधौली,Sidhauli,Sidhauli,sidhauli,False,False,,on,,,,,False,,,False,sitapur,sidhauli,,,,False,पिछड़ी जाति,Other Backward Class,obc,0,राजेश कुमार,Rajesh Kumar,पुरुष,0,,missing_normalized_component
up2010__row24278,2010,gp_head_winner_records_2010.parquet,24278,,False,16,बहराइच,Bahraich,Bahraich,bahraich,False,महसी,Mahsi,Mahsi,mahsi,False,False,,बहदुरिया,,,,,False,,,False,bahraich,mahsi,,,,False,पिछड़ी जाति,Other Backward Class,obc,0,माधवराम,Madhavram,पुरुष,0,,missing_normalized_component
up2010__row24307,2010,gp_head_winner_records_2010.parquet,24307,,False,53,महाराजगंज,Maharajganj,Maharajganj,maharajganj,False,पनियरा,Paniyara,Paniyara,paniyara,False,False,,u,,,,,False,,,False,maharajganj,paniyara,,,,False,अनारक्षित,Unreserved,general,0,राधेश्याम सिंह,Radheshyam Singh,पुरुष,0,,missing_normalized_component
up2010__row25401,2010,gp_head_winner_records_2010.parquet,25401,,False,34,महाराजगंज,Maharajganj,Maharajganj,maharajganj,False,पनियरा,Paniyara,Paniyara,paniyara,False,False,,±,,,,,False,,,False,maharajganj,paniyara,,,,False,अनारक्षित,Unreserved,general,0,फूलचन्द्र सिंह,Phooolchandra Singh,पुरुष,0,,missing_normalized_component
up2010__row25667,2010,gp_head_winner_records_2010.parquet,25667,,False,43,बलिया,Baliya,Ballia,baliya,True,रसड़ा,Rasra,Rasra,rasra,False,False,,"बेसवान ,",,,,,False,,,False,ballia,rasra,,,,False,महिला,Female,general,1,मजूं,Majun,महिला,1,,missing_normalized_component
up2010__row26286,2010,gp_head_winner_records_2010.parquet,26286,,False,13,देवरिया,Devaria,Deoria,devaria,True,भाटपार रानी,Bhatpar Rani,Bhatpar Rani,bhatpar rani,False,False,,un,,,,,False,,,False,deoria,bhatpar rani,,,,False,अनुसूचित जाति,Scheduled Caste,sc,0,हंसमुख,Hansmukh,पुरुष,0,,missing_normalized_component
up2010__row27566,2010,gp_head_winner_records_2010.parquet,27566,,False,15,हाथरस,Hathras,Hathras,hathras,False,हसायन,Hasayan,Hasayan,hasayan,False,False,,म  इस्माइलपुर,,,,,False,,,False,hathras,hasayan,,,,False,अनुसूचित जाति,Scheduled Caste,sc,0,चन्द्रपाल,Chandrapa,पुरुष,0,,missing_normalized_component
up2010__row28019,2010,gp_head_winner_records_2010.parquet,28019,,False,25,देवरिया,Devaria,Deoria,devaria,True,लार,Lar,Lar,lar,False,False,,"मटियरा जगदीश ,",,,,,False,,,False,deoria,lar,,,,False,महिला,Female,general,1,माया देवी,Maya Devi,महिला,1,,missing_normalized_component
up2010__row29105,2010,gp_head_winner_records_2010.parquet,29105,,False,38,गोरखपुर,Gorakhpur,Gorakhpur,gorakhpur,False,बांसी,Bansi,Bansi,bansi,False,False,,"महरी ,",,,,,False,,,False,gorakhpur,bansi,,,,False,अनारक्षित,Unreserved,general,0,गणेश,Ganes,पुरुष,0,,missing_normalized_component
up2010__row29814,2010,gp_head_winner_records_2010.parquet,29814,,False,34,महोबा,Mahoba,Mahoba,mahoba,False,कबरई,Kabrai,Kabrai,kabrai,False,False,,±,,,,,False,,,False,mahoba,kabrai,,,,False,पिछड़ी जाति - महिला,Other Backward Class - Female,obc,1,ऊषारानी,Usharani,महिला,1,,missing_normalized_component
up2010__row31263,2010,gp_head_winner_records_2010.parquet,31263,,False,27,कौशाम्बी,Kaushambi,Kaushambi,kaushambi,False,कौशाम्बी,Kaushambi,Kaushambi,kaushambi,False,False,,đó,,,,,False,,,False,kaushambi,kaushambi,,,,False,पिछड़ी जाति - महिला,Other Backward Class - Female,obc,1,फूलकली,Phulkali,महिला,1,,missing_normalized_component
up2010__row34662,2010,gp_head_winner_records_2010.parquet,34662,,False,60,गाजीपुर,Ghazipur,Ghazipur,ghazipur,False,मुहम्मदाबाद,Muhammadabad,Muhammadabad,muhammadabad,False,False,,वि  रघुवरगंज,,,,,False,,,False,ghazipur,muhammadabad,,,,False,अनारक्षित,Unreserved,general,0,जनार्दन,Janardan,पुरुष,0,,missing_normalized_component
up2010__row36411,2010,gp_head_winner_records_2010.parquet,36411,,False,152,पीलीभीत,Pilibhit,Pilibhit,pilibhit,False,पूरनपुर,Purnanpur,Purnanpur,purnanpur,False,False,,सबलपुर मु  रम्पुरा फ,,,,,False,,,False,pilibhit,purnanpur,,,,False,अनारक्षित,Unreserved,general,0,अगमवीर सिंह,Agamveer Singh,पुरुष,0,,missing_normalized_component
up2010__row36733,2010,gp_head_winner_records_2010.parquet,36733,,False,34,मऊ,Mau,Mau,mau,False,बड़राव,Baragaon,Baragaon,baragaon,False,False,,±,,,,,False,,,False,mau,baragaon,,,,False,पिछड़ी जाति,Other Backward Class,obc,0,अशोक,Ashok,पुरुष,0,,missing_normalized_component
up2010__row37939,2010,gp_head_winner_records_2010.parquet,37939,,False,63,सोनभद्र,Sonbhadra,Sonbhadra,sonbhadra,False,राबट्र्सगंज,Robertsganj,Robertsganj,robertsganj,False,False,,सिद्धीकल,,,,,False,,,False,sonbhadra,robertsganj,,,,False,महिला,Female,general,1,ललिता,Lalita,महिला,1,,missing_normalized_component
up2010__row38499,2010,gp_head_winner_records_2010.parquet,38499,,False,75,बस्ती,Basti,Basti,basti,False,गौर,Gour,Gour,gour,False,False,,.,,,,,False,.,.,False,basti,gour,,,,False,पिछड़ी जाति,Other Backward Class,obc,0,रूपा देवी,Roopa Devi,महिला,1,,missing_normalized_component
up2010__row40883,2010,gp_head_winner_records_2010.parquet,40883,,False,13,मुज्जफरनगर,Muzzafarnagar,Muzaffarnagar,muzzafarnagar,True,पुरकाजी,Purkaji,Purkaji,purkaji,False,False,,S   छपरा,,,,,False,,,False,muzaffarnagar,purkaji,,,,False,महिला,Female,general,1,सुरेश देवी,Suresh Devi,महिला,1,,missing_normalized_component
up2010__row41062,2010,gp_head_winner_records_2010.parquet,41062,,False,15,बागपत,Bagpat,Baghpat,bagpat,True,पिलाना,Pilana,Pilana,pilana,False,False,,s   बसौद,,,,,False,,,False,baghpat,pilana,,,,False,अनारक्षित,Unreserved,general,0,सतीश,Sateesh,पुरुष,0,,missing_normalized_component
up2010__row41063,2010,gp_head_winner_records_2010.parquet,41063,,False,16,बागपत,Bagpat,Baghpat,bagpat,True,पिलाना,Pilana,Pilana,pilana,False,False,,sy   गौसपुर,,,,,False,,,False,baghpat,pilana,,,,False,महिला,Female,general,1,फुल्लो,Phullo,महिला,1,,missing_normalized_component
up2010__row41065,2010,gp_head_winner_records_2010.parquet,41065,,False,18,बागपत,Bagpat,Baghpat,bagpat,True,पिलाना,Pilana,Pilana,pilana,False,False,,en   पुरा महादेव,,,,,False,,,False,baghpat,pilana,,,,False,अनुसूचित जाति - महिला,Scheduled Caste - Female,sc,1,विमला,Vimla,महिला,1,,missing_normalized_component
up2010__row41066,2010,gp_head_winner_records_2010.parquet,41066,,False,19,बागपत,Bagpat,Baghpat,bagpat,True,पिलाना,Pilana,Pilana,pilana,False,False,,er   रामनगर,,,,,False,,,False,baghpat,pilana,,,,False,अनारक्षित,Unreserved,general,0,ओकारगिरि,Okarggiri,पुरुष,0,,missing_normalized_component
up2010__row41067,2010,gp_head_winner_records_2010.parquet,41067,,False,20,बागपत,Bagpat,Baghpat,bagpat,True,पिलाना,Pilana,Pilana,pilana,False,False,,un   सिंघावली अहीर,,,,,False,,,False,baghpat,pilana,,,,False,अनारक्षित,Unreserved,general,0,बाला देवी,Bala Devi,महिला,1,,missing_normalized_component
up2010__row41068,2010,gp_head_winner_records_2010.parquet,41068,,False,21,बागपत,Bagpat,Baghpat,bagpat,True,पिलाना,Pilana,Pilana,pilana,False,False,,es   ढिकौली,,,,,False,,,False,baghpat,pilana,,,,False,अनारक्षित,Unreserved,general,0,विमला,Vimla,महिला,1,,missing_normalized_component
up2010__row41069,2010,gp_head_winner_records_2010.parquet,41069,,False,22,बागपत,Bagpat,Baghpat,bagpat,True,पिलाना,Pilana,Pilana,pilana,False,False,,y   बिलोचपुरा,,,,,False,,,False,baghpat,pilana,,,,False,अनारक्षित,Unreserved,general,0,नासिर,Nasir,पुरुष,0,,missing_normalized_component
up2010__row41132,2010,gp_head_winner_records_2010.parquet,41132,,False,1,बागपत,Bagpat,Baghpat,bagpat,True,बिनौली,Binauli,Binauli,binauli,False,False,,बे  गढी,,,,,False,,,False,baghpat,binauli,,,,False,अनारक्षित,Unreserved,general,0,रामकिशन,Ramkisson,पुरुष,0,,missing_normalized_component
up2010__row41141,2010,gp_head_winner_records_2010.parquet,41141,,False,10,बागपत,Bagpat,Baghpat,bagpat,True,बिनौली,Binauli,Binauli,binauli,False,False,,स  कैडवा,,,,,False,,,False,baghpat,binauli,,,,False,अनारक्षित,Unreserved,general,0,नरेश,Naresh,पुरुष,0,,missing_normalized_component
up2010__row41559,2010,gp_head_winner_records_2010.parquet,41559,,False,36,रामपुर,Rampur,Rampur,rampur,False,बिलासपुर,Bilaaspur,Bilaaspur,bilaaspur,False,False,,L   डोहरिया,,,,,False,,,False,rampur,bilaaspur,,,,False,पिछड़ी जाति,Other Backward Class,obc,0,हरमोहन सिंह,Harmohan Singh,पुरुष,0,,missing_normalized_component
up2010__row41560,2010,gp_head_winner_records_2010.parquet,41560,,False,37,रामपुर,Rampur,Rampur,rampur,False,बिलासपुर,Bilaaspur,Bilaaspur,bilaaspur,False,False,,☺   पिपलिया महतो,,,,,False,,,False,rampur,bilaaspur,,,,False,अनारक्षित,Unreserved,general,0,हरजीत सिंह,Harjeet Singh,पुरुष,0,,missing_normalized_component
up2010__row41562,2010,gp_head_winner_records_2010.parquet,41562,,False,39,रामपुर,Rampur,Rampur,rampur,False,बिलासपुर,Bilaaspur,Bilaaspur,bilaaspur,False,False,,☺  कोटा अलीनगर,,,,,False,,,False,rampur,bilaaspur,,,,False,अनारक्षित,Unreserved,general,0,कुलदीप सिंह,Kuldeep Singh,पुरुष,0,,missing_normalized_component
up2010__row42231,2010,gp_head_winner_records_2010.parquet,42231,,False,50,हाथरस,Hathras,Hathras,hathras,False,हाथरस,Hathras,Hathras,hathras,False,False,,भोगॉव न  जायस,,,,,False,,,False,hathras,hathras,,,,False,महिला,Female,general,1,विमला,Vimla,महिला,1,,missing_normalized_component
up2010__row42748,2010,gp_head_winner_records_2010.parquet,42748,,False,38,आगरा,Agra,Agra,agra,False,जैतपुर कलाँ,Jaitpur Kalan,Jaitpur Kalan,jaitpur kalan,False,False,,गढ़ी  गढ़ी बरौली,,,,,False,,,False,agra,jaitpur kalan,,,,False,महिला,Female,general,1,महेन्द्र प्रताप सिंह,Mahendra Pratap Singh,पुरुष,0,,missing_normalized_component
up2010__row42860,2010,gp_head_winner_records_2010.parquet,42860,,False,15,मैनपुरी,Mainpuri,Mainpuri,mainpuri,False,घिरोर,Ghiror,Ghiror,ghiror,False,False,,न  सलेही,,,,,False,,,False,mainpuri,ghiror,,,,False,अनारक्षित,Unreserved,general,0,उपेन्द्र,Upendra,पुरुष,0,,missing_normalized_component
up2010__row43082,2010,gp_head_winner_records_2010.parquet,43082,,False,55,फरुख़ाबाद,Farrukhabad,Farrukhabad,farrukhabad,False,नवाबगंज,Nawabganj,Nawabganj,nawabganj,False,False,,left नौली,,,,,False,,,False,farrukhabad,nawabganj,,,,False,अनारक्षित,Unreserved,general,0,अजयपाल,Ajayapal,पुरुष,0,,missing_normalized_component
up2010__row43917,2010,gp_head_winner_records_2010.parquet,43917,,False,6,जालौन,Jalaun,Jalaun,jalaun,False,कदौरा,Kadoura,Kadoura,kadoura,False,False,,ळ्   कुरहना आलमगीर,,,,,False,,,False,jalaun,kadoura,,,,False,महिला,Female,general,1,दीप्ती उर्फ क्षमा,Deepti urf Kshama,महिला,1,,missing_normalized_component
up2010__row43981,2010,gp_head_winner_records_2010.parquet,43981,,False,26,जालौन,Jalaun,Jalaun,jalaun,False,महेवा,Mahewa,Mahewa,mahewa,False,False,,हीरापुर मु,,,,,False,,,False,jalaun,mahewa,,,,False,अनारक्षित,Unreserved,general,0,कमलेश,Kamlesh,पुरुष,0,,missing_normalized_component
up2010__row43984,2010,gp_head_winner_records_2010.parquet,43984,,False,29,जालौन,Jalaun,Jalaun,jalaun,False,महेवा,Mahewa,Mahewa,mahewa,False,False,,गुढा शेखपुर मु,,,,,False,,,False,jalaun,mahewa,,,,False,अनारक्षित,Unreserved,general,0,विजय बहादुर,Vijay Bahadur,पुरुष,0,,missing_normalized_component
up2010__row44609,2010,gp_head_winner_records_2010.parquet,44609,,False,6,झांसी,Jhanshi,Jhansi,jhanshi,True,बड़ागांव,Badagaon,Badagaon,badagaon,False,False,,l,,,,,False,,,False,jhansi,badagaon,,,,False,महिला,Female,general,1,रामदेवी,Ramadevi,महिला,1,,missing_normalized_component
up2010__row44610,2010,gp_head_winner_records_2010.parquet,44610,,False,7,झांसी,Jhanshi,Jhansi,jhanshi,True,बड़ागांव,Badagaon,Badagaon,badagaon,False,False,,>,,,,,False,,,False,jhansi,badagaon,,,,False,पिछड़ी जाति - महिला,Other Backward Class - Female,obc,1,शीला देवी,Sheela Devi,पुरुष,0,,missing_normalized_component
up2010__row44910,2010,gp_head_winner_records_2010.parquet,44910,,False,4,बांदा,Banda,Banda,banda,False,बड़ोखर खुर्द,Badokhar Khurd,Badokhar Khurd,badokhar khurd,False,False,,ळ्   मौदहा,,,,,False,,,False,banda,badokhar khurd,,,,False,पिछड़ी जाति महिला,Other Backward Class - Female,obc,1,शिवकुमारी,Shiv Kumari,महिला,1,,missing_normalized_component
up2010__row44911,2010,gp_head_winner_records_2010.parquet,44911,,False,5,बांदा,Banda,Banda,banda,False,बड़ोखर खुर्द,Badokhar Khurd,Badokhar Khurd,badokhar khurd,False,False,,ळ्   सैमरा,,,,,False,,,False,banda,badokhar khurd,,,,False,पिछड़ी जाति महिला,Other Backward Class - Female,obc,1,संगीता देवी,Sangeeta Devi,महिला,1,,missing_normalized_component
up2010__row44912,2010,gp_head_winner_records_2010.parquet,44912,,False,6,बांदा,Banda,Banda,banda,False,बड़ोखर खुर्द,Badokhar Khurd,Badokhar Khurd,badokhar khurd,False,False,,ळ्   फतपुरवा,,,,,False,,,False,banda,badokhar khurd,,,,False,अनारक्षित,Unreserved,general,0,भोला सिंह,Bhola Singh,पुरुष,0,,missing_normalized_component
up2010__row45152,2010,gp_head_winner_records_2010.parquet,45152,,False,40,चित्रकूट,Chitrakoot,Chitrakoot,chitrakoot,False,मऊ,Mau,Mau,mau,False,False,,q  कोलमजरा,,,,,False,,,False,chitrakoot,mau,,,,False,पिछड़ी जाति,Other Backward Class,obc,0,सुनील कुमार,Sunil Kumar,पुरुष,0,,missing_normalized_component
up2010__row45153,2010,gp_head_winner_records_2010.parquet,45153,,False,41,चित्रकूट,Chitrakoot,Chitrakoot,chitrakoot,False,मऊ,Mau,Mau,mau,False,False,,बरगढ़ .,,,,,False,,,False,chitrakoot,mau,,,,False,अनारक्षित,Unreserved,general,0,प्रकाश केशरवानी,Prakash Kesharwani,पुरुष,0,,missing_normalized_component
up2010__row45170,2010,gp_head_winner_records_2010.parquet,45170,,False,1,चित्रकूट,Chitrakoot,Chitrakoot,chitrakoot,False,रामनगर,Ramnagar,Ramnagar,ramnagar,False,False,,S   रामनगर,,,,,False,,,False,chitrakoot,ramnagar,,,,False,अनारक्षित,Unreserved,general,0,कामता,Kamata,पुरुष,0,,missing_normalized_component
up2010__row45171,2010,gp_head_winner_records_2010.parquet,45171,,False,2,चित्रकूट,Chitrakoot,Chitrakoot,chitrakoot,False,रामनगर,Ramnagar,Ramnagar,ramnagar,False,False,,S   बरिया,,,,,False,,,False,chitrakoot,ramnagar,,,,False,पिछड़ी जाति,Other Backward Class,obc,0,राजकिशोर,Rajkishor,पुरुष,0,,missing_normalized_component
up2010__row45198,2010,gp_head_winner_records_2010.parquet,45198,,False,29,चित्रकूट,Chitrakoot,Chitrakoot,chitrakoot,False,रामनगर,Ramnagar,Ramnagar,ramnagar,False,False,,ऴ    रगौली,,,,,False,,,False,chitrakoot,ramnagar,,,,False,अनारक्षित,Unreserved,general,0,रामचन्द्र,Ramchandra,पुरुष,0,,missing_normalized_component
up2010__row45308,2010,gp_head_winner_records_2010.parquet,45308,,False,2,फतेहपुर,Fatehpur,Fatehpur,fatehpur,False,देवमई,Devmai,Devmai,devmai,False,False,,", गंगचौली बुजुर्ग",,,,,False,,,False,fatehpur,devmai,,,,False,अनारक्षित,Unreserved,general,0,श्री शिवराम,Shri Shivram,पुरुष,0,,missing_normalized_component
up2010__row45481,2010,gp_head_winner_records_2010.parquet,45481,,False,50,कौशाम्बी,Kaushambi,Kaushambi,kaushambi,False,नेवादा,NEWADA,NEWADA,newada,False,False,,S  कमालपुर वरेठी,,,,,False,,,False,kaushambi,newada,,,,False,पिछड़ी जाति - महिला,Other Backward Class - Female,obc,1,चन्द्रावती,Chandravati,महिला,1,,missing_normalized_component
up2010__row45730,2010,gp_head_winner_records_2010.parquet,45730,,False,79,प्रतापगढ़,Pratapgarh,Pratapgarh,pratapgarh,False,मान्धाता,Mandhaata,Mandhaata,mandhaata,False,False,,९   बछुआ,,,,,False,,,False,pratapgarh,mandhaata,,,,False,अनारक्षित,Unreserved,general,0,राधेश्याम,Radheshyam,पुरुष,0,,missing_normalized_component
up2010__row45731,2010,gp_head_winner_records_2010.parquet,45731,,False,80,प्रतापगढ़,Pratapgarh,Pratapgarh,pratapgarh,False,मान्धाता,Mandhaata,Mandhaata,mandhaata,False,False,,ळ्   जूड़ापुर,,,,,False,,,False,pratapgarh,mandhaata,,,,False,अनारक्षित,Unreserved,general,0,साजिदा बेगम,Sajida Begum,महिला,1,,missing_normalized_component
up2010__row45733,2010,gp_head_winner_records_2010.parquet,45733,,False,82,प्रतापगढ़,Pratapgarh,Pratapgarh,pratapgarh,False,मान्धाता,Mandhaata,Mandhaata,mandhaata,False,False,,ळ    बगियापुर,,,,,False,,,False,pratapgarh,mandhaata,,,,False,अनारक्षित,Unreserved,general,0,अमर बहादुर सिंह,Amar Bahadur Singh,पुरुष,0,,missing_normalized_component
up2010__row46096,2010,gp_head_winner_records_2010.parquet,46096,,False,59,रायबरेली,Rae bareli,Rae bareli,rae bareli,False,सरेनी,Sareni,Sareni,sareni,False,False,,जु   हैबतपुर कलां,,,,,False,,,False,rae bareli,sareni,,,,False,पिछड़ी जाति,Other Backward Class,obc,0,बिन्दाप्रसाद,Bindaprasad,पुरुष,0,,missing_normalized_component
up2010__row46097,2010,gp_head_winner_records_2010.parquet,46097,,False,60,रायबरेली,Rae bareli,Rae bareli,rae bareli,False,सरेनी,Sareni,Sareni,sareni,False,False,,सागरखेडा,,,,,False,,,False,rae bareli,sareni,,,,False,महिला,Female,general,1,शोभा देवी,Shobha Devi,महिला,1,,missing_normalized_component
up2010__row46120,2010,gp_head_winner_records_2010.parquet,46120,,False,36,रायबरेली,Rae bareli,Rae bareli,rae bareli,False,सताँव,Sataon,Sataon,sataon,False,False,,पुरवा पिंडोर,,,,,False,,,False,rae bareli,sataon,,,,False,महिला,Female,general,1,निर्मला देवी,Nirmala Devi,महिला,1,,missing_normalized_component
up2010__row46123,2010,gp_head_winner_records_2010.parquet,46123,,False,39,रायबरेली,Rae bareli,Rae bareli,rae bareli,False,सताँव,Sataon,Sataon,sataon,False,False,,वरडवा,,,,,False,,,False,rae bareli,sataon,,,,False,महिला,Female,general,1,नीलम सिंह,Neelam Singh,महिला,1,,missing_normalized_component
up2010__row46151,2010,gp_head_winner_records_2010.parquet,46151,,False,21,रायबरेली,Rae bareli,Rae bareli,rae bareli,False,महराजगंज,Maharajganj,Maharajganj,maharajganj,False,False,,बरहुवां,,,,,False,,,False,rae bareli,maharajganj,,,,False,महिला,Female,general,1,सीता तिवारी,Seeta Tiwari,महिला,1,,missing_normalized_component
up2010__row46184,2010,gp_head_winner_records_2010.parquet,46184,,False,6,रायबरेली,Rae bareli,Rae bareli,rae bareli,False,खीरो,Khiro,Khiro,khiro,False,False,,कुसण्डी,,,,,False,,,False,rae bareli,khiro,,,,False,महिला,Female,general,1,बबली,Babli,महिला,1,,missing_normalized_component
up2010__row47662,2010,gp_head_winner_records_2010.parquet,47662,,False,1,गोंडा,Gonda,Gonda,gonda,False,परसपुर,Parsapur,Parsapur,parsapur,False,False,,S   डेहरास,,,,,False,,,False,gonda,parsapur,,,,False,पिछड़ी जाति,Other Backward Class,obc,0,अब्दुल हफीज,Abdul Hafiz,पुरुष,0,,missing_normalized_component
up2010__row47683,2010,gp_head_winner_records_2010.parquet,47683,,False,22,गोंडा,Gonda,Gonda,gonda,False,परसपुर,Parsapur,Parsapur,parsapur,False,False,,∞   कड़रू,,,,,False,,,False,gonda,parsapur,,,,False,अनारक्षित,Unreserved,general,0,शिव कुमार सिंह,Shiv Kumar Singh,पुरुष,0,,missing_normalized_component
up2010__row47684,2010,gp_head_winner_records_2010.parquet,47684,,False,23,गोंडा,Gonda,Gonda,gonda,False,परसपुर,Parsapur,Parsapur,parsapur,False,False,,∞   गुरसड़ी,,,,,False,,,False,gonda,parsapur,,,,False,पिछड़ी जाति,Other Backward Class,obc,0,हाकिम,Hakim,पुरुष,0,,missing_normalized_component
up2010__row47685,2010,gp_head_winner_records_2010.parquet,47685,,False,24,गोंडा,Gonda,Gonda,gonda,False,परसपुर,Parsapur,Parsapur,parsapur,False,False,,∞   बलमत्थर,,,,,False,,,False,gonda,parsapur,,,,False,अनारक्षित,Unreserved,general,0,पदुम नरायन मिश्र,Padum Narain Mishra,पुरुष,0,,missing_normalized_component
up2010__row47686,2010,gp_head_winner_records_2010.parquet,47686,,False,25,गोंडा,Gonda,Gonda,gonda,False,परसपुर,Parsapur,Parsapur,parsapur,False,False,,∞   परसपुर,,,,,False,,,False,gonda,parsapur,,,,False,पिछड़ी जाति महिला,Other Backward Class - Female,obc,1,गीता सोनी,Gita Soni,महिला,1,,missing_normalized_component
up2010__row47687,2010,gp_head_winner_records_2010.parquet,47687,,False,26,गोंडा,Gonda,Gonda,gonda,False,परसपुर,Parsapur,Parsapur,parsapur,False,False,,∞   पूरेलाली,,,,,False,,,False,gonda,parsapur,,,,False,अनारक्षित,Unreserved,general,0,कृष्ण प्रताप सिंह,Krishna Pratap Singh,पुरुष,0,,missing_normalized_component
up2010__row48362,2010,gp_head_winner_records_2010.parquet,48362,,False,59,फैजाबाद,Faizabad,Ayodhya,faizabad,True,मायाबाजार,Mayabazar,Mayabazar,mayabazar,False,False,,S   बबुआपुर,,,,,False,,,False,ayodhya,mayabazar,,,,False,पिछड़ी जाति,Other Backward Class,obc,0,मदनलाल,Madanlal,पुरुष,0,,missing_normalized_component
up2010__row48674,2010,gp_head_winner_records_2010.parquet,48674,,False,59,सिद्धार्थनगर,Siddharth Nagar,Siddharth Nagar,siddharth nagar,False,बांसी,Bansi,Bansi,bansi,False,False,,y   जाजरगठिया,,,,,False,,,False,siddharth nagar,bansi,,,,False,पिछड़ी जाति - महिला,Other Backward Class - Female,obc,1,शीला,Sheela,महिला,1,,missing_normalized_component
up2010__row48895,2010,gp_head_winner_records_2010.parquet,48895,,False,22,गोरखपुर,Gorakhpur,Gorakhpur,gorakhpur,False,उरूवॉ,Uruvaon,Uruvaon,uruvaon,False,False,,∞   बरपारमाफी,,,,,False,,,False,gorakhpur,uruvaon,,,,False,अनारक्षित,Unreserved,general,0,दामोदर,Damodar,पुरुष,0,,missing_normalized_component
up2010__row48896,2010,gp_head_winner_records_2010.parquet,48896,,False,23,गोरखपुर,Gorakhpur,Gorakhpur,gorakhpur,False,उरूवॉ,Uruvaon,Uruvaon,uruvaon,False,False,,∞   सरस,,,,,False,,,False,gorakhpur,uruvaon,,,,False,अनारक्षित,Unreserved,general,0,रामजी,Ramji,पुरुष,0,,missing_normalized_component
up2010__row48897,2010,gp_head_winner_records_2010.parquet,48897,,False,24,गोरखपुर,Gorakhpur,Gorakhpur,gorakhpur,False,उरूवॉ,Uruvaon,Uruvaon,uruvaon,False,False,,∞   हरपुर,,,,,False,,,False,gorakhpur,uruvaon,,,,False,पिछड़ी जाति - महिला,Other Backward Class - Female,obc,1,टुना,Tuna,महिला,1,,missing_normalized_component
up2010__row48898,2010,gp_head_winner_records_2010.parquet,48898,,False,25,गोरखपुर,Gorakhpur,Gorakhpur,gorakhpur,False,उरूवॉ,Uruvaon,Uruvaon,uruvaon,False,False,,∞   दुघरा,,,,,False,,,False,gorakhpur,uruvaon,,,,False,अनारक्षित,Unreserved,general,0,दूधनाथ,Dudhnath,पुरुष,0,,missing_normalized_component
up2010__row48899,2010,gp_head_winner_records_2010.parquet,48899,,False,26,गोरखपुर,Gorakhpur,Gorakhpur,gorakhpur,False,उरूवॉ,Uruvaon,Uruvaon,uruvaon,False,False,,∞   धुरियापार,,,,,False,,,False,gorakhpur,uruvaon,,,,False,महिला,Female,general,1,सवरोज,Saroj,महिला,1,,missing_normalized_component
up2010__row50807,2010,gp_head_winner_records_2010.parquet,50807,,False,16,जौनपुर,Jaunpur,Jaunpur,jaunpur,False,बदलापुर,Badlapur,Badlapur,badlapur,False,False,,S   गोपालापुर,,,,,False,,,False,jaunpur,badlapur,,,,False,महिला,Female,general,1,निशा तिवारी,Nisha Tiwari,महिला,1,,missing_normalized_component
up2010__row50830,2010,gp_head_winner_records_2010.parquet,50830,,False,39,जौनपुर,Jaunpur,Jaunpur,jaunpur,False,बदलापुर,Badlapur,Badlapur,badlapur,False,False,,ळ्   कुधुवा,,,,,False,,,False,jaunpur,badlapur,,,,False,पिछड़ी जाति,Other Backward Class,obc,0,सुरेशचन्द्र यादव,Sureshchandra Yadav,पुरुष,0,,missing_normalized_component
up2010__row50831,2010,gp_head_winner_records_2010.parquet,50831,,False,40,जौनपुर,Jaunpur,Jaunpur,jaunpur,False,बदलापुर,Badlapur,Badlapur,badlapur,False,False,,ळ्   सिगरामऊ,,,,,False,,,False,jaunpur,badlapur,,,,False,पिछड़ी जाति,Other Backward Class,obc,0,विनोद कुमार,Vinod Kumar,पुरुष,0,,missing_normalized_component
up2010__row51336,2010,gp_head_winner_records_2010.parquet,51336,,False,28,मिर्जापुर,Mirzapur,Mirzapur,mirzapur,False,कोन (चील्ह),Kon (Cheelha),Kon (Cheelha),kon cheelha,False,False,,लखनपुर   हरसिंगपुर,,,,,False,,,False,mirzapur,kon cheelha,,,,False,महिला,Female,general,1,अमरावती,Amravati,महिला,1,,missing_normalized_component
up2010__row51340,2010,gp_head_winner_records_2010.parquet,51340,,False,32,मिर्जापुर,Mirzapur,Mirzapur,mirzapur,False,कोन (चील्ह),Kon (Cheelha),Kon (Cheelha),kon cheelha,False,False,,मुजेहराकला   भौगांव,,,,,False,,,False,mirzapur,kon cheelha,,,,False,पिछड़ी जाति,Other Backward Class,obc,0,सूरज प्रसाद ( मृतक ),Suraj Prasad ( Mrityak ),पुरुष,0,,missing_normalized_component
up2010__row51478,2010,gp_head_winner_records_2010.parquet,51478,,False,54,मिर्जापुर,Mirzapur,Mirzapur,mirzapur,False,नरायनपुर,Narayanpur,Narayanpur,narayanpur,False,False,,न  रैपुरिया,,,,,False,,,False,mirzapur,narayanpur,,,,False,महिला,Female,general,1,गजानन्द सिंह,Gajananand Singh,पुरुष,0,,missing_normalized_component
up2010__row31126,2010,gp_head_winner_records_2010.parquet,31126,,False,15,अम्बेडकरनगर,Ambedkar Nagar,Ambedkar Nagar,ambedkar nagar,False,अकबरपुर,Akbarpur,Akbarpur,akbarpur,False,False,,मोहियुददीनपुर,,,,,False,Mohiuddinpur,Mohiuddinpur,False,ambedkar nagar,akbarpur,mohiuddinpur,ambedkar nagar__akbarpur__mohiuddinpur,2,False,अनुसूचित जाति,Scheduled Caste,sc,0,दीपचन्द्र,Deepchandra,पुरुष,0,,normalized_key_collision
up2010__row31133,2010,gp_head_winner_records_2010.parquet,31133,,False,32,अम्बेडकरनगर,Ambedkar Nagar,Ambedkar Nagar,ambedkar nagar,False,अकबरपुर,Akbarpur,Akbarpur,akbarpur,False,False,,मोहीयुद्दीनपुर,,,,,False,Mohiuddinpur,Mohiuddinpur,False,ambedkar nagar,akbarpur,mohiuddinpur,ambedkar nagar__akbarpur__mohiuddinpur,2,False,पिछड़ी जाति - महिला,Other Backward Class - Female,obc,1,मीना,Meena,महिला,1,,normalized_key_collision
up2010__row33529,2010,gp_head_winner_records_2010.parquet,33529,,False,24,औरैया,Auraiya,Auraiya,auraiya,False,भाग्यनगर,Bhagyanagar,Bhagyanagar,bhagyanagar,False,False,,लखनपुर,,,,,False,Lakhanpur,Lakhanpur,False,auraiya,bhagyanagar,lakhanpur,auraiya__bhagyanagar__lakhanpur,2,False,अनारक्षित,Unreserved,general,0,राकेश कुमार,Rakesh Kumar,पुरुष,0,,normalized_key_collision
up2010__row43564,2010,gp_head_winner_records_2010.parquet,43564,,False,32,औरैया,Auraiya,Auraiya,auraiya,False,भाग्यनगर,Bhagyanagar,Bhagyanagar,bhagyanagar,False,False,,लखनापुर,,,,,False,Lakhanpur,Lakhanpur,False,auraiya,bhagyanagar,lakhanpur,auraiya__bhagyanagar__lakhanpur,2,False,अनारक्षित,Unreserved,general,0,अनूप कुमार,Anoop Kumar,पुरुष,0,,normalized_key_collision
up2010__row31113,2010,gp_head_winner_records_2010.parquet,31113,,False,74,आजमगढ़,Azamgarh,Azamgarh,azamgarh,False,बिलरियागंज,Bilriaganj,Bilriaganj,bilriaganj,False,False,,मोहिउद्दीनपुर,,,,,False,Mohiuddinpur,Mohiuddinpur,False,azamgarh,bilriaganj,mohiuddinpur,azamgarh__bilriaganj__mohiuddinpur,2,False,पिछड़ी जाति,Other Backward Class,obc,0,फूलबदन,Phool badan,पुरुष,0,,normalized_key_collision
up2010__row31114,2010,gp_head_winner_records_2010.parquet,31114,,False,89,आजमगढ़,Azamgarh,Azamgarh,azamgarh,False,बिलरियागंज,Bilriaganj,Bilriaganj,bilriaganj,False,False,,मोहिउद्दीनपुर,,,,,False,Mohiuddinpur,Mohiuddinpur,False,azamgarh,bilriaganj,mohiuddinpur,azamgarh__bilriaganj__mohiuddinpur,2,False,महिला,Female,general,1,इशरत जहां,Ishrat Jahaan,महिला,1,,normalized_key_collision
up2010__row10348,2010,gp_head_winner_records_2010.parquet,10348,,False,14,बहराइच,Bahraich,Bahraich,bahraich,False,कैसरगंज,Kaiserganj,Kaiserganj,kaiserganj,False,False,,गोडहिया नं,,,,,False,Godhiya,Godhiya,False,bahraich,kaiserganj,godhiya,bahraich__kaiserganj__godhiya,3,False,अनुसूचित जाति - महिला,Scheduled Caste - Female,sc,1,मुन्नी,Munni,महिला,1,,normalized_key_collision
up2010__row10349,2010,gp_head_winner_records_2010.parquet,10349,,False,15,बहराइच,Bahraich,Bahraich,bahraich,False,कैसरगंज,Kaiserganj,Kaiserganj,kaiserganj,False,False,,गोडहिया नं,,,,,False,Godhiya,Godhiya,False,bahraich,kaiserganj,godhiya,bahraich__kaiserganj__godhiya,3,False,पिछड़ी जाति,Other Backward Class,obc,0,मंशाराम,Mansharam,पुरुष,0,,normalized_key_collision
up2010__row10350,2010,gp_head_winner_records_2010.parquet,10350,,False,16,बहराइच,Bahraich,Bahraich,bahraich,False,कैसरगंज,Kaiserganj,Kaiserganj,kaiserganj,False,False,,गोडहिया नं,,,,,False,Godhiya,Godhiya,False,bahraich,kaiserganj,godhiya,bahraich__kaiserganj__godhiya,3,False,अनारक्षित,Unreserved,general,0,गायत्री देवी,Gayatri Devi,महिला,1,,normalized_key_collision
up2010__row2066,2010,gp_head_winner_records_2010.parquet,2066,,False,86,बहराइच,Bahraich,Bahraich,bahraich,False,मिहीपुरवा,Mihipurwa,Mihipurwa,mihipurwa,False,False,,अड़गोड़वा,,,,,False,Adgora,Adgora,False,bahraich,mihipurwa,adgora,bahraich__mihipurwa__adgora,2,False,पिछड़ी जाति महिला,Other Backward Class - Female,obc,1,बानो,Bano,महिला,1,,normalized_key_collision
up2010__row2067,2010,gp_head_winner_records_2010.parquet,2067,,False,118,बहराइच,Bahraich,Bahraich,bahraich,False,मिहीपुरवा,Mihipurwa,Mihipurwa,mihipurwa,False,False,,अड़गोड़वा,,,,,False,Adgora,Adgora,False,bahraich,mihipurwa,adgora,bahraich__mihipurwa__adgora,2,False,पिछड़ी जाति,Other Backward Class,obc,0,परशुराम,Parashuram,पुरुष,0,,normalized_key_collision
up2010__row49951,2010,gp_head_winner_records_2010.parquet,49951,,False,28,बलिया,Baliya,Ballia,baliya,True,हनुमानगंज,Hanumanganj,Hanumanganj,hanumanganj,False,False,,निधरिया,,,,,False,Nidharia,Nidharia,False,ballia,hanumanganj,nidharia,ballia__hanumanganj__nidharia,2,False,पिछड़ी जाति,Other Backward Class,obc,0,लाल बिहारी वर्मा,Lal Bihari Varma,पुरुष,0,,normalized_key_collision
up2010__row49952,2010,gp_head_winner_records_2010.parquet,49952,,False,29,बलिया,Baliya,Ballia,baliya,True,हनुमानगंज,Hanumanganj,Hanumanganj,hanumanganj,False,False,,निधरिया,,,,,False,Nidharia,Nidharia,False,ballia,hanumanganj,nidharia,ballia__hanumanganj__nidharia,2,False,अनुसूचित जाति - महिला,Scheduled Caste - Female,sc,1,लालमुनी,Laalmuni,महिला,1,,normalized_key_collision
up2010__row7823,2010,gp_head_winner_records_2010.parquet,7823,,False,15,बलिया,Baliya,Ballia,baliya,True,मुरली छपरा,Murli Chappa,Murli Chappa,murli chappa,False,False,,कोडहरा नौबरार,,,,,False,Kodhara Naubarar,Kodhara Naubarar,False,ballia,murli chappa,kodhara naubarar,ballia__murli chappa__kodhara naubarar,2,False,महिला,Female,general,1,विमला देवी,Vimla Devi,महिला,1,,normalized_key_collision
up2010__row7824,2010,gp_head_winner_records_2010.parquet,7824,,False,15,बलिया,Baliya,Ballia,baliya,True,मुरली छपरा,Murli Chappa,Murli Chappa,murli chappa,False,False,,कोडहरा नौबरार,,,,,False,Kodhara Naubarar,Kodhara Naubarar,False,ballia,murli chappa,kodhara naubarar,ballia__murli chappa__kodhara naubarar,2,False,अनारक्षित,Unreserved,general,0,देव मुन्नी,Dev Munni,महिला,1,,normalized_key_collision
up2010__row27103,2010,gp_head_winner_records_2010.parquet,27103,,False,37,बलिया,Baliya,Ballia,baliya,True,नगरा,Nagra,Nagra,nagra,False,False,,भीमपुरा नं,,,,,False,Bhimpura No.,Bhimpura No.,False,ballia,nagra,bhimpura no,ballia__nagra__bhimpura no,2,False,पिछड़ी जाति,Other Backward Class,obc,0,उषा,Usha,महिला,1,,normalized_key_collision
up2010__row49825,2010,gp_head_winner_records_2010.parquet,49825,,False,1,बलिया,Baliya,Ballia,baliya,True,नगरा,Nagra,Nagra,nagra,False,False,,भीमपुरा नं -,,,,,False,Bhimpura No -,Bhimpura No -,False,ballia,nagra,bhimpura no,ballia__nagra__bhimpura no,2,False,पिछड़ी जाति,Other Backward Class,obc,0,राजेश,Rajesh,पुरुष,0,,normalized_key_collision
up2010__row3518,2010,gp_head_winner_records_2010.parquet,3518,,False,44,बलिया,Baliya,Ballia,baliya,True,रसड़ा,Rasra,Rasra,rasra,False,False,,आमघाट,,,,,False,Amghat,Amghat,False,ballia,rasra,amghat,ballia__rasra__amghat,2,False,अनारक्षित,Unreserved,general,0,जय राम,Jairam,पुरुष,0,,normalized_key_collision
up2010__row3519,2010,gp_head_winner_records_2010.parquet,3519,,False,34,बलिया,Baliya,Ballia,baliya,True,रसड़ा,Rasra,Rasra,rasra,False,False,,आमघाट,,,,,False,Amghat,Amghat,False,ballia,rasra,amghat,ballia__rasra__amghat,2,False,महिला,Female,general,1,विजय लक्ष्मी,Vijay Lakshmi,महिला,1,,normalized_key_collision
up2010__row29557,2010,gp_head_winner_records_2010.parquet,29557,,False,59,बलिया,Baliya,Ballia,baliya,True,रसड़ा,Rasra,Rasra,rasra,False,False,,माधोपुर,,,,,False,Madhopur,Madhopur,False,ballia,rasra,madhopur,ballia__rasra__madhopur,2,False,अनुसूचित जाति - महिला,Scheduled Caste - Female,sc,1,चन्द्रावती देवी,Chandravati Devi,महिला,1,,normalized_key_collision
up2010__row29558,2010,gp_head_winner_records_2010.parquet,29558,,False,38,बलिया,Baliya,Ballia,baliya,True,रसड़ा,Rasra,Rasra,rasra,False,False,,माधोपुर,,,,,False,Madhopur,Madhopur,False,ballia,rasra,madhopur,ballia__rasra__madhopur,2,False,अनारक्षित,Unreserved,general,0,नरेन्द्र कुमार पाण्डेय,Narendra Kumar Pandey,पुरुष,0,,normalized_key_collision
up2010__row6448,2010,gp_head_winner_records_2010.parquet,6448,,False,82,बलरामपुर,Balrampur,Balrampur,balrampur,False,बलरामपुर,Balrampur,Balrampur,balrampur,False,False,,ळ,,,,,False,L,L,False,balrampur,balrampur,l,balrampur__balrampur__l,2,False,अनारक्षित,Unreserved,general,0,अजीत कुमार,Ajit Kumar,पुरुष,0,,normalized_key_collision
up2010__row20311,2010,gp_head_winner_records_2010.parquet,20311,,False,84,बलरामपुर,Balrampur,Balrampur,balrampur,False,बलरामपुर,Balrampur,Balrampur,balrampur,False,False,,ळ,,,,,False,L,L,False,balrampur,balrampur,l,balrampur__balrampur__l,2,False,अनारक्षित,Unreserved,general,0,अशोक कुमार,Ashok Kumar,पुरुष,0,,normalized_key_collision
up2010__row31029,2010,gp_head_winner_records_2010.parquet,31029,,False,64,बाराबंकी,Barabanki,Barabanki,barabanki,False,फतेहपुर,Fatehpur,Fatehpur,fatehpur,False,False,,मोहम्मदपुर,,,,,False,Mohammadpur,Mohammadpur,False,barabanki,fatehpur,mohammadpur,barabanki__fatehpur__mohammadpur,2,False,अनारक्षित,Unreserved,general,0,संदीप कुमार,Sandip Kumar,पुरुष,0,,normalized_key_collision
up2010__row31084,2010,gp_head_winner_records_2010.parquet,31084,,False,65,बाराबंकी,Barabanki,Barabanki,barabanki,False,फतेहपुर,Fatehpur,Fatehpur,fatehpur,False,False,,मोहम्मदीपुर,,,,,False,Mohammadpur,Mohammadpur,False,barabanki,fatehpur,mohammadpur,barabanki__fatehpur__mohammadpur,2,False,अनारक्षित,Unreserved,general,0,राज किशोर,Raj Kishore,पुरुष,0,,normalized_key_collision
up2010__row35339,2010,gp_head_winner_records_2010.parquet,35339,,False,53,बरेली,Bareilly,Bareilly,bareilly,False,मझगवां,Majhgawan,Majhgawan,majhgawan,False,False,,शहवाजपुर,,,,,False,Shahbazpur,Shahbazpur,False,bareilly,majhgawan,shahbazpur,bareilly__majhgawan__shahbazpur,2,False,अनुसूचित जाति महिला,Scheduled Caste - Female,sc,1,सोमवती,Somwati,महिला,1,,normalized_key_collision
up2010__row35340,2010,gp_head_winner_records_2010.parquet,35340,,False,8,बरेली,Bareilly,Bareilly,bareilly,False,मझगवां,Majhgawan,Majhgawan,majhgawan,False,False,,शहवाजपुर,,,,,False,Shahbazpur,Shahbazpur,False,bareilly,majhgawan,shahbazpur,bareilly__majhgawan__shahbazpur,2,False,अनारक्षित,Unreserved,general,0,शमीम,Shamima,पुरुष,0,,normalized_key_collision
up2010__row10631,2010,gp_head_winner_records_2010.parquet,10631,,False,4,बस्ती,Basti,Basti,basti,False,बहादुरपुर,Bahadurpur,Bahadurpur,bahadurpur,False,False,,गोविन्दापुर,,,,,False,Govindapur,Govindapur,False,basti,bahadurpur,govindapur,basti__bahadurpur__govindapur,2,False,अनारक्षित,Unreserved,general,0,महेन्द्र कुमार,Mahendra Kumar,पुरुष,0,,normalized_key_collision
up2010__row10632,2010,gp_head_winner_records_2010.parquet,10632,,False,63,बस्ती,Basti,Basti,basti,False,बहादुरपुर,Bahadurpur,Bahadurpur,bahadurpur,False,False,,गोविन्दापुर,,,,,False,Govindapur,Govindapur,False,basti,bahadurpur,govindapur,basti__bahadurpur__govindapur,2,False,अनारक्षित,Unreserved,general,0,जमाल अहमद,Jamal Ahmed,पुरुष,0,,normalized_key_collision
up2010__row23075,2010,gp_head_winner_records_2010.parquet,23075,,False,37,बस्ती,Basti,Basti,basti,False,बस्ती,Basti,Basti,basti,False,False,,बनगवा,,,,,False,Bangwa,Bangwa,False,basti,basti,bangwa,basti__basti__bangwa,2,False,अनुसूचित जाति,Scheduled Caste,sc,0,बसंत कुमार,Basant Kumar,पुरुष,0,,normalized_key_collision
up2010__row48606,2010,gp_head_winner_records_2010.parquet,48606,,False,69,बस्ती,Basti,Basti,basti,False,बस्ती,Basti,Basti,basti,False,False,,बनगवा,,,,,False,Bangwa,Bangwa,False,basti,basti,bangwa,basti__basti__bangwa,2,False,पिछड़ी जाति - महिला,Other Backward Class - Female,obc,1,संगीता,Sangeeta,महिला,1,,normalized_key_collision
up2010__row25590,2010,gp_head_winner_records_2010.parquet,25590,,False,48,बस्ती,Basti,Basti,basti,False,बस्ती,Basti,Basti,basti,False,False,,बेलहरा,,,,,False,Belhara,Belhara,False,basti,basti,belhara,basti__basti__belhara,2,False,पिछड़ी जाति,Other Backward Class,obc,0,ओम प्रकाश,Om Prakash,पुरुष,0,,normalized_key_collision
up2010__row25591,2010,gp_head_winner_records_2010.parquet,25591,,False,49,बस्ती,Basti,Basti,basti,False,बस्ती,Basti,Basti,basti,False,False,,बेलहरा,,,,,False,Belhara,Belhara,False,basti,basti,belhara,basti__basti__belhara,2,False,अनारक्षित,Unreserved,general,0,संजय कुमार,Sanjay Kumar,पुरुष,0,,normalized_key_collision
up2010__row3744,2010,gp_head_winner_records_2010.parquet,3744,,False,68,बस्ती,Basti,Basti,basti,False,गौर,Gour,Gour,gour,False,False,,I,,,,,False,I,I,False,basti,gour,i,basti__gour__i,2,False,अनारक्षित,Unreserved,general,0,सुशील कुमार,Sushil Kumar,पुरुष,0,,normalized_key_collision
up2010__row24572,2010,gp_head_winner_records_2010.parquet,24572,,False,78,बस्ती,Basti,Basti,basti,False,गौर,Gour,Gour,gour,False,False,,I,,,,,False,I,I,False,basti,gour,i,basti__gour__i,2,False,अनारक्षित,Unreserved,general,0,रामचन्दर,Ram Chandra,पुरुष,0,,normalized_key_collision
up2010__row24809,2010,gp_head_winner_records_2010.parquet,24809,,False,68,बस्ती,Basti,Basti,basti,False,सल्टौआ गोपालपुर,Saltoya Gopalpur,Saltoya Gopalpur,saltoya gopalpur,False,False,,बासापार,,,,,False,Basapar,Basapar,False,basti,saltoya gopalpur,basapar,basti__saltoya gopalpur__basapar,2,False,पिछड़ी जाति,Other Backward Class,obc,0,आशा सिंह,Asha Singh,महिला,1,,normalized_key_collision
up2010__row24810,2010,gp_head_winner_records_2010.parquet,24810,,False,69,बस्ती,Basti,Basti,basti,False,सल्टौआ गोपालपुर,Saltoya Gopalpur,Saltoya Gopalpur,saltoya gopalpur,False,False,,बासापार,,,,,False,Basapar,Basapar,False,basti,saltoya gopalpur,basapar,basti__saltoya gopalpur__basapar,2,False,पिछड़ी जाति,Other Backward Class,obc,0,आशा सिंह,Asha Singh,महिला,1,,normalized_key_collision
up2010__row990,2010,gp_head_winner_records_2010.parquet,990,,False,53,बदायूं,Budaun,Budaun,budaun,False,अम्बियापुर,Ambiyapur,Ambiyapur,ambiyapur,False,False,,,,,,,False,NA,NA,False,budaun,ambiyapur,na,budaun__ambiyapur__na,8,False,महिला,Female,general,1,सुशीला देवी,Sushila Devi,महिला,1,,normalized_key_collision
up2010__row1008,2010,gp_head_winner_records_2010.parquet,1008,,False,54,बदायूं,Budaun,Budaun,budaun,False,अम्बियापुर,Ambiyapur,Ambiyapur,ambiyapur,False,False,,,,,,,False,NA,NA,False,budaun,ambiyapur,na,budaun__ambiyapur__na,8,False,अनुसूचित जाति,Scheduled Caste,sc,0,लोचन सिंह,Lochan Singh,पुरुष,0,,normalized_key_collision
up2010__row1036,2010,gp_head_winner_records_2010.parquet,1036,,False,55,बदायूं,Budaun,Budaun,budaun,False,अम्बियापुर,Ambiyapur,Ambiyapur,ambiyapur,False,False,,,,,,,False,NA,NA,False,budaun,ambiyapur,na,budaun__ambiyapur__na,8,False,अनुसूचित जाति,Scheduled Caste,sc,0,डालचन्द,dalchand,पुरुष,0,,normalized_key_collision
up2010__row1059,2010,gp_head_winner_records_2010.parquet,1059,,False,56,बदायूं,Budaun,Budaun,budaun,False,अम्बियापुर,Ambiyapur,Ambiyapur,ambiyapur,False,False,,,,,,,False,NA,NA,False,budaun,ambiyapur,na,budaun__ambiyapur__na,8,False,अनुसूचित जाति,Scheduled Caste,sc,0,पुष्पादेवी,Pushpadevi,महिला,1,,normalized_key_collision
up2010__row10037,2010,gp_head_winner_records_2010.parquet,10037,,False,49,बदायूं,Budaun,Budaun,budaun,False,अम्बियापुर,Ambiyapur,Ambiyapur,ambiyapur,False,False,,,,,,,False,NA,NA,False,budaun,ambiyapur,na,budaun__ambiyapur__na,8,False,पिछड़ी जाति,Other Backward Class,obc,0,ठाकुर दास,Thakur Das,पुरुष,0,,normalized_key_collision
up2010__row14967,2010,gp_head_winner_records_2010.parquet,14967,,False,52,बदायूं,Budaun,Budaun,budaun,False,अम्बियापुर,Ambiyapur,Ambiyapur,ambiyapur,False,False,,,,,,,False,NA,NA,False,budaun,ambiyapur,na,budaun__ambiyapur__na,8,False,अनुसूचित जाति महिला,Scheduled Caste - Female,sc,1,सर्वेश,Sarvesh,महिला,1,,normalized_key_collision
up2010__row17873,2010,gp_head_winner_records_2010.parquet,17873,,False,50,बदायूं,Budaun,Budaun,budaun,False,अम्बियापुर,Ambiyapur,Ambiyapur,ambiyapur,False,False,,,,,,,False,NA,NA,False,budaun,ambiyapur,na,budaun__ambiyapur__na,8,False,अनारक्षित,Unreserved,general,0,राजेश्वरी देवी,Rajeshwari Devi,महिला,1,,normalized_key_collision
up2010__row20990,2010,gp_head_winner_records_2010.parquet,20990,,False,51,बदायूं,Budaun,Budaun,budaun,False,अम्बियापुर,Ambiyapur,Ambiyapur,ambiyapur,False,False,,,,,,,False,NA,NA,False,budaun,ambiyapur,na,budaun__ambiyapur__na,8,False,पिछड़ी जाति,Other Backward Class,obc,0,बलवीर सिंह,Balveer Singh,पुरुष,0,,normalized_key_collision
up2010__row33712,2010,gp_head_winner_records_2010.parquet,33712,,False,45,बदायूं,Budaun,Budaun,budaun,False,इस्लामनगर,Islamnagar,Islamnagar,islamnagar,False,False,,लभारी,,,,,False,Labhari,Labhari,False,budaun,islamnagar,labhari,budaun__islamnagar__labhari,2,False,पिछड़ी जाति,Other Backward Class,obc,0,भीकम,Bhikam,पुरुष,0,,normalized_key_collision
up2010__row42022,2010,gp_head_winner_records_2010.parquet,42022,,False,5,बदायूं,Budaun,Budaun,budaun,False,इस्लामनगर,Islamnagar,Islamnagar,islamnagar,False,False,,लभारी,,,,,False,Labhari,Labhari,False,budaun,islamnagar,labhari,budaun__islamnagar__labhari,2,False,अनुसूचित जाति,Scheduled Caste,sc,0,ओमकार,Omkar,पुरुष,0,,normalized_key_collision
up2010__row5647,2010,gp_head_winner_records_2010.parquet,5647,,False,4,बुलंदशहर,Bulandshahr,Bulandshahr,bulandshahr,False,खुर्जा,Khujra,Khujra,khujra,False,False,,कमालपुर भदौरा,,,,,False,Kamalpur Bhadura,Kamalpur Bhadura,False,bulandshahr,khujra,kamalpur bhadura,bulandshahr__khujra__kamalpur bhadura,2,False,महिला,Female,general,1,राजो देवी,Rajjo Devi,महिला,1,,normalized_key_collision
up2010__row5648,2010,gp_head_winner_records_2010.parquet,5648,,False,64,बुलंदशहर,Bulandshahr,Bulandshahr,bulandshahr,False,खुर्जा,Khujra,Khujra,khujra,False,False,,कमालपुर भदौरा,,,,,False,Kamalpur Bhadura,Kamalpur Bhadura,False,bulandshahr,khujra,kamalpur bhadura,bulandshahr__khujra__kamalpur bhadura,2,False,पिछड़ी जाति,Other Backward Class,obc,0,मन्टूरी,Manturi,पुरुष,0,,normalized_key_collision
up2010__row37074,2010,gp_head_winner_records_2010.parquet,37074,,False,4,देवरिया,Devaria,Deoria,devaria,True,देवरिया सदर,Deoria Sadar,Deoria Sadar,deoria sadar,False,False,,सरौरा,,,,,False,Saraura,Saraura,False,deoria,deoria sadar,saraura,deoria__deoria sadar__saraura,2,False,महिला,Female,general,1,संगीता देवी,Sangeeta Devi,महिला,1,,normalized_key_collision
up2010__row49326,2010,gp_head_winner_records_2010.parquet,49326,,False,39,देवरिया,Devaria,Deoria,devaria,True,देवरिया सदर,Deoria Sadar,Deoria Sadar,deoria sadar,False,False,,सरौरा,,,,,False,Saraura,Saraura,False,deoria,deoria sadar,saraura,deoria__deoria sadar__saraura,2,False,अनुसूचित जाति,Scheduled Caste,sc,0,गुलाब,Gulab,पुरुष,0,,normalized_key_collision
up2010__row15753,2010,gp_head_winner_records_2010.parquet,15753,,False,2,गाजियाबाद,Ghaziabad,Ghaziabad,ghaziabad,False,भोजपुर,Bhojpur,Bhojpur,bhojpur,False,False,,त्यौडी -  बिस्वा,,,,,False,Tyaundi -  Biswa,Tyaundi -  Biswa,False,ghaziabad,bhojpur,tyaundi biswa,ghaziabad__bhojpur__tyaundi biswa,2,False,अनारक्षित,Unreserved,general,0,भूरे,Bhoore,पुरुष,0,,normalized_key_collision
up2010__row15754,2010,gp_head_winner_records_2010.parquet,15754,,False,8,गाजियाबाद,Ghaziabad,Ghaziabad,ghaziabad,False,भोजपुर,Bhojpur,Bhojpur,bhojpur,False,False,,त्यौडी -  बिस्वा,,,,,False,Tyaundi -  Biswa,Tyaundi -  Biswa,False,ghaziabad,bhojpur,tyaundi biswa,ghaziabad__bhojpur__tyaundi biswa,2,False,अनारक्षित,Unreserved,general,0,जफरयाव,Jafraiyav,पुरुष,0,,normalized_key_collision
up2010__row50069,2010,gp_head_winner_records_2010.parquet,50069,,False,29,गाजीपुर,Ghazipur,Ghazipur,ghazipur,False,भवरांकोल,Bhavarankol,Bhavarankol,bhavarankol,False,False,,महेशपुर,,,,,False,Maheshpur,Maheshpur,False,ghazipur,bhavarankol,maheshpur,ghazipur__bhavarankol__maheshpur,2,False,अनुसूचित जाति,Scheduled Caste,sc,0,रामअशीष,Rama Asish,पुरुष,0,,normalized_key_collision
up2010__row50075,2010,gp_head_winner_records_2010.parquet,50075,,False,35,गाजीपुर,Ghazipur,Ghazipur,ghazipur,False,भवरांकोल,Bhavarankol,Bhavarankol,bhavarankol,False,False,,महेशपुर,,,,,False,Maheshpur,Maheshpur,False,ghazipur,bhavarankol,maheshpur,ghazipur__bhavarankol__maheshpur,2,False,महिला,Female,general,1,रोशनआरा,Roshanara,महिला,1,,normalized_key_collision
up2010__row36,2010,gp_head_winner_records_2010.parquet,36,,False,1,गाजीपुर,Ghazipur,Ghazipur,ghazipur,False,मनिहारी,Manihari,Manihari,manihari,False,False,,बुढनपुर,,,,,False,Budhanpur,Budhanpur,False,ghazipur,manihari,budhanpur,ghazipur__manihari__budhanpur,2,False,पिछड़ी जाति,Other Backward Class,obc,0,भूपेन्द्र,Bhupeendra,पुरुष,0,,normalized_key_collision
up2010__row25318,2010,gp_head_winner_records_2010.parquet,25318,,False,61,गाजीपुर,Ghazipur,Ghazipur,ghazipur,False,मनिहारी,Manihari,Manihari,manihari,False,False,,बूढ़नपुर,,,,,False,Budhanpur,Budhanpur,False,ghazipur,manihari,budhanpur,ghazipur__manihari__budhanpur,2,False,अनारक्षित,Unreserved,general,0,रामसूरत यादव,Ramsurat Yadav,पुरुष,0,,normalized_key_collision
up2010__row33505,2010,gp_head_winner_records_2010.parquet,33505,,False,10,गोरखपुर,Gorakhpur,Gorakhpur,gorakhpur,False,कैम्पियर,Campier,Campier,campier,False,False,,लक्ष्मीपुर -,,,,,False,LakshmiPur -,LakshmiPur -,False,gorakhpur,campier,lakshmipur,gorakhpur__campier__lakshmipur,2,False,अनारक्षित,Unreserved,general,0,उमेश,Umesh,पुरुष,0,,normalized_key_collision
up2010__row33506,2010,gp_head_winner_records_2010.parquet,33506,,False,39,गोरखपुर,Gorakhpur,Gorakhpur,gorakhpur,False,कैम्पियर,Campier,Campier,campier,False,False,,लक्ष्मीपुर,,,,,False,Lakshmipur,Lakshmipur,False,gorakhpur,campier,lakshmipur,gorakhpur__campier__lakshmipur,2,False,पिछड़ी जाति,Other Backward Class,obc,0,अजय,Ajay,पुरुष,0,,normalized_key_collision
up2010__row14475,2010,gp_head_winner_records_2010.parquet,14475,,False,33,गोरखपुर,Gorakhpur,Gorakhpur,gorakhpur,False,चरगावॉ,Chargaawon,Chargaawon,chargaawon,False,False,,ठाकुरपुर नं-,,,,,False,Thakurpur No-,Thakurpur No-,False,gorakhpur,chargaawon,thakurpur no,gorakhpur__chargaawon__thakurpur no,2,False,अनारक्षित,Unreserved,general,0,राम मिलन,Ram Milan,पुरुष,0,,normalized_key_collision
up2010__row14476,2010,gp_head_winner_records_2010.parquet,14476,,False,34,गोरखपुर,Gorakhpur,Gorakhpur,gorakhpur,False,चरगावॉ,Chargaawon,Chargaawon,chargaawon,False,False,,ठाकुरपुर नं-,,,,,False,Thakurpur No-,Thakurpur No-,False,gorakhpur,chargaawon,thakurpur no,gorakhpur__chargaawon__thakurpur no,2,False,पिछड़ी जाति - महिला,Other Backward Class - Female,obc,1,संगीता,Sangeeta,महिला,1,,normalized_key_collision
up2010__row48952,2010,gp_head_winner_records_2010.parquet,48952,,False,32,गोरखपुर,Gorakhpur,Gorakhpur,gorakhpur,False,जॅ o कौड़िया,J. O. Kauriya,J. O. Kauriya,j o kauriya,False,False,,मंझरिया,,,,,False,Manzhariya,Manzhariya,False,gorakhpur,j o kauriya,manzhariya,gorakhpur__j o kauriya__manzhariya,2,False,महिला,Female,general,1,लीलावती,Leelawati,महिला,1,,normalized_key_collision
up2010__row48973,2010,gp_head_winner_records_2010.parquet,48973,,False,77,गोरखपुर,Gorakhpur,Gorakhpur,gorakhpur,False,जॅ o कौड़िया,J. O. Kauriya,J. O. Kauriya,j o kauriya,False,False,,मंझरिया,,,,,False,Manzhariya,Manzhariya,False,gorakhpur,j o kauriya,manzhariya,gorakhpur__j o kauriya__manzhariya,2,False,महिला,Female,general,1,अर्चना,Archana,महिला,1,,normalized_key_collision
up2010__row32458,2010,gp_head_winner_records_2010.parquet,32458,,False,12,गोरखपुर,Gorakhpur,Gorakhpur,gorakhpur,False,खोराबार,Khorabaar,Khorabaar,khorabaar,False,False,,रामपुर,,,,,False,Rampur,Rampur,False,gorakhpur,khorabaar,rampur,gorakhpur__khorabaar__rampur,2,False,अनारक्षित,Unreserved,general,0,लालवचन,Laalvchann,पुरुष,0,,normalized_key_collision
up2010__row49047,2010,gp_head_winner_records_2010.parquet,49047,,False,46,गोरखपुर,Gorakhpur,Gorakhpur,gorakhpur,False,खोराबार,Khorabaar,Khorabaar,khorabaar,False,False,,रामपुर,,,,,False,Rampur,Rampur,False,gorakhpur,khorabaar,rampur,gorakhpur__khorabaar__rampur,2,False,अनारक्षित,Unreserved,general,0,कृष्णचन्द,Krishna Chand,पुरुष,0,,normalized_key_collision
up2010__row15444,2010,gp_head_winner_records_2010.parquet,15444,,False,33,हरदोई,Hardoi,Hardoi,hardoi,False,सण्डीला,Sandila,Sandila,sandila,False,False,,ल,,,,,False,L,L,False,hardoi,sandila,l,hardoi__sandila__l,3,False,पिछड़ी जाति,Other Backward Class,obc,0,संजीवन कुमार,Sanjeevan Kumar,पुरुष,0,,normalized_key_collision
up2010__row18713,2010,gp_head_winner_records_2010.parquet,18713,,False,32,हरदोई,Hardoi,Hardoi,hardoi,False,सण्डीला,Sandila,Sandila,sandila,False,False,,ल,,,,,False,L,L,False,hardoi,sandila,l,hardoi__sandila__l,3,False,अनुसूचित जाति,Scheduled Caste,sc,0,संदीप,Sandeep,पुरुष,0,,normalized_key_collision
up2010__row19816,2010,gp_head_winner_records_2010.parquet,19816,,False,31,हरदोई,Hardoi,Hardoi,hardoi,False,सण्डीला,Sandila,Sandila,sandila,False,False,,ल,,,,,False,L,L,False,hardoi,sandila,l,hardoi__sandila__l,3,False,अनारक्षित,Unreserved,general,0,सिरा हुसैन,Sira Hussain,पुरुष,0,,normalized_key_collision
up2010__row11400,2010,gp_head_winner_records_2010.parquet,11400,,False,1,जौनपुर,Jaunpur,Jaunpur,jaunpur,False,बरसठी,Barsathi,Barsathi,barsathi,False,False,,चतुर्भुजपुर,,,,,False,Chaturbhujpur,Chaturbhujpur,False,jaunpur,barsathi,chaturbhujpur,jaunpur__barsathi__chaturbhujpur,2,False,अनारक्षित,Unreserved,general,0,इन्द्रावती,Indravati,महिला,1,,normalized_key_collision
up2010__row11401,2010,gp_head_winner_records_2010.parquet,11401,,False,53,जौनपुर,Jaunpur,Jaunpur,jaunpur,False,बरसठी,Barsathi,Barsathi,barsathi,False,False,,चतुर्भुजपुर,,,,,False,Chaturbhujpur,Chaturbhujpur,False,jaunpur,barsathi,chaturbhujpur,jaunpur__barsathi__chaturbhujpur,2,False,अनुसूचित जाति,Scheduled Caste,sc,0,हीरालाल,Hirala,पुरुष,0,,normalized_key_collision
up2010__row51007,2010,gp_head_winner_records_2010.parquet,51007,,False,24,जौनपुर,Jaunpur,Jaunpur,jaunpur,False,रामनगर,Ramnagar,Ramnagar,ramnagar,False,False,,नेवादा -,,,,,False,Newada -,Newada -,False,jaunpur,ramnagar,newada,jaunpur__ramnagar__newada,2,False,महिला,Female,general,1,मीरा देवी,Mira Devi,महिला,1,,normalized_key_collision
up2010__row51023,2010,gp_head_winner_records_2010.parquet,51023,,False,40,जौनपुर,Jaunpur,Jaunpur,jaunpur,False,रामनगर,Ramnagar,Ramnagar,ramnagar,False,False,,नेवादा -,,,,,False,Newada -,Newada -,False,jaunpur,ramnagar,newada,jaunpur__ramnagar__newada,2,False,अनारक्षित,Unreserved,general,0,रामकुमार,Ramkumar,पुरुष,0,,normalized_key_collision
up2010__row50999,2010,gp_head_winner_records_2010.parquet,50999,,False,16,जौनपुर,Jaunpur,Jaunpur,jaunpur,False,रामनगर,Ramnagar,Ramnagar,ramnagar,False,False,,रामनगर -,,,,,False,Ramanagar,Ramanagar,False,jaunpur,ramnagar,ramanagar,jaunpur__ramnagar__ramanagar,2,False,अनुसूचित जाति - महिला,Scheduled Caste - Female,sc,1,उषा देवी,Usha Devi,महिला,1,,normalized_key_collision
up2010__row51026,2010,gp_head_winner_records_2010.parquet,51026,,False,43,जौनपुर,Jaunpur,Jaunpur,jaunpur,False,रामनगर,Ramnagar,Ramnagar,ramnagar,False,False,,रामनगर -,,,,,False,Ramanagar,Ramanagar,False,jaunpur,ramnagar,ramanagar,jaunpur__ramnagar__ramanagar,2,False,पिछड़ी जाति,Other Backward Class,obc,0,अरूण कुमार,Arun Kumar,पुरुष,0,,normalized_key_collision
up2010__row40072,2010,gp_head_winner_records_2010.parquet,40072,,False,44,झांसी,Jhanshi,Jhansi,jhanshi,True,बड़ागांव,Badagaon,Badagaon,badagaon,False,False,,हरपुरा,,,,,False,Harpura,Harpura,False,jhansi,badagaon,harpura,jhansi__badagaon__harpura,2,False,पिछड़ी जाति,Other Backward Class,obc,0,रामगोपाल,Ram Gopal,पुरुष,0,,normalized_key_collision
up2010__row44604,2010,gp_head_winner_records_2010.parquet,44604,,False,48,झांसी,Jhanshi,Jhansi,jhanshi,True,बड़ागांव,Badagaon,Badagaon,badagaon,False,False,,हरपुरा,,,,,False,Harpura,Harpura,False,jhansi,badagaon,harpura,jhansi__badagaon__harpura,2,False,अनारक्षित,Unreserved,general,0,धनीराम,Dhaniraam,पुरुष,0,,normalized_key_collision
up2010__row4496,2010,gp_head_winner_records_2010.parquet,4496,,False,23,झांसी,Jhanshi,Jhansi,jhanshi,True,बड़ागांव,Badagaon,Badagaon,badagaon,False,False,,,,,,,False,NA,NA,False,jhansi,badagaon,na,jhansi__badagaon__na,21,False,महिला,Female,general,1,कुसमा देवी,Kusma Devi,महिला,1,,normalized_key_collision
up2010__row5033,2010,gp_head_winner_records_2010.parquet,5033,,False,11,झांसी,Jhanshi,Jhansi,jhanshi,True,बड़ागांव,Badagaon,Badagaon,badagaon,False,False,,,,,,,False,NA,NA,False,jhansi,badagaon,na,jhansi__badagaon__na,21,False,अनुसूचित जाति,Scheduled Caste,sc,0,मुन्ना लाल,Munna Lal,पुरुष,0,,normalized_key_collision
up2010__row8119,2010,gp_head_winner_records_2010.parquet,8119,,False,2,झांसी,Jhanshi,Jhansi,jhanshi,True,बड़ागांव,Badagaon,Badagaon,badagaon,False,False,,,,,,,False,NA,NA,False,jhansi,badagaon,na,jhansi__badagaon__na,21,False,पिछड़ी जाति महिला,Other Backward Class - Female,obc,1,विमला,Vimla,महिला,1,,normalized_key_collision
up2010__row12094,2010,gp_head_winner_records_2010.parquet,12094,,False,16,झांसी,Jhanshi,Jhansi,jhanshi,True,बड़ागांव,Badagaon,Badagaon,badagaon,False,False,,,,,,,False,NA,NA,False,jhansi,badagaon,na,jhansi__badagaon__na,21,False,पिछड़ी जाति महिला,Other Backward Class - Female,obc,1,टीकमगढ़ वाली,Tikamgarh Wali,महिला,1,,normalized_key_collision
up2010__row14115,2010,gp_head_winner_records_2010.parquet,14115,,False,5,झांसी,Jhanshi,Jhansi,jhanshi,True,बड़ागांव,Badagaon,Badagaon,badagaon,False,False,,,,,,,False,NA,NA,False,jhansi,badagaon,na,jhansi__badagaon__na,21,False,अनुसूचित जाति,Scheduled Caste,sc,0,रामकृपाल,Ramkripa,पुरुष,0,,normalized_key_collision
up2010__row17466,2010,gp_head_winner_records_2010.parquet,17466,,False,9,झांसी,Jhanshi,Jhansi,jhanshi,True,बड़ागांव,Badagaon,Badagaon,badagaon,False,False,,,,,,,False,NA,NA,False,jhansi,badagaon,na,jhansi__badagaon__na,21,False,अनारक्षित,Unreserved,general,0,गिरीश कुमार,Girish Kumar,पुरुष,0,,normalized_key_collision
up2010__row19584,2010,gp_head_winner_records_2010.parquet,19584,,False,20,झांसी,Jhanshi,Jhansi,jhanshi,True,बड़ागांव,Badagaon,Badagaon,badagaon,False,False,,,,,,,False,NA,NA,False,jhansi,badagaon,na,jhansi__badagaon__na,21,False,अनारक्षित,Unreserved,general,0,चन्दभान सिंह,Chandbhan Singh,पुरुष,0,,normalized_key_collision
up2010__row19767,2010,gp_head_winner_records_2010.parquet,19767,,False,22,झांसी,Jhanshi,Jhansi,jhanshi,True,बड़ागांव,Badagaon,Badagaon,badagaon,False,False,,,,,,,False,NA,NA,False,jhansi,badagaon,na,jhansi__badagaon__na,21,False,अनारक्षित,Unreserved,general,0,हारून अली,Harun Ali,पुरुष,0,,normalized_key_collision
up2010__row20485,2010,gp_head_winner_records_2010.parquet,20485,,False,15,झांसी,Jhanshi,Jhansi,jhanshi,True,बड़ागांव,Badagaon,Badagaon,badagaon,False,False,,,,,,,False,NA,NA,False,jhansi,badagaon,na,jhansi__badagaon__na,21,False,अनारक्षित,Unreserved,general,0,नारायन दास,Narayan Das,पुरुष,0,,normalized_key_collision
up2010__row22473,2010,gp_head_winner_records_2010.parquet,22473,,False,8,झांसी,Jhanshi,Jhansi,jhanshi,True,बड़ागांव,Badagaon,Badagaon,badagaon,False,False,,,,,,,False,NA,NA,False,jhansi,badagaon,na,jhansi__badagaon__na,21,False,महिला,Female,general,1,अर्चना देवी,Archana Devi,महिला,1,,normalized_key_collision
up2010__row25236,2010,gp_head_winner_records_2010.parquet,25236,,False,18,झांसी,Jhanshi,Jhansi,jhanshi,True,बड़ागांव,Badagaon,Badagaon,badagaon,False,False,,,,,,,False,NA,NA,False,jhansi,badagaon,na,jhansi__badagaon__na,21,False,अनारक्षित,Unreserved,general,0,कुलदीप सिंह,Kuldeep Singh,पुरुष,0,,normalized_key_collision
up2010__row26838,2010,gp_head_winner_records_2010.parquet,26838,,False,1,झांसी,Jhanshi,Jhansi,jhanshi,True,बड़ागांव,Badagaon,Badagaon,badagaon,False,False,,,,,,,False,NA,NA,False,jhansi,badagaon,na,jhansi__badagaon__na,21,False,अनारक्षित,Unreserved,general,0,वीरेन्द्र कुमार,Veerendra Kumar,पुरुष,0,,normalized_key_collision
up2010__row27738,2010,gp_head_winner_records_2010.parquet,27738,,False,12,झांसी,Jhanshi,Jhansi,jhanshi,True,बड़ागांव,Badagaon,Badagaon,badagaon,False,False,,,,,,,False,NA,NA,False,jhansi,badagaon,na,jhansi__badagaon__na,21,False,अनुसूचित जाति महिला,Scheduled Caste - Female,sc,1,रामसखी,Ramsakhi,महिला,1,,normalized_key_collision
up2010__row28203,2010,gp_head_winner_records_2010.parquet,28203,,False,4,झांसी,Jhanshi,Jhansi,jhanshi,True,बड़ागांव,Badagaon,Badagaon,badagaon,False,False,,,,,,,False,NA,NA,False,jhansi,badagaon,na,jhansi__badagaon__na,21,False,अनारक्षित,Unreserved,general,0,सुम्मेरा,Sumera,पुरुष,0,,normalized_key_collision
up2010__row31424,2010,gp_head_winner_records_2010.parquet,31424,,False,17,झांसी,Jhanshi,Jhansi,jhanshi,True,बड़ागांव,Badagaon,Badagaon,badagaon,False,False,,,,,,,False,NA,NA,False,jhansi,badagaon,na,jhansi__badagaon__na,21,False,पिछड़ी जाति,Other Backward Class,obc,0,अश्वनी,Ashwani,पुरुष,0,,normalized_key_collision
up2010__row31587,2010,gp_head_winner_records_2010.parquet,31587,,False,13,झांसी,Jhanshi,Jhansi,jhanshi,True,बड़ागांव,Badagaon,Badagaon,badagaon,False,False,,,,,,,False,NA,NA,False,jhansi,badagaon,na,jhansi__badagaon__na,21,False,अनारक्षित,Unreserved,general,0,मानवेन्द सिंह,Manavendra Singh,पुरुष,0,,normalized_key_collision
up2010__row36349,2010,gp_head_winner_records_2010.parquet,36349,,False,21,झांसी,Jhanshi,Jhansi,jhanshi,True,बड़ागांव,Badagaon,Badagaon,badagaon,False,False,,,,,,,False,NA,NA,False,jhansi,badagaon,na,jhansi__badagaon__na,21,False,अनारक्षित,Unreserved,general,0,रामजुगल,Ramjugal,पुरुष,0,,normalized_key_collision
up2010__row38199,2010,gp_head_winner_records_2010.parquet,38199,,False,19,झांसी,Jhanshi,Jhansi,jhanshi,True,बड़ागांव,Badagaon,Badagaon,badagaon,False,False,,,,,,,False,NA,NA,False,jhansi,badagaon,na,jhansi__badagaon__na,21,False,अनुसूचित जाति,Scheduled Caste,sc,0,अनन्दी लाल,Anandi Laal,पुरुष,0,,normalized_key_collision
up2010__row39197,2010,gp_head_winner_records_2010.parquet,39197,,False,14,झांसी,Jhanshi,Jhansi,jhanshi,True,बड़ागांव,Badagaon,Badagaon,badagaon,False,False,,,,,,,False,NA,NA,False,jhansi,badagaon,na,jhansi__badagaon__na,21,False,पिछड़ी जाति,Other Backward Class,obc,0,अश्वनी कुमार,Ashwani Kumar,पुरुष,0,,normalized_key_collision
up2010__row44608,2010,gp_head_winner_records_2010.parquet,44608,,False,3,झांसी,Jhanshi,Jhansi,jhanshi,True,बड़ागांव,Badagaon,Badagaon,badagaon,False,False,,,,,,,False,NA,NA,False,jhansi,badagaon,na,jhansi__badagaon__na,21,False,अनुसूचित जाति,Scheduled Caste,sc,0,संतोष कुमार,Santosh Kumar,पुरुष,0,,normalized_key_collision
up2010__row44611,2010,gp_head_winner_records_2010.parquet,44611,,False,10,झांसी,Jhanshi,Jhansi,jhanshi,True,बड़ागांव,Badagaon,Badagaon,badagaon,False,False,,,,,,,False,NA,NA,False,jhansi,badagaon,na,jhansi__badagaon__na,21,False,अनारक्षित,Unreserved,general,0,पुष्पेन्द्र सिंह,Pushpendra Singh,पुरुष,0,,normalized_key_collision
up2010__row19805,2010,gp_head_winner_records_2010.parquet,19805,,False,28,कौशाम्बी,Kaushambi,Kaushambi,kaushambi,False,कौशाम्बी,Kaushambi,Kaushambi,kaushambi,False,False,,có,,,,,False,co,co,False,kaushambi,kaushambi,co,kaushambi__kaushambi__co,3,False,अनारक्षित,Unreserved,general,0,रामराज मिश्र,Ramraj Mishra,पुरुष,0,,normalized_key_collision
up2010__row31264,2010,gp_head_winner_records_2010.parquet,31264,,False,26,कौशाम्बी,Kaushambi,Kaushambi,kaushambi,False,कौशाम्बी,Kaushambi,Kaushambi,kaushambi,False,False,,có,,,,,False,co,co,False,kaushambi,kaushambi,co,kaushambi__kaushambi__co,3,False,पिछड़ी जाति,Other Backward Class,obc,0,बलराम सिंह,Balram Singh,पुरुष,0,,normalized_key_collision
up2010__row31915,2010,gp_head_winner_records_2010.parquet,31915,,False,29,कौशाम्बी,Kaushambi,Kaushambi,kaushambi,False,कौशाम्बी,Kaushambi,Kaushambi,kaushambi,False,False,,có,,,,,False,co,co,False,kaushambi,kaushambi,co,kaushambi__kaushambi__co,3,False,अनुसूचित जाति महिला,Scheduled Caste - Female,sc,1,ननकी,Nanka,महिला,1,,normalized_key_collision
up2010__row10916,2010,gp_head_winner_records_2010.parquet,10916,,False,38,लखीमपुर खीरी,Lakhimpur Khiri,Kheri,lakhimpur khiri,True,बांकेगंज,Bankeganj,Bankeganj,bankeganj,False,False,,ग्रन्ट नम्बर,,,,,False,Grant Number,Grant Number,False,kheri,bankeganj,grant number,kheri__bankeganj__grant number,2,False,महिला,Female,general,1,विजय लक्ष्मी,Vijay Lakshmi,महिला,1,,normalized_key_collision
up2010__row10917,2010,gp_head_winner_records_2010.parquet,10917,,False,39,लखीमपुर खीरी,Lakhimpur Khiri,Kheri,lakhimpur khiri,True,बांकेगंज,Bankeganj,Bankeganj,bankeganj,False,False,,ग्रन्ट नम्बर,,,,,False,Grant Number,Grant Number,False,kheri,bankeganj,grant number,kheri__bankeganj__grant number,2,False,महिला,Female,general,1,रीतू रंजना,Ritu Ranjana,महिला,1,,normalized_key_collision
up2010__row29954,2010,gp_head_winner_records_2010.parquet,29954,,False,49,कुशीनगर,Kushinagar,Kushi Nagar,kushinagar,True,खड्डा,Khadda,Khadda,khadda,False,False,,मिश्रौली,,,,,False,Mishrauli,Mishrauli,False,kushi nagar,khadda,mishrauli,kushi nagar__khadda__mishrauli,2,False,पिछड़ी जाति - महिला,Other Backward Class - Female,obc,1,आशा देवी,Asha Devi,महिला,1,,normalized_key_collision
up2010__row29955,2010,gp_head_winner_records_2010.parquet,29955,,False,5,कुशीनगर,Kushinagar,Kushi Nagar,kushinagar,True,खड्डा,Khadda,Khadda,khadda,False,False,,मिश्रौली,,,,,False,Mishrauli,Mishrauli,False,kushi nagar,khadda,mishrauli,kushi nagar__khadda__mishrauli,2,False,पिछड़ी जाति,Other Backward Class,obc,0,विद्याशंकर,Vidyashankar,पुरुष,0,,normalized_key_collision
up2010__row33498,2010,gp_head_winner_records_2010.parquet,33498,,False,10,कुशीनगर,Kushinagar,Kushi Nagar,kushinagar,True,मोतीचक,Moti Chak,Moti Chak,moti chak,False,False,,लक्ष्मीपुर,,,,,False,Lakshmipur,Lakshmipur,False,kushi nagar,moti chak,lakshmipur,kushi nagar__moti chak__lakshmipur,2,False,महिला,Female,general,1,चुन्नी देवी,Chunni Devi,महिला,1,,normalized_key_collision
up2010__row33499,2010,gp_head_winner_records_2010.parquet,33499,,False,44,कुशीनगर,Kushinagar,Kushi Nagar,kushinagar,True,मोतीचक,Moti Chak,Moti Chak,moti chak,False,False,,लक्ष्मीपुर,,,,,False,Lakshmipur,Lakshmipur,False,kushi nagar,moti chak,lakshmipur,kushi nagar__moti chak__lakshmipur,2,False,पिछडी जाति,Other Backward Class,obc,0,मुक्तेश्वर नाथ,Mukteshwar Naath,पुरुष,0,,normalized_key_collision
up2010__row18319,2010,gp_head_winner_records_2010.parquet,18319,,False,9,कुशीनगर,Kushinagar,Kushi Nagar,kushinagar,True,मोतीचक,Moti Chak,Moti Chak,moti chak,False,False,,नरायनपुर,,,,,False,Narayanpur,Narayanpur,False,kushi nagar,moti chak,narayanpur,kushi nagar__moti chak__narayanpur,2,False,अनारक्षित,Unreserved,general,0,रब्बुल हसन,Rabbul Hasan,पुरुष,0,,normalized_key_collision
up2010__row18320,2010,gp_head_winner_records_2010.parquet,18320,,False,45,कुशीनगर,Kushinagar,Kushi Nagar,kushinagar,True,मोतीचक,Moti Chak,Moti Chak,moti chak,False,False,,नरायनपुर,,,,,False,Narayanpur,Narayanpur,False,kushi nagar,moti chak,narayanpur,kushi nagar__moti chak__narayanpur,2,False,अनुसूचित जाति,Scheduled Caste,sc,0,हरी प्रसाद,Hari Prasad,पुरुष,0,,normalized_key_collision
up2010__row26222,2010,gp_head_winner_records_2010.parquet,26222,,False,29,कुशीनगर,Kushinagar,Kushi Nagar,kushinagar,True,पड़रौना,Padrauna,Padrauna,padrauna,False,False,,भटवलिया,,,,,False,Bhatwaliya,Bhatwaliya,False,kushi nagar,padrauna,bhatwaliya,kushi nagar__padrauna__bhatwaliya,2,False,पिछड़ी जाति,Other Backward Class,obc,0,द्वग्विजय,Dwagvijay,पुरुष,0,,normalized_key_collision
up2010__row26223,2010,gp_head_winner_records_2010.parquet,26223,,False,90,कुशीनगर,Kushinagar,Kushi Nagar,kushinagar,True,पड़रौना,Padrauna,Padrauna,padrauna,False,False,,भटवलिया,,,,,False,Bhatwaliya,Bhatwaliya,False,kushi nagar,padrauna,bhatwaliya,kushi nagar__padrauna__bhatwaliya,2,False,अनारक्षित,Unreserved,general,0,रितेश,Ritesh,पुरुष,0,,normalized_key_collision
up2010__row23307,2010,gp_head_winner_records_2010.parquet,23307,,False,52,कुशीनगर,Kushinagar,Kushi Nagar,kushinagar,True,तमकुहीराज,Tamkuhiraj,Tamkuhiraj,tamkuhiraj,False,False,,बभनौली,,,,,False,Babhanouli,Babhanouli,False,kushi nagar,tamkuhiraj,babhanouli,kushi nagar__tamkuhiraj__babhanouli,2,False,अनारक्षित,Unreserved,general,0,संजय राय,Sanjay Rai,पुरुष,0,,normalized_key_collision
up2010__row23308,2010,gp_head_winner_records_2010.parquet,23308,,False,69,कुशीनगर,Kushinagar,Kushi Nagar,kushinagar,True,तमकुहीराज,Tamkuhiraj,Tamkuhiraj,tamkuhiraj,False,False,,बभनौली,,,,,False,Babhanouli,Babhanouli,False,kushi nagar,tamkuhiraj,babhanouli,kushi nagar__tamkuhiraj__babhanouli,2,False,पिछड़ी जाति महिला,Other Backward Class - Female,obc,1,शकीला देवी,Shakeela Devi,महिला,1,,normalized_key_collision
up2010__row25943,2010,gp_head_winner_records_2010.parquet,25943,,False,,मिर्जापुर,Mirzapur,Mirzapur,mirzapur,False,छानबे,Chhaanbe,Chhaanbe,chhaanbe,False,False,,बौता विशेषर सिंह,,,,,False,Bauta Visheshar Singh,Bauta Visheshar Singh,False,mirzapur,chhaanbe,bauta visheshar singh,mirzapur__chhaanbe__bauta visheshar singh,2,False,अनारक्षित,Unreserved,general,0,त्रिलोकी,Triloki,पुरुष,0,,normalized_key_collision
up2010__row25944,2010,gp_head_winner_records_2010.parquet,25944,,False,30,मिर्जापुर,Mirzapur,Mirzapur,mirzapur,False,छानबे,Chhaanbe,Chhaanbe,chhaanbe,False,False,,बौता विशेषर सिंह,,,,,False,Bauta Visheshar Singh,Bauta Visheshar Singh,False,mirzapur,chhaanbe,bauta visheshar singh,mirzapur__chhaanbe__bauta visheshar singh,2,False,अनारक्षित,Unreserved,general,0,त्रिलोकी,Triloki,पुरुष,0,,normalized_key_collision
up2010__row26760,2010,gp_head_winner_records_2010.parquet,26760,,False,31,मिर्जापुर,Mirzapur,Mirzapur,mirzapur,False,जमालपुर,Jamalpur,Jamalpur,jamalpur,False,False,,भाईपुर कला,,,,,False,Bhaipur Kala,Bhaipur Kala,False,mirzapur,jamalpur,bhaipur kala,mirzapur__jamalpur__bhaipur kala,2,False,अनुसूचित जाति - महिला,Scheduled Caste - Female,sc,1,रामरती,Ramrati,महिला,1,,normalized_key_collision
up2010__row26761,2010,gp_head_winner_records_2010.parquet,26761,,False,64,मिर्जापुर,Mirzapur,Mirzapur,mirzapur,False,जमालपुर,Jamalpur,Jamalpur,jamalpur,False,False,,भाईपुर कला,,,,,False,Bhaipur Kala,Bhaipur Kala,False,mirzapur,jamalpur,bhaipur kala,mirzapur__jamalpur__bhaipur kala,2,False,अनुसूचित जाति महिला,Scheduled Caste - Female,sc,1,रामरती,Ramrati,महिला,1,,normalized_key_collision
up2010__row17090,2010,gp_head_winner_records_2010.parquet,17090,,False,,मिर्जापुर,Mirzapur,Mirzapur,mirzapur,False,जमालपुर,Jamalpur,Jamalpur,jamalpur,False,False,,दौलताबाद,,,,,False,Daulatabad,Daulatabad,False,mirzapur,jamalpur,daulatabad,mirzapur__jamalpur__daulatabad,2,False,पिछड़ी जाति,Other Backward Class,obc,0,बनारसी,Banarsi,पुरुष,0,,normalized_key_collision
up2010__row17091,2010,gp_head_winner_records_2010.parquet,17091,,False,73,मिर्जापुर,Mirzapur,Mirzapur,mirzapur,False,जमालपुर,Jamalpur,Jamalpur,jamalpur,False,False,,दौलताबाद,,,,,False,Daulatabad,Daulatabad,False,mirzapur,jamalpur,daulatabad,mirzapur__jamalpur__daulatabad,2,False,पिछड़ी जाति,Other Backward Class,obc,0,बनारसी,Banarsi,पुरुष,0,,normalized_key_collision
up2010__row993,2010,gp_head_winner_records_2010.parquet,993,,False,20,मुरादाबाद,Muradabad,Moradabad,muradabad,True,बहजोई,Bahjoi,Bahjoi,bahjoi,False,False,,,,,,,False,NA,NA,False,moradabad,bahjoi,na,moradabad__bahjoi__na,7,False,महिला,Female,general,1,राजवती,Rajwati,महिला,1,,normalized_key_collision
up2010__row994,2010,gp_head_winner_records_2010.parquet,994,,False,21,मुरादाबाद,Muradabad,Moradabad,muradabad,True,बहजोई,Bahjoi,Bahjoi,bahjoi,False,False,,,,,,,False,NA,NA,False,moradabad,bahjoi,na,moradabad__bahjoi__na,7,False,अनारक्षित,Unreserved,general,0,राजपाल,Rajpal,पुरुष,0,,normalized_key_collision
up2010__row995,2010,gp_head_winner_records_2010.parquet,995,,False,23,मुरादाबाद,Muradabad,Moradabad,muradabad,True,बहजोई,Bahjoi,Bahjoi,bahjoi,False,False,,,,,,,False,NA,NA,False,moradabad,bahjoi,na,moradabad__bahjoi__na,7,False,महिला,Female,general,1,राजबाला,Rajbali,महिला,1,,normalized_key_collision
up2010__row1018,2010,gp_head_winner_records_2010.parquet,1018,,False,24,मुरादाबाद,Muradabad,Moradabad,muradabad,True,बहजोई,Bahjoi,Bahjoi,bahjoi,False,False,,,,,,,False,NA,NA,False,moradabad,bahjoi,na,moradabad__bahjoi__na,7,False,अनारक्षित,Unreserved,general,0,सुभाष चन्द्र,Subhash Chandra,पुरुष,0,,normalized_key_collision
up2010__row1019,2010,gp_head_winner_records_2010.parquet,1019,,False,25,मुरादाबाद,Muradabad,Moradabad,muradabad,True,बहजोई,Bahjoi,Bahjoi,bahjoi,False,False,,,,,,,False,NA,NA,False,moradabad,bahjoi,na,moradabad__bahjoi__na,7,False,पिछड़ी जाति - महिला,Other Backward Class - Female,obc,1,कैलाशो उर्फ,Kailasho Urf,महिला,1,,normalized_key_collision
up2010__row1020,2010,gp_head_winner_records_2010.parquet,1020,,False,26,मुरादाबाद,Muradabad,Moradabad,muradabad,True,बहजोई,Bahjoi,Bahjoi,bahjoi,False,False,,,,,,,False,NA,NA,False,moradabad,bahjoi,na,moradabad__bahjoi__na,7,False,अनुसूचित जाति,Scheduled Caste,sc,0,महेशचन्द्र,Maheshchandra,पुरुष,0,,normalized_key_collision
up2010__row1021,2010,gp_head_winner_records_2010.parquet,1021,,False,27,मुरादाबाद,Muradabad,Moradabad,muradabad,True,बहजोई,Bahjoi,Bahjoi,bahjoi,False,False,,,,,,,False,NA,NA,False,moradabad,bahjoi,na,moradabad__bahjoi__na,7,False,अनारक्षित,Unreserved,general,0,बाबूराम,Baburam,पुरुष,0,,normalized_key_collision
up2010__row3279,2010,gp_head_winner_records_2010.parquet,3279,,False,59,मुरादाबाद,Muradabad,Moradabad,muradabad,True,बिलारी,Bilari,Bilari,bilari,False,False,,s,,,,,False,s,s,False,moradabad,bilari,s,moradabad__bilari__s,2,False,अनुसूचित जाति महिला,Scheduled Caste - Female,sc,1,केलादेवी,Keladevi,महिला,1,,normalized_key_collision
up2010__row38375,2010,gp_head_winner_records_2010.parquet,38375,,False,62,मुरादाबाद,Muradabad,Moradabad,muradabad,True,बिलारी,Bilari,Bilari,bilari,False,False,,S,,,,,False,S,S,False,moradabad,bilari,s,moradabad__bilari__s,2,False,अनुसूचित जाति,Scheduled Caste,sc,0,प्रेमपाल,Prem Pal,पुरुष,0,,normalized_key_collision
up2010__row45753,2010,gp_head_winner_records_2010.parquet,45753,,False,35,प्रतापगढ़,Pratapgarh,Pratapgarh,pratapgarh,False,आसपुर,Asapur,Asapur,asapur,False,False,,नगर,,,,,False,Nagar,Nagar,False,pratapgarh,asapur,nagar,pratapgarh__asapur__nagar,2,False,पिछड़ी जाति,Other Backward Class,obc,0,ठाकुरदीन,Thakurdeen,पुरुष,0,,normalized_key_collision
up2010__row45755,2010,gp_head_winner_records_2010.parquet,45755,,False,36,प्रतापगढ़,Pratapgarh,Pratapgarh,pratapgarh,False,आसपुर,Asapur,Asapur,asapur,False,False,,नगर,,,,,False,Nagar,Nagar,False,pratapgarh,asapur,nagar,pratapgarh__asapur__nagar,2,False,पिछड़ी जाति,Other Backward Class,obc,0,ठाकुरदीन,Thakurdeen,पुरुष,0,,normalized_key_collision
up2010__row33830,2010,gp_head_winner_records_2010.parquet,33830,,False,21,प्रतापगढ़,Pratapgarh,Pratapgarh,pratapgarh,False,मान्धाता,Mandhaata,Mandhaata,mandhaata,False,False,,लाखपुर,,,,,False,Lakhapur,Lakhapur,False,pratapgarh,mandhaata,lakhapur,pratapgarh__mandhaata__lakhapur,2,False,अनारक्षित,Unreserved,general,0,धर्मेन्द्र तिवारी,Dharmendra Tiwari,पुरुष,0,,normalized_key_collision
up2010__row33831,2010,gp_head_winner_records_2010.parquet,33831,,False,17,प्रतापगढ़,Pratapgarh,Pratapgarh,pratapgarh,False,मान्धाता,Mandhaata,Mandhaata,mandhaata,False,False,,लाखापुर,,,,,False,Lakhapur,Lakhapur,False,pratapgarh,mandhaata,lakhapur,pratapgarh__mandhaata__lakhapur,2,False,पिछड़ी जाति,Other Backward Class,obc,0,भोला नाथ पटेल,Bhola Nath Patel,पुरुष,0,,normalized_key_collision
up2010__row782,2010,gp_head_winner_records_2010.parquet,782,,False,47,प्रतापगढ़,Pratapgarh,Pratapgarh,pratapgarh,False,शिवगढ़,Shivgarh,Shivgarh,shivgarh,False,False,,जगदीशपुर,,,,,False,Jagdishpur,Jagdishpur,False,pratapgarh,shivgarh,jagdishpur,pratapgarh__shivgarh__jagdishpur,2,False,अनुसूचित जाति - महिला,Scheduled Caste - Female,sc,1,अनीता देवी,Anita Devi,महिला,1,,normalized_key_collision
up2010__row12598,2010,gp_head_winner_records_2010.parquet,12598,,False,8,प्रतापगढ़,Pratapgarh,Pratapgarh,pratapgarh,False,शिवगढ़,Shivgarh,Shivgarh,shivgarh,False,False,,जगदीशपुर,,,,,False,Jagdishpur,Jagdishpur,False,pratapgarh,shivgarh,jagdishpur,pratapgarh__shivgarh__jagdishpur,2,False,अनुसूचित जाति महिला,Scheduled Caste - Female,sc,1,कमला देवी,Kamla Devi,महिला,1,,normalized_key_collision
up2010__row45560,2010,gp_head_winner_records_2010.parquet,45560,,False,16,इलाहाबाद,Allahabad,Prayagraj,allahabad,True,सैदाबाद,Saidabad,Saidabad,saidabad,False,False,,दुमदुमा,,,,,False,Dumduma,Dumduma,False,prayagraj,saidabad,dumduma,prayagraj__saidabad__dumduma,2,False,पिछड़ी जाति महिला,Other Backward Class - Female,obc,1,लालती देवी,Laalati Devi,महिला,1,,normalized_key_collision
up2010__row45589,2010,gp_head_winner_records_2010.parquet,45589,,False,45,इलाहाबाद,Allahabad,Prayagraj,allahabad,True,सैदाबाद,Saidabad,Saidabad,saidabad,False,False,,दुमदुमा,,,,,False,Dumduma,Dumduma,False,prayagraj,saidabad,dumduma,prayagraj__saidabad__dumduma,2,False,पिछड़ी जाति - महिला,Other Backward Class - Female,obc,1,रेनू देवी,Renu Devi,महिला,1,,normalized_key_collision
up2010__row41557,2010,gp_head_winner_records_2010.parquet,41557,,False,34,रामपुर,Rampur,Rampur,rampur,False,बिलासपुर,Bilaaspur,Bilaaspur,bilaaspur,False,False,,चौकोनी,,,,,False,Chaukoni,Chaukoni,False,rampur,bilaaspur,chaukoni,rampur__bilaaspur__chaukoni,2,False,महिला,Female,general,1,रूपा देवी,Roopa Devi,महिला,1,,normalized_key_collision
up2010__row41644,2010,gp_head_winner_records_2010.parquet,41644,,False,50,रामपुर,Rampur,Rampur,rampur,False,बिलासपुर,Bilaaspur,Bilaaspur,bilaaspur,False,False,,चौकोनी,,,,,False,Chaukoni,Chaukoni,False,rampur,bilaaspur,chaukoni,rampur__bilaaspur__chaukoni,2,False,अनारक्षित,Unreserved,general,0,नत्थू सिंह,Natthu Singh,पुरुष,0,,normalized_key_collision
up2010__row41570,2010,gp_head_winner_records_2010.parquet,41570,,False,47,रामपुर,Rampur,Rampur,rampur,False,बिलासपुर,Bilaaspur,Bilaaspur,bilaaspur,False,False,,धुरयाई,,,,,False,Dhuriai,Dhuriai,False,rampur,bilaaspur,dhuriai,rampur__bilaaspur__dhuriai,2,False,पिछड़ी जाति,Other Backward Class,obc,0,सुखविन्दर सिंह,Sukhwinder Singh,पुरुष,0,,normalized_key_collision
up2010__row41647,2010,gp_head_winner_records_2010.parquet,41647,,False,53,रामपुर,Rampur,Rampur,rampur,False,बिलासपुर,Bilaaspur,Bilaaspur,bilaaspur,False,False,,धुरयाई,,,,,False,Dhuriai,Dhuriai,False,rampur,bilaaspur,dhuriai,rampur__bilaaspur__dhuriai,2,False,पिछड़ी जाति,Other Backward Class,obc,0,भूरी,Bhoori,महिला,1,,normalized_key_collision
up2010__row41574,2010,gp_head_winner_records_2010.parquet,41574,,False,51,रामपुर,Rampur,Rampur,rampur,False,बिलासपुर,Bilaaspur,Bilaaspur,bilaaspur,False,False,,महूनागर,,,,,False,Mahunagar,Mahunagar,False,rampur,bilaaspur,mahunagar,rampur__bilaaspur__mahunagar,2,False,अनारक्षित,Unreserved,general,0,तहजीब जहां,Tahzeeb Jahan,महिला,1,,normalized_key_collision
up2010__row41669,2010,gp_head_winner_records_2010.parquet,41669,,False,99,रामपुर,Rampur,Rampur,rampur,False,बिलासपुर,Bilaaspur,Bilaaspur,bilaaspur,False,False,,महूनागर,,,,,False,Mahunagar,Mahunagar,False,rampur,bilaaspur,mahunagar,rampur__bilaaspur__mahunagar,2,False,अनारक्षित,Unreserved,general,0,सूरज सिंह,SURAJ SINGH,पुरुष,0,,normalized_key_collision
up2010__row18490,2010,gp_head_winner_records_2010.parquet,18490,,False,82,रामपुर,Rampur,Rampur,rampur,False,बिलासपुर,Bilaaspur,Bilaaspur,bilaaspur,False,False,,नवाबगंज,,,,,False,Nawabganj,Nawabganj,False,rampur,bilaaspur,nawabganj,rampur__bilaaspur__nawabganj,2,False,महिला,Female,general,1,संदीप कौर,Sandeep Kaur,महिला,1,,normalized_key_collision
up2010__row41613,2010,gp_head_winner_records_2010.parquet,41613,,False,19,रामपुर,Rampur,Rampur,rampur,False,बिलासपुर,Bilaaspur,Bilaaspur,bilaaspur,False,False,,नवाबगंज,,,,,False,Nawabganj,Nawabganj,False,rampur,bilaaspur,nawabganj,rampur__bilaaspur__nawabganj,2,False,अनुसूचित जाति,Scheduled Caste,sc,0,बूंदा,Bunda,महिला,1,,normalized_key_collision
up2010__row31795,2010,gp_head_winner_records_2010.parquet,31795,,False,14,रामपुर,Rampur,Rampur,rampur,False,बिलासपुर,Bilaaspur,Bilaaspur,bilaaspur,False,False,,रसूलपुर,,,,,False,Rasulpur,Rasulpur,False,rampur,bilaaspur,rasulpur,rampur__bilaaspur__rasulpur,2,False,महिला,Female,general,1,भूरी देवी,Bhoori Devi,महिला,1,,normalized_key_collision
up2010__row41663,2010,gp_head_winner_records_2010.parquet,41663,,False,69,रामपुर,Rampur,Rampur,rampur,False,बिलासपुर,Bilaaspur,Bilaaspur,bilaaspur,False,False,,रसूलपुर,,,,,False,Rasulpur,Rasulpur,False,rampur,bilaaspur,rasulpur,rampur__bilaaspur__rasulpur,2,False,पिछड़ी जाति,Other Backward Class,obc,0,राजवीर सिंह,Rajvir Singh,पुरुष,0,,normalized_key_collision
up2010__row29270,2010,gp_head_winner_records_2010.parquet,29270,,False,34,रामपुर,Rampur,Rampur,rampur,False,मिलक,Milk,Milk,milk,False,False,,महुआखेडा,,,,,False,Mahuakheda,Mahuakheda,False,rampur,milk,mahuakheda,rampur__milk__mahuakheda,2,False,अनुसूचित जाति,Scheduled Caste,sc,0,होरी लाल,Hori Lal,पुरुष,0,,normalized_key_collision
up2010__row29271,2010,gp_head_winner_records_2010.parquet,29271,,False,94,रामपुर,Rampur,Rampur,rampur,False,मिलक,Milk,Milk,milk,False,False,,महुआखेडा,,,,,False,Mahuakheda,Mahuakheda,False,rampur,milk,mahuakheda,rampur__milk__mahuakheda,2,False,अनारक्षित,Unreserved,general,0,आमना बेगम,Aamna Begum,महिला,1,,normalized_key_collision
up2010__row26727,2010,gp_head_winner_records_2010.parquet,26727,,False,16,संत रविदास नगर,Sant Ravidas Nagar,Sant Ravidas Nagar,sant ravidas nagar,False,औराई,Aurain,Aurain,aurain,False,False,,भवानीपुर,,,,,False,Bhawanipur,Bhawanipur,False,sant ravidas nagar,aurain,bhawanipur,sant ravidas nagar__aurain__bhawanipur,2,False,अनारक्षित,Unreserved,general,0,बद्रीनाथ,Badrinath,पुरुष,0,,normalized_key_collision
up2010__row26728,2010,gp_head_winner_records_2010.parquet,26728,,False,109,संत रविदास नगर,Sant Ravidas Nagar,Sant Ravidas Nagar,sant ravidas nagar,False,औराई,Aurain,Aurain,aurain,False,False,,भवानीपुर,,,,,False,Bhawanipur,Bhawanipur,False,sant ravidas nagar,aurain,bhawanipur,sant ravidas nagar__aurain__bhawanipur,2,False,महिला,Female,general,1,शशि,Shashi,महिला,1,,normalized_key_collision
up2010__row26523,2010,gp_head_winner_records_2010.parquet,26523,,False,21,शाहजहांपुर,Shahjahnapur,Shahjahanpur,shahjahnapur,True,मिर्जापुर,Mirzapur,Mirzapur,mirzapur,False,False,,भरतपुर,,,,,False,Bharatpur,Bharatpur,False,shahjahanpur,mirzapur,bharatpur,shahjahanpur__mirzapur__bharatpur,2,False,महिला,Female,general,1,किरन देवी,Kiran Devi,महिला,1,,normalized_key_collision
up2010__row26538,2010,gp_head_winner_records_2010.parquet,26538,,False,7,शाहजहांपुर,Shahjahnapur,Shahjahanpur,shahjahnapur,True,मिर्जापुर,Mirzapur,Mirzapur,mirzapur,False,False,,भरतापुर,,,,,False,Bharatpur,Bharatpur,False,shahjahanpur,mirzapur,bharatpur,shahjahanpur__mirzapur__bharatpur,2,False,महिला,Female,general,1,लीलावती,Leelawati,महिला,1,,normalized_key_collision
up2010__row39064,2010,gp_head_winner_records_2010.parquet,39064,,False,11,सिद्धार्थनगर,Siddharth Nagar,Siddharth Nagar,siddharth nagar,False,इटवा,Itwa,Itwa,itwa,False,False,,सेमरा,,,,,False,Semra,Semra,False,siddharth nagar,itwa,semra,siddharth nagar__itwa__semra,2,False,अनारक्षित,Unreserved,general,0,निसार अहमद,Nisarr Ahmed,पुरुष,0,,normalized_key_collision
up2010__row39065,2010,gp_head_winner_records_2010.parquet,39065,,False,47,सिद्धार्थनगर,Siddharth Nagar,Siddharth Nagar,siddharth nagar,False,इटवा,Itwa,Itwa,itwa,False,False,,सेमरा,,,,,False,Semra,Semra,False,siddharth nagar,itwa,semra,siddharth nagar__itwa__semra,2,False,अनारक्षित,Unreserved,general,0,अब्दुल कुददृश,Abdul Kuddrish,पुरुष,0,,normalized_key_collision
up2010__row1400,2010,gp_head_winner_records_2010.parquet,1400,,False,6,सिद्धार्थनगर,Siddharth Nagar,Siddharth Nagar,siddharth nagar,False,खुनियांव,Khuniyav,Khuniyav,khuniyav,False,False,,,,,,,False,NA,NA,False,siddharth nagar,khuniyav,na,siddharth nagar__khuniyav__na,2,False,अनारक्षित,Unreserved,general,0,ब्रह्मनन्द,Brahmanand,पुरुष,0,,normalized_key_collision
up2010__row1401,2010,gp_head_winner_records_2010.parquet,1401,,False,7,सिद्धार्थनगर,Siddharth Nagar,Siddharth Nagar,siddharth nagar,False,खुनियांव,Khuniyav,Khuniyav,khuniyav,False,False,,,,,,,False,NA,NA,False,siddharth nagar,khuniyav,na,siddharth nagar__khuniyav__na,2,False,अनारक्षित,Unreserved,general,0,शब्दरी,Shabdari,महिला,1,,normalized_key_collision
up2010__row30168,2010,gp_head_winner_records_2010.parquet,30168,,False,62,सीतापुर,Sitapur,Sitapur,sitapur,False,सिधौली,Sidhauli,Sidhauli,sidhauli,False,False,,S,,,,,False,S,S,False,sitapur,sidhauli,s,sitapur__sidhauli__s,2,False,पिछड़ी जाति,Other Backward Class,obc,0,महेश्वर,Maheshwar,पुरुष,0,,normalized_key_collision
up2010__row40003,2010,gp_head_winner_records_2010.parquet,40003,,False,59,सीतापुर,Sitapur,Sitapur,sitapur,False,सिधौली,Sidhauli,Sidhauli,sidhauli,False,False,,s,,,,,False,s,s,False,sitapur,sidhauli,s,sitapur__sidhauli__s,2,False,अनुसूचित जाति,Scheduled Caste,sc,0,रामकिशोर,Ramkishor,पुरुष,0,,normalized_key_collision
up2010__row4791,2010,gp_head_winner_records_2010.parquet,4791,,False,41,सोनभद्र,Sonbhadra,Sonbhadra,sonbhadra,False,राबट्र्सगंज,Robertsganj,Robertsganj,robertsganj,False,False,,ओरगाई ( प ० ),,,,,False,Orgai,Orgai,False,sonbhadra,robertsganj,orgai,sonbhadra__robertsganj__orgai,2,False,अनारक्षित,Unreserved,general,0,अर्जुन,Arjun,पुरुष,0,,normalized_key_collision
up2010__row51716,2010,gp_head_winner_records_2010.parquet,51716,,False,84,सोनभद्र,Sonbhadra,Sonbhadra,sonbhadra,False,राबट्र्सगंज,Robertsganj,Robertsganj,robertsganj,False,False,,ओरगाई ( त ),,,,,False,Orgai,Orgai,False,sonbhadra,robertsganj,orgai,sonbhadra__robertsganj__orgai,2,False,अनुसूचित जाति,Scheduled Caste,sc,0,दिनेश,Dinesh,पुरुष,0,,normalized_key_collision
up2010__row26906,2010,gp_head_winner_records_2010.parquet,26906,,False,31,उन्नाव,Unnao,Unnao,unnao,False,बांगरमऊ,Bangarmau,Bangarmau,bangarmau,False,False,,भिखारीपुर,,,,,False,Bikharipur,Bikharipur,False,unnao,bangarmau,bikharipur,unnao__bangarmau__bikharipur,2,False,पिछड़ी जाति - महिला,Other Backward Class - Female,obc,1,नीलम,Neelam,महिला,1,,normalized_key_collision
up2010__row46391,2010,gp_head_winner_records_2010.parquet,46391,,False,9,उन्नाव,Unnao,Unnao,unnao,False,बांगरमऊ,Bangarmau,Bangarmau,bangarmau,False,False,,भिखारीपुर,,,,,False,Bikharipur,Bikharipur,False,unnao,bangarmau,bikharipur,unnao__bangarmau__bikharipur,2,False,अनारक्षित,Unreserved,general,0,शिव कुमार,Shiv Kumar,पुरुष,0,,normalized_key_collision
up2010__row17486,2010,gp_head_winner_records_2010.parquet,17486,,False,51,उन्नाव,Unnao,Unnao,unnao,False,बीघापुर,Bighapur,Bighapur,bighapur,False,False,,धानीखेड़ा,,,,,False,Dhanikheda,Dhanikheda,False,unnao,bighapur,dhanikheda,unnao__bighapur__dhanikheda,2,False,महिला,Female,general,1,श्रीवती,Shree Wati,महिला,1,,normalized_key_collision
up2010__row46415,2010,gp_head_winner_records_2010.parquet,46415,,False,10,उन्नाव,Unnao,Unnao,unnao,False,बीघापुर,Bighapur,Bighapur,bighapur,False,False,,धमनीखेडा,,,,,False,Dhanikheda,Dhanikheda,False,unnao,bighapur,dhanikheda,unnao__bighapur__dhanikheda,2,False,महिला,Female,general,1,मोहनी देवी,Mohani Devi,महिला,1,,normalized_key_collision
up2010__row6142,2010,gp_head_winner_records_2010.parquet,6142,,False,25,उन्नाव,Unnao,Unnao,unnao,False,सुमेरपुर,Sumerpur,Sumerpur,sumerpur,False,False,,कल्यानपुर,,,,,False,Kalyanpur,Kalyanpur,False,unnao,sumerpur,kalyanpur,unnao__sumerpur__kalyanpur,2,False,पिछड़ी जाति - महिला,Other Backward Class - Female,obc,1,नीलम,Neelam,महिला,1,,normalized_key_collision
up2010__row6143,2010,gp_head_winner_records_2010.parquet,6143,,False,62,उन्नाव,Unnao,Unnao,unnao,False,सुमेरपुर,Sumerpur,Sumerpur,sumerpur,False,False,,कल्यानपुर,,,,,False,Kalyanpur,Kalyanpur,False,unnao,sumerpur,kalyanpur,unnao__sumerpur__kalyanpur,2,False,अनुसूचित जाति,Scheduled Caste,sc,0,मथुरा,Mathura,पुरुष,0,,normalized_key_collision
up2010__row50638,2010,gp_head_winner_records_2010.parquet,50638,,False,20,वाराणसी,Varanasi,Varanasi,varanasi,False,पिण्ड्रा,Pindra,Pindra,pindra,False,False,,शाहपुर,,,,,False,Shahpur,Shahpur,False,varanasi,pindra,shahpur,varanasi__pindra__shahpur,2,False,अनारक्षित,Unreserved,general,0,बसंत लाल,Basant Lal,पुरुष,0,,normalized_key_collision
up2010__row50645,2010,gp_head_winner_records_2010.parquet,50645,,False,27,वाराणसी,Varanasi,Varanasi,varanasi,False,पिण्ड्रा,Pindra,Pindra,pindra,False,False,,शाहपुर,,,,,False,Shahpur,Shahpur,False,varanasi,pindra,shahpur,varanasi__pindra__shahpur,2,False,अनारक्षित,Unreserved,general,0,शान्ति,Shanti,महिला,1,,normalized_key_collision
up2015__row843,2015,gp_head_winner_records_2015.parquet,843,,False,72,अयोध्या,Ayodhya,Ayodhya,ayodhya,False,बीकापुर,Bikapur,Bikapur,bikapur,False,False,,बोदहरी,,,,,False,,,False,ayodhya,bikapur,,,,False,अनारक्षित,Unreserved,general,0,सिकन्दर,Sikandar,पुरुष,0,सविरोध,missing_normalized_component
up2015__row2802,2015,gp_head_winner_records_2015.parquet,2802,,False,6,जौनपुर,Jaunpur,Jaunpur,jaunpur,False,मछलीशहर,Machhalishahr,Machhalishahr,machhalishahr,False,False,,विशवपालपुर,,,,,False,,,False,jaunpur,machhalishahr,,,,False,अनारक्षित,Unreserved,general,0,रंजन सिंह,Ranjan Singh,पुरुष,0,सविरोध,missing_normalized_component
up2015__row6778,2015,gp_head_winner_records_2015.parquet,6778,,False,2,गोरखपुर,Gorakhpur,Gorakhpur,gorakhpur,False,बेलघाट,Belghat,Belghat,belghat,False,False,,बह्रमदेवा,,,,,False,,,False,gorakhpur,belghat,,,,False,अन्य पिछड़ा वर्ग महिला,Other Backward Class Female,obc,1,अनीता,Anita,महिला,1,सविरोध,missing_normalized_component
up2015__row8899,2015,gp_head_winner_records_2015.parquet,8899,,False,16,बहराइच,Bahraich,Bahraich,bahraich,False,महसी,Mahsi,Mahsi,mahsi,False,False,,बहदुरिया,,,,,False,,,False,bahraich,mahsi,,,,False,अनारक्षित,Unreserved,general,0,मोहन,Mohan,पुरुष,0,सविरोध,missing_normalized_component
up2015__row8909,2015,gp_head_winner_records_2015.parquet,8909,,False,26,बहराइच,Bahraich,Bahraich,bahraich,False,महसी,Mahsi,Mahsi,mahsi,False,False,,औराही,,,,,False,,,False,bahraich,mahsi,,,,False,अन्य पिछड़ा वर्ग,Other Backward Class,obc,0,ममता देवी,Mamta Devi,महिला,1,सविरोध,missing_normalized_component
up2015__row12011,2015,gp_head_winner_records_2015.parquet,12011,,False,69,फ़र्रुखाबाद,Farrukhabad,Farrukhabad,farrukhabad,False,कमालगंज,Kamalganj,Kamalganj,kamalganj,False,False,,उसमानगंज,,,,,False,,,False,farrukhabad,kamalganj,,,,False,अनारक्षित,Unreserved,general,0,अबधेश चन्द्र,Awadhesh Chandra,पुरुष,0,सविरोध,missing_normalized_component
up2015__row13059,2015,gp_head_winner_records_2015.parquet,13059,,False,20,गोंडा,Gonda,Gonda,gonda,False,बभनजोत,Bhabha njot,Bhabha njot,bhabha njot,False,False,,औराडीह,,,,,False,,,False,gonda,bhabha njot,,,,False,महिला,Female,general,1,रशीदा खातून,Rashida Khatun,महिला,1,सविरोध,missing_normalized_component
up2015__row18121,2015,gp_head_winner_records_2015.parquet,18121,,False,67,सन्त कबीर नगर,Sant Kabir Nagar,Sant Kabeer Nagar,sant kabir nagar,True,हैसरबाजार,Hesarbazar,Hesarbazar,hesarbazar,False,False,,औराडाड,,,,,False,,,False,sant kabeer nagar,hesarbazar,,,,False,महिला,Female,general,1,कोकिला,Kokila,महिला,1,सविरोध,missing_normalized_component
up2015__row19918,2015,gp_head_winner_records_2015.parquet,19918,,False,44,प्रयागराज,Prayagraj,Prayagraj,prayagraj,False,बहरिया,Baharia,Baharia,baharia,False,False,,हासिमपुर उरफ बेनीपुर,,,,,False,,,False,prayagraj,baharia,,,,False,अनारक्षित,Unreserved,general,0,विरेन्द्र द्विवेदी,Virendra Dwivedi,पुरुष,0,सविरोध,missing_normalized_component
up2015__row23141,2015,gp_head_winner_records_2015.parquet,23141,,False,20,फिरोज़ाबाद,Firozabad,Firozabad,firozabad,False,फिरोजाबाद,Firozabad,Firozabad,firozabad,False,False,,किन्हरपुर,,,,,False,,,False,firozabad,firozabad,,,,False,अनारक्षित,Unreserved,general,0,कुबेर सिंह,Kuber Singh,पुरुष,0,सविरोध,missing_normalized_component
up2015__row25252,2015,gp_head_winner_records_2015.parquet,25252,,False,56,अलीगढ़,Aligarh,Aligarh,aligarh,False,अतरौली,Ataroli,Ataroli,ataroli,False,False,,सुरतगढ़,,,,,False,,,False,aligarh,ataroli,,,,False,अन्य पिछड़ा वर्ग,Other Backward Class,obc,0,श्यौराज सिंह,Shyouraj Singh,पुरुष,0,सविरोध,missing_normalized_component
up2015__row25348,2015,gp_head_winner_records_2015.parquet,25348,,False,66,अलीगढ़,Aligarh,Aligarh,aligarh,False,चण्डौस,Chandous,Chandous,chandous,False,False,,किन्हुआ,,,,,False,,,False,aligarh,chandous,,,,False,अनारक्षित,Unreserved,general,0,कपिल,Kapil,पुरुष,0,सविरोध,missing_normalized_component
up2015__row29029,2015,gp_head_winner_records_2015.parquet,29029,,False,70,औरैया,Auraiya,Auraiya,auraiya,False,भाग्यनगर,Bhagyanagar,Bhagyanagar,bhagyanagar,False,False,,शेरपुर. सरैया,,,,,False,,,False,auraiya,bhagyanagar,,,,False,अन्य पिछड़ा वर्ग,Other Backward Class,obc,0,शिवदत्त सिंह,Shivdutt Singh,पुरुष,0,सविरोध,missing_normalized_component
up2015__row30820,2015,gp_head_winner_records_2015.parquet,30820,,False,40,सीतापुर,Sitapur,Sitapur,sitapur,False,पहला,Pahala,Pahala,pahala,False,False,,दिलली आगरा,,,,,False,,,False,sitapur,pahala,,,,False,अन्य पिछड़ा वर्ग,Other Backward Class,obc,0,ओंम प्रकाश,Om Prakash,पुरुष,0,सविरोध,missing_normalized_component
up2015__row31410,2015,gp_head_winner_records_2015.parquet,31410,,False,21,मुरादाबाद,Muradabad,Moradabad,muradabad,True,मुरादाबाद,Muradabad,Muradabad,muradabad,False,False,,ऊमरी,,,,,False,,,False,moradabad,muradabad,,,,False,अनारक्षित,Unreserved,general,0,आस मौहम्मद,Aas Muhammad,पुरुष,0,सविरोध,missing_normalized_component
up2015__row35878,2015,gp_head_winner_records_2015.parquet,35878,,False,22,इटावा,Itawah,Etawah,itawah,True,भरथना,Bharathana,Bharathana,bharathana,False,False,,"अकबरपुर,दौलतपुर",,,,,False,,,False,etawah,bharathana,,,,False,अनुसूचित जाति महिला,Scheduled Caste Female,sc,1,लता,Lata,महिला,1,सविरोध,missing_normalized_component
up2015__row37529,2015,gp_head_winner_records_2015.parquet,37529,,False,48,देवरिया,Devaria,Deoria,devaria,True,बैतालपुर,Baitaalpur,Baitaalpur,baitaalpur,False,False,,औरा चौरी,,,,,False,,,False,deoria,baitaalpur,,,,False,अन्य पिछड़ा वर्ग,Other Backward Class,obc,0,वकील,Vaqeel,पुरुष,0,सविरोध,missing_normalized_component
up2015__row38853,2015,gp_head_winner_records_2015.parquet,38853,,False,12,बिजनौर,Bijnaur,Bijnor,bijnaur,True,हल्दौर,Haldaur,Haldaur,haldaur,False,False,,अबदुलपुर मुन्ना उर्फ हादरपुर,,,,,False,,,False,bijnor,haldaur,,,,False,अनारक्षित,Unreserved,general,0,संन्दीप कुमार,Sandeep Kumar,पुरुष,0,सविरोध,missing_normalized_component
up2015__row43310,2015,gp_head_winner_records_2015.parquet,43310,,False,77,आजमगढ़,Azamgarh,Azamgarh,azamgarh,False,पल्हनी,Palhani,Palhani,palhani,False,False,,"करतालपुर,",,,,,False,,,False,azamgarh,palhani,,,,False,अनारक्षित,Unreserved,general,0,फिरती,Firti,महिला,1,सविरोध,missing_normalized_component
up2015__row46394,2015,gp_head_winner_records_2015.parquet,46394,,False,30,कन्नौज,Kannauj,Kannauj,kannauj,False,हसेरन,Haseran,Haseran,haseran,False,False,,कल्सान,,,,,False,,,False,kannauj,haseran,,,,False,महिला,Female,general,1,रजनी,Rajni,महिला,1,सविरोध,missing_normalized_component
up2015__row52630,2015,gp_head_winner_records_2015.parquet,52630,,False,63,फतेहपुर,Fatehpur,Fatehpur,fatehpur,False,अमौली,Amauli,Amauli,amauli,False,False,,औरा निस्फी,,,,,False,,,False,fatehpur,amauli,,,,False,अन्य पिछड़ा वर्ग,Other Backward Class,obc,0,रानी देवी,Rani Devi,महिला,1,सविरोध,missing_normalized_component
up2015__row55090,2015,gp_head_winner_records_2015.parquet,55090,,False,111,सिद्धार्थ नगर,Siddharth Nagar,Siddharth Nagar,siddharth nagar,False,डुमरियागंज,Dumriaganj,Dumriaganj,dumriaganj,False,False,,औराताल,,,,,False,,,False,siddharth nagar,dumriaganj,,,,False,अनारक्षित,Unreserved,general,0,मु0 मोबीन,Mu. Mubeen,पुरुष,0,सविरोध,missing_normalized_component
up2015__row56749,2015,gp_head_winner_records_2015.parquet,56749,,False,40,कुशीनगर,Kushinagar,Kushi Nagar,kushinagar,True,रामकोला,Ramkola,Ramkola,ramkola,False,False,,अबदुलचकइसलाम,,,,,False,,,False,kushi nagar,ramkola,,,,False,अन्य पिछड़ा वर्ग महिला,Other Backward Class Female,obc,1,हसीबुन निशा,Haseebunnisa,महिला,1,सविरोध,missing_normalized_component
up2015__row57872,2015,gp_head_winner_records_2015.parquet,57872,,False,126,सोनभद्र,Sonbhadra,Sonbhadra,sonbhadra,False,घोरावल,Ghorawal,Ghorawal,ghorawal,False,False,,औराही,,,,,False,,,False,sonbhadra,ghorawal,,,,False,अनारक्षित,Unreserved,general,0,प्रदयुम्मन कुमार,,पुरुष,0,सविरोध,missing_normalized_component
up2015__row34041,2015,gp_head_winner_records_2015.parquet,34041,,False,18,आगरा,Agra,Agra,agra,False,खन्दौली,Khandoli,Khandoli,khandoli,False,False,,खड़िया,,,,,False,Khadiya,Khadiya,False,agra,khandoli,khadiya,agra__khandoli__khadiya,2,False,अन्य पिछड़ा वर्ग,Other Backward Class,obc,0,जितेन्द्र कुमार,Jitendra Kumar,पुरुष,0,सविरोध,normalized_key_collision
up2015__row34045,2015,gp_head_winner_records_2015.parquet,34045,,False,22,आगरा,Agra,Agra,agra,False,खन्दौली,Khandoli,Khandoli,khandoli,False,False,,ख्ािडया,,,,,False,Khadiya,Khadiya,False,agra,khandoli,khadiya,agra__khandoli__khadiya,2,False,अनारक्षित,Unreserved,general,0,दिसम्बर,Disambar,पुरुष,0,सविरोध,normalized_key_collision
up2015__row42204,2015,gp_head_winner_records_2015.parquet,42204,,False,15,अम्बेडकर नगर,Ambedkar Nagar,Ambedkar Nagar,ambedkar nagar,False,अकबरपुर,Akbarpur,Akbarpur,akbarpur,False,False,,मोहियुद्दीनपुर,,,,,False,Mohiuddinpur,Mohiuddinpur,False,ambedkar nagar,akbarpur,mohiuddinpur,ambedkar nagar__akbarpur__mohiuddinpur,2,False,अनारक्षित,Unreserved,general,0,हरिश्चन्द्र,Harishchandra,पुरुष,0,सविरोध,normalized_key_collision
up2015__row42218,2015,gp_head_winner_records_2015.parquet,42218,,False,32,अम्बेडकर नगर,Ambedkar Nagar,Ambedkar Nagar,ambedkar nagar,False,अकबरपुर,Akbarpur,Akbarpur,akbarpur,False,False,,मोहीयुददीनपुर,,,,,False,Mohiuddinpur,Mohiuddinpur,False,ambedkar nagar,akbarpur,mohiuddinpur,ambedkar nagar__akbarpur__mohiuddinpur,2,False,महिला,Female,general,1,मीना देवी,Meena Devi,महिला,1,सविरोध,normalized_key_collision
up2015__row28983,2015,gp_head_winner_records_2015.parquet,28983,,False,24,औरैया,Auraiya,Auraiya,auraiya,False,भाग्यनगर,Bhagyanagar,Bhagyanagar,bhagyanagar,False,False,,लखनपुर,,,,,False,Lakhanpur,Lakhanpur,False,auraiya,bhagyanagar,lakhanpur,auraiya__bhagyanagar__lakhanpur,2,False,अन्य पिछड़ा वर्ग,Other Backward Class,obc,0,उदयवीर,Udayveer,पुरुष,0,सविरोध,normalized_key_collision
up2015__row28991,2015,gp_head_winner_records_2015.parquet,28991,,False,32,औरैया,Auraiya,Auraiya,auraiya,False,भाग्यनगर,Bhagyanagar,Bhagyanagar,bhagyanagar,False,False,,लखनापुर,,,,,False,Lakhanpur,Lakhanpur,False,auraiya,bhagyanagar,lakhanpur,auraiya__bhagyanagar__lakhanpur,2,False,अनुसूचित जाति,Scheduled Caste,sc,0,रविशंकर,Ravishankar,पुरुष,0,सविरोध,normalized_key_collision
up2015__row43907,2015,gp_head_winner_records_2015.parquet,43907,,False,74,आजमगढ़,Azamgarh,Azamgarh,azamgarh,False,बिलरियागंज,Bilriaganj,Bilriaganj,bilriaganj,False,False,,मोहिउददीनपुर,,,,,False,Mohiuddunpur,Mohiuddunpur,False,azamgarh,bilriaganj,mohiuddunpur,azamgarh__bilriaganj__mohiuddunpur,2,False,अनारक्षित,Unreserved,general,0,फखरे आलम,Fakhre Alam,पुरुष,0,सविरोध,normalized_key_collision
up2015__row43922,2015,gp_head_winner_records_2015.parquet,43922,,False,89,आजमगढ़,Azamgarh,Azamgarh,azamgarh,False,बिलरियागंज,Bilriaganj,Bilriaganj,bilriaganj,False,False,,मोहिउददीनपुर,,,,,False,Mohiuddunpur,Mohiuddunpur,False,azamgarh,bilriaganj,mohiuddunpur,azamgarh__bilriaganj__mohiuddunpur,2,False,अनारक्षित,Unreserved,general,0,सुरेश,Suresh,पुरुष,0,सविरोध,normalized_key_collision
up2015__row43594,2015,gp_head_winner_records_2015.parquet,43594,,False,4,आजमगढ़,Azamgarh,Azamgarh,azamgarh,False,मेहनगर,Mehnagar,Mehnagar,mehnagar,False,False,,रामपुर,,,,,False,Rampur,Rampur,False,azamgarh,mehnagar,rampur,azamgarh__mehnagar__rampur,2,False,अनुसूचित जाति,Scheduled Caste,sc,0,चेतू,Chetu,पुरुष,0,सविरोध,normalized_key_collision
up2015__row43672,2015,gp_head_winner_records_2015.parquet,43672,,False,82,आजमगढ़,Azamgarh,Azamgarh,azamgarh,False,मेहनगर,Mehnagar,Mehnagar,mehnagar,False,False,,रामपुर,,,,,False,Rampur,Rampur,False,azamgarh,mehnagar,rampur,azamgarh__mehnagar__rampur,2,False,अनारक्षित,Unreserved,general,0,रामनिवास,Ramniwas,पुरुष,0,सविरोध,normalized_key_collision
up2015__row44367,2015,gp_head_winner_records_2015.parquet,44367,,False,57,आजमगढ़,Azamgarh,Azamgarh,azamgarh,False,पवई,Pawai,Pawai,pawai,False,False,,बहाउददीनपुर,,,,,False,Bahauddinpur,Bahauddinpur,False,azamgarh,pawai,bahauddinpur,azamgarh__pawai__bahauddinpur,2,False,अनारक्षित,Unreserved,general,0,सियाराम,Siya Ram,पुरुष,0,सविरोध,normalized_key_collision
up2015__row44389,2015,gp_head_winner_records_2015.parquet,44389,,False,79,आजमगढ़,Azamgarh,Azamgarh,azamgarh,False,पवई,Pawai,Pawai,pawai,False,False,,बाहाउददीनपुर,,,,,False,Bahauddinpur,Bahauddinpur,False,azamgarh,pawai,bahauddinpur,azamgarh__pawai__bahauddinpur,2,False,अन्य पिछड़ा वर्ग,Other Backward Class,obc,0,शानूअली,Shanuali,पुरुष,0,सविरोध,normalized_key_collision
up2015__row44335,2015,gp_head_winner_records_2015.parquet,44335,,False,25,आजमगढ़,Azamgarh,Azamgarh,azamgarh,False,पवई,Pawai,Pawai,pawai,False,False,,गददोपुर,,,,,False,Gaddopur,Gaddopur,False,azamgarh,pawai,gaddopur,azamgarh__pawai__gaddopur,2,False,अन्य पिछड़ा वर्ग,Other Backward Class,obc,0,रमेश,Ramesh,पुरुष,0,सविरोध,normalized_key_collision
up2015__row44402,2015,gp_head_winner_records_2015.parquet,44402,,False,92,आजमगढ़,Azamgarh,Azamgarh,azamgarh,False,पवई,Pawai,Pawai,pawai,False,False,,गददोपुर,,,,,False,Gaddopur,Gaddopur,False,azamgarh,pawai,gaddopur,azamgarh__pawai__gaddopur,2,False,अन्य पिछड़ा वर्ग,Other Backward Class,obc,0,कृष्णनाथ,Krishnanath,पुरुष,0,सविरोध,normalized_key_collision
up2015__row16255,2015,gp_head_winner_records_2015.parquet,16255,,False,20,भदोही,Bhadohi,Bhadohi,bhadohi,False,डीघ,Deegh,Deegh,deegh,False,False,,बनकटखास,,,,,False,Bankat,Bankat,False,bhadohi,deegh,bankat,bhadohi__deegh__bankat,2,False,अनुसूचित जाति,Scheduled Caste,sc,0,नन्हकू,Nanhu,पुरुष,0,सविरोध,normalized_key_collision
up2015__row16301,2015,gp_head_winner_records_2015.parquet,16301,,False,66,भदोही,Bhadohi,Bhadohi,bhadohi,False,डीघ,Deegh,Deegh,deegh,False,False,,बनकट,,,,,False,Bankat,Bankat,False,bhadohi,deegh,bankat,bhadohi__deegh__bankat,2,False,महिला,Female,general,1,सन्नो देवी,Sanno Devi,महिला,1,सविरोध,normalized_key_collision
up2015__row14333,2015,gp_head_winner_records_2015.parquet,14333,,False,43,चन्दौली,Chandauli,Chandauli,chandauli,False,चन्दौली,Chandauli,Chandauli,chandauli,False,False,,मुसतफापुर,,,,,False,Mustafapur,Mustafapur,False,chandauli,chandauli,mustafapur,chandauli__chandauli__mustafapur,2,False,अन्य पिछड़ा वर्ग महिला,Other Backward Class Female,obc,1,प्रभावती,Prabhawati,महिला,1,सविरोध,normalized_key_collision
up2015__row14372,2015,gp_head_winner_records_2015.parquet,14372,,False,82,चन्दौली,Chandauli,Chandauli,chandauli,False,चन्दौली,Chandauli,Chandauli,chandauli,False,False,,मुस्तफॉपुर,,,,,False,Mustafapur,Mustafapur,False,chandauli,chandauli,mustafapur,chandauli__chandauli__mustafapur,2,False,महिला,Female,general,1,राजकुमारी,Rajkumari,महिला,1,सविरोध,normalized_key_collision
up2015__row37033,2015,gp_head_winner_records_2015.parquet,37033,,False,4,देवरिया,Devaria,Deoria,devaria,True,देवरिया सदर,Deoria Sadar,Deoria Sadar,deoria sadar,False,False,,सरौरा,,,,,False,Saraura,Saraura,False,deoria,deoria sadar,saraura,deoria__deoria sadar__saraura,2,False,अनारक्षित,Unreserved,general,0,शान्ति देवी,Shanti Devi,महिला,1,सविरोध,normalized_key_collision
up2015__row37068,2015,gp_head_winner_records_2015.parquet,37068,,False,39,देवरिया,Devaria,Deoria,devaria,True,देवरिया सदर,Deoria Sadar,Deoria Sadar,deoria sadar,False,False,,सरौरा,,,,,False,Saraura,Saraura,False,deoria,deoria sadar,saraura,deoria__deoria sadar__saraura,2,False,अनुसूचित जाति,Scheduled Caste,sc,0,बलीउल्लाह,Baliullah,पुरुष,0,सविरोध,normalized_key_collision
up2015__row11045,2015,gp_head_winner_records_2015.parquet,11045,,False,27,गाज़ीपुर,Gazipur,Gazipur,gazipur,False,जखनियाँ,Jakhniya,Jakhniya,jakhniya,False,False,,दामोदरपुर,,,,,False,DamodarPur,DamodarPur,False,gazipur,jakhniya,damodarpur,gazipur__jakhniya__damodarpur,2,False,अनुसूचित जाति,Scheduled Caste,sc,0,छोटेराम,Chhoteram,पुरुष,0,सविरोध,normalized_key_collision
up2015__row11108,2015,gp_head_winner_records_2015.parquet,11108,,False,90,गाज़ीपुर,Gazipur,Gazipur,gazipur,False,जखनियाँ,Jakhniya,Jakhniya,jakhniya,False,False,,दामोदरपुर,,,,,False,DamodarPur,DamodarPur,False,gazipur,jakhniya,damodarpur,gazipur__jakhniya__damodarpur,2,False,महिला,Female,general,1,मीरा,Meera,महिला,1,सविरोध,normalized_key_collision
up2015__row10850,2015,gp_head_winner_records_2015.parquet,10850,,False,18,गाज़ीपुर,Gazipur,Gazipur,gazipur,False,सैदपुर,Saidpur,Saidpur,saidpur,False,False,,नवादा,,,,,False,Nawada,Nawada,False,gazipur,saidpur,nawada,gazipur__saidpur__nawada,2,False,अनुसूचित जाति,Scheduled Caste,sc,0,बासुरी,Basuri,पुरुष,0,सविरोध,normalized_key_collision
up2015__row10857,2015,gp_head_winner_records_2015.parquet,10857,,False,25,गाज़ीपुर,Gazipur,Gazipur,gazipur,False,सैदपुर,Saidpur,Saidpur,saidpur,False,False,,नवादा,,,,,False,Nawada,Nawada,False,gazipur,saidpur,nawada,gazipur__saidpur__nawada,2,False,अनुसूचित जाति,Scheduled Caste,sc,0,ज्ञानप्रसाद,Gyanprasad,पुरुष,0,सविरोध,normalized_key_collision
up2015__row6510,2015,gp_head_winner_records_2015.parquet,6510,,False,69,गोरखपुर,Gorakhpur,Gorakhpur,gorakhpur,False,कैम्पियर गंज,Kaimpiyarganj,Kaimpiyarganj,kaimpiyarganj,False,False,,विशुनपुर,,,,,False,Vishunpur,Vishunpur,False,gorakhpur,kaimpiyarganj,vishunpur,gorakhpur__kaimpiyarganj__vishunpur,2,False,अनारक्षित,Unreserved,general,0,अमरावती,Amravati,महिला,1,सविरोध,normalized_key_collision
up2015__row6520,2015,gp_head_winner_records_2015.parquet,6520,,False,79,गोरखपुर,Gorakhpur,Gorakhpur,gorakhpur,False,कैम्पियर गंज,Kaimpiyarganj,Kaimpiyarganj,kaimpiyarganj,False,False,,विशुनपुर,,,,,False,Vishunpur,Vishunpur,False,gorakhpur,kaimpiyarganj,vishunpur,gorakhpur__kaimpiyarganj__vishunpur,2,False,अनारक्षित,Unreserved,general,0,मिला,Mila,महिला,1,सविरोध,normalized_key_collision
up2015__row2434,2015,gp_head_winner_records_2015.parquet,2434,,False,27,जौनपुर,Jaunpur,Jaunpur,jaunpur,False,बरसठी,Barsathi,Barsathi,barsathi,False,False,,बनकट,,,,,False,Bankat,Bankat,False,jaunpur,barsathi,bankat,jaunpur__barsathi__bankat,2,False,अनारक्षित,Unreserved,general,0,साबित्री,Savitri,महिला,1,सविरोध,normalized_key_collision
up2015__row2469,2015,gp_head_winner_records_2015.parquet,2469,,False,62,जौनपुर,Jaunpur,Jaunpur,jaunpur,False,बरसठी,Barsathi,Barsathi,barsathi,False,False,,बनकट,,,,,False,Bankat,Bankat,False,jaunpur,barsathi,bankat,jaunpur__barsathi__bankat,2,False,अनारक्षित,Unreserved,general,0,धिराजी,Dhiraji,महिला,1,सविरोध,normalized_key_collision
up2015__row2408,2015,gp_head_winner_records_2015.parquet,2408,,False,1,जौनपुर,Jaunpur,Jaunpur,jaunpur,False,बरसठी,Barsathi,Barsathi,barsathi,False,False,,चतुरभुजपुर,,,,,False,Chaturbhujpur,Chaturbhujpur,False,jaunpur,barsathi,chaturbhujpur,jaunpur__barsathi__chaturbhujpur,2,False,अनुसूचित जाति,Scheduled Caste,sc,0,लालसाहब,Lalsahb,पुरुष,0,सविरोध,normalized_key_collision
up2015__row2460,2015,gp_head_winner_records_2015.parquet,2460,,False,53,जौनपुर,Jaunpur,Jaunpur,jaunpur,False,बरसठी,Barsathi,Barsathi,barsathi,False,False,,चतुरभुजपुर,,,,,False,Chaturbhujpur,Chaturbhujpur,False,jaunpur,barsathi,chaturbhujpur,jaunpur__barsathi__chaturbhujpur,2,False,अनारक्षित,Unreserved,general,0,लालमनि,Lalmani,महिला,1,सविरोध,normalized_key_collision
up2015__row2467,2015,gp_head_winner_records_2015.parquet,2467,,False,60,जौनपुर,Jaunpur,Jaunpur,jaunpur,False,बरसठी,Barsathi,Barsathi,barsathi,False,False,,गोपालपुर,,,,,False,Gopalpur,Gopalpur,False,jaunpur,barsathi,gopalpur,jaunpur__barsathi__gopalpur,2,False,अनारक्षित,Unreserved,general,0,शशिकला,Shashikala,महिला,1,सविरोध,normalized_key_collision
up2015__row2485,2015,gp_head_winner_records_2015.parquet,2485,,False,78,जौनपुर,Jaunpur,Jaunpur,jaunpur,False,बरसठी,Barsathi,Barsathi,barsathi,False,False,,गोपालपुर,,,,,False,Gopalpur,Gopalpur,False,jaunpur,barsathi,gopalpur,jaunpur__barsathi__gopalpur,2,False,अन्य पिछड़ा वर्ग,Other Backward Class,obc,0,उर्मिला,Urmila,महिला,1,सविरोध,normalized_key_collision
up2015__row2973,2015,gp_head_winner_records_2015.parquet,2973,,False,4,जौनपुर,Jaunpur,Jaunpur,jaunpur,False,शाहगंज सोधी,Shahganj Sodhi,Shahganj Sodhi,shahganj sodhi,False,False,,लतीफपुर,,,,,False,Latifpur,Latifpur,False,jaunpur,shahganj sodhi,latifpur,jaunpur__shahganj sodhi__latifpur,2,False,अनारक्षित,Unreserved,general,0,याशवन्त,Yashwant,पुरुष,0,सविरोध,normalized_key_collision
up2015__row3034,2015,gp_head_winner_records_2015.parquet,3034,,False,68,जौनपुर,Jaunpur,Jaunpur,jaunpur,False,शाहगंज सोधी,Shahganj Sodhi,Shahganj Sodhi,shahganj sodhi,False,False,,लतीफपुर- ।।,,,,,False,Latifpur,Latifpur,False,jaunpur,shahganj sodhi,latifpur,jaunpur__shahganj sodhi__latifpur,2,False,अनारक्षित,Unreserved,general,0,सीतापत्ती,Seetapati,पुरुष,0,सविरोध,normalized_key_collision
up2015__row46215,2015,gp_head_winner_records_2015.parquet,46215,,False,9,कन्नौज,Kannauj,Kannauj,kannauj,False,सौरिख,Saurkh,Saurkh,saurkh,False,False,,रसूलपुर,,,,,False,Rasulpur,Rasulpur,False,kannauj,saurkh,rasulpur,kannauj__saurkh__rasulpur,2,False,अन्य पिछड़ा वर्ग महिला,Other Backward Class Female,obc,1,श्यामा देवी,Shyama Devi,महिला,1,सविरोध,normalized_key_collision
up2015__row46266,2015,gp_head_winner_records_2015.parquet,46266,,False,60,कन्नौज,Kannauj,Kannauj,kannauj,False,सौरिख,Saurkh,Saurkh,saurkh,False,False,,रसूलपुर,,,,,False,Rasulpur,Rasulpur,False,kannauj,saurkh,rasulpur,kannauj__saurkh__rasulpur,2,False,अनारक्षित,Unreserved,general,0,जागेश्वर दयाल,Jageshvar Dayal,पुरुष,0,सविरोध,normalized_key_collision
up2015__row56649,2015,gp_head_winner_records_2015.parquet,56649,,False,10,कुशीनगर,Kushinagar,Kushi Nagar,kushinagar,True,मोतीचक,Moti Chak,Moti Chak,moti chak,False,False,,लकषमीपुर,,,,,False,Laksmipur,Laksmipur,False,kushi nagar,moti chak,laksmipur,kushi nagar__moti chak__laksmipur,2,False,महिला,Female,general,1,आफरीन,Afreen,महिला,1,सविरोध,normalized_key_collision
up2015__row56683,2015,gp_head_winner_records_2015.parquet,56683,,False,44,कुशीनगर,Kushinagar,Kushi Nagar,kushinagar,True,मोतीचक,Moti Chak,Moti Chak,moti chak,False,False,,लकषमीपुर,,,,,False,Laksmipur,Laksmipur,False,kushi nagar,moti chak,laksmipur,kushi nagar__moti chak__laksmipur,2,False,अनारक्षित,Unreserved,general,0,वृजेश,Vrijesh,पुरुष,0,सविरोध,normalized_key_collision
up2015__row56644,2015,gp_head_winner_records_2015.parquet,56644,,False,5,कुशीनगर,Kushinagar,Kushi Nagar,kushinagar,True,मोतीचक,Moti Chak,Moti Chak,moti chak,False,False,,नरायनपुर,,,,,False,Narayanpur,Narayanpur,False,kushi nagar,moti chak,narayanpur,kushi nagar__moti chak__narayanpur,3,False,महिला,Female,general,1,रिंकी,Rinki,महिला,1,सविरोध,normalized_key_collision
up2015__row56648,2015,gp_head_winner_records_2015.parquet,56648,,False,9,कुशीनगर,Kushinagar,Kushi Nagar,kushinagar,True,मोतीचक,Moti Chak,Moti Chak,moti chak,False,False,,नरायनपुर,,,,,False,Narayanpur,Narayanpur,False,kushi nagar,moti chak,narayanpur,kushi nagar__moti chak__narayanpur,3,False,अनुसूचित जाति,Scheduled Caste,sc,0,भोला,Bhola,पुरुष,0,सविरोध,normalized_key_collision
up2015__row56684,2015,gp_head_winner_records_2015.parquet,56684,,False,45,कुशीनगर,Kushinagar,Kushi Nagar,kushinagar,True,मोतीचक,Moti Chak,Moti Chak,moti chak,False,False,,नरायनपुर,,,,,False,Narayanpur,Narayanpur,False,kushi nagar,moti chak,narayanpur,kushi nagar__moti chak__narayanpur,3,False,अनारक्षित,Unreserved,general,0,सुशीला,Sushila,महिला,1,सविरोध,normalized_key_collision
up2015__row57347,2015,gp_head_winner_records_2015.parquet,57347,,False,52,कुशीनगर,Kushinagar,Kushi Nagar,kushinagar,True,तमकुहीराज,Tamkuhiraj,Tamkuhiraj,tamkuhiraj,False,False,,बभनौली,,,,,False,Babhanouli,Babhanouli,False,kushi nagar,tamkuhiraj,babhanouli,kushi nagar__tamkuhiraj__babhanouli,2,False,महिला,Female,general,1,सूरसती,Sursati,महिला,1,सविरोध,normalized_key_collision
up2015__row57364,2015,gp_head_winner_records_2015.parquet,57364,,False,69,कुशीनगर,Kushinagar,Kushi Nagar,kushinagar,True,तमकुहीराज,Tamkuhiraj,Tamkuhiraj,tamkuhiraj,False,False,,बभनौली,,,,,False,Babhanouli,Babhanouli,False,kushi nagar,tamkuhiraj,babhanouli,kushi nagar__tamkuhiraj__babhanouli,2,False,अनुसूचित जाति,Scheduled Caste,sc,0,हरेन्‍दर,Harendar,पुरुष,0,सविरोध,normalized_key_collision
up2015__row56878,2015,gp_head_winner_records_2015.parquet,56878,,False,37,कुशीनगर,Kushinagar,Kushi Nagar,kushinagar,True,विशुनपुरा,Vishunpura,Vishunpura,vishunpura,False,False,,मिश्राैली,,,,,False,Mishrauli,Mishrauli,False,kushi nagar,vishunpura,mishrauli,kushi nagar__vishunpura__mishrauli,2,False,महिला,Female,general,1,साहीन,Saheen,महिला,1,सविरोध,normalized_key_collision
up2015__row56920,2015,gp_head_winner_records_2015.parquet,56920,,False,80,कुशीनगर,Kushinagar,Kushi Nagar,kushinagar,True,विशुनपुरा,Vishunpura,Vishunpura,vishunpura,False,False,,मिश्रौली,,,,,False,Mishrauli,Mishrauli,False,kushi nagar,vishunpura,mishrauli,kushi nagar__vishunpura__mishrauli,2,False,अनारक्षित,Unreserved,general,0,जयलाल,Jayalal,पुरुष,0,सविरोध,normalized_key_collision
up2015__row45659,2015,gp_head_winner_records_2015.parquet,45659,,False,13,मुज़फ्फरनगर,Mujaffarnagar,Mujaffarnagar,mujaffarnagar,False,जानसठ,Jansath,Jansath,jansath,False,False,,सिखेडा,,,,,False,Sikheda,Sikheda,False,mujaffarnagar,jansath,sikheda,mujaffarnagar__jansath__sikheda,2,False,अनुसूचित जाति,Scheduled Caste,sc,0,विनोद,Vinod,पुरुष,0,सविरोध,normalized_key_collision
up2015__row45687,2015,gp_head_winner_records_2015.parquet,45687,,False,41,मुज़फ्फरनगर,Mujaffarnagar,Mujaffarnagar,mujaffarnagar,False,जानसठ,Jansath,Jansath,jansath,False,False,,सिखरेडा,,,,,False,Sikheda,Sikheda,False,mujaffarnagar,jansath,sikheda,mujaffarnagar__jansath__sikheda,2,False,अनुसूचित जाति,Scheduled Caste,sc,0,ज्रयपकाश,Jray Prakash,पुरुष,0,सविरोध,normalized_key_collision
up2015__row27243,2015,gp_head_winner_records_2015.parquet,27243,,False,123,पीलीभीत,Pilibhit,Pilibhit,pilibhit,False,पूरनपुर,Purnanpur,Purnanpur,purnanpur,False,False,,सपहा,,,,,False,Sapaha,Sapaha,False,pilibhit,purnanpur,sapaha,pilibhit__purnanpur__sapaha,2,False,अनारक्षित,Unreserved,general,0,अजय कुमार मिश्रा,Ajay Kumar Mishra,पुरुष,0,सविरोध,normalized_key_collision
up2015__row27295,2015,gp_head_winner_records_2015.parquet,27295,,False,175,पीलीभीत,Pilibhit,Pilibhit,pilibhit,False,पूरनपुर,Purnanpur,Purnanpur,purnanpur,False,False,,सपहा,,,,,False,Sapaha,Sapaha,False,pilibhit,purnanpur,sapaha,pilibhit__purnanpur__sapaha,2,False,अनारक्षित,Unreserved,general,0,कुलदीप सिंह,Kuldeep Singh,पुरुष,0,सविरोध,normalized_key_collision
up2015__row54001,2015,gp_head_winner_records_2015.parquet,54001,,False,7,शाहजहांपुर,Shahjahnapur,Shahjahanpur,shahjahnapur,True,मिर्जापुर,Mirzapur,Mirzapur,mirzapur,False,False,,भरतापुर,,,,,False,Bharatpur,Bharatpur,False,shahjahanpur,mirzapur,bharatpur,shahjahanpur__mirzapur__bharatpur,2,False,अन्य पिछड़ा वर्ग,Other Backward Class,obc,0,लीलावती,Leelawati,महिला,1,सविरोध,normalized_key_collision
up2015__row54015,2015,gp_head_winner_records_2015.parquet,54015,,False,21,शाहजहांपुर,Shahjahnapur,Shahjahanpur,shahjahnapur,True,मिर्जापुर,Mirzapur,Mirzapur,mirzapur,False,False,,भरतपुर,,,,,False,Bharatpur,Bharatpur,False,shahjahanpur,mirzapur,bharatpur,shahjahanpur__mirzapur__bharatpur,2,False,अनारक्षित,Unreserved,general,0,जीतेन्द्र,Jitendra,पुरुष,0,सविरोध,normalized_key_collision
up2015__row55123,2015,gp_head_winner_records_2015.parquet,55123,,False,4,सिद्धार्थ नगर,Siddharth Nagar,Siddharth Nagar,siddharth nagar,False,भनवापुर,Bhanwaapur,Bhanwaapur,bhanwaapur,False,False,,मनिकौरा,,,,,False,Manikaura,Manikaura,False,siddharth nagar,bhanwaapur,manikaura,siddharth nagar__bhanwaapur__manikaura,2,False,अनारक्षित,Unreserved,general,0,भूलन प्रसाद,Bhulan Prasad,पुरुष,0,सविरोध,normalized_key_collision
up2015__row55239,2015,gp_head_winner_records_2015.parquet,55239,,False,121,सिद्धार्थ नगर,Siddharth Nagar,Siddharth Nagar,siddharth nagar,False,भनवापुर,Bhanwaapur,Bhanwaapur,bhanwaapur,False,False,,मनिकौरा,,,,,False,Manikaura,Manikaura,False,siddharth nagar,bhanwaapur,manikaura,siddharth nagar__bhanwaapur__manikaura,2,False,अनारक्षित,Unreserved,general,0,राजेन्द्र,Rājēndra,पुरुष,0,सविरोध,normalized_key_collision
up2015__row55470,2015,gp_head_winner_records_2015.parquet,55470,,False,11,सिद्धार्थ नगर,Siddharth Nagar,Siddharth Nagar,siddharth nagar,False,इटवा,Itwa,Itwa,itwa,False,False,,समरा,,,,,False,Samra,Samra,False,siddharth nagar,itwa,samra,siddharth nagar__itwa__samra,2,False,महिला,Female,general,1,रेहाना खातून,Rehana Khatoon,महिला,1,सविरोध,normalized_key_collision
up2015__row55506,2015,gp_head_winner_records_2015.parquet,55506,,False,47,सिद्धार्थ नगर,Siddharth Nagar,Siddharth Nagar,siddharth nagar,False,इटवा,Itwa,Itwa,itwa,False,False,,समरा,,,,,False,Samra,Samra,False,siddharth nagar,itwa,samra,siddharth nagar__itwa__samra,2,False,महिला,Female,general,1,इसरत जहॉ,Israt Jahan,महिला,1,सविरोध,normalized_key_collision
up2015__row54893,2015,gp_head_winner_records_2015.parquet,54893,,False,25,सिद्धार्थ नगर,Siddharth Nagar,Siddharth Nagar,siddharth nagar,False,मिठवल,Mithwal,Mithwal,mithwal,False,False,,सिकटा,,,,,False,Sikta,Sikta,False,siddharth nagar,mithwal,sikta,siddharth nagar__mithwal__sikta,2,False,अन्य पिछड़ा वर्ग महिला,Other Backward Class Female,obc,1,केश्मती,Keshmati,महिला,1,सविरोध,normalized_key_collision
up2015__row54982,2015,gp_head_winner_records_2015.parquet,54982,,False,117,सिद्धार्थ नगर,Siddharth Nagar,Siddharth Nagar,siddharth nagar,False,मिठवल,Mithwal,Mithwal,mithwal,False,False,,सिकटा,,,,,False,Sikta,Sikta,False,siddharth nagar,mithwal,sikta,siddharth nagar__mithwal__sikta,2,False,अनारक्षित,Unreserved,general,0,नरेन्द्र,narendra,पुरुष,0,सविरोध,normalized_key_collision
up2015__row41035,2015,gp_head_winner_records_2015.parquet,41035,,False,62,सुलतानपुर,Sultanpur,Sultanpur,sultanpur,False,अखण्डनगर,Akhandnagar,Akhandnagar,akhandnagar,False,False,,जगदीशपुर,,,,,False,Jagdishpur,Jagdishpur,False,sultanpur,akhandnagar,jagdishpur,sultanpur__akhandnagar__jagdishpur,2,False,अनारक्षित,Unreserved,general,0,रामउदय,Ramuday,पुरुष,0,सविरोध,normalized_key_collision
up2015__row41048,2015,gp_head_winner_records_2015.parquet,41048,,False,75,सुलतानपुर,Sultanpur,Sultanpur,sultanpur,False,अखण्डनगर,Akhandnagar,Akhandnagar,akhandnagar,False,False,,जगदीशपुर,,,,,False,Jagdishpur,Jagdishpur,False,sultanpur,akhandnagar,jagdishpur,sultanpur__akhandnagar__jagdishpur,2,False,अन्य पिछड़ा वर्ग महिला,Other Backward Class Female,obc,1,बदामा देवी,Badama Devi,महिला,1,सविरोध,normalized_key_collision
up2015__row41468,2015,gp_head_winner_records_2015.parquet,41468,,False,53,सुलतानपुर,Sultanpur,Sultanpur,sultanpur,False,जय सिंहपुर,Jai Singhpur,Jai Singhpur,jai singhpur,False,False,,गोपालपुर,,,,,False,Gopalpur,Gopalpur,False,sultanpur,jai singhpur,gopalpur,sultanpur__jai singhpur__gopalpur,2,False,अनारक्षित,Unreserved,general,0,ओमप्रकाश तिवारी,Omprakash Tiwari,पुरुष,0,सविरोध,normalized_key_collision
up2015__row41504,2015,gp_head_winner_records_2015.parquet,41504,,False,89,सुलतानपुर,Sultanpur,Sultanpur,sultanpur,False,जय सिंहपुर,Jai Singhpur,Jai Singhpur,jai singhpur,False,False,,गोपालपुर,,,,,False,Gopalpur,Gopalpur,False,sultanpur,jai singhpur,gopalpur,sultanpur__jai singhpur__gopalpur,2,False,अनारक्षित,Unreserved,general,0,वंश बहादुर,Vansh Bahadur,पुरुष,0,सविरोध,normalized_key_collision
up2015__row21990,2015,gp_head_winner_records_2015.parquet,21990,,False,20,उन्नाव,Unnao,Unnao,unnao,False,सफीपुर,Safipur,Safipur,safipur,False,False,,रायपुर,,,,,False,Raipur,Raipur,False,unnao,safipur,raipur,unnao__safipur__raipur,2,False,अनारक्षित,Unreserved,general,0,जितेन्द्र,Jitendra,पुरुष,0,सविरोध,normalized_key_collision
up2015__row22037,2015,gp_head_winner_records_2015.parquet,22037,,False,67,उन्नाव,Unnao,Unnao,unnao,False,सफीपुर,Safipur,Safipur,safipur,False,False,,रायपुर,,,,,False,Raipur,Raipur,False,unnao,safipur,raipur,unnao__safipur__raipur,2,False,अनारक्षित,Unreserved,general,0,हरिपाल,Haripal,पुरुष,0,सविरोध,normalized_key_collision
up2015__row22339,2015,gp_head_winner_records_2015.parquet,22339,,False,25,उन्नाव,Unnao,Unnao,unnao,False,सुमेरपुर,Sumerpur,Sumerpur,sumerpur,False,False,,कलयानपुर,,,,,False,Kalyanapur,Kalyanapur,False,unnao,sumerpur,kalyanapur,unnao__sumerpur__kalyanapur,2,False,अनारक्षित,Unreserved,general,0,वीरेन्द्र,Veerendra,पुरुष,0,सविरोध,normalized_key_collision
up2015__row22376,2015,gp_head_winner_records_2015.parquet,22376,,False,62,उन्नाव,Unnao,Unnao,unnao,False,सुमेरपुर,Sumerpur,Sumerpur,sumerpur,False,False,,कलयानपुर,,,,,False,Kalyanapur,Kalyanapur,False,unnao,sumerpur,kalyanapur,unnao__sumerpur__kalyanapur,2,False,अनारक्षित,Unreserved,general,0,सुरेश् सिंह,Suresh Singh,पुरुष,0,सविरोध,normalized_key_collision
up2015__row4047,2015,gp_head_winner_records_2015.parquet,4047,,False,16,वाराणसी,Varanasi,Varanasi,varanasi,False,चोलापुर,Cholapur,Cholapur,cholapur,False,False,,रामपुर,,,,,False,Rampur,Rampur,False,varanasi,cholapur,rampur,varanasi__cholapur__rampur,2,False,अन्य पिछड़ा वर्ग,Other Backward Class,obc,0,अर्चना,Archana,महिला,1,सविरोध,normalized_key_collision
up2015__row4078,2015,gp_head_winner_records_2015.parquet,4078,,False,47,वाराणसी,Varanasi,Varanasi,varanasi,False,चोलापुर,Cholapur,Cholapur,cholapur,False,False,,रामपुर,,,,,False,Rampur,Rampur,False,varanasi,cholapur,rampur,varanasi__cholapur__rampur,2,False,अनुसूचित जाति,Scheduled Caste,sc,0,महेश,Mahesh,पुरुष,0,सविरोध,normalized_key_collision
up2015__row3947,2015,gp_head_winner_records_2015.parquet,3947,,False,20,वाराणसी,Varanasi,Varanasi,varanasi,False,पिण्ड्रा,Pindra,Pindra,pindra,False,False,,शाहपुर,,,,,False,Shahpur,Shahpur,False,varanasi,pindra,shahpur,varanasi__pindra__shahpur,2,False,अन्य पिछड़ा वर्ग महिला,Other Backward Class Female,obc,1,आशा,Asha,महिला,1,सविरोध,normalized_key_collision
up2015__row3954,2015,gp_head_winner_records_2015.parquet,3954,,False,27,वाराणसी,Varanasi,Varanasi,varanasi,False,पिण्ड्रा,Pindra,Pindra,pindra,False,False,,शाहपुर,,,,,False,Shahpur,Shahpur,False,varanasi,pindra,shahpur,varanasi__pindra__shahpur,2,False,अनारक्षित,Unreserved,general,0,इन्द्रप्रकाश,Indraprakash,पुरुष,0,सविरोध,normalized_key_collision
up2021__24763,2021,gp_head_candidates_2021.parquet,20402,24763,False,18,आगरा,Agra,Agra,agra,False,खन्दौली,Khandoli,Khandauli,khandoli,True,True,1396,खड़िया,,,,,False,Khadiya,Khadiya,False,agra,khandauli,khadiya,agra__khandauli__khadiya,2,False,अनुसूचित जाति महिला,Scheduled Caste Female,sc,1,कृण्णा,Krishna,पुरुष,0,विजेता,normalized_key_collision
up2021__1240912,2021,gp_head_candidates_2021.parquet,20429,1240912,False,22,आगरा,Agra,Agra,agra,False,खन्दौली,Khandoli,Khandauli,khandoli,True,True,1396,ख्ािडया,,,,,False,Khadiya,Khadiya,False,agra,khandauli,khadiya,agra__khandauli__khadiya,2,False,अन्य पिछड़ा वर्ग महिला,Other Backward Class Female,obc,1,मीरा देवी,Mira Devi,महिला,1,विजेता,normalized_key_collision
up2021__835108,2021,gp_head_candidates_2021.parquet,10509,835108,False,15,अम्बेडकर नगर,Ambedkar Nagar,Ambedkar Nagar,ambedkar nagar,False,अकबरपुर,Akbarpur,Akbarpur,akbarpur,True,False,1433,मोहियुद्दीनपुर,,,,,False,Mohiuddinpur,Mohiuddinpur,False,ambedkar nagar,akbarpur,mohiuddinpur,ambedkar nagar__akbarpur__mohiuddinpur,2,False,अनुसूचित जाति,Scheduled Caste,sc,0,दीप चन्द,Deep Chand,पुरुष,0,विजेता,normalized_key_collision
up2021__1247348,2021,gp_head_candidates_2021.parquet,10630,1247348,False,29,अम्बेडकर नगर,Ambedkar Nagar,Ambedkar Nagar,ambedkar nagar,False,अकबरपुर,Akbarpur,Akbarpur,akbarpur,True,False,1433,मोहीयुददीनपुर,,,,,False,Mohiuddinpur,Mohiuddinpur,False,ambedkar nagar,akbarpur,mohiuddinpur,ambedkar nagar__akbarpur__mohiuddinpur,2,False,अन्य पिछड़ा वर्ग,Other Backward Class,obc,0,लाल मन,Lal Man,पुरुष,0,विजेता,normalized_key_collision
up2021__271954,2021,gp_head_candidates_2021.parquet,27083,271954,False,25,आजमगढ़,Azamgarh,Azamgarh,azamgarh,False,पवई,Pawai,Pawai,pawai,True,False,1464,गददोपुर,,,,,False,Gaddopur,Gaddopur,False,azamgarh,pawai,gaddopur,azamgarh__pawai__gaddopur,2,False,अनारक्षित,Unreserved,general,0,राणजित,Raanjit,पुरुष,0,विजेता,normalized_key_collision
up2021__260931,2021,gp_head_candidates_2021.parquet,27621,260931,False,92,आजमगढ़,Azamgarh,Azamgarh,azamgarh,False,पवई,Pawai,Pawai,pawai,True,False,1464,गददोपुर,,,,,False,Gaddopur,Gaddopur,False,azamgarh,pawai,gaddopur,azamgarh__pawai__gaddopur,2,False,अनारक्षित,Unreserved,general,0,इंदू,Indu,महिला,1,विजेता,normalized_key_collision
up2021__530174,2021,gp_head_candidates_2021.parquet,105620,530174,False,43,चन्दौली,Chandauli,Chandauli,chandauli,False,चन्दौली,Chandauli,Chandauli,chandauli,True,False,1618,मुसतफापुर,,,,,False,Mustafapur,Mustafapur,False,chandauli,chandauli,mustafapur,chandauli__chandauli__mustafapur,2,False,अनारक्षित,Unreserved,general,0,युनुस शाह,Yunus Shah,पुरुष,0,विजेता,normalized_key_collision
up2021__574867,2021,gp_head_candidates_2021.parquet,105869,574867,False,82,चन्दौली,Chandauli,Chandauli,chandauli,False,चन्दौली,Chandauli,Chandauli,chandauli,True,False,1618,मुस्तफॉपुर,,,,,False,Mustafapur,Mustafapur,False,chandauli,chandauli,mustafapur,chandauli__chandauli__mustafapur,2,False,अन्य पिछड़ा वर्ग,Other Backward Class,obc,0,मनोज,Manoj,पुरुष,0,विजेता,normalized_key_collision
up2021__653222,2021,gp_head_candidates_2021.parquet,132600,653222,False,39,देवरिया,Devaria,Deoria,devaria,True,देवरिया सदर,Deoria Sadar,Deoria Sadar,deoria sadar,True,False,1636,सरौरा,,,,,False,Saraura,Saraura,False,deoria,deoria sadar,saraura,deoria__deoria sadar__saraura,2,False,अन्य पिछड़ा वर्ग महिला,Other Backward Class Female,obc,1,अम्बिका,Ambika,महिला,1,विजेता,normalized_key_collision
up2021__735548,2021,gp_head_candidates_2021.parquet,132606,735548,False,4,देवरिया,Devaria,Deoria,devaria,True,देवरिया सदर,Deoria Sadar,Deoria Sadar,deoria sadar,True,False,1636,सरौरा,,,,,False,Saraura,Saraura,False,deoria,deoria sadar,saraura,deoria__deoria sadar__saraura,2,False,महिला,Female,general,1,संगीता,Sangeeta,महिला,1,विजेता,normalized_key_collision
up2021__752368,2021,gp_head_candidates_2021.parquet,81395,752368,False,27,गाज़ीपुर,Ghazipur,Ghazipur,ghazipur,False,जखनियाँ,Jakhniya,Jakhania,jakhniya,True,True,1723,दामोदरपुर,,,,,False,DamodarPur,DamodarPur,False,ghazipur,jakhania,damodarpur,ghazipur__jakhania__damodarpur,2,False,अनारक्षित,Unreserved,general,0,उर्मिला,Urmila,महिला,1,विजेता,normalized_key_collision
up2021__762703,2021,gp_head_candidates_2021.parquet,81882,762703,False,90,गाज़ीपुर,Ghazipur,Ghazipur,ghazipur,False,जखनियाँ,Jakhniya,Jakhania,jakhniya,True,True,1723,दामोदरपुर,,,,,False,DamodarPur,DamodarPur,False,ghazipur,jakhania,damodarpur,ghazipur__jakhania__damodarpur,2,False,अनारक्षित,Unreserved,general,0,कृष्ण कुमार यादव,Krishna Kumar Yadav,पुरुष,0,विजेता,normalized_key_collision
up2021__76780,2021,gp_head_candidates_2021.parquet,97630,76780,False,62,गोरखपुर,Gorakhpur,Gorakhpur,gorakhpur,False,कैम्पियर गंज,Kaimpiyarganj,Campierganj,kaimpiyarganj,True,True,1756,विशुनपुर,,,,,False,Vishunpur,Vishunpur,False,gorakhpur,campierganj,vishunpur,gorakhpur__campierganj__vishunpur,2,False,अन्य पिछड़ा वर्ग,Other Backward Class,obc,0,अखिलेश यादव,Akhilesh Yadav,पुरुष,0,विजेता,normalized_key_collision
up2021__112908,2021,gp_head_candidates_2021.parquet,97708,112908,False,9,गोरखपुर,Gorakhpur,Gorakhpur,gorakhpur,False,कैम्पियर गंज,Kaimpiyarganj,Campierganj,kaimpiyarganj,True,True,1756,विशुनपुर,,,,,False,Vishunpur,Vishunpur,False,gorakhpur,campierganj,vishunpur,gorakhpur__campierganj__vishunpur,2,False,अन्य पिछड़ा वर्ग महिला,Other Backward Class Female,obc,1,कमलावती,KamalAwati,महिला,1,विजेता,normalized_key_collision
up2021__1384088,2021,gp_head_candidates_2021.parquet,121658,1384088,False,27,जौनपुर,Jaunpur,Jaunpur,jaunpur,False,बरसठी,Barsathi,Barasathi,barsathi,True,True,1807,बनकट,,,,,False,Bankat,Bankat,False,jaunpur,barasathi,bankat,jaunpur__barasathi__bankat,2,False,अनुसूचित जाति महिला,Scheduled Caste Female,sc,1,बिन्दू,Bindu,महिला,1,विजेता,normalized_key_collision
up2021__1059053,2021,gp_head_candidates_2021.parquet,121938,1059053,False,62,जौनपुर,Jaunpur,Jaunpur,jaunpur,False,बरसठी,Barsathi,Barasathi,barsathi,True,True,1807,बनकट,,,,,False,Bankat,Bankat,False,jaunpur,barasathi,bankat,jaunpur__barasathi__bankat,2,False,अन्य पिछड़ा वर्ग महिला,Other Backward Class Female,obc,1,अनीता,Anita,महिला,1,विजेता,normalized_key_collision
up2021__1320550,2021,gp_head_candidates_2021.parquet,121502,1320550,False,1,जौनपुर,Jaunpur,Jaunpur,jaunpur,False,बरसठी,Barsathi,Barasathi,barsathi,True,True,1807,चतुरभुजपुर,,,,,False,Chaturbhujpur,Chaturbhujpur,False,jaunpur,barasathi,chaturbhujpur,jaunpur__barasathi__chaturbhujpur,2,False,महिला,Female,general,1,निशा देवी,Nisha Devi,महिला,1,विजेता,normalized_key_collision
up2021__1018265,2021,gp_head_candidates_2021.parquet,121850,1018265,False,53,जौनपुर,Jaunpur,Jaunpur,jaunpur,False,बरसठी,Barsathi,Barasathi,barsathi,True,True,1807,चतुरभुजपुर,,,,,False,Chaturbhujpur,Chaturbhujpur,False,jaunpur,barasathi,chaturbhujpur,jaunpur__barasathi__chaturbhujpur,2,False,महिला,Female,general,1,सीमा देवी,Seema Devi,महिला,1,विजेता,normalized_key_collision
up2021__1012176,2021,gp_head_candidates_2021.parquet,121921,1012176,False,60,जौनपुर,Jaunpur,Jaunpur,jaunpur,False,बरसठी,Barsathi,Barasathi,barsathi,True,True,1807,गोपालपुर,,,,,False,Gopalpur,Gopalpur,False,jaunpur,barasathi,gopalpur,jaunpur__barasathi__gopalpur,2,False,अनुसूचित जाति महिला,Scheduled Caste Female,sc,1,नीतू,Neetu,महिला,1,विजेता,normalized_key_collision
up2021__1065358,2021,gp_head_candidates_2021.parquet,122074,1065358,False,78,जौनपुर,Jaunpur,Jaunpur,jaunpur,False,बरसठी,Barsathi,Barasathi,barsathi,True,True,1807,गोपालपुर,,,,,False,Gopalpur,Gopalpur,False,jaunpur,barasathi,gopalpur,jaunpur__barasathi__gopalpur,2,False,महिला,Female,general,1,रेनू यादव,Renu Yadav,महिला,1,विजेता,normalized_key_collision
up2021__971407,2021,gp_head_candidates_2021.parquet,120189,971407,False,39,जौनपुर,Jaunpur,Jaunpur,jaunpur,False,धर्मापुर,Dharmapur,Dharma Pur,dharmapur,True,True,1808,राजेपुर,,,,,False,Raajepur,Raajepur,False,jaunpur,dharma pur,raajepur,jaunpur__dharma pur__raajepur,2,False,अनारक्षित,Unreserved,general,0,मनोरमा,Manorama,महिला,1,विजेता,normalized_key_collision
up2021__204841,2021,gp_head_candidates_2021.parquet,120218,204841,False,8,जौनपुर,Jaunpur,Jaunpur,jaunpur,False,धर्मापुर,Dharmapur,Dharma Pur,dharmapur,True,True,1808,राजेपुर,,,,,False,Raajepur,Raajepur,False,jaunpur,dharma pur,raajepur,jaunpur__dharma pur__raajepur,2,False,अनुसूचित जाति महिला,Scheduled Caste Female,sc,1,शारदा,Sharada,महिला,1,विजेता,normalized_key_collision
up2021__400731,2021,gp_head_candidates_2021.parquet,52643,400731,False,10,कन्नौज,Kannauj,Kannauj,kannauj,False,सौरिख,Saurkh,Saurikh,saurkh,True,True,1845,रसूलपुर,,,,,False,Rasulpur,Rasulpur,False,kannauj,saurikh,rasulpur,kannauj__saurikh__rasulpur,2,False,अनारक्षित,Unreserved,general,0,कश्मीर सिंह,Kashmir Singh,पुरुष,0,विजेता,normalized_key_collision
up2021__343226,2021,gp_head_candidates_2021.parquet,52762,343226,False,23,कन्नौज,Kannauj,Kannauj,kannauj,False,सौरिख,Saurkh,Saurikh,saurkh,True,True,1845,रसूलपुर,,,,,False,Rasulpur,Rasulpur,False,kannauj,saurikh,rasulpur,kannauj__saurikh__rasulpur,2,False,अन्य पिछड़ा वर्ग महिला,Other Backward Class Female,obc,1,विमला देवी,Vimla Devi,महिला,1,विजेता,normalized_key_collision
up2021__718198,2021,gp_head_candidates_2021.parquet,71845,718198,False,10,कुशीनगर,Kushinagar,Kushi Nagar,kushinagar,True,मोतीचक,Moti Chak,Motichak,moti chak,True,True,1897,लकषमीपुर,,,,,False,Laksmipur,Laksmipur,False,kushi nagar,motichak,laksmipur,kushi nagar__motichak__laksmipur,2,False,अनारक्षित,Unreserved,general,0,अकमल,Akmal,पुरुष,0,विजेता,normalized_key_collision
up2021__722996,2021,gp_head_candidates_2021.parquet,72075,722996,False,44,कुशीनगर,Kushinagar,Kushi Nagar,kushinagar,True,मोतीचक,Moti Chak,Motichak,moti chak,True,True,1897,लकषमीपुर,,,,,False,Laksmipur,Laksmipur,False,kushi nagar,motichak,laksmipur,kushi nagar__motichak__laksmipur,2,False,अन्य पिछड़ा वर्ग,Other Backward Class,obc,0,जनार्धन गिरी,Janardhan Giri,पुरुष,0,विजेता,normalized_key_collision
up2021__713589,2021,gp_head_candidates_2021.parquet,72082,713589,False,45,कुशीनगर,Kushinagar,Kushi Nagar,kushinagar,True,मोतीचक,Moti Chak,Motichak,moti chak,True,True,1897,नरायनपुर,,,,,False,Narayanpur,Narayanpur,False,kushi nagar,motichak,narayanpur,kushi nagar__motichak__narayanpur,2,False,महिला,Female,general,1,साधना देवी,Sadhna Devi,महिला,1,विजेता,normalized_key_collision
up2021__733747,2021,gp_head_candidates_2021.parquet,72298,733747,False,9,कुशीनगर,Kushinagar,Kushi Nagar,kushinagar,True,मोतीचक,Moti Chak,Motichak,moti chak,True,True,1897,नरायनपुर,,,,,False,Narayanpur,Narayanpur,False,kushi nagar,motichak,narayanpur,kushi nagar__motichak__narayanpur,2,False,महिला,Female,general,1,चन्द्रावती देवी,Chandravati Devi,महिला,1,विजेता,normalized_key_collision
up2021__812500,2021,gp_head_candidates_2021.parquet,69336,812500,False,52,कुशीनगर,Kushinagar,Kushi Nagar,kushinagar,True,तमकुहीराज,Tamkuhiraj,Tamkuhiraj,tamkuhiraj,True,False,1903,बभनौली,,,,,False,Babhanouli,Babhanouli,False,kushi nagar,tamkuhiraj,babhanouli,kushi nagar__tamkuhiraj__babhanouli,2,False,अनारक्षित,Unreserved,general,0,सिन्धु,Sindhu,महिला,1,विजेता,normalized_key_collision
up2021__721230,2021,gp_head_candidates_2021.parquet,69457,721230,False,68,कुशीनगर,Kushinagar,Kushi Nagar,kushinagar,True,तमकुहीराज,Tamkuhiraj,Tamkuhiraj,tamkuhiraj,True,False,1903,बभनौली,,,,,False,Babhanouli,Babhanouli,False,kushi nagar,tamkuhiraj,babhanouli,kushi nagar__tamkuhiraj__babhanouli,2,False,महिला,Female,general,1,पुनीता राय,Preeta Rai,महिला,1,विजेता,normalized_key_collision
up2021__833683,2021,gp_head_candidates_2021.parquet,72943,833683,False,37,कुशीनगर,Kushinagar,Kushi Nagar,kushinagar,True,विशुनपुरा,Vishunpura,Vishunpura,vishunpura,True,False,1904,मिश्राैली,,,,,False,Mishrauli,Mishrauli,False,kushi nagar,vishunpura,mishrauli,kushi nagar__vishunpura__mishrauli,2,False,अनारक्षित,Unreserved,general,0,अनवर हुसैन,Anwar Hussain,पुरुष,0,विजेता,normalized_key_collision
up2021__873490,2021,gp_head_candidates_2021.parquet,73250,873490,False,80,कुशीनगर,Kushinagar,Kushi Nagar,kushinagar,True,विशुनपुरा,Vishunpura,Vishunpura,vishunpura,True,False,1904,मिश्रौली,,,,,False,Mishrauli,Mishrauli,False,kushi nagar,vishunpura,mishrauli,kushi nagar__vishunpura__mishrauli,2,False,अनुसूचित जाति महिला,Scheduled Caste Female,sc,1,इन्दु देवी,Indu Devi,महिला,1,विजेता,normalized_key_collision
up2021__202725,2021,gp_head_candidates_2021.parquet,262401,202725,True,22,मैनपुरी,Mainpuri,Mainpuri,mainpuri,False,कुरावली,Kurawli,Kuraoli,kurawli,True,True,1948,सोनई,,,,,False,Sonai,Sonai,False,mainpuri,kuraoli,sonai,mainpuri__kuraoli__sonai,2,False,अनुसूचित जाति,Scheduled Caste,sc,0,देवेंद्र कुमार,,पुरुष,,विजेता,normalized_key_collision
up2021__219438,2021,gp_head_candidates_2021.parquet,262406,219438,True,22,मैनपुरी,Mainpuri,Mainpuri,mainpuri,False,कुरावली,Kurawli,Kuraoli,kurawli,True,True,1948,सोनई,,,,,False,Sonai,Sonai,False,mainpuri,kuraoli,sonai,mainpuri__kuraoli__sonai,2,False,अनुसूचित जाति,Scheduled Caste,sc,0,सुधाकर यादव,,पुरुष,,विजेता,normalized_key_collision
up2021__755572,2021,gp_head_candidates_2021.parquet,139861,755572,False,142,पीलीभीत,Pilibhit,Pilibhit,pilibhit,False,पूरनपुर,Purnanpur,Puranpur,purnanpur,True,True,2027,सपहा,,,,,False,Sapaha,Sapaha,False,pilibhit,puranpur,sapaha,pilibhit__puranpur__sapaha,2,False,अनुसूचित जाति,Scheduled Caste,sc,0,रामचन्द्र,Ramchandra,पुरुष,0,विजेता,normalized_key_collision
up2021__709561,2021,gp_head_candidates_2021.parquet,140405,709561,False,50,पीलीभीत,Pilibhit,Pilibhit,pilibhit,False,पूरनपुर,Purnanpur,Puranpur,purnanpur,True,True,2027,सपहा,,,,,False,Sapaha,Sapaha,False,pilibhit,puranpur,sapaha,pilibhit__puranpur__sapaha,2,False,अन्य पिछड़ा वर्ग महिला,Other Backward Class Female,obc,1,जयदेई,Jaydei,महिला,1,विजेता,normalized_key_collision
up2021__713399,2021,gp_head_candidates_2021.parquet,303827,713399,False,22,शाहजहांपुर,Shahjahnapur,Shahjahanpur,shahjahnapur,True,मिर्जापुर,Mirzapur,Mirzapur,mirzapur,True,False,2108,भरतपुर,,,,,False,Bharatpur,Bharatpur,False,shahjahanpur,mirzapur,bharatpur,shahjahanpur__mirzapur__bharatpur,2,False,अन्य पिछड़ा वर्ग,Other Backward Class,obc,0,मानिस्टर,Manistar,पुरुष,0,विजेता,normalized_key_collision
up2021__854789,2021,gp_head_candidates_2021.parquet,304162,854789,False,7,शाहजहांपुर,Shahjahnapur,Shahjahanpur,shahjahnapur,True,मिर्जापुर,Mirzapur,Mirzapur,mirzapur,True,False,2108,भरतापुर,,,,,False,Bharatpur,Bharatpur,False,shahjahanpur,mirzapur,bharatpur,shahjahanpur__mirzapur__bharatpur,2,False,अनारक्षित,Unreserved,general,0,पूनम देवी,Poonam Devi,महिला,1,विजेता,normalized_key_collision
up2021__549022,2021,gp_head_candidates_2021.parquet,329004,549022,False,105,सिद्धार्थ नगर,Siddharth Nagar,Siddharth Nagar,siddharth nagar,False,भनवापुर,Bhanwaapur,Bhanwapur,bhanwaapur,True,True,2120,मनिकौरा,,,,,False,Manikaura,Manikaura,False,siddharth nagar,bhanwapur,manikaura,siddharth nagar__bhanwapur__manikaura,2,False,महिला,Female,general,1,उर्मिला,Urmila,महिला,1,विजेता,normalized_key_collision
up2021__627126,2021,gp_head_candidates_2021.parquet,329236,627126,False,4,सिद्धार्थ नगर,Siddharth Nagar,Siddharth Nagar,siddharth nagar,False,भनवापुर,Bhanwaapur,Bhanwapur,bhanwaapur,True,True,2120,मनिकौरा,,,,,False,Manikaura,Manikaura,False,siddharth nagar,bhanwapur,manikaura,siddharth nagar__bhanwapur__manikaura,2,False,अनुसूचित जाति,Scheduled Caste,sc,0,राजकुमार,Rajkumar,पुरुष,0,विजेता,normalized_key_collision
up2021__581126,2021,gp_head_candidates_2021.parquet,324233,581126,False,11,सिद्धार्थ नगर,Siddharth Nagar,Siddharth Nagar,siddharth nagar,False,इटवा,Itwa,Itwa,itwa,True,False,2123,समरा,,,,,False,Samra,Samra,False,siddharth nagar,itwa,samra,siddharth nagar__itwa__samra,2,False,अनारक्षित,Unreserved,general,0,अब्दुल मजीद,Abdul Majid,पुरुष,0,विजेता,normalized_key_collision
up2021__553836,2021,gp_head_candidates_2021.parquet,324447,553836,False,42,सिद्धार्थ नगर,Siddharth Nagar,Siddharth Nagar,siddharth nagar,False,इटवा,Itwa,Itwa,itwa,True,False,2123,समरा,,,,,False,Samra,Samra,False,siddharth nagar,itwa,samra,siddharth nagar__itwa__samra,2,False,अनारक्षित,Unreserved,general,0,अब्दुल कयुम,Abdul Kayum,पुरुष,0,विजेता,normalized_key_collision
up2021__647135,2021,gp_head_candidates_2021.parquet,329745,647135,False,117,सिद्धार्थ नगर,Siddharth Nagar,Siddharth Nagar,siddharth nagar,False,मिठवल,Mithwal,Mithwal,mithwal,True,False,2128,सिकटा,,,,,False,Sikta,Sikta,False,siddharth nagar,mithwal,sikta,siddharth nagar__mithwal__sikta,2,False,अनारक्षित,Unreserved,general,0,अरूण प्रताप सिंह,Arun Pratap Singh,पुरुष,0,विजेता,normalized_key_collision
up2021__522809,2021,gp_head_candidates_2021.parquet,329857,522809,False,25,सिद्धार्थ नगर,Siddharth Nagar,Siddharth Nagar,siddharth nagar,False,मिठवल,Mithwal,Mithwal,mithwal,True,False,2128,सिकटा,,,,,False,Sikta,Sikta,False,siddharth nagar,mithwal,sikta,siddharth nagar__mithwal__sikta,2,False,अनारक्षित,Unreserved,general,0,केशमती,Keshamati,महिला,1,विजेता,normalized_key_collision
up2021__330821,2021,gp_head_candidates_2021.parquet,341688,330821,False,49,सुलतानपुर,Sultanpur,Sultanpur,sultanpur,False,अखण्डनगर,Akhandnagar,Akhand Nagar,akhandnagar,True,True,2159,जगदीशपुर,,,,,False,Jagdishpur,Jagdishpur,False,sultanpur,akhand nagar,jagdishpur,sultanpur__akhand nagar__jagdishpur,2,False,अन्य पिछड़ा वर्ग,Other Backward Class,obc,0,लाल बहादुर,Lal Bahadur,पुरुष,0,विजेता,normalized_key_collision
up2021__252149,2021,gp_head_candidates_2021.parquet,341825,252149,False,62,सुलतानपुर,Sultanpur,Sultanpur,sultanpur,False,अखण्डनगर,Akhandnagar,Akhand Nagar,akhandnagar,True,True,2159,जगदीशपुर,,,,,False,Jagdishpur,Jagdishpur,False,sultanpur,akhand nagar,jagdishpur,sultanpur__akhand nagar__jagdishpur,2,False,अनारक्षित,Unreserved,general,0,उषा,Usha,महिला,1,विजेता,normalized_key_collision
up2021__398988,2021,gp_head_candidates_2021.parquet,344608,398988,False,53,सुलतानपुर,Sultanpur,Sultanpur,sultanpur,False,जयसिंहपुर,Jaisinghpur,Jaisinghpur,jaisinghpur,True,False,2170,गोपालपुर,,,,,False,Gopalpur,Gopalpur,False,sultanpur,jaisinghpur,gopalpur,sultanpur__jaisinghpur__gopalpur,2,False,अन्य पिछड़ा वर्ग,Other Backward Class,obc,0,बिर्जेश कुमार,Birjesh Kumar,पुरुष,0,विजेता,normalized_key_collision
up2021__321571,2021,gp_head_candidates_2021.parquet,344895,321571,False,89,सुलतानपुर,Sultanpur,Sultanpur,sultanpur,False,जयसिंहपुर,Jaisinghpur,Jaisinghpur,jaisinghpur,True,False,2170,गोपालपुर,,,,,False,Gopalpur,Gopalpur,False,sultanpur,jaisinghpur,gopalpur,sultanpur__jaisinghpur__gopalpur,2,False,अन्य पिछड़ा वर्ग,Other Backward Class,obc,0,संतराम,Santram,पुरुष,0,विजेता,normalized_key_collision
up2021__496740,2021,gp_head_candidates_2021.parquet,41429,496740,False,20,उन्नाव,Unnao,Unnao,unnao,False,सफीपुर,Safipur,Safipur,safipur,True,False,2194,रायपुर,,,,,False,Raipur,Raipur,False,unnao,safipur,raipur,unnao__safipur__raipur,2,False,अन्य पिछड़ा वर्ग,Other Backward Class,obc,0,पवन कुमार,Pawan Kumar,पुरुष,0,विजेता,normalized_key_collision
up2021__620021,2021,gp_head_candidates_2021.parquet,41717,620021,False,67,उन्नाव,Unnao,Unnao,unnao,False,सफीपुर,Safipur,Safipur,safipur,True,False,2194,रायपुर,,,,,False,Raipur,Raipur,False,unnao,safipur,raipur,unnao__safipur__raipur,2,False,अन्य पिछड़ा वर्ग महिला,Other Backward Class Female,obc,1,राजकुमारी,Rajkumari,महिला,1,विजेता,normalized_key_collision
up2021__501238,2021,gp_head_candidates_2021.parquet,42638,501238,False,25,उन्नाव,Unnao,Unnao,unnao,False,सुमेरपुर,Sumerpur,Sumerpur,sumerpur,True,False,2197,कलयानपुर,,,,,False,Kalyanapur,Kalyanapur,False,unnao,sumerpur,kalyanapur,unnao__sumerpur__kalyanapur,2,False,अनुसूचित जाति,Scheduled Caste,sc,0,शिव दर्शन,Shiv Darshan,पुरुष,0,विजेता,normalized_key_collision
up2021__619369,2021,gp_head_candidates_2021.parquet,42882,619369,False,62,उन्नाव,Unnao,Unnao,unnao,False,सुमेरपुर,Sumerpur,Sumerpur,sumerpur,True,False,2197,कलयानपुर,,,,,False,Kalyanapur,Kalyanapur,False,unnao,sumerpur,kalyanapur,unnao__sumerpur__kalyanapur,2,False,महिला,Female,general,1,मालती देवी,Malti Devi,महिला,1,विजेता,normalized_key_collision
up2021__397516,2021,gp_head_candidates_2021.parquet,292492,397516,False,16,वाराणसी,Varanasi,Varanasi,varanasi,False,चोलापुर,Cholapur,Cholapur,cholapur,True,False,2201,रामपुर,,,,,False,Rampur,Rampur,False,varanasi,cholapur,rampur,varanasi__cholapur__rampur,2,False,अन्य पिछड़ा वर्ग,Other Backward Class,obc,0,राजेन्द्र,Rājēndra,पुरुष,0,विजेता,normalized_key_collision
up2021__246044,2021,gp_head_candidates_2021.parquet,292772,246044,False,47,वाराणसी,Varanasi,Varanasi,varanasi,False,चोलापुर,Cholapur,Cholapur,cholapur,True,False,2201,रामपुर,,,,,False,Rampur,Rampur,False,varanasi,cholapur,rampur,varanasi__cholapur__rampur,2,False,अनारक्षित,Unreserved,general,0,ओम प्रकाश,Om Prakash,पुरुष,0,विजेता,normalized_key_collision
up2021__277195,2021,gp_head_candidates_2021.parquet,293214,277195,False,20,वाराणसी,Varanasi,Varanasi,varanasi,False,पिण्ड्रा,Pindra,Pindra,pindra,True,False,2204,शाहपुर,,,,,False,Shahpur,Shahpur,False,varanasi,pindra,shahpur,varanasi__pindra__shahpur,2,False,अनारक्षित,Unreserved,general,0,चंद्रशेखर सिंह,Chandrashekhar Singh,महिला,1,विजेता,normalized_key_collision
up2021__311301,2021,gp_head_candidates_2021.parquet,293263,311301,False,27,वाराणसी,Varanasi,Varanasi,varanasi,False,पिण्ड्रा,Pindra,Pindra,pindra,True,False,2204,शाहपुर,,,,,False,Shahpur,Shahpur,False,varanasi,pindra,shahpur,varanasi__pindra__shahpur,2,False,अन्य पिछड़ा वर्ग,Other Backward Class,obc,0,अशोक,Ashok,पुरुष,0,विजेता,normalized_key_collision
