panel,anchor_key,field,vintage,full_linked_panel
2005_2010,up2010__row43187,lgd_gp_code,71445.0,
2005_2010,up2010__row45595,lgd_gp_code,45421.0,
2005_2010,up2010__row20980,lgd_gp_code,67941.0,
2005_2010,up2010__row48163,lgd_gp_code,91059.0,
2005_2010,up2010__row37023,lgd_gp_code,91104.0,
2005_2010,up2010__row49832,lgd_gp_code,50084.0,
2005_2010,up2010__row38431,lgd_gp_code,70429.0,
2005_2010,up2010__row51223,lgd_gp_code,86521.0,
2010_2015,up2010__row10029,lgd_gp_code,,67258.0
2010_2015,up2010__row10045,lgd_gp_code,,53663.0
2010_2015,up2010__row10073,lgd_gp_code,,49797.0
2010_2015,up2010__row10118,lgd_gp_code,,70311.0
2010_2015,up2010__row1014,lgd_gp_code,,82882.0
2010_2015,up2010__row10177,lgd_gp_code,,67566.0
2010_2015,up2010__row10188,lgd_gp_code,,74602.0
2010_2015,up2010__row10417,lgd_gp_code,,55158.0
2010_2015,up2010__row10486,lgd_gp_code,,77009.0
2010_2015,up2010__row10556,lgd_gp_code,,72958.0
2010_2015,up2010__row10694,lgd_gp_code,,56244.0
2010_2015,up2010__row10753,lgd_gp_code,,274347.0
2010_2015,up2010__row11008,lgd_gp_code,,53661.0
2010_2015,up2010__row11176,lgd_gp_code,,46172.0
2010_2015,up2010__row11196,lgd_gp_code,,67250.0
2010_2015,up2010__row1124,lgd_gp_code,,53660.0
2010_2015,up2010__row11267,lgd_gp_code,,67726.0
2010_2015,up2010__row11297,lgd_gp_code,,45380.0
2010_2015,up2010__row11364,lgd_gp_code,,53649.0
2010_2015,up2010__row11405,lgd_gp_code,,60694.0
2010_2015,up2010__row11417,lgd_gp_code,,88999.0
2010_2015,up2010__row11455,lgd_gp_code,,48749.0
2010_2015,up2010__row11533,lgd_gp_code,,91068.0
2010_2015,up2010__row11673,lgd_gp_code,,73701.0
2010_2015,up2010__row11689,lgd_gp_code,,73702.0
2010_2015,up2010__row12004,lgd_gp_code,,62113.0
2010_2015,up2010__row12209,lgd_gp_code,,74591.0
2010_2015,up2010__row12438,lgd_gp_code,,67253.0
2010_2015,up2010__row13067,lgd_gp_code,,57926.0
2010_2015,up2010__row1316,lgd_gp_code,,53699.0
2010_2015,up2010__row13192,lgd_gp_code,,44460.0
2010_2015,up2010__row13213,lgd_gp_code,,67737.0
2010_2015,up2010__row1341,lgd_gp_code,,54315.0
2010_2015,up2010__row13500,lgd_gp_code,,53667.0
2010_2015,up2010__row1362,lgd_gp_code,,54338.0
2010_2015,up2010__row13886,lgd_gp_code,,82217.0
2010_2015,up2010__row13940,lgd_gp_code,,62521.0
2010_2015,up2010__row14099,lgd_gp_code,,63425.0
2010_2015,up2010__row14120,lgd_gp_code,,87906.0
2010_2015,up2010__row1422,lgd_gp_code,,54385.0
2010_2015,up2010__row14230,lgd_gp_code,,51825.0
2010_2015,up2010__row14246,lgd_gp_code,,45440.0
2010_2015,up2010__row14361,lgd_gp_code,,88589.0
2010_2015,up2010__row14405,lgd_gp_code,,51824.0
2010_2015,up2010__row14406,lgd_gp_code,,51823.0
2010_2015,up2010__row1458,lgd_gp_code,,54381.0
2010_2015,up2010__row1472,lgd_gp_code,,53658.0
2010_2015,up2010__row14737,lgd_gp_code,,62118.0
2010_2015,up2010__row14781,lgd_gp_code,,54037.0
2010_2015,up2010__row14924,lgd_gp_code,,53652.0
2010_2015,up2010__row14928,lgd_gp_code,,52894.0
2010_2015,up2010__row14939,lgd_gp_code,,238595.0
2010_2015,up2010__row1508,lgd_gp_code,,54337.0
2010_2015,up2010__row15141,lgd_gp_code,,70370.0
2010_2015,up2010__row15152,lgd_gp_code,,58314.0
2010_2015,up2010__row1521,lgd_gp_code,,54384.0
2010_2015,up2010__row15219,lgd_gp_code,,48788.0
2010_2015,up2010__row15312,lgd_gp_code,,51822.0
2010_2015,up2010__row15469,lgd_gp_code,,46236.0
2010_2015,up2010__row15593,lgd_gp_code,,89058.0
2010_2015,up2010__row15651,lgd_gp_code,,62552.0
2010_2015,up2010__row15786,lgd_gp_code,,50153.0
2010_2015,up2010__row15804,lgd_gp_code,,67783.0
2010_2015,up2010__row15936,lgd_gp_code,,61242.0
2010_2015,up2010__row16084,lgd_gp_code,,48750.0
2010_2015,up2010__row1611,lgd_gp_code,,53642.0
2010_2015,up2010__row16213,lgd_gp_code,,51761.0
2010_2015,up2010__row16449,lgd_gp_code,,73973.0
2010_2015,up2010__row16596,lgd_gp_code,,55157.0
2010_2015,up2010__row16616,lgd_gp_code,,91129.0
2010_2015,up2010__row16619,lgd_gp_code,,65744.0
2010_2015,up2010__row16737,lgd_gp_code,,44444.0
2010_2015,up2010__row16943,lgd_gp_code,,238593.0
2010_2015,up2010__row17269,lgd_gp_code,,87856.0
2010_2015,up2010__row17603,lgd_gp_code,,60700.0
2010_2015,up2010__row17996,lgd_gp_code,,55642.0
2010_2015,up2010__row18286,lgd_gp_code,,49818.0
2010_2015,up2010__row18288,lgd_gp_code,,67278.0
2010_2015,up2010__row18348,lgd_gp_code,,65770.0
2010_2015,up2010__row18693,lgd_gp_code,,67277.0
2010_2015,up2010__row18763,lgd_gp_code,,50133.0
2010_2015,up2010__row18831,lgd_gp_code,,65772.0
2010_2015,up2010__row18834,lgd_gp_code,,86218.0
2010_2015,up2010__row18908,lgd_gp_code,,53684.0
2010_2015,up2010__row18929,lgd_gp_code,,65771.0
2010_2015,up2010__row19310,lgd_gp_code,,72392.0
2010_2015,up2010__row19344,lgd_gp_code,,65773.0
2010_2015,up2010__row1937,lgd_gp_code,,45359.0
2010_2015,up2010__row19418,lgd_gp_code,,70346.0
2010_2015,up2010__row19453,lgd_gp_code,,65775.0
2010_2015,up2010__row19471,lgd_gp_code,,45421.0
2010_2015,up2010__row19495,lgd_gp_code,,53686.0
2010_2015,up2010__row19564,lgd_gp_code,,65774.0
2010_2015,up2010__row19842,lgd_gp_code,,65777.0
2010_2015,up2010__row19991,lgd_gp_code,,53685.0
2010_2015,up2010__row20003,lgd_gp_code,,91598.0
2010_2015,up2010__row20011,lgd_gp_code,,73726.0
2010_2015,up2010__row20083,lgd_gp_code,,72970.0
2010_2015,up2010__row20121,lgd_gp_code,,65778.0
2010_2015,up2010__row20139,lgd_gp_code,,75830.0
2010_2015,up2010__row20140,lgd_gp_code,,75831.0
2010_2015,up2010__row20175,lgd_gp_code,,68489.0
2010_2015,up2010__row20216,lgd_gp_code,,48777.0
2010_2015,up2010__row20231,lgd_gp_code,,86219.0
2010_2015,up2010__row20240,lgd_gp_code,,77032.0
2010_2015,up2010__row20261,lgd_gp_code,,67697.0
2010_2015,up2010__row20440,lgd_gp_code,,53690.0
2010_2015,up2010__row20621,lgd_gp_code,,89031.0
2010_2015,up2010__row20798,lgd_gp_code,,67279.0
2010_2015,up2010__row20829,lgd_gp_code,,61215.0
2010_2015,up2010__row20953,lgd_gp_code,,89033.0
2010_2015,up2010__row20980,lgd_gp_code,67941.0,
2010_2015,up2010__row21002,lgd_gp_code,,76907.0
2010_2015,up2010__row21066,lgd_gp_code,,65782.0
2010_2015,up2010__row21070,lgd_gp_code,,65783.0
2010_2015,up2010__row21257,lgd_gp_code,,56854.0
2010_2015,up2010__row21414,lgd_gp_code,,75695.0
2010_2015,up2010__row21452,lgd_gp_code,,55180.0
2010_2015,up2010__row21454,lgd_gp_code,,45422.0
2010_2015,up2010__row21480,lgd_gp_code,,48779.0
2010_2015,up2010__row21488,lgd_gp_code,,65785.0
2010_2015,up2010__row2160,lgd_gp_code,,75562.0
2010_2015,up2010__row21614,lgd_gp_code,,65786.0
2010_2015,up2010__row21634,lgd_gp_code,,83145.0
2010_2015,up2010__row217,lgd_gp_code,,86174.0
2010_2015,up2010__row22003,lgd_gp_code,,65745.0
2010_2015,up2010__row22009,lgd_gp_code,,62119.0
2010_2015,up2010__row22156,lgd_gp_code,,62374.0
2010_2015,up2010__row22471,lgd_gp_code,,75652.0
2010_2015,up2010__row22655,lgd_gp_code,,45364.0
2010_2015,up2010__row22737,lgd_gp_code,,49785.0
2010_2015,up2010__row2284,lgd_gp_code,,46157.0
2010_2015,up2010__row22852,lgd_gp_code,,91059.0
2010_2015,up2010__row22922,lgd_gp_code,,91757.0
2010_2015,up2010__row22929,lgd_gp_code,,91114.0
2010_2015,up2010__row23031,lgd_gp_code,,51084.0
2010_2015,up2010__row23079,lgd_gp_code,,65722.0
2010_2015,up2010__row23167,lgd_gp_code,,44196.0
2010_2015,up2010__row23228,lgd_gp_code,,67546.0
2010_2015,up2010__row23369,lgd_gp_code,,67903.0
2010_2015,up2010__row23592,lgd_gp_code,,50087.0
2010_2015,up2010__row236,lgd_gp_code,,86235.0
2010_2015,up2010__row23673,lgd_gp_code,,50085.0
2010_2015,up2010__row23711,lgd_gp_code,,42908.0
2010_2015,up2010__row23728,lgd_gp_code,,50084.0
2010_2015,up2010__row23733,lgd_gp_code,,65723.0
2010_2015,up2010__row23871,lgd_gp_code,,66331.0
2010_2015,up2010__row23944,lgd_gp_code,,65721.0
2010_2015,up2010__row23990,lgd_gp_code,,54016.0
2010_2015,up2010__row24174,lgd_gp_code,,87988.0
2010_2015,up2010__row24441,lgd_gp_code,,88989.0
2010_2015,up2010__row24469,lgd_gp_code,,72364.0
2010_2015,up2010__row24488,lgd_gp_code,,57911.0
2010_2015,up2010__row245,lgd_gp_code,,86180.0
2010_2015,up2010__row24573,lgd_gp_code,,54462.0
2010_2015,up2010__row24850,lgd_gp_code,,67247.0
2010_2015,up2010__row24859,lgd_gp_code,,42909.0
2010_2015,up2010__row24872,lgd_gp_code,,65736.0
2010_2015,up2010__row24962,lgd_gp_code,,65737.0
2010_2015,up2010__row25075,lgd_gp_code,,91065.0
2010_2015,up2010__row25363,lgd_gp_code,,55147.0
2010_2015,up2010__row25376,lgd_gp_code,,52438.0
2010_2015,up2010__row25388,lgd_gp_code,,91118.0
2010_2015,up2010__row25452,lgd_gp_code,,91120.0
2010_2015,up2010__row25539,lgd_gp_code,,88993.0
2010_2015,up2010__row2563,lgd_gp_code,,72939.0
2010_2015,up2010__row25966,lgd_gp_code,,72944.0
2010_2015,up2010__row26046,lgd_gp_code,,72946.0
2010_2015,up2010__row26071,lgd_gp_code,,46169.0
2010_2015,up2010__row26080,lgd_gp_code,,87847.0
2010_2015,up2010__row26210,lgd_gp_code,,91560.0
2010_2015,up2010__row26353,lgd_gp_code,,53643.0
2010_2015,up2010__row26372,lgd_gp_code,,45372.0
2010_2015,up2010__row26511,lgd_gp_code,,67721.0
2010_2015,up2010__row26561,lgd_gp_code,,91559.0
2010_2015,up2010__row26625,lgd_gp_code,,55149.0
2010_2015,up2010__row26682,lgd_gp_code,,72947.0
2010_2015,up2010__row26701,lgd_gp_code,,67245.0
2010_2015,up2010__row2675,lgd_gp_code,,68453.0
2010_2015,up2010__row26892,lgd_gp_code,,67720.0
2010_2015,up2010__row26917,lgd_gp_code,,65933.0
2010_2015,up2010__row27201,lgd_gp_code,,83109.0
2010_2015,up2010__row27242,lgd_gp_code,,67941.0
2010_2015,up2010__row27274,lgd_gp_code,,52440.0
2010_2015,up2010__row27421,lgd_gp_code,,58236.0
2010_2015,up2010__row27693,lgd_gp_code,,72389.0
2010_2015,up2010__row27787,lgd_gp_code,,83327.0
2010_2015,up2010__row27990,lgd_gp_code,,70409.0
2010_2015,up2010__row27993,lgd_gp_code,,77023.0
2010_2015,up2010__row28029,lgd_gp_code,,65974.0
2010_2015,up2010__row28035,lgd_gp_code,,48771.0
2010_2015,up2010__row28093,lgd_gp_code,,73568.0
2010_2015,up2010__row28202,lgd_gp_code,,46203.0
2010_2015,up2010__row28247,lgd_gp_code,,53675.0
2010_2015,up2010__row28463,lgd_gp_code,,62136.0
2010_2015,up2010__row28816,lgd_gp_code,,61204.0
2010_2015,up2010__row28817,lgd_gp_code,,269805.0
2010_2015,up2010__row28903,lgd_gp_code,,50129.0
2010_2015,up2010__row28983,lgd_gp_code,,62268.0
2010_2015,up2010__row29162,lgd_gp_code,,82238.0
2010_2015,up2010__row29205,lgd_gp_code,,62705.0
2010_2015,up2010__row29559,lgd_gp_code,,274160.0
2010_2015,up2010__row29588,lgd_gp_code,,67757.0
2010_2015,up2010__row29593,lgd_gp_code,,53676.0
2010_2015,up2010__row29597,lgd_gp_code,,58282.0
2010_2015,up2010__row29662,lgd_gp_code,,70338.0
2010_2015,up2010__row29773,lgd_gp_code,,42921.0
2010_2015,up2010__row29789,lgd_gp_code,,89022.0
2010_2015,up2010__row29798,lgd_gp_code,,51733.0
2010_2015,up2010__row30090,lgd_gp_code,,63104.0
2010_2015,up2010__row301,lgd_gp_code,,82755.0
2010_2015,up2010__row3015,lgd_gp_code,,238578.0
2010_2015,up2010__row30206,lgd_gp_code,,67276.0
2010_2015,up2010__row30216,lgd_gp_code,,67759.0
2010_2015,up2010__row30287,lgd_gp_code,,86215.0
2010_2015,up2010__row30364,lgd_gp_code,,45417.0
2010_2015,up2010__row30435,lgd_gp_code,,67881.0
2010_2015,up2010__row30539,lgd_gp_code,,83329.0
2010_2015,up2010__row30565,lgd_gp_code,,91147.0
2010_2015,up2010__row30585,lgd_gp_code,,42922.0
2010_2015,up2010__row3065,lgd_gp_code,,60681.0
2010_2015,up2010__row30776,lgd_gp_code,,70341.0
2010_2015,up2010__row30833,lgd_gp_code,,54497.0
2010_2015,up2010__row30909,lgd_gp_code,,45415.0
2010_2015,up2010__row31020,lgd_gp_code,,272978.0
2010_2015,up2010__row31067,lgd_gp_code,,45126.0
2010_2015,up2010__row31290,lgd_gp_code,,238653.0
2010_2015,up2010__row31453,lgd_gp_code,,264846.0
2010_2015,up2010__row31586,lgd_gp_code,,67287.0
2010_2015,up2010__row31679,lgd_gp_code,,54080.0
2010_2015,up2010__row31711,lgd_gp_code,,89036.0
2010_2015,up2010__row31973,lgd_gp_code,,53691.0
2010_2015,up2010__row32186,lgd_gp_code,,86225.0
2010_2015,up2010__row32255,lgd_gp_code,,54081.0
2010_2015,up2010__row3234,lgd_gp_code,,62895.0
2010_2015,up2010__row32352,lgd_gp_code,,91606.0
2010_2015,up2010__row324,lgd_gp_code,,86183.0
2010_2015,up2010__row32916,lgd_gp_code,,62540.0
2010_2015,up2010__row32926,lgd_gp_code,,68495.0
2010_2015,up2010__row32936,lgd_gp_code,,46223.0
2010_2015,up2010__row32941,lgd_gp_code,,83341.0
2010_2015,up2010__row33033,lgd_gp_code,,89042.0
2010_2015,up2010__row331,lgd_gp_code,,86211.0
2010_2015,up2010__row33159,lgd_gp_code,,53695.0
2010_2015,up2010__row33269,lgd_gp_code,,83345.0
2010_2015,up2010__row33277,lgd_gp_code,,72397.0
2010_2015,up2010__row33286,lgd_gp_code,,57955.0
2010_2015,up2010__row33297,lgd_gp_code,,63114.0
2010_2015,up2010__row33336,lgd_gp_code,,274101.0
2010_2015,up2010__row33357,lgd_gp_code,,55661.0
2010_2015,up2010__row3353,lgd_gp_code,,46239.0
2010_2015,up2010__row33579,lgd_gp_code,,70328.0
2010_2015,up2010__row33595,lgd_gp_code,,53673.0
2010_2015,up2010__row33710,lgd_gp_code,,60719.0
2010_2015,up2010__row33734,lgd_gp_code,,67270.0
2010_2015,up2010__row33935,lgd_gp_code,,57935.0
2010_2015,up2010__row33952,lgd_gp_code,,87870.0
2010_2015,up2010__row3414,lgd_gp_code,,55408.0
2010_2015,up2010__row34621,lgd_gp_code,,44280.0
2010_2015,up2010__row347,lgd_gp_code,,86207.0
2010_2015,up2010__row34814,lgd_gp_code,,60692.0
2010_2015,up2010__row34877,lgd_gp_code,,53646.0
2010_2015,up2010__row35066,lgd_gp_code,,272371.0
2010_2015,up2010__row35457,lgd_gp_code,,89048.0
2010_2015,up2010__row35498,lgd_gp_code,,48785.0
2010_2015,up2010__row35541,lgd_gp_code,,87896.0
2010_2015,up2010__row35563,lgd_gp_code,,48784.0
2010_2015,up2010__row35714,lgd_gp_code,,58308.0
2010_2015,up2010__row35741,lgd_gp_code,,55668.0
2010_2015,up2010__row35781,lgd_gp_code,,89049.0
2010_2015,up2010__row35897,lgd_gp_code,,75658.0
2010_2015,up2010__row35908,lgd_gp_code,,82291.0
2010_2015,up2010__row36030,lgd_gp_code,,67597.0
2010_2015,up2010__row36427,lgd_gp_code,,55169.0
2010_2015,up2010__row36460,lgd_gp_code,,91101.0
2010_2015,up2010__row36517,lgd_gp_code,,61281.0
2010_2015,up2010__row36537,lgd_gp_code,,89044.0
2010_2015,up2010__row36707,lgd_gp_code,,53698.0
2010_2015,up2010__row36718,lgd_gp_code,,44499.0
2010_2015,up2010__row36751,lgd_gp_code,,44365.0
2010_2015,up2010__row36797,lgd_gp_code,,70427.0
2010_2015,up2010__row36835,lgd_gp_code,,55187.0
2010_2015,up2010__row36852,lgd_gp_code,,70360.0
2010_2015,up2010__row36967,lgd_gp_code,,83347.0
2010_2015,up2010__row37023,lgd_gp_code,91104.0,
2010_2015,up2010__row37041,lgd_gp_code,,91104.0
2010_2015,up2010__row37052,lgd_gp_code,,45271.0
2010_2015,up2010__row37110,lgd_gp_code,,238710.0
2010_2015,up2010__row37393,lgd_gp_code,,52773.0
2010_2015,up2010__row37509,lgd_gp_code,,70424.0
2010_2015,up2010__row37751,lgd_gp_code,,50145.0
2010_2015,up2010__row37834,lgd_gp_code,,65983.0
2010_2015,up2010__row37861,lgd_gp_code,,72983.0
2010_2015,up2010__row3798,lgd_gp_code,,89011.0
2010_2015,up2010__row38116,lgd_gp_code,,61289.0
2010_2015,up2010__row38296,lgd_gp_code,,76696.0
2010_2015,up2010__row38431,lgd_gp_code,70429.0,
2010_2015,up2010__row38548,lgd_gp_code,,42926.0
2010_2015,up2010__row38639,lgd_gp_code,,42927.0
2010_2015,up2010__row38704,lgd_gp_code,,66831.0
2010_2015,up2010__row38755,lgd_gp_code,,91158.0
2010_2015,up2010__row38765,lgd_gp_code,,72405.0
2010_2015,up2010__row38823,lgd_gp_code,,82307.0
2010_2015,up2010__row39002,lgd_gp_code,,89047.0
2010_2015,up2010__row39051,lgd_gp_code,,44269.0
2010_2015,up2010__row39342,lgd_gp_code,,70358.0
2010_2015,up2010__row3943,lgd_gp_code,,86199.0
2010_2015,up2010__row39449,lgd_gp_code,,62152.0
2010_2015,up2010__row39458,lgd_gp_code,,77051.0
2010_2015,up2010__row39610,lgd_gp_code,,89051.0
2010_2015,up2010__row39676,lgd_gp_code,,86230.0
2010_2015,up2010__row39846,lgd_gp_code,,54485.0
2010_2015,up2010__row40509,lgd_gp_code,,58259.0
2010_2015,up2010__row40534,lgd_gp_code,,67260.0
2010_2015,up2010__row40705,lgd_gp_code,,72380.0
2010_2015,up2010__row40782,lgd_gp_code,,74605.0
2010_2015,up2010__row40784,lgd_gp_code,,72381.0
2010_2015,up2010__row40795,lgd_gp_code,,56775.0
2010_2015,up2010__row408,lgd_gp_code,,53635.0
2010_2015,up2010__row41007,lgd_gp_code,,78890.0
2010_2015,up2010__row41096,lgd_gp_code,,48531.0
2010_2015,up2010__row41361,lgd_gp_code,,55198.0
2010_2015,up2010__row41363,lgd_gp_code,,55181.0
2010_2015,up2010__row41366,lgd_gp_code,,55161.0
2010_2015,up2010__row41367,lgd_gp_code,,55197.0
2010_2015,up2010__row41937,lgd_gp_code,,56742.0
2010_2015,up2010__row41953,lgd_gp_code,,56737.0
2010_2015,up2010__row41955,lgd_gp_code,,56736.0
2010_2015,up2010__row41963,lgd_gp_code,,55835.0
2010_2015,up2010__row4210,lgd_gp_code,,70437.0
2010_2015,up2010__row42272,lgd_gp_code,,76160.0
2010_2015,up2010__row4238,lgd_gp_code,,45354.0
2010_2015,up2010__row4253,lgd_gp_code,,82315.0
2010_2015,up2010__row42779,lgd_gp_code,,63079.0
2010_2015,up2010__row42780,lgd_gp_code,,63087.0
2010_2015,up2010__row42794,lgd_gp_code,,63096.0
2010_2015,up2010__row43177,lgd_gp_code,,71488.0
2010_2015,up2010__row43178,lgd_gp_code,,71445.0
2010_2015,up2010__row43180,lgd_gp_code,,71447.0
2010_2015,up2010__row43186,lgd_gp_code,,71497.0
2010_2015,up2010__row43187,lgd_gp_code,71445.0,
2010_2015,up2010__row43189,lgd_gp_code,,71485.0
2010_2015,up2010__row43487,lgd_gp_code,,46518.0
2010_2015,up2010__row43489,lgd_gp_code,,46497.0
2010_2015,up2010__row43494,lgd_gp_code,,46519.0
2010_2015,up2010__row43498,lgd_gp_code,,46500.0
2010_2015,up2010__row4356,lgd_gp_code,,68318.0
2010_2015,up2010__row4414,lgd_gp_code,,55160.0
2010_2015,up2010__row44194,lgd_gp_code,,75313.0
2010_2015,up2010__row44861,lgd_gp_code,,67249.0
2010_2015,up2010__row44868,lgd_gp_code,,67259.0
2010_2015,up2010__row45276,lgd_gp_code,,62497.0
2010_2015,up2010__row45277,lgd_gp_code,,62544.0
2010_2015,up2010__row45278,lgd_gp_code,,62508.0
2010_2015,up2010__row45279,lgd_gp_code,,62493.0
2010_2015,up2010__row45280,lgd_gp_code,,62510.0
2010_2015,up2010__row45281,lgd_gp_code,,62524.0
2010_2015,up2010__row45282,lgd_gp_code,,62535.0
2010_2015,up2010__row45283,lgd_gp_code,,62543.0
2010_2015,up2010__row45284,lgd_gp_code,,62516.0
2010_2015,up2010__row45286,lgd_gp_code,,62491.0
2010_2015,up2010__row45287,lgd_gp_code,,62507.0
2010_2015,up2010__row45288,lgd_gp_code,,62517.0
2010_2015,up2010__row45289,lgd_gp_code,,62551.0
2010_2015,up2010__row45290,lgd_gp_code,,62498.0
2010_2015,up2010__row45417,lgd_gp_code,,62107.0
2010_2015,up2010__row45419,lgd_gp_code,,62110.0
2010_2015,up2010__row45420,lgd_gp_code,,62141.0
2010_2015,up2010__row45424,lgd_gp_code,,274142.0
2010_2015,up2010__row45425,lgd_gp_code,,62103.0
2010_2015,up2010__row45426,lgd_gp_code,,272408.0
2010_2015,up2010__row45428,lgd_gp_code,,62125.0
2010_2015,up2010__row45429,lgd_gp_code,,62105.0
2010_2015,up2010__row45430,lgd_gp_code,,62137.0
2010_2015,up2010__row45431,lgd_gp_code,,62123.0
2010_2015,up2010__row45433,lgd_gp_code,,62147.0
2010_2015,up2010__row45435,lgd_gp_code,,62127.0
2010_2015,up2010__row45439,lgd_gp_code,,62124.0
2010_2015,up2010__row45513,lgd_gp_code,,73052.0
2010_2015,up2010__row45578,lgd_gp_code,,45383.0
2010_2015,up2010__row45579,lgd_gp_code,,45361.0
2010_2015,up2010__row45580,lgd_gp_code,,45423.0
2010_2015,up2010__row45581,lgd_gp_code,,45410.0
2010_2015,up2010__row45582,lgd_gp_code,,45414.0
2010_2015,up2010__row45583,lgd_gp_code,,45394.0
2010_2015,up2010__row45584,lgd_gp_code,,45438.0
2010_2015,up2010__row45585,lgd_gp_code,,45363.0
2010_2015,up2010__row45587,lgd_gp_code,,45441.0
2010_2015,up2010__row45593,lgd_gp_code,,45419.0
2010_2015,up2010__row45594,lgd_gp_code,,45385.0
2010_2015,up2010__row45595,lgd_gp_code,45421.0,
2010_2015,up2010__row45683,lgd_gp_code,,45286.0
2010_2015,up2010__row45685,lgd_gp_code,,45307.0
2010_2015,up2010__row45686,lgd_gp_code,,45324.0
2010_2015,up2010__row45687,lgd_gp_code,,45294.0
2010_2015,up2010__row45688,lgd_gp_code,,45301.0
2010_2015,up2010__row45691,lgd_gp_code,,45318.0
2010_2015,up2010__row46488,lgd_gp_code,,67855.0
2010_2015,up2010__row46489,lgd_gp_code,,67896.0
2010_2015,up2010__row47405,lgd_gp_code,,48896.0
2010_2015,up2010__row47700,lgd_gp_code,,65696.0
2010_2015,up2010__row47703,lgd_gp_code,,65683.0
2010_2015,up2010__row47704,lgd_gp_code,,65706.0
2010_2015,up2010__row47705,lgd_gp_code,,65675.0
2010_2015,up2010__row48088,lgd_gp_code,,90805.0
2010_2015,up2010__row48321,lgd_gp_code,,61270.0
2010_2015,up2010__row48325,lgd_gp_code,,61256.0
2010_2015,up2010__row48410,lgd_gp_code,,61183.0
2010_2015,up2010__row4845,lgd_gp_code,,55142.0
2010_2015,up2010__row48480,lgd_gp_code,,54513.0
2010_2015,up2010__row48889,lgd_gp_code,,67118.0
2010_2015,up2010__row48916,lgd_gp_code,,66234.0
2010_2015,up2010__row48917,lgd_gp_code,,66204.0
2010_2015,up2010__row48918,lgd_gp_code,,66213.0
2010_2015,up2010__row48921,lgd_gp_code,,66225.0
2010_2015,up2010__row48922,lgd_gp_code,,66240.0
2010_2015,up2010__row48925,lgd_gp_code,,66217.0
2010_2015,up2010__row49216,lgd_gp_code,,76728.0
2010_2015,up2010__row49772,lgd_gp_code,,49937.0
2010_2015,up2010__row49832,lgd_gp_code,50084.0,
2010_2015,up2010__row49842,lgd_gp_code,,50080.0
2010_2015,up2010__row49843,lgd_gp_code,,50125.0
2010_2015,up2010__row49845,lgd_gp_code,,50156.0
2010_2015,up2010__row49846,lgd_gp_code,,50126.0
2010_2015,up2010__row49848,lgd_gp_code,,50141.0
2010_2015,up2010__row49850,lgd_gp_code,,50127.0
2010_2015,up2010__row49857,lgd_gp_code,,50148.0
2010_2015,up2010__row49858,lgd_gp_code,,50147.0
2010_2015,up2010__row49862,lgd_gp_code,,50135.0
2010_2015,up2010__row50624,lgd_gp_code,,93479.0
2010_2015,up2010__row50805,lgd_gp_code,,69135.0
2010_2015,up2010__row5084,lgd_gp_code,,49805.0
2010_2015,up2010__row50911,lgd_gp_code,,70215.0
2010_2015,up2010__row550,lgd_gp_code,,91570.0
2010_2015,up2010__row5539,lgd_gp_code,,82223.0
2010_2015,up2010__row5573,lgd_gp_code,,82219.0
2010_2015,up2010__row5632,lgd_gp_code,,67742.0
2010_2015,up2010__row5635,lgd_gp_code,,57929.0
2010_2015,up2010__row5653,lgd_gp_code,,53669.0
2010_2015,up2010__row5844,lgd_gp_code,,89013.0
2010_2015,up2010__row5891,lgd_gp_code,,67264.0
2010_2015,up2010__row626,lgd_gp_code,,53694.0
2010_2015,up2010__row657,lgd_gp_code,,91586.0
2010_2015,up2010__row6646,lgd_gp_code,,67686.0
2010_2015,up2010__row6679,lgd_gp_code,,52909.0
2010_2015,up2010__row6814,lgd_gp_code,,89927.0
2010_2015,up2010__row6842,lgd_gp_code,,49809.0
2010_2015,up2010__row7076,lgd_gp_code,,91145.0
2010_2015,up2010__row7094,lgd_gp_code,,89015.0
2010_2015,up2010__row7164,lgd_gp_code,,82232.0
2010_2015,up2010__row7227,lgd_gp_code,,67574.0
2010_2015,up2010__row7340,lgd_gp_code,,70327.0
2010_2015,up2010__row7427,lgd_gp_code,,91079.0
2010_2015,up2010__row7659,lgd_gp_code,,68125.0
2010_2015,up2010__row767,lgd_gp_code,,91604.0
2010_2015,up2010__row7766,lgd_gp_code,,65966.0
2010_2015,up2010__row8233,lgd_gp_code,,75811.0
2010_2015,up2010__row8259,lgd_gp_code,,57933.0
2010_2015,up2010__row8350,lgd_gp_code,,68124.0
2010_2015,up2010__row8392,lgd_gp_code,,54493.0
2010_2015,up2010__row854,lgd_gp_code,,53672.0
2010_2015,up2010__row8703,lgd_gp_code,,91080.0
2010_2015,up2010__row8713,lgd_gp_code,,56779.0
2010_2015,up2010__row8739,lgd_gp_code,,42917.0
2010_2015,up2010__row9039,lgd_gp_code,,242064.0
2010_2015,up2010__row916,lgd_gp_code,,91591.0
2010_2015,up2010__row9177,lgd_gp_code,,48763.0
2010_2015,up2010__row940,lgd_gp_code,,91589.0
2010_2015,up2010__row9405,lgd_gp_code,,82198.0
2010_2015,up2010__row9523,lgd_gp_code,,82199.0
2010_2015,up2010__row9648,lgd_gp_code,,70016.0
2010_2015,up2010__row9890,lgd_gp_code,,57922.0
2015_2021,up2015__row10156,lgd_gp_code,,48531.0
2015_2021,up2015__row121,lgd_gp_code,,76160.0
2015_2021,up2015__row12250,lgd_gp_code,,65696.0
2015_2021,up2015__row12253,lgd_gp_code,,65683.0
2015_2021,up2015__row12254,lgd_gp_code,,65706.0
2015_2021,up2015__row12255,lgd_gp_code,,65675.0
2015_2021,up2015__row13137,lgd_gp_code,,65770.0
2015_2021,up2015__row13138,lgd_gp_code,,65771.0
2015_2021,up2015__row13139,lgd_gp_code,,65772.0
2015_2021,up2015__row13140,lgd_gp_code,,65773.0
2015_2021,up2015__row13141,lgd_gp_code,,65775.0
2015_2021,up2015__row13142,lgd_gp_code,,65774.0
2015_2021,up2015__row13146,lgd_gp_code,,65778.0
2015_2021,up2015__row13147,lgd_gp_code,,65782.0
2015_2021,up2015__row13148,lgd_gp_code,,65783.0
2015_2021,up2015__row13150,lgd_gp_code,,65785.0
2015_2021,up2015__row13151,lgd_gp_code,,65786.0
2015_2021,up2015__row13152,lgd_gp_code,,65745.0
2015_2021,up2015__row13155,lgd_gp_code,,65722.0
2015_2021,up2015__row13156,lgd_gp_code,,65723.0
2015_2021,up2015__row13157,lgd_gp_code,,65721.0
2015_2021,up2015__row13159,lgd_gp_code,,65737.0
2015_2021,up2015__row13468,lgd_gp_code,,49937.0
2015_2021,up2015__row13642,lgd_gp_code,50084.0,
2015_2021,up2015__row13668,lgd_gp_code,,50145.0
2015_2021,up2015__row13669,lgd_gp_code,,50153.0
2015_2021,up2015__row13670,lgd_gp_code,,274347.0
2015_2021,up2015__row13674,lgd_gp_code,,50085.0
2015_2021,up2015__row13675,lgd_gp_code,,50084.0
2015_2021,up2015__row13676,lgd_gp_code,,50080.0
2015_2021,up2015__row13677,lgd_gp_code,,50125.0
2015_2021,up2015__row13679,lgd_gp_code,,50156.0
2015_2021,up2015__row13680,lgd_gp_code,,50126.0
2015_2021,up2015__row13682,lgd_gp_code,,50141.0
2015_2021,up2015__row1375,lgd_gp_code,,69135.0
2015_2021,up2015__row13755,lgd_gp_code,,49797.0
2015_2021,up2015__row13758,lgd_gp_code,,49818.0
2015_2021,up2015__row13771,lgd_gp_code,,49809.0
2015_2021,up2015__row13781,lgd_gp_code,,49805.0
2015_2021,up2015__row14750,lgd_gp_code,,274160.0
2015_2021,up2015__row14753,lgd_gp_code,,57955.0
2015_2021,up2015__row14754,lgd_gp_code,,57935.0
2015_2021,up2015__row14756,lgd_gp_code,,57929.0
2015_2021,up2015__row14757,lgd_gp_code,,57926.0
2015_2021,up2015__row14758,lgd_gp_code,,57911.0
2015_2021,up2015__row15760,lgd_gp_code,,67249.0
2015_2021,up2015__row15767,lgd_gp_code,,67259.0
2015_2021,up2015__row15768,lgd_gp_code,,67277.0
2015_2021,up2015__row15772,lgd_gp_code,,67245.0
2015_2021,up2015__row15773,lgd_gp_code,,67253.0
2015_2021,up2015__row15775,lgd_gp_code,,67264.0
2015_2021,up2015__row15783,lgd_gp_code,,67278.0
2015_2021,up2015__row15784,lgd_gp_code,,67270.0
2015_2021,up2015__row15785,lgd_gp_code,,67287.0
2015_2021,up2015__row15789,lgd_gp_code,,67279.0
2015_2021,up2015__row15790,lgd_gp_code,,67247.0
2015_2021,up2015__row15791,lgd_gp_code,,67260.0
2015_2021,up2015__row15792,lgd_gp_code,,67276.0
2015_2021,up2015__row15793,lgd_gp_code,,67250.0
2015_2021,up2015__row1737,lgd_gp_code,,70427.0
2015_2021,up2015__row1738,lgd_gp_code,,70409.0
2015_2021,up2015__row1747,lgd_gp_code,70429.0,
2015_2021,up2015__row18846,lgd_gp_code,,53635.0
2015_2021,up2015__row18847,lgd_gp_code,,53694.0
2015_2021,up2015__row18849,lgd_gp_code,,53660.0
2015_2021,up2015__row18850,lgd_gp_code,,53699.0
2015_2021,up2015__row18851,lgd_gp_code,,53658.0
2015_2021,up2015__row18852,lgd_gp_code,,53642.0
2015_2021,up2015__row18860,lgd_gp_code,,53684.0
2015_2021,up2015__row18861,lgd_gp_code,,53686.0
2015_2021,up2015__row18862,lgd_gp_code,,53649.0
2015_2021,up2015__row18863,lgd_gp_code,,53669.0
2015_2021,up2015__row18864,lgd_gp_code,,53643.0
2015_2021,up2015__row18871,lgd_gp_code,,53676.0
2015_2021,up2015__row18873,lgd_gp_code,,269805.0
2015_2021,up2015__row18874,lgd_gp_code,,53698.0
2015_2021,up2015__row18876,lgd_gp_code,,53652.0
2015_2021,up2015__row18877,lgd_gp_code,,53675.0
2015_2021,up2015__row18878,lgd_gp_code,,53673.0
2015_2021,up2015__row18880,lgd_gp_code,,53667.0
2015_2021,up2015__row18882,lgd_gp_code,,53685.0
2015_2021,up2015__row18883,lgd_gp_code,,53646.0
2015_2021,up2015__row19307,lgd_gp_code,,52894.0
2015_2021,up2015__row19320,lgd_gp_code,,52909.0
2015_2021,up2015__row19532,lgd_gp_code,,52773.0
2015_2021,up2015__row22848,lgd_gp_code,,63079.0
2015_2021,up2015__row22849,lgd_gp_code,,63087.0
2015_2021,up2015__row22877,lgd_gp_code,,63114.0
2015_2021,up2015__row22884,lgd_gp_code,,63104.0
2015_2021,up2015__row22991,lgd_gp_code,,62895.0
2015_2021,up2015__row23358,lgd_gp_code,,76907.0
2015_2021,up2015__row23658,lgd_gp_code,,77038.0
2015_2021,up2015__row23681,lgd_gp_code,,77023.0
2015_2021,up2015__row23684,lgd_gp_code,,77051.0
2015_2021,up2015__row23692,lgd_gp_code,,77009.0
2015_2021,up2015__row23699,lgd_gp_code,,77032.0
2015_2021,up2015__row23720,lgd_gp_code,,76728.0
2015_2021,up2015__row25600,lgd_gp_code,,78890.0
2015_2021,up2015__row27224,lgd_gp_code,,82198.0
2015_2021,up2015__row27226,lgd_gp_code,,82315.0
2015_2021,up2015__row27228,lgd_gp_code,,82291.0
2015_2021,up2015__row27235,lgd_gp_code,,82223.0
2015_2021,up2015__row27236,lgd_gp_code,,82217.0
2015_2021,up2015__row27238,lgd_gp_code,,82238.0
2015_2021,up2015__row27245,lgd_gp_code,,82307.0
2015_2021,up2015__row27666,lgd_gp_code,,54497.0
2015_2021,up2015__row27670,lgd_gp_code,,54493.0
2015_2021,up2015__row27673,lgd_gp_code,,54485.0
2015_2021,up2015__row27678,lgd_gp_code,,54462.0
2015_2021,up2015__row27703,lgd_gp_code,,54513.0
2015_2021,up2015__row27905,lgd_gp_code,,54037.0
2015_2021,up2015__row27906,lgd_gp_code,,54080.0
2015_2021,up2015__row27920,lgd_gp_code,,54081.0
2015_2021,up2015__row28081,lgd_gp_code,,54315.0
2015_2021,up2015__row28083,lgd_gp_code,,54338.0
2015_2021,up2015__row28087,lgd_gp_code,,54385.0
2015_2021,up2015__row28089,lgd_gp_code,,54381.0
2015_2021,up2015__row28090,lgd_gp_code,,54337.0
2015_2021,up2015__row29296,lgd_gp_code,,75831.0
2015_2021,up2015__row29297,lgd_gp_code,,75830.0
2015_2021,up2015__row29364,lgd_gp_code,,75695.0
2015_2021,up2015__row30061,lgd_gp_code,,89042.0
2015_2021,up2015__row30062,lgd_gp_code,,89044.0
2015_2021,up2015__row30063,lgd_gp_code,,89033.0
2015_2021,up2015__row30065,lgd_gp_code,,89058.0
2015_2021,up2015__row30066,lgd_gp_code,,89049.0
2015_2021,up2015__row30067,lgd_gp_code,,89013.0
2015_2021,up2015__row30069,lgd_gp_code,,89031.0
2015_2021,up2015__row30074,lgd_gp_code,,89022.0
2015_2021,up2015__row30076,lgd_gp_code,,89015.0
2015_2021,up2015__row30077,lgd_gp_code,,89048.0
2015_2021,up2015__row30079,lgd_gp_code,,89036.0
2015_2021,up2015__row30080,lgd_gp_code,,89011.0
2015_2021,up2015__row30081,lgd_gp_code,,89051.0
2015_2021,up2015__row30082,lgd_gp_code,,88999.0
2015_2021,up2015__row32039,lgd_gp_code,,72380.0
2015_2021,up2015__row32045,lgd_gp_code,,72389.0
2015_2021,up2015__row32048,lgd_gp_code,,72397.0
2015_2021,up2015__row32049,lgd_gp_code,,72364.0
2015_2021,up2015__row32050,lgd_gp_code,,72405.0
2015_2021,up2015__row34103,lgd_gp_code,,42909.0
2015_2021,up2015__row34106,lgd_gp_code,,42927.0
2015_2021,up2015__row34110,lgd_gp_code,,42926.0
2015_2021,up2015__row34119,lgd_gp_code,,42917.0
2015_2021,up2015__row34120,lgd_gp_code,,42921.0
2015_2021,up2015__row34124,lgd_gp_code,,42908.0
2015_2021,up2015__row34765,lgd_gp_code,,56742.0
2015_2021,up2015__row34781,lgd_gp_code,,56737.0
2015_2021,up2015__row34783,lgd_gp_code,,56736.0
2015_2021,up2015__row34796,lgd_gp_code,,55835.0
2015_2021,up2015__row36130,lgd_gp_code,,60700.0
2015_2021,up2015__row36133,lgd_gp_code,,60692.0
2015_2021,up2015__row36135,lgd_gp_code,,60694.0
2015_2021,up2015__row36141,lgd_gp_code,,60719.0
2015_2021,up2015__row36143,lgd_gp_code,,60681.0
2015_2021,up2015__row36433,lgd_gp_code,,72947.0
2015_2021,up2015__row36436,lgd_gp_code,,72946.0
2015_2021,up2015__row36440,lgd_gp_code,,72958.0
2015_2021,up2015__row36441,lgd_gp_code,,72939.0
2015_2021,up2015__row36442,lgd_gp_code,,72970.0
2015_2021,up2015__row36444,lgd_gp_code,,72983.0
2015_2021,up2015__row36446,lgd_gp_code,,72944.0
2015_2021,up2015__row36605,lgd_gp_code,,73052.0
2015_2021,up2015__row3933,lgd_gp_code,,93479.0
2015_2021,up2015__row40265,lgd_gp_code,,51084.0
2015_2021,up2015__row40677,lgd_gp_code,,87906.0
2015_2021,up2015__row40678,lgd_gp_code,,87856.0
2015_2021,up2015__row40679,lgd_gp_code,,87847.0
2015_2021,up2015__row40685,lgd_gp_code,,87896.0
2015_2021,up2015__row41265,lgd_gp_code,,91129.0
2015_2021,up2015__row41268,lgd_gp_code,,91118.0
2015_2021,up2015__row41286,lgd_gp_code,,91114.0
2015_2021,up2015__row41290,lgd_gp_code,,91158.0
2015_2021,up2015__row42011,lgd_gp_code,,46203.0
2015_2021,up2015__row42017,lgd_gp_code,,46223.0
2015_2021,up2015__row42019,lgd_gp_code,,46169.0
2015_2021,up2015__row42021,lgd_gp_code,,46157.0
2015_2021,up2015__row42023,lgd_gp_code,,46236.0
2015_2021,up2015__row44858,lgd_gp_code,,63425.0
2015_2021,up2015__row45137,lgd_gp_code,,70895.0
2015_2021,up2015__row4597,lgd_gp_code,,83145.0
2015_2021,up2015__row4600,lgd_gp_code,,83109.0
2015_2021,up2015__row46307,lgd_gp_code,,71488.0
2015_2021,up2015__row46308,lgd_gp_code,,71445.0
2015_2021,up2015__row46310,lgd_gp_code,,71447.0
2015_2021,up2015__row46316,lgd_gp_code,,71497.0
2015_2021,up2015__row46317,lgd_gp_code,71445.0,
2015_2021,up2015__row46319,lgd_gp_code,,71485.0
2015_2021,up2015__row48103,lgd_gp_code,,57047.0
2015_2021,up2015__row48104,lgd_gp_code,,56988.0
2015_2021,up2015__row48105,lgd_gp_code,,56990.0
2015_2021,up2015__row51008,lgd_gp_code,,68318.0
2015_2021,up2015__row5106,lgd_gp_code,,83329.0
2015_2021,up2015__row5107,lgd_gp_code,,83327.0
2015_2021,up2015__row5110,lgd_gp_code,,83341.0
2015_2021,up2015__row5112,lgd_gp_code,,83345.0
2015_2021,up2015__row51141,lgd_gp_code,,67881.0
2015_2021,up2015__row5116,lgd_gp_code,,83347.0
2015_2021,up2015__row51198,lgd_gp_code,,68495.0
2015_2021,up2015__row51202,lgd_gp_code,,68453.0
2015_2021,up2015__row51233,lgd_gp_code,,68489.0
2015_2021,up2015__row51699,lgd_gp_code,,67566.0
2015_2021,up2015__row51708,lgd_gp_code,,67546.0
2015_2021,up2015__row51714,lgd_gp_code,,67597.0
2015_2021,up2015__row51742,lgd_gp_code,,68125.0
2015_2021,up2015__row51886,lgd_gp_code,,67686.0
2015_2021,up2015__row51941,lgd_gp_code,67941.0,
2015_2021,up2015__row51974,lgd_gp_code,,67903.0
2015_2021,up2015__row51975,lgd_gp_code,,67941.0
2015_2021,up2015__row52021,lgd_gp_code,,67759.0
2015_2021,up2015__row52024,lgd_gp_code,,272371.0
2015_2021,up2015__row52030,lgd_gp_code,,67737.0
2015_2021,up2015__row52033,lgd_gp_code,,67726.0
2015_2021,up2015__row52036,lgd_gp_code,,67721.0
2015_2021,up2015__row52041,lgd_gp_code,,67783.0
2015_2021,up2015__row52047,lgd_gp_code,,67757.0
2015_2021,up2015__row52056,lgd_gp_code,,67742.0
2015_2021,up2015__row52316,lgd_gp_code,,62374.0
2015_2021,up2015__row52396,lgd_gp_code,,62540.0
2015_2021,up2015__row52397,lgd_gp_code,,62497.0
2015_2021,up2015__row52398,lgd_gp_code,,62544.0
2015_2021,up2015__row52400,lgd_gp_code,,62493.0
2015_2021,up2015__row52401,lgd_gp_code,,62510.0
2015_2021,up2015__row52403,lgd_gp_code,,62535.0
2015_2021,up2015__row52404,lgd_gp_code,,62543.0
2015_2021,up2015__row52405,lgd_gp_code,,62516.0
2015_2021,up2015__row52407,lgd_gp_code,,62491.0
2015_2021,up2015__row52408,lgd_gp_code,,62507.0
2015_2021,up2015__row52409,lgd_gp_code,,62517.0
2015_2021,up2015__row52410,lgd_gp_code,,62551.0
2015_2021,up2015__row52411,lgd_gp_code,,62498.0
2015_2021,up2015__row52707,lgd_gp_code,,62141.0
2015_2021,up2015__row52711,lgd_gp_code,,274142.0
2015_2021,up2015__row52712,lgd_gp_code,,62103.0
2015_2021,up2015__row52713,lgd_gp_code,,272408.0
2015_2021,up2015__row52715,lgd_gp_code,,62125.0
2015_2021,up2015__row52716,lgd_gp_code,,62105.0
2015_2021,up2015__row52717,lgd_gp_code,,62137.0
2015_2021,up2015__row52718,lgd_gp_code,,62123.0
2015_2021,up2015__row52720,lgd_gp_code,,62147.0
2015_2021,up2015__row52722,lgd_gp_code,,62127.0
2015_2021,up2015__row52726,lgd_gp_code,,62124.0
2015_2021,up2015__row52728,lgd_gp_code,,62113.0
2015_2021,up2015__row52731,lgd_gp_code,,62119.0
2015_2021,up2015__row52733,lgd_gp_code,,62136.0
2015_2021,up2015__row52735,lgd_gp_code,,62152.0
2015_2021,up2015__row53036,lgd_gp_code,,62705.0
2015_2021,up2015__row54808,lgd_gp_code,,88484.0
2015_2021,up2015__row5562,lgd_gp_code,,82755.0
2015_2021,up2015__row55946,lgd_gp_code,,75313.0
2015_2021,up2015__row56359,lgd_gp_code,,74605.0
2015_2021,up2015__row56363,lgd_gp_code,,74602.0
2015_2021,up2015__row56365,lgd_gp_code,,74591.0
2015_2021,up2015__row6083,lgd_gp_code,,66234.0
2015_2021,up2015__row6084,lgd_gp_code,,66204.0
2015_2021,up2015__row6085,lgd_gp_code,,66213.0
2015_2021,up2015__row6088,lgd_gp_code,,66225.0
2015_2021,up2015__row6089,lgd_gp_code,,66240.0
2015_2021,up2015__row6092,lgd_gp_code,,66217.0
2015_2021,up2015__row6390,lgd_gp_code,,66831.0
2015_2021,up2015__row6547,lgd_gp_code,,66331.0
2015_2021,up2015__row7187,lgd_gp_code,,65974.0
2015_2021,up2015__row7196,lgd_gp_code,,65983.0
2015_2021,up2015__row7287,lgd_gp_code,,73432.0
2015_2021,up2015__row7290,lgd_gp_code,,73435.0
2015_2021,up2015__row7348,lgd_gp_code,,73456.0
2015_2021,up2015__row7545,lgd_gp_code,,73702.0
2015_2021,up2015__row7548,lgd_gp_code,,73726.0
2015_2021,up2015__row7551,lgd_gp_code,,73701.0
2015_2021,up2015__row8704,lgd_gp_code,,49316.0
2015_2021,up2015__row8829,lgd_gp_code,,48788.0
2015_2021,up2015__row8830,lgd_gp_code,,48777.0
2015_2021,up2015__row8834,lgd_gp_code,,48763.0
2015_2021,up2015__row8836,lgd_gp_code,,48785.0
2015_2021,up2015__row8841,lgd_gp_code,,48750.0
2015_2021,up2015__row8844,lgd_gp_code,,48749.0
2015_2021,up2015__row8850,lgd_gp_code,,48771.0
2015_2021,up2015__row8858,lgd_gp_code,,48779.0
2005_2010_2015_2021,up2010__row43187,lgd_gp_code,71445.0,
2005_2010_2015_2021,up2010__row45595,lgd_gp_code,45421.0,
2005_2010_2015_2021,up2010__row20980,lgd_gp_code,67941.0,
2005_2010_2015_2021,up2010__row49832,lgd_gp_code,50084.0,
2005_2010_2015_2021,up2010__row38431,lgd_gp_code,70429.0,
2005_2010,up2010__row43187,lgd_gp_name,Gurauli,
2005_2010,up2010__row45595,lgd_gp_name,Pakari,
2005_2010,up2010__row20980,lgd_gp_name,Pithnapur Nagria,
2005_2010,up2010__row48163,lgd_gp_name,Badanpur,
2005_2010,up2010__row37023,lgd_gp_name,Saraiya Mafi,
2005_2010,up2010__row49832,lgd_gp_name,Barahimpur,
2005_2010,up2010__row38431,lgd_gp_name,Seethapur,
2005_2010,up2010__row51223,lgd_gp_name,Ramipur,
2010_2015,up2010__row10029,lgd_gp_name,,Gurha
2010_2015,up2010__row10045,lgd_gp_name,,Guna Hattu
2010_2015,up2010__row10073,lgd_gp_name,,Gurgujpur
2010_2015,up2010__row10118,lgd_gp_name,,Guraini
2010_2015,up2010__row1014,lgd_gp_name,,Rangauli
2010_2015,up2010__row10177,lgd_gp_name,,Gulamau
2010_2015,up2010__row10188,lgd_gp_name,,Gulelha
2010_2015,up2010__row10417,lgd_gp_name,,Gopalpur
2010_2015,up2010__row10486,lgd_gp_name,,Gopala
2010_2015,up2010__row10556,lgd_gp_name,,Gorajoo
2010_2015,up2010__row10694,lgd_gp_name,,Gautarapatti Narpat Khurd
2010_2015,up2010__row10753,lgd_gp_name,,Gaura
2010_2015,up2010__row11008,lgd_gp_name,,Ghatgaon
2010_2015,up2010__row11176,lgd_gp_name,,Chak Kodar
2010_2015,up2010__row11196,lgd_gp_name,,Chek Daha
2010_2015,up2010__row1124,lgd_gp_name,,Ganu Nagala
2010_2015,up2010__row11267,lgd_gp_name,,Chakrachha
2010_2015,up2010__row11297,lgd_gp_name,,Chak Sikandar
2010_2015,up2010__row11364,lgd_gp_name,,Chathiya
2010_2015,up2010__row11405,lgd_gp_name,,Chandrapur
2010_2015,up2010__row11417,lgd_gp_name,,Chandi Bhanpur
2010_2015,up2010__row11455,lgd_gp_name,,Chandanpur
2010_2015,up2010__row11533,lgd_gp_name,,Chandour
2010_2015,up2010__row11673,lgd_gp_name,,Chahmal Pur
2010_2015,up2010__row11689,lgd_gp_name,,Chaupur
2010_2015,up2010__row12004,lgd_gp_name,,Churiyani
2010_2015,up2010__row12209,lgd_gp_name,,Chaura Khas
2010_2015,up2010__row12438,lgd_gp_name,,Chhirka
2010_2015,up2010__row13067,lgd_gp_name,,Jamurkha
2010_2015,up2010__row1316,lgd_gp_name,,Shahpur
2010_2015,up2010__row13192,lgd_gp_name,,Jarawn
2010_2015,up2010__row13213,lgd_gp_name,,Jalpapur
2010_2015,up2010__row1341,lgd_gp_name,,Bhaisaha
2010_2015,up2010__row13500,lgd_gp_name,,Jaferpur
2010_2015,up2010__row1362,lgd_gp_name,,Jagannathpur
2010_2015,up2010__row13886,lgd_gp_name,,Jograjpur
2010_2015,up2010__row13940,lgd_gp_name,,Joniha
2010_2015,up2010__row14099,lgd_gp_name,,Jhuppa
2010_2015,up2010__row14120,lgd_gp_name,,Tangpasri
2010_2015,up2010__row1422,lgd_gp_name,,Tirukha
2010_2015,up2010__row14230,lgd_gp_name,,Tikariya
2010_2015,up2010__row14246,lgd_gp_name,,Tikari
2010_2015,up2010__row14361,lgd_gp_name,,Teuwa Grant
2010_2015,up2010__row14405,lgd_gp_name,,Tera Khurd
2010_2015,up2010__row14406,lgd_gp_name,,Tera Kala
2010_2015,up2010__row1458,lgd_gp_name,,Sirsahawa
2010_2015,up2010__row1472,lgd_gp_name,,Gahluiya
2010_2015,up2010__row14737,lgd_gp_name,,Dundara
2010_2015,up2010__row14781,lgd_gp_name,,Duhwa
2010_2015,up2010__row14924,lgd_gp_name,,Dhakia Thakuran
2010_2015,up2010__row14928,lgd_gp_name,,Dhakia Barkali Sahib
2010_2015,up2010__row14939,lgd_gp_name,,Dhakka
2010_2015,up2010__row1508,lgd_gp_name,,Jadishpur
2010_2015,up2010__row15141,lgd_gp_name,,Tarsanwa
2010_2015,up2010__row15152,lgd_gp_name,,Taraw
2010_2015,up2010__row1521,lgd_gp_name,,Terhaghat
2010_2015,up2010__row15219,lgd_gp_name,,Tajpur
2010_2015,up2010__row15312,lgd_gp_name,,Taaspur
2010_2015,up2010__row15469,lgd_gp_name,,Tiwaripur
2010_2015,up2010__row15593,lgd_gp_name,,Tejwapur
2010_2015,up2010__row15651,lgd_gp_name,,Tenduli Lakhipur
2010_2015,up2010__row15786,lgd_gp_name,,Trilok Manda
2010_2015,up2010__row15804,lgd_gp_name,,Thariya
2010_2015,up2010__row15936,lgd_gp_name,,Dadera
2010_2015,up2010__row16084,lgd_gp_name,,Daljit Purwa
2010_2015,up2010__row1611,lgd_gp_name,,Basudharan Jagir
2010_2015,up2010__row16213,lgd_gp_name,,Daudpur
2010_2015,up2010__row16449,lgd_gp_name,,Dudhwa Midaniyan
2010_2015,up2010__row16596,lgd_gp_name,,Doodhli
2010_2015,up2010__row16616,lgd_gp_name,,Dullhapur
2010_2015,up2010__row16619,lgd_gp_name,,Dulhapur Pahari
2010_2015,up2010__row16737,lgd_gp_name,,Devadahana
2010_2015,up2010__row16943,lgd_gp_name,,Dehra
2010_2015,up2010__row17269,lgd_gp_name,,Dhannidih
2010_2015,up2010__row17603,lgd_gp_name,,Dhaurkha
2010_2015,up2010__row17996,lgd_gp_name,,Naghlijaju
2010_2015,up2010__row18286,lgd_gp_name,,Narachh
2010_2015,up2010__row18288,lgd_gp_name,,Narayetch
2010_2015,up2010__row18348,lgd_gp_name,,Narayanpur Mafi
2010_2015,up2010__row18693,lgd_gp_name,,Naik Purwa
2010_2015,up2010__row18763,lgd_gp_name,,Nigahua
2010_2015,up2010__row18831,lgd_gp_name,,Nidhi Nagar
2010_2015,up2010__row18834,lgd_gp_name,,Nighuri
2010_2015,up2010__row18908,lgd_gp_name,,Nirbhua
2010_2015,up2010__row18929,lgd_gp_name,,Nibiha Paraspur
2010_2015,up2010__row19310,lgd_gp_name,,Naurangabad
2010_2015,up2010__row19344,lgd_gp_name,,Noushahra
2010_2015,up2010__row1937,lgd_gp_name,,Anjana
2010_2015,up2010__row19418,lgd_gp_name,,Pakari
2010_2015,up2010__row19453,lgd_gp_name,,Pakadi Maru Deeh
2010_2015,up2010__row19471,lgd_gp_name,,Pakari
2010_2015,up2010__row19495,lgd_gp_name,,Pakhurni
2010_2015,up2010__row19564,lgd_gp_name,,Pachran
2010_2015,up2010__row19842,lgd_gp_name,,Pandari Para Sarai
2010_2015,up2010__row19991,lgd_gp_name,,Padmi
2010_2015,up2010__row20003,lgd_gp_name,,Padumra Benisango
2010_2015,up2010__row20011,lgd_gp_name,,Pangi Khurd
2010_2015,up2010__row20083,lgd_gp_name,,Pabhosa
2010_2015,up2010__row20121,lgd_gp_name,,Parna Bagulha
2010_2015,up2010__row20139,lgd_gp_name,,Parvar Pashchim
2010_2015,up2010__row20140,lgd_gp_name,,Parvar Poorab
2010_2015,up2010__row20175,lgd_gp_name,,Parsani
2010_2015,up2010__row20216,lgd_gp_name,,Parsa Agaiya
2010_2015,up2010__row20231,lgd_gp_name,,Parasa Shukl
2010_2015,up2010__row20240,lgd_gp_name,,Parsa Gidahi
2010_2015,up2010__row20261,lgd_gp_name,,Parsa Muhiuddinpur
2010_2015,up2010__row20440,lgd_gp_name,,Pareva
2010_2015,up2010__row20621,lgd_gp_name,,Pasura Belwa
2010_2015,up2010__row20798,lgd_gp_name,,Para
2010_2015,up2010__row20829,lgd_gp_name,,Parakhani
2010_2015,up2010__row20953,lgd_gp_name,,Pinduriya
2010_2015,up2010__row20980,lgd_gp_name,Pithnapur Nagria,
2010_2015,up2010__row21002,lgd_gp_name,,Piparpati Tiwari
2010_2015,up2010__row21066,lgd_gp_name,,Pipra Bazar
2010_2015,up2010__row21070,lgd_gp_name,,Pipra Bhodar
2010_2015,up2010__row21257,lgd_gp_name,,Pilkhanari Urf Sabitgarh
2010_2015,up2010__row21414,lgd_gp_name,,Purava
2010_2015,up2010__row21452,lgd_gp_name,,Purushottampur
2010_2015,up2010__row21454,lgd_gp_name,,Porushottampur
2010_2015,up2010__row21480,lgd_gp_name,,Puraina Bhawani Bux
2010_2015,up2010__row21488,lgd_gp_name,,Purainia
2010_2015,up2010__row2160,lgd_gp_name,,Atirikt Town Area Kakori
2010_2015,up2010__row21614,lgd_gp_name,,Pure Pathak
2010_2015,up2010__row21634,lgd_gp_name,,Pure Khusai
2010_2015,up2010__row217,lgd_gp_name,,Amarha
2010_2015,up2010__row22003,lgd_gp_name,,Fateh Garah
2010_2015,up2010__row22009,lgd_gp_name,,Fatehnagar Karsuma
2010_2015,up2010__row22156,lgd_gp_name,,Faridpur
2010_2015,up2010__row22471,lgd_gp_name,,Bakhtiyar Nagar
2010_2015,up2010__row22655,lgd_gp_name,,Bajaha Mishran
2010_2015,up2010__row22737,lgd_gp_name,,Badsari
2010_2015,up2010__row2284,lgd_gp_name,,Annawan
2010_2015,up2010__row22852,lgd_gp_name,,Badanpur
2010_2015,up2010__row22922,lgd_gp_name,,Barhonadeeh
2010_2015,up2010__row22929,lgd_gp_name,,Badhauli
2010_2015,up2010__row23031,lgd_gp_name,,Bankatwa
2010_2015,up2010__row23079,lgd_gp_name,,Bangai
2010_2015,up2010__row23167,lgd_gp_name,,Bani
2010_2015,up2010__row23228,lgd_gp_name,,Bannai
2010_2015,up2010__row23369,lgd_gp_name,,Bamh Rauli Chatkapur
2010_2015,up2010__row23592,lgd_gp_name,,Barwaratti Patti
2010_2015,up2010__row236,lgd_gp_name,,Totaha
2010_2015,up2010__row23673,lgd_gp_name,,Baraich
2010_2015,up2010__row23711,lgd_gp_name,,Barara
2010_2015,up2010__row23728,lgd_gp_name,,Barahimpur
2010_2015,up2010__row23733,lgd_gp_name,,Barahema
2010_2015,up2010__row23871,lgd_gp_name,,Barauli
2010_2015,up2010__row23944,lgd_gp_name,,Balhi Jot
2010_2015,up2010__row23990,lgd_gp_name,,Baluwa Chaube
2010_2015,up2010__row24174,lgd_gp_name,,Basawanpakar Urf Madrahia
2010_2015,up2010__row24441,lgd_gp_name,,Bahiya Bahrampur
2010_2015,up2010__row24469,lgd_gp_name,,Bahera
2010_2015,up2010__row24488,lgd_gp_name,,Baheri
2010_2015,up2010__row245,lgd_gp_name,,Barai Par
2010_2015,up2010__row24573,lgd_gp_name,,Baghadeeha
2010_2015,up2010__row24850,lgd_gp_name,,Bigehna
2010_2015,up2010__row24859,lgd_gp_name,,Bichpuri
2010_2015,up2010__row24872,lgd_gp_name,,Bichhuri
2010_2015,up2010__row24962,lgd_gp_name,,Birmapur
2010_2015,up2010__row25075,lgd_gp_name,,Bisawa
2010_2015,up2010__row25363,lgd_gp_name,,Begampur Shadi
2010_2015,up2010__row25376,lgd_gp_name,,Bedhari
2010_2015,up2010__row25388,lgd_gp_name,,Bethara
2010_2015,up2010__row25452,lgd_gp_name,,Beramarufpur
2010_2015,up2010__row25539,lgd_gp_name,,Belwa Dengra
2010_2015,up2010__row2563,lgd_gp_name,,Amina
2010_2015,up2010__row25966,lgd_gp_name,,Barouli
2010_2015,up2010__row26046,lgd_gp_name,,Bhagawatpur
2010_2015,up2010__row26071,lgd_gp_name,,Bhagwan Patti
2010_2015,up2010__row26080,lgd_gp_name,,Bhagwanpur
2010_2015,up2010__row26210,lgd_gp_name,,Bhat Pura
2010_2015,up2010__row26353,lgd_gp_name,,Bhadrak
2010_2015,up2010__row26372,lgd_gp_name,,Bhadvan
2010_2015,up2010__row26511,lgd_gp_name,,Bharkhani
2010_2015,up2010__row26561,lgd_gp_name,,Bharthi Pur
2010_2015,up2010__row26625,lgd_gp_name,,Bhareka
2010_2015,up2010__row26682,lgd_gp_name,,Bhawansuri
2010_2015,up2010__row26701,lgd_gp_name,,Bhavani
2010_2015,up2010__row2675,lgd_gp_name,,Ayyari
2010_2015,up2010__row26892,lgd_gp_name,,Bhapur Sapha
2010_2015,up2010__row26917,lgd_gp_name,,Bhitaha
2010_2015,up2010__row27201,lgd_gp_name,,Bhuwalpur Domipur
2010_2015,up2010__row27242,lgd_gp_name,,Pithnapur Nagria
2010_2015,up2010__row27274,lgd_gp_name,,Bhediya
2010_2015,up2010__row27421,lgd_gp_name,,Bhaisaundha
2010_2015,up2010__row27693,lgd_gp_name,,Maksooda Bad
2010_2015,up2010__row27787,lgd_gp_name,,Mangapur
2010_2015,up2010__row27990,lgd_gp_name,,Majhauli
2010_2015,up2010__row27993,lgd_gp_name,,Majhauva
2010_2015,up2010__row28029,lgd_gp_name,,Matihania
2010_2015,up2010__row28035,lgd_gp_name,,Matiha
2010_2015,up2010__row28093,lgd_gp_name,,Mandariya
2010_2015,up2010__row28202,lgd_gp_name,,Mathani
2010_2015,up2010__row28247,lgd_gp_name,,Madnapur
2010_2015,up2010__row28463,lgd_gp_name,,Manipur
2010_2015,up2010__row28816,lgd_gp_name,,Mawai Khurd
2010_2015,up2010__row28817,lgd_gp_name,,Mawae Jarail
2010_2015,up2010__row28903,lgd_gp_name,,Masuria
2010_2015,up2010__row28983,lgd_gp_name,,Mahmadpur
2010_2015,up2010__row29162,lgd_gp_name,,Mahadev Mati
2010_2015,up2010__row29205,lgd_gp_name,,Mahawatpur Ashat
2010_2015,up2010__row29559,lgd_gp_name,,Madhopur
2010_2015,up2010__row29588,lgd_gp_name,,Man Nagla
2010_2015,up2010__row29593,lgd_gp_name,,Manpur
2010_2015,up2010__row29597,lgd_gp_name,,Manpur
2010_2015,up2010__row29662,lgd_gp_name,,Mani Khurd
2010_2015,up2010__row29773,lgd_gp_name,,Midhakur
2010_2015,up2010__row29789,lgd_gp_name,,Midaniya
2010_2015,up2010__row29798,lgd_gp_name,,Miyaganj
2010_2015,up2010__row30090,lgd_gp_name,,Muiniddinpur
2010_2015,up2010__row301,lgd_gp_name,,Mubarakpur
2010_2015,up2010__row3015,lgd_gp_name,,Avvwalpur
2010_2015,up2010__row30206,lgd_gp_name,,Mutni
2010_2015,up2010__row30216,lgd_gp_name,,Mundramau
2010_2015,up2010__row30287,lgd_gp_name,,Murila Kalan
2010_2015,up2010__row30364,lgd_gp_name,,Muntajipur
2010_2015,up2010__row30435,lgd_gp_name,,Muradpur
2010_2015,up2010__row30539,lgd_gp_name,,Mustafabad
2010_2015,up2010__row30565,lgd_gp_name,,Mustafabad Saraiya
2010_2015,up2010__row30585,lgd_gp_name,,Mohammadpur
2010_2015,up2010__row3065,lgd_gp_name,,Asadpur
2010_2015,up2010__row30776,lgd_gp_name,,Mehrawa
2010_2015,up2010__row30833,lgd_gp_name,,Maini
2010_2015,up2010__row30909,lgd_gp_name,,Motiha
2010_2015,up2010__row31020,lgd_gp_name,,Mohammadpur
2010_2015,up2010__row31067,lgd_gp_name,,Mohammadpur Sarai Ali
2010_2015,up2010__row31290,lgd_gp_name,,Yahiyapur
2010_2015,up2010__row31453,lgd_gp_name,,Baakipur
2010_2015,up2010__row31586,lgd_gp_name,,Ratauli
2010_2015,up2010__row31679,lgd_gp_name,,Ramwapur
2010_2015,up2010__row31711,lgd_gp_name,,Ramuwapur
2010_2015,up2010__row31973,lgd_gp_name,,Rahpura Ghanshyam
2010_2015,up2010__row32186,lgd_gp_name,,Rajediha
2010_2015,up2010__row32255,lgd_gp_name,,Ranipur Babu
2010_2015,up2010__row3234,lgd_gp_name,,Ahamadpur Madha
2010_2015,up2010__row32352,lgd_gp_name,,Ramdas Pur
2010_2015,up2010__row324,lgd_gp_name,,Baurbyes
2010_2015,up2010__row32916,lgd_gp_name,,Rawatpur
2010_2015,up2010__row32926,lgd_gp_name,,Rawal
2010_2015,up2010__row32936,lgd_gp_name,,Rasal Para
2010_2015,up2010__row32941,lgd_gp_name,,Rahatikar
2010_2015,up2010__row33033,lgd_gp_name,,Ruknapur
2010_2015,up2010__row331,lgd_gp_name,,Mahdewa Nankar
2010_2015,up2010__row33159,lgd_gp_name,,Rustam Nagar
2010_2015,up2010__row33269,lgd_gp_name,,Rehualalganj
2010_2015,up2010__row33277,lgd_gp_name,,Raikepur
2010_2015,up2010__row33286,lgd_gp_name,,Raitha
2010_2015,up2010__row33297,lgd_gp_name,,Raipura
2010_2015,up2010__row33336,lgd_gp_name,,Romandai
2010_2015,up2010__row33357,lgd_gp_name,,Roshanpur Jagir
2010_2015,up2010__row3353,lgd_gp_name,,Ahirauli Gavind Sahab
2010_2015,up2010__row33579,lgd_gp_name,,Lakamapur
2010_2015,up2010__row33595,lgd_gp_name,,Lakha
2010_2015,up2010__row33710,lgd_gp_name,,Labedi
2010_2015,up2010__row33734,lgd_gp_name,,Laraund
2010_2015,up2010__row33935,lgd_gp_name,,Lalpurjanauli
2010_2015,up2010__row33952,lgd_gp_name,,Lalpur Kusmahwa
2010_2015,up2010__row3414,lgd_gp_name,,Azampur Mohd.Ali
2010_2015,up2010__row34621,lgd_gp_name,,Wari
2010_2015,up2010__row347,lgd_gp_name,,Khazuri
2010_2015,up2010__row34814,lgd_gp_name,,Birahipur
2010_2015,up2010__row34877,lgd_gp_name,,Bilsa
2010_2015,up2010__row35066,lgd_gp_name,,Timirpur
2010_2015,up2010__row35457,lgd_gp_name,,Shahpur
2010_2015,up2010__row35498,lgd_gp_name,,Shahpur Khurd
2010_2015,up2010__row35541,lgd_gp_name,,Shahpur Bargadwa
2010_2015,up2010__row35563,lgd_gp_name,,Shahpur Kalan
2010_2015,up2010__row35714,lgd_gp_name,,Sheo Rampur
2010_2015,up2010__row35741,lgd_gp_name,,Shivala Kala
2010_2015,up2010__row35781,lgd_gp_name,,Shekhnapur
2010_2015,up2010__row35897,lgd_gp_name,,Sherpur Bhausa
2010_2015,up2010__row35908,lgd_gp_name,,Sherpur Kalan
2010_2015,up2010__row36030,lgd_gp_name,,Sakra
2010_2015,up2010__row36427,lgd_gp_name,,Sabhachandpur Mohan
2010_2015,up2010__row36460,lgd_gp_name,,Samrath Pur
2010_2015,up2010__row36517,lgd_gp_name,,Samaha Kala
2010_2015,up2010__row36537,lgd_gp_name,,Samaudi Deeh
2010_2015,up2010__row36707,lgd_gp_name,,Sarai
2010_2015,up2010__row36718,lgd_gp_name,,Sarai Alam Madari
2010_2015,up2010__row36751,lgd_gp_name,,Sarai Todermal Urf Dandupur
2010_2015,up2010__row36797,lgd_gp_name,,Sarai Rai Chand
2010_2015,up2010__row36835,lgd_gp_name,,Sarai Imma
2010_2015,up2010__row36852,lgd_gp_name,,Sarai Khuaja
2010_2015,up2010__row36967,lgd_gp_name,,Sarua
2010_2015,up2010__row37023,lgd_gp_name,Saraiya Mafi,
2010_2015,up2010__row37041,lgd_gp_name,,Saraiya Mafi
2010_2015,up2010__row37052,lgd_gp_name,,Sarai LILI Urf Khojapur
2010_2015,up2010__row37110,lgd_gp_name,,Sala Nagla
2010_2015,up2010__row37393,lgd_gp_name,,Shahasa
2010_2015,up2010__row37509,lgd_gp_name,,Sadat Benduli
2010_2015,up2010__row37751,lgd_gp_name,,Sikandrapur
2010_2015,up2010__row37834,lgd_gp_name,,Singaha
2010_2015,up2010__row37861,lgd_gp_name,,Singhawal
2010_2015,up2010__row3798,lgd_gp_name,,Itauwa
2010_2015,up2010__row38116,lgd_gp_name,,Sirsinda
2010_2015,up2010__row38296,lgd_gp_name,,Sishania Urf Shishmahal
2010_2015,up2010__row38431,lgd_gp_name,Seethapur,
2010_2015,up2010__row38548,lgd_gp_name,,Sucheta
2010_2015,up2010__row38639,lgd_gp_name,,Sunari
2010_2015,up2010__row38704,lgd_gp_name,,Surgahna
2010_2015,up2010__row38755,lgd_gp_name,,Surhurpur
2010_2015,up2010__row38765,lgd_gp_name,,Surar
2010_2015,up2010__row38823,lgd_gp_name,,Sultanpur
2010_2015,up2010__row39002,lgd_gp_name,,Setuhee
2010_2015,up2010__row39051,lgd_gp_name,,Semra
2010_2015,up2010__row39342,lgd_gp_name,,Saifpur
2010_2015,up2010__row3943,lgd_gp_name,,Imilia
2010_2015,up2010__row39449,lgd_gp_name,,Sonvarsa
2010_2015,up2010__row39458,lgd_gp_name,,Sonbarsa
2010_2015,up2010__row39610,lgd_gp_name,,Sohariya
2010_2015,up2010__row39676,lgd_gp_name,,Saurha
2010_2015,up2010__row39846,lgd_gp_name,,Hanumanganj
2010_2015,up2010__row40509,lgd_gp_name,,Hinouta Mafi
2010_2015,up2010__row40534,lgd_gp_name,,Himauli
2010_2015,up2010__row40705,lgd_gp_name,,Hirdaypur
2010_2015,up2010__row40782,lgd_gp_name,,Horilapur
2010_2015,up2010__row40784,lgd_gp_name,,Hora Bangar
2010_2015,up2010__row40795,lgd_gp_name,,Hoshiyarpur Urf Adhiyar
2010_2015,up2010__row408,lgd_gp_name,,Amrita
2010_2015,up2010__row41007,lgd_gp_name,,Gesupur Baphawat
2010_2015,up2010__row41096,lgd_gp_name,,Bhudpur
2010_2015,up2010__row41361,lgd_gp_name,,Virdo Nangli
2010_2015,up2010__row41363,lgd_gp_name,,Raipur Mauzampur
2010_2015,up2010__row41366,lgd_gp_name,,Gazipur
2010_2015,up2010__row41367,lgd_gp_name,,Umarpur
2010_2015,up2010__row41937,lgd_gp_name,,Uraina
2010_2015,up2010__row41953,lgd_gp_name,,Sisaiyan
2010_2015,up2010__row41955,lgd_gp_name,,Singthara
2010_2015,up2010__row41963,lgd_gp_name,,Maithra
2010_2015,up2010__row4210,lgd_gp_name,,Utarejpur
2010_2015,up2010__row42272,lgd_gp_name,,Raghaniya
2010_2015,up2010__row4238,lgd_gp_name,,Udagi
2010_2015,up2010__row4253,lgd_gp_name,,Udaipur Khurd
2010_2015,up2010__row42779,lgd_gp_name,,Garhi Hansram
2010_2015,up2010__row42780,lgd_gp_name,,Hardaspur Kotla
2010_2015,up2010__row42794,lgd_gp_name,,Kartiki
2010_2015,up2010__row43177,lgd_gp_name,,Singhpur
2010_2015,up2010__row43178,lgd_gp_name,,Gurauli
2010_2015,up2010__row43180,lgd_gp_name,,Hareipur
2010_2015,up2010__row43186,lgd_gp_name,,Umarda
2010_2015,up2010__row43187,lgd_gp_name,Gurauli,
2010_2015,up2010__row43189,lgd_gp_name,,Shah Nagar
2010_2015,up2010__row43487,lgd_gp_name,,Putha
2010_2015,up2010__row43489,lgd_gp_name,,Dalel Nagar
2010_2015,up2010__row43494,lgd_gp_name,,Rahamapur
2010_2015,up2010__row43498,lgd_gp_name,,Gauhani Kalan
2010_2015,up2010__row4356,lgd_gp_name,,Umartali
2010_2015,up2010__row4414,lgd_gp_name,,Umri
2010_2015,up2010__row44194,lgd_gp_name,,Bigari
2010_2015,up2010__row44861,lgd_gp_name,,Chandi Kalan
2010_2015,up2010__row44868,lgd_gp_name,,Gusyari
2010_2015,up2010__row45276,lgd_gp_name,,Behata
2010_2015,up2010__row45277,lgd_gp_name,,Sardar Pur
2010_2015,up2010__row45278,lgd_gp_name,,Dhanemau
2010_2015,up2010__row45279,lgd_gp_name,,Bardara
2010_2015,up2010__row45280,lgd_gp_name,,Faridpur
2010_2015,up2010__row45281,lgd_gp_name,,Khande Dewar
2010_2015,up2010__row45282,lgd_gp_name,,Naraicha
2010_2015,up2010__row45283,lgd_gp_name,,Sarai
2010_2015,up2010__row45284,lgd_gp_name,,Hasanapur
2010_2015,up2010__row45286,lgd_gp_name,,Baniyani
2010_2015,up2010__row45287,lgd_gp_name,,Dariyabad
2010_2015,up2010__row45288,lgd_gp_name,,Himmat Pur
2010_2015,up2010__row45289,lgd_gp_name,,Tapani
2010_2015,up2010__row45290,lgd_gp_name,,Benu
2010_2015,up2010__row45417,lgd_gp_name,,Bavanra
2010_2015,up2010__row45419,lgd_gp_name,,Chak Etaili
2010_2015,up2010__row45420,lgd_gp_name,,Paina Khurd
2010_2015,up2010__row45424,lgd_gp_name,,Ayah
2010_2015,up2010__row45425,lgd_gp_name,,Banarsi
2010_2015,up2010__row45426,lgd_gp_name,,Dulaapur
2010_2015,up2010__row45428,lgd_gp_name,,Hariapur
2010_2015,up2010__row45429,lgd_gp_name,,Bara Gaon
2010_2015,up2010__row45430,lgd_gp_name,,Mevli
2010_2015,up2010__row45431,lgd_gp_name,,Gangaipar
2010_2015,up2010__row45433,lgd_gp_name,,Samdabad
2010_2015,up2010__row45435,lgd_gp_name,,Jindpur
2010_2015,up2010__row45439,lgd_gp_name,,Gouri
2010_2015,up2010__row45513,lgd_gp_name,,Roopnarayanpur Goriyon
2010_2015,up2010__row45578,lgd_gp_name,,Chaturbhujpur
2010_2015,up2010__row45579,lgd_gp_name,,Ara Kalan
2010_2015,up2010__row45580,lgd_gp_name,,Pattiram
2010_2015,up2010__row45581,lgd_gp_name,,Mahuwa Kothi
2010_2015,up2010__row45582,lgd_gp_name,,Miyan Patti
2010_2015,up2010__row45583,lgd_gp_name,,Gulchapa
2010_2015,up2010__row45584,lgd_gp_name,,Teliya Tara
2010_2015,up2010__row45585,lgd_gp_name,,Baharpur
2010_2015,up2010__row45587,lgd_gp_name,,Usmapur
2010_2015,up2010__row45593,lgd_gp_name,,Navali
2010_2015,up2010__row45594,lgd_gp_name,,Dholi
2010_2015,up2010__row45595,lgd_gp_name,Pakari,
2010_2015,up2010__row45683,lgd_gp_name,,Anuva
2010_2015,up2010__row45685,lgd_gp_name,,Chanethu
2010_2015,up2010__row45686,lgd_gp_name,,Maharachha
2010_2015,up2010__row45687,lgd_gp_name,,Bariyanwa
2010_2015,up2010__row45688,lgd_gp_name,,Bhelakha
2010_2015,up2010__row45691,lgd_gp_name,,Janghai
2010_2015,up2010__row46488,lgd_gp_name,,Babupur Kachanari
2010_2015,up2010__row46489,lgd_gp_name,,Thamarwa
2010_2015,up2010__row47405,lgd_gp_name,,Jiganiya Chhatrpal Singh
2010_2015,up2010__row47700,lgd_gp_name,,Nandaur
2010_2015,up2010__row47703,lgd_gp_name,,Khaira
2010_2015,up2010__row47704,lgd_gp_name,,Sakraur
2010_2015,up2010__row47705,lgd_gp_name,,Gajsinghpur
2010_2015,up2010__row48088,lgd_gp_name,,Saranwa
2010_2015,up2010__row48321,lgd_gp_name,,Rahimpur Dugva
2010_2015,up2010__row48325,lgd_gp_name,,Khushiyal Ganj
2010_2015,up2010__row48410,lgd_gp_name,,Gothwara
2010_2015,up2010__row4845,lgd_gp_name,,Aurangzebpur Mehmood
2010_2015,up2010__row48480,lgd_gp_name,,Pipra Kurd
2010_2015,up2010__row48889,lgd_gp_name,,Nagavaprem
2010_2015,up2010__row48916,lgd_gp_name,,Pakar Pura
2010_2015,up2010__row48917,lgd_gp_name,,Bohawar
2010_2015,up2010__row48918,lgd_gp_name,,Gopalapur
2010_2015,up2010__row48921,lgd_gp_name,,Mahuwar Kol
2010_2015,up2010__row48922,lgd_gp_name,,Rana Par
2010_2015,up2010__row48925,lgd_gp_name,,Jamru
2010_2015,up2010__row49216,lgd_gp_name,,Dhesho
2010_2015,up2010__row49772,lgd_gp_name,,Nurpur
2010_2015,up2010__row49832,lgd_gp_name,Barahimpur,
2010_2015,up2010__row49842,lgd_gp_name,,Awarai Kala
2010_2015,up2010__row49843,lgd_gp_name,,Maharajpur
2010_2015,up2010__row49845,lgd_gp_name,,Uskar Gaziapur
2010_2015,up2010__row49846,lgd_gp_name,,Mahri
2010_2015,up2010__row49848,lgd_gp_name,,Ram Pur
2010_2015,up2010__row49850,lgd_gp_name,,Malap Harsan Pur
2010_2015,up2010__row49857,lgd_gp_name,,Sonapali
2010_2015,up2010__row49858,lgd_gp_name,,Siswar Kala
2010_2015,up2010__row49862,lgd_gp_name,,Padari
2010_2015,up2010__row50624,lgd_gp_name,,Chakarama
2010_2015,up2010__row50805,lgd_gp_name,,Anusar
2010_2015,up2010__row5084,lgd_gp_name,,Kajhari
2010_2015,up2010__row50911,lgd_gp_name,,Bhora
2010_2015,up2010__row550,lgd_gp_name,,Dhundhu
2010_2015,up2010__row5539,lgd_gp_name,,Kapoorpur
2010_2015,up2010__row5573,lgd_gp_name,,Kabirpur Kasganja
2010_2015,up2010__row5632,lgd_gp_name,,Kamalpur
2010_2015,up2010__row5635,lgd_gp_name,,Kamalpur
2010_2015,up2010__row5653,lgd_gp_name,,Kamalpur Shumali
2010_2015,up2010__row5844,lgd_gp_name,,Karmudeeh
2010_2015,up2010__row5891,lgd_gp_name,,Karahiya
2010_2015,up2010__row626,lgd_gp_name,,Rohali
2010_2015,up2010__row657,lgd_gp_name,,Kure Bhar
2010_2015,up2010__row6646,lgd_gp_name,,Kirla
2010_2015,up2010__row6679,lgd_gp_name,,Kishanpur Kuniya
2010_2015,up2010__row6814,lgd_gp_name,,Kuiya Khera
2010_2015,up2010__row6842,lgd_gp_name,,Kukurahan
2010_2015,up2010__row7076,lgd_gp_name,,Kumhidadiya
2010_2015,up2010__row7094,lgd_gp_name,,Kurtahiya
2010_2015,up2010__row7164,lgd_gp_name,,Kuraiya Khurd Kalan
2010_2015,up2010__row7227,lgd_gp_name,,Kuwarpur
2010_2015,up2010__row7340,lgd_gp_name,,Kuhiya
2010_2015,up2010__row7427,lgd_gp_name,,Kevtli
2010_2015,up2010__row7659,lgd_gp_name,,Kokatmau
2010_2015,up2010__row767,lgd_gp_name,,Purkhi Pur
2010_2015,up2010__row7766,lgd_gp_name,,Kotha
2010_2015,up2010__row8233,lgd_gp_name,,Khatola
2010_2015,up2010__row8259,lgd_gp_name,,Kharan
2010_2015,up2010__row8350,lgd_gp_name,,Khanderia
2010_2015,up2010__row8392,lgd_gp_name,,Khambha
2010_2015,up2010__row854,lgd_gp_name,,Kunwargarha
2010_2015,up2010__row8703,lgd_gp_name,,Khara
2010_2015,up2010__row8713,lgd_gp_name,,Khalikabad/Dungrajat
2010_2015,up2010__row8739,lgd_gp_name,,Khaspur Mustkil
2010_2015,up2010__row9039,lgd_gp_name,,Khetapur Jhangir
2010_2015,up2010__row916,lgd_gp_name,,Malik Pur
2010_2015,up2010__row9177,lgd_gp_name,,Khairisamaisa
2010_2015,up2010__row940,lgd_gp_name,,Mahilo Ashapur
2010_2015,up2010__row9405,lgd_gp_name,,Gajraula Khas
2010_2015,up2010__row9523,lgd_gp_name,,Garha Kalan
2010_2015,up2010__row9648,lgd_gp_name,,Gaddipur
2010_2015,up2010__row9890,lgd_gp_name,,Gandhinagar Barhan
2015_2021,up2015__row10156,lgd_gp_name,,Bhudpur
2015_2021,up2015__row121,lgd_gp_name,,Raghaniya
2015_2021,up2015__row12250,lgd_gp_name,,Nandaur
2015_2021,up2015__row12253,lgd_gp_name,,Khaira
2015_2021,up2015__row12254,lgd_gp_name,,Sakraur
2015_2021,up2015__row12255,lgd_gp_name,,Gajsinghpur
2015_2021,up2015__row13137,lgd_gp_name,,Narayanpur Mafi
2015_2021,up2015__row13138,lgd_gp_name,,Nibiha Paraspur
2015_2021,up2015__row13139,lgd_gp_name,,Nidhi Nagar
2015_2021,up2015__row13140,lgd_gp_name,,Noushahra
2015_2021,up2015__row13141,lgd_gp_name,,Pakadi Maru Deeh
2015_2021,up2015__row13142,lgd_gp_name,,Pachran
2015_2021,up2015__row13146,lgd_gp_name,,Parna Bagulha
2015_2021,up2015__row13147,lgd_gp_name,,Pipra Bazar
2015_2021,up2015__row13148,lgd_gp_name,,Pipra Bhodar
2015_2021,up2015__row13150,lgd_gp_name,,Purainia
2015_2021,up2015__row13151,lgd_gp_name,,Pure Pathak
2015_2021,up2015__row13152,lgd_gp_name,,Fateh Garah
2015_2021,up2015__row13155,lgd_gp_name,,Bangai
2015_2021,up2015__row13156,lgd_gp_name,,Barahema
2015_2021,up2015__row13157,lgd_gp_name,,Balhi Jot
2015_2021,up2015__row13159,lgd_gp_name,,Birmapur
2015_2021,up2015__row13468,lgd_gp_name,,Nurpur
2015_2021,up2015__row13642,lgd_gp_name,Barahimpur,
2015_2021,up2015__row13668,lgd_gp_name,,Sikandrapur
2015_2021,up2015__row13669,lgd_gp_name,,Trilok Manda
2015_2021,up2015__row13670,lgd_gp_name,,Gaura
2015_2021,up2015__row13674,lgd_gp_name,,Baraich
2015_2021,up2015__row13675,lgd_gp_name,,Barahimpur
2015_2021,up2015__row13676,lgd_gp_name,,Awarai Kala
2015_2021,up2015__row13677,lgd_gp_name,,Maharajpur
2015_2021,up2015__row13679,lgd_gp_name,,Uskar Gaziapur
2015_2021,up2015__row13680,lgd_gp_name,,Mahri
2015_2021,up2015__row13682,lgd_gp_name,,Ram Pur
2015_2021,up2015__row1375,lgd_gp_name,,Anusar
2015_2021,up2015__row13755,lgd_gp_name,,Gurgujpur
2015_2021,up2015__row13758,lgd_gp_name,,Narachh
2015_2021,up2015__row13771,lgd_gp_name,,Kukurahan
2015_2021,up2015__row13781,lgd_gp_name,,Kajhari
2015_2021,up2015__row14750,lgd_gp_name,,Madhopur
2015_2021,up2015__row14753,lgd_gp_name,,Raitha
2015_2021,up2015__row14754,lgd_gp_name,,Lalpurjanauli
2015_2021,up2015__row14756,lgd_gp_name,,Kamalpur
2015_2021,up2015__row14757,lgd_gp_name,,Jamurkha
2015_2021,up2015__row14758,lgd_gp_name,,Baheri
2015_2021,up2015__row15760,lgd_gp_name,,Chandi Kalan
2015_2021,up2015__row15767,lgd_gp_name,,Gusyari
2015_2021,up2015__row15768,lgd_gp_name,,Naik Purwa
2015_2021,up2015__row15772,lgd_gp_name,,Bhavani
2015_2021,up2015__row15773,lgd_gp_name,,Chhirka
2015_2021,up2015__row15775,lgd_gp_name,,Karahiya
2015_2021,up2015__row15783,lgd_gp_name,,Narayetch
2015_2021,up2015__row15784,lgd_gp_name,,Laraund
2015_2021,up2015__row15785,lgd_gp_name,,Ratauli
2015_2021,up2015__row15789,lgd_gp_name,,Para
2015_2021,up2015__row15790,lgd_gp_name,,Bigehna
2015_2021,up2015__row15791,lgd_gp_name,,Himauli
2015_2021,up2015__row15792,lgd_gp_name,,Mutni
2015_2021,up2015__row15793,lgd_gp_name,,Chek Daha
2015_2021,up2015__row1737,lgd_gp_name,,Sarai Rai Chand
2015_2021,up2015__row1738,lgd_gp_name,,Majhauli
2015_2021,up2015__row1747,lgd_gp_name,Seethapur,
2015_2021,up2015__row18846,lgd_gp_name,,Amrita
2015_2021,up2015__row18847,lgd_gp_name,,Rohali
2015_2021,up2015__row18849,lgd_gp_name,,Ganu Nagala
2015_2021,up2015__row18850,lgd_gp_name,,Shahpur
2015_2021,up2015__row18851,lgd_gp_name,,Gahluiya
2015_2021,up2015__row18852,lgd_gp_name,,Basudharan Jagir
2015_2021,up2015__row18860,lgd_gp_name,,Nirbhua
2015_2021,up2015__row18861,lgd_gp_name,,Pakhurni
2015_2021,up2015__row18862,lgd_gp_name,,Chathiya
2015_2021,up2015__row18863,lgd_gp_name,,Kamalpur Shumali
2015_2021,up2015__row18864,lgd_gp_name,,Bhadrak
2015_2021,up2015__row18871,lgd_gp_name,,Manpur
2015_2021,up2015__row18873,lgd_gp_name,,Mawae Jarail
2015_2021,up2015__row18874,lgd_gp_name,,Sarai
2015_2021,up2015__row18876,lgd_gp_name,,Dhakia Thakuran
2015_2021,up2015__row18877,lgd_gp_name,,Madnapur
2015_2021,up2015__row18878,lgd_gp_name,,Lakha
2015_2021,up2015__row18880,lgd_gp_name,,Jaferpur
2015_2021,up2015__row18882,lgd_gp_name,,Padmi
2015_2021,up2015__row18883,lgd_gp_name,,Bilsa
2015_2021,up2015__row19307,lgd_gp_name,,Dhakia Barkali Sahib
2015_2021,up2015__row19320,lgd_gp_name,,Kishanpur Kuniya
2015_2021,up2015__row19532,lgd_gp_name,,Shahasa
2015_2021,up2015__row22848,lgd_gp_name,,Garhi Hansram
2015_2021,up2015__row22849,lgd_gp_name,,Hardaspur Kotla
2015_2021,up2015__row22877,lgd_gp_name,,Raipura
2015_2021,up2015__row22884,lgd_gp_name,,Muiniddinpur
2015_2021,up2015__row22991,lgd_gp_name,,Ahamadpur Madha
2015_2021,up2015__row23358,lgd_gp_name,,Piparpati Tiwari
2015_2021,up2015__row23658,lgd_gp_name,,Rampur Kala
2015_2021,up2015__row23681,lgd_gp_name,,Majhauva
2015_2021,up2015__row23684,lgd_gp_name,,Sonbarsa
2015_2021,up2015__row23692,lgd_gp_name,,Gopala
2015_2021,up2015__row23699,lgd_gp_name,,Parsa Gidahi
2015_2021,up2015__row23720,lgd_gp_name,,Dhesho
2015_2021,up2015__row25600,lgd_gp_name,,Gesupur Baphawat
2015_2021,up2015__row27224,lgd_gp_name,,Gajraula Khas
2015_2021,up2015__row27226,lgd_gp_name,,Udaipur Khurd
2015_2021,up2015__row27228,lgd_gp_name,,Sherpur Kalan
2015_2021,up2015__row27235,lgd_gp_name,,Kapoorpur
2015_2021,up2015__row27236,lgd_gp_name,,Jograjpur
2015_2021,up2015__row27238,lgd_gp_name,,Mahadev Mati
2015_2021,up2015__row27245,lgd_gp_name,,Sultanpur
2015_2021,up2015__row27666,lgd_gp_name,,Maini
2015_2021,up2015__row27670,lgd_gp_name,,Khambha
2015_2021,up2015__row27673,lgd_gp_name,,Hanumanganj
2015_2021,up2015__row27678,lgd_gp_name,,Baghadeeha
2015_2021,up2015__row27703,lgd_gp_name,,Pipra Kurd
2015_2021,up2015__row27905,lgd_gp_name,,Duhwa
2015_2021,up2015__row27906,lgd_gp_name,,Ramwapur
2015_2021,up2015__row27920,lgd_gp_name,,Ranipur Babu
2015_2021,up2015__row28081,lgd_gp_name,,Bhaisaha
2015_2021,up2015__row28083,lgd_gp_name,,Jagannathpur
2015_2021,up2015__row28087,lgd_gp_name,,Tirukha
2015_2021,up2015__row28089,lgd_gp_name,,Sirsahawa
2015_2021,up2015__row28090,lgd_gp_name,,Jadishpur
2015_2021,up2015__row29296,lgd_gp_name,,Parvar Poorab
2015_2021,up2015__row29297,lgd_gp_name,,Parvar Pashchim
2015_2021,up2015__row29364,lgd_gp_name,,Purava
2015_2021,up2015__row30061,lgd_gp_name,,Ruknapur
2015_2021,up2015__row30062,lgd_gp_name,,Samaudi Deeh
2015_2021,up2015__row30063,lgd_gp_name,,Pinduriya
2015_2021,up2015__row30065,lgd_gp_name,,Tejwapur
2015_2021,up2015__row30066,lgd_gp_name,,Shekhnapur
2015_2021,up2015__row30067,lgd_gp_name,,Karmudeeh
2015_2021,up2015__row30069,lgd_gp_name,,Pasura Belwa
2015_2021,up2015__row30074,lgd_gp_name,,Midaniya
2015_2021,up2015__row30076,lgd_gp_name,,Kurtahiya
2015_2021,up2015__row30077,lgd_gp_name,,Shahpur
2015_2021,up2015__row30079,lgd_gp_name,,Ramuwapur
2015_2021,up2015__row30080,lgd_gp_name,,Itauwa
2015_2021,up2015__row30081,lgd_gp_name,,Sohariya
2015_2021,up2015__row30082,lgd_gp_name,,Chandi Bhanpur
2015_2021,up2015__row32039,lgd_gp_name,,Hirdaypur
2015_2021,up2015__row32045,lgd_gp_name,,Maksooda Bad
2015_2021,up2015__row32048,lgd_gp_name,,Raikepur
2015_2021,up2015__row32049,lgd_gp_name,,Bahera
2015_2021,up2015__row32050,lgd_gp_name,,Surar
2015_2021,up2015__row34103,lgd_gp_name,,Bichpuri
2015_2021,up2015__row34106,lgd_gp_name,,Sunari
2015_2021,up2015__row34110,lgd_gp_name,,Sucheta
2015_2021,up2015__row34119,lgd_gp_name,,Khaspur Mustkil
2015_2021,up2015__row34120,lgd_gp_name,,Midhakur
2015_2021,up2015__row34124,lgd_gp_name,,Barara
2015_2021,up2015__row34765,lgd_gp_name,,Uraina
2015_2021,up2015__row34781,lgd_gp_name,,Sisaiyan
2015_2021,up2015__row34783,lgd_gp_name,,Singthara
2015_2021,up2015__row34796,lgd_gp_name,,Maithra
2015_2021,up2015__row36130,lgd_gp_name,,Dhaurkha
2015_2021,up2015__row36133,lgd_gp_name,,Birahipur
2015_2021,up2015__row36135,lgd_gp_name,,Chandrapur
2015_2021,up2015__row36141,lgd_gp_name,,Labedi
2015_2021,up2015__row36143,lgd_gp_name,,Asadpur
2015_2021,up2015__row36433,lgd_gp_name,,Bhawansuri
2015_2021,up2015__row36436,lgd_gp_name,,Bhagawatpur
2015_2021,up2015__row36440,lgd_gp_name,,Gorajoo
2015_2021,up2015__row36441,lgd_gp_name,,Amina
2015_2021,up2015__row36442,lgd_gp_name,,Pabhosa
2015_2021,up2015__row36444,lgd_gp_name,,Singhawal
2015_2021,up2015__row36446,lgd_gp_name,,Barouli
2015_2021,up2015__row36605,lgd_gp_name,,Roopnarayanpur Goriyon
2015_2021,up2015__row3933,lgd_gp_name,,Chakarama
2015_2021,up2015__row40265,lgd_gp_name,,Bankatwa
2015_2021,up2015__row40677,lgd_gp_name,,Tangpasri
2015_2021,up2015__row40678,lgd_gp_name,,Dhannidih
2015_2021,up2015__row40679,lgd_gp_name,,Bhagwanpur
2015_2021,up2015__row40685,lgd_gp_name,,Shahpur Bargadwa
2015_2021,up2015__row41265,lgd_gp_name,,Dullhapur
2015_2021,up2015__row41268,lgd_gp_name,,Bethara
2015_2021,up2015__row41286,lgd_gp_name,,Badhauli
2015_2021,up2015__row41290,lgd_gp_name,,Surhurpur
2015_2021,up2015__row42011,lgd_gp_name,,Mathani
2015_2021,up2015__row42017,lgd_gp_name,,Rasal Para
2015_2021,up2015__row42019,lgd_gp_name,,Bhagwan Patti
2015_2021,up2015__row42021,lgd_gp_name,,Annawan
2015_2021,up2015__row42023,lgd_gp_name,,Tiwaripur
2015_2021,up2015__row44858,lgd_gp_name,,Jhuppa
2015_2021,up2015__row45137,lgd_gp_name,,Ramnagar
2015_2021,up2015__row4597,lgd_gp_name,,Pure Khusai
2015_2021,up2015__row4600,lgd_gp_name,,Bhuwalpur Domipur
2015_2021,up2015__row46307,lgd_gp_name,,Singhpur
2015_2021,up2015__row46308,lgd_gp_name,,Gurauli
2015_2021,up2015__row46310,lgd_gp_name,,Hareipur
2015_2021,up2015__row46316,lgd_gp_name,,Umarda
2015_2021,up2015__row46317,lgd_gp_name,Gurauli,
2015_2021,up2015__row46319,lgd_gp_name,,Shah Nagar
2015_2021,up2015__row48103,lgd_gp_name,,Umrara
2015_2021,up2015__row48104,lgd_gp_name,,Akbarbas
2015_2021,up2015__row48105,lgd_gp_name,,Asadpur Gher
2015_2021,up2015__row51008,lgd_gp_name,,Umartali
2015_2021,up2015__row5106,lgd_gp_name,,Mustafabad
2015_2021,up2015__row5107,lgd_gp_name,,Mangapur
2015_2021,up2015__row5110,lgd_gp_name,,Rahatikar
2015_2021,up2015__row5112,lgd_gp_name,,Rehualalganj
2015_2021,up2015__row51141,lgd_gp_name,,Muradpur
2015_2021,up2015__row5116,lgd_gp_name,,Sarua
2015_2021,up2015__row51198,lgd_gp_name,,Rawal
2015_2021,up2015__row51202,lgd_gp_name,,Ayyari
2015_2021,up2015__row51233,lgd_gp_name,,Parsani
2015_2021,up2015__row51699,lgd_gp_name,,Gulamau
2015_2021,up2015__row51708,lgd_gp_name,,Bannai
2015_2021,up2015__row51714,lgd_gp_name,,Sakra
2015_2021,up2015__row51742,lgd_gp_name,,Kokatmau
2015_2021,up2015__row51886,lgd_gp_name,,Kirla
2015_2021,up2015__row51941,lgd_gp_name,Pithnapur Nagria,
2015_2021,up2015__row51974,lgd_gp_name,,Bamh Rauli Chatkapur
2015_2021,up2015__row51975,lgd_gp_name,,Pithnapur Nagria
2015_2021,up2015__row52021,lgd_gp_name,,Mundramau
2015_2021,up2015__row52024,lgd_gp_name,,Timirpur
2015_2021,up2015__row52030,lgd_gp_name,,Jalpapur
2015_2021,up2015__row52033,lgd_gp_name,,Chakrachha
2015_2021,up2015__row52036,lgd_gp_name,,Bharkhani
2015_2021,up2015__row52041,lgd_gp_name,,Thariya
2015_2021,up2015__row52047,lgd_gp_name,,Man Nagla
2015_2021,up2015__row52056,lgd_gp_name,,Kamalpur
2015_2021,up2015__row52316,lgd_gp_name,,Faridpur
2015_2021,up2015__row52396,lgd_gp_name,,Rawatpur
2015_2021,up2015__row52397,lgd_gp_name,,Behata
2015_2021,up2015__row52398,lgd_gp_name,,Sardar Pur
2015_2021,up2015__row52400,lgd_gp_name,,Bardara
2015_2021,up2015__row52401,lgd_gp_name,,Faridpur
2015_2021,up2015__row52403,lgd_gp_name,,Naraicha
2015_2021,up2015__row52404,lgd_gp_name,,Sarai
2015_2021,up2015__row52405,lgd_gp_name,,Hasanapur
2015_2021,up2015__row52407,lgd_gp_name,,Baniyani
2015_2021,up2015__row52408,lgd_gp_name,,Dariyabad
2015_2021,up2015__row52409,lgd_gp_name,,Himmat Pur
2015_2021,up2015__row52410,lgd_gp_name,,Tapani
2015_2021,up2015__row52411,lgd_gp_name,,Benu
2015_2021,up2015__row52707,lgd_gp_name,,Paina Khurd
2015_2021,up2015__row52711,lgd_gp_name,,Ayah
2015_2021,up2015__row52712,lgd_gp_name,,Banarsi
2015_2021,up2015__row52713,lgd_gp_name,,Dulaapur
2015_2021,up2015__row52715,lgd_gp_name,,Hariapur
2015_2021,up2015__row52716,lgd_gp_name,,Bara Gaon
2015_2021,up2015__row52717,lgd_gp_name,,Mevli
2015_2021,up2015__row52718,lgd_gp_name,,Gangaipar
2015_2021,up2015__row52720,lgd_gp_name,,Samdabad
2015_2021,up2015__row52722,lgd_gp_name,,Jindpur
2015_2021,up2015__row52726,lgd_gp_name,,Gouri
2015_2021,up2015__row52728,lgd_gp_name,,Churiyani
2015_2021,up2015__row52731,lgd_gp_name,,Fatehnagar Karsuma
2015_2021,up2015__row52733,lgd_gp_name,,Manipur
2015_2021,up2015__row52735,lgd_gp_name,,Sonvarsa
2015_2021,up2015__row53036,lgd_gp_name,,Mahawatpur Ashat
2015_2021,up2015__row54808,lgd_gp_name,,Paroi
2015_2021,up2015__row5562,lgd_gp_name,,Mubarakpur
2015_2021,up2015__row55946,lgd_gp_name,,Bigari
2015_2021,up2015__row56359,lgd_gp_name,,Horilapur
2015_2021,up2015__row56363,lgd_gp_name,,Gulelha
2015_2021,up2015__row56365,lgd_gp_name,,Chaura Khas
2015_2021,up2015__row6083,lgd_gp_name,,Pakar Pura
2015_2021,up2015__row6084,lgd_gp_name,,Bohawar
2015_2021,up2015__row6085,lgd_gp_name,,Gopalapur
2015_2021,up2015__row6088,lgd_gp_name,,Mahuwar Kol
2015_2021,up2015__row6089,lgd_gp_name,,Rana Par
2015_2021,up2015__row6092,lgd_gp_name,,Jamru
2015_2021,up2015__row6390,lgd_gp_name,,Surgahna
2015_2021,up2015__row6547,lgd_gp_name,,Barauli
2015_2021,up2015__row7187,lgd_gp_name,,Matihania
2015_2021,up2015__row7196,lgd_gp_name,,Singaha
2015_2021,up2015__row7287,lgd_gp_name,,Baunttha
2015_2021,up2015__row7290,lgd_gp_name,,Belburi
2015_2021,up2015__row7348,lgd_gp_name,,Jamuniya
2015_2021,up2015__row7545,lgd_gp_name,,Chaupur
2015_2021,up2015__row7548,lgd_gp_name,,Pangi Khurd
2015_2021,up2015__row7551,lgd_gp_name,,Chahmal Pur
2015_2021,up2015__row8704,lgd_gp_name,,Sarayali
2015_2021,up2015__row8829,lgd_gp_name,,Tajpur
2015_2021,up2015__row8830,lgd_gp_name,,Parsa Agaiya
2015_2021,up2015__row8834,lgd_gp_name,,Khairisamaisa
2015_2021,up2015__row8836,lgd_gp_name,,Shahpur Khurd
2015_2021,up2015__row8841,lgd_gp_name,,Daljit Purwa
2015_2021,up2015__row8844,lgd_gp_name,,Chandanpur
2015_2021,up2015__row8850,lgd_gp_name,,Matiha
2015_2021,up2015__row8858,lgd_gp_name,,Puraina Bhawani Bux
2005_2010_2015_2021,up2010__row43187,lgd_gp_name,Gurauli,
2005_2010_2015_2021,up2010__row45595,lgd_gp_name,Pakari,
2005_2010_2015_2021,up2010__row20980,lgd_gp_name,Pithnapur Nagria,
2005_2010_2015_2021,up2010__row49832,lgd_gp_name,Barahimpur,
2005_2010_2015_2021,up2010__row38431,lgd_gp_name,Seethapur,
2005_2010,up2010__row43187,lgd_block_code,1847.0,
2005_2010,up2010__row45595,lgd_block_code,1429.0,
2005_2010,up2010__row20980,lgd_block_code,1784.0,
2005_2010,up2010__row48163,lgd_block_code,2165.0,
2005_2010,up2010__row37023,lgd_block_code,2165.0,
2005_2010,up2010__row49832,lgd_block_code,1501.0,
2005_2010,up2010__row38431,lgd_block_code,1822.0,
2005_2010,up2010__row51223,lgd_block_code,2094.0,
2010_2015,up2010__row10029,lgd_block_code,,1772.0
2010_2015,up2010__row10045,lgd_block_code,,1555.0
2010_2015,up2010__row10073,lgd_block_code,,1495.0
2010_2015,up2010__row10118,lgd_block_code,,1821.0
2010_2015,up2010__row1014,lgd_block_code,,2036.0
2010_2015,up2010__row10177,lgd_block_code,,1778.0
2010_2015,up2010__row10188,lgd_block_code,,1899.0
2010_2015,up2010__row10417,lgd_block_code,,1575.0
2010_2015,up2010__row10486,lgd_block_code,,1937.0
2010_2015,up2010__row10556,lgd_block_code,,1874.0
2010_2015,up2010__row10694,lgd_block_code,,1590.0
2010_2015,up2010__row10753,lgd_block_code,,1501.0
2010_2015,up2010__row11008,lgd_block_code,,1555.0
2010_2015,up2010__row11176,lgd_block_code,,1439.0
2010_2015,up2010__row11196,lgd_block_code,,1772.0
2010_2015,up2010__row1124,lgd_block_code,,1555.0
2010_2015,up2010__row11267,lgd_block_code,,1781.0
2010_2015,up2010__row11297,lgd_block_code,,1429.0
2010_2015,up2010__row11364,lgd_block_code,,1555.0
2010_2015,up2010__row11405,lgd_block_code,,1665.0
2010_2015,up2010__row11417,lgd_block_code,,2133.0
2010_2015,up2010__row11455,lgd_block_code,,1477.0
2010_2015,up2010__row11533,lgd_block_code,,2165.0
2010_2015,up2010__row11673,lgd_block_code,,1885.0
2010_2015,up2010__row11689,lgd_block_code,,1885.0
2010_2015,up2010__row12004,lgd_block_code,,1688.0
2010_2015,up2010__row12209,lgd_block_code,,1899.0
2010_2015,up2010__row12438,lgd_block_code,,1772.0
2010_2015,up2010__row13067,lgd_block_code,,1619.0
2010_2015,up2010__row1316,lgd_block_code,,1555.0
2010_2015,up2010__row13192,lgd_block_code,,1416.0
2010_2015,up2010__row13213,lgd_block_code,,1781.0
2010_2015,up2010__row1341,lgd_block_code,,1564.0
2010_2015,up2010__row13500,lgd_block_code,,1555.0
2010_2015,up2010__row1362,lgd_block_code,,1564.0
2010_2015,up2010__row13886,lgd_block_code,,2027.0
2010_2015,up2010__row13940,lgd_block_code,,1694.0
2010_2015,up2010__row14099,lgd_block_code,,1710.0
2010_2015,up2010__row14120,lgd_block_code,,2117.0
2010_2015,up2010__row1422,lgd_block_code,,1564.0
2010_2015,up2010__row14230,lgd_block_code,,1528.0
2010_2015,up2010__row14246,lgd_block_code,,1429.0
2010_2015,up2010__row14361,lgd_block_code,,2126.0
2010_2015,up2010__row14405,lgd_block_code,,1528.0
2010_2015,up2010__row14406,lgd_block_code,,1528.0
2010_2015,up2010__row1458,lgd_block_code,,1564.0
2010_2015,up2010__row1472,lgd_block_code,,1555.0
2010_2015,up2010__row14737,lgd_block_code,,1688.0
2010_2015,up2010__row14781,lgd_block_code,,1560.0
2010_2015,up2010__row14924,lgd_block_code,,1555.0
2010_2015,up2010__row14928,lgd_block_code,,1543.0
2010_2015,up2010__row14939,lgd_block_code,,1834.0
2010_2015,up2010__row1508,lgd_block_code,,1564.0
2010_2015,up2010__row15141,lgd_block_code,,1821.0
2010_2015,up2010__row15152,lgd_block_code,,1624.0
2010_2015,up2010__row1521,lgd_block_code,,1564.0
2010_2015,up2010__row15219,lgd_block_code,,1477.0
2010_2015,up2010__row15312,lgd_block_code,,1528.0
2010_2015,up2010__row15469,lgd_block_code,,1439.0
2010_2015,up2010__row15593,lgd_block_code,,2133.0
2010_2015,up2010__row15651,lgd_block_code,,1694.0
2010_2015,up2010__row15786,lgd_block_code,,1501.0
2010_2015,up2010__row15804,lgd_block_code,,1781.0
2010_2015,up2010__row15936,lgd_block_code,,1675.0
2010_2015,up2010__row16084,lgd_block_code,,1477.0
2010_2015,up2010__row1611,lgd_block_code,,1555.0
2010_2015,up2010__row16213,lgd_block_code,,1528.0
2010_2015,up2010__row16449,lgd_block_code,,1889.0
2010_2015,up2010__row16596,lgd_block_code,,1575.0
2010_2015,up2010__row16616,lgd_block_code,,2166.0
2010_2015,up2010__row16619,lgd_block_code,,1748.0
2010_2015,up2010__row16737,lgd_block_code,,1416.0
2010_2015,up2010__row16943,lgd_block_code,,1834.0
2010_2015,up2010__row17269,lgd_block_code,,2117.0
2010_2015,up2010__row17603,lgd_block_code,,1665.0
2010_2015,up2010__row17996,lgd_block_code,,1580.0
2010_2015,up2010__row18286,lgd_block_code,,1495.0
2010_2015,up2010__row18288,lgd_block_code,,1772.0
2010_2015,up2010__row18348,lgd_block_code,,1748.0
2010_2015,up2010__row18693,lgd_block_code,,1772.0
2010_2015,up2010__row18763,lgd_block_code,,1501.0
2010_2015,up2010__row18831,lgd_block_code,,1748.0
2010_2015,up2010__row18834,lgd_block_code,,2090.0
2010_2015,up2010__row18908,lgd_block_code,,1555.0
2010_2015,up2010__row18929,lgd_block_code,,1748.0
2010_2015,up2010__row19310,lgd_block_code,,1863.0
2010_2015,up2010__row19344,lgd_block_code,,1748.0
2010_2015,up2010__row1937,lgd_block_code,,1429.0
2010_2015,up2010__row19418,lgd_block_code,,1821.0
2010_2015,up2010__row19453,lgd_block_code,,1748.0
2010_2015,up2010__row19471,lgd_block_code,,1429.0
2010_2015,up2010__row19495,lgd_block_code,,1555.0
2010_2015,up2010__row19564,lgd_block_code,,1748.0
2010_2015,up2010__row19842,lgd_block_code,,1748.0
2010_2015,up2010__row19991,lgd_block_code,,1555.0
2010_2015,up2010__row20003,lgd_block_code,,2173.0
2010_2015,up2010__row20011,lgd_block_code,,1885.0
2010_2015,up2010__row20083,lgd_block_code,,1874.0
2010_2015,up2010__row20121,lgd_block_code,,1748.0
2010_2015,up2010__row20139,lgd_block_code,,1918.0
2010_2015,up2010__row20140,lgd_block_code,,1918.0
2010_2015,up2010__row20175,lgd_block_code,,1794.0
2010_2015,up2010__row20216,lgd_block_code,,1477.0
2010_2015,up2010__row20231,lgd_block_code,,2090.0
2010_2015,up2010__row20240,lgd_block_code,,1937.0
2010_2015,up2010__row20261,lgd_block_code,,1780.0
2010_2015,up2010__row20440,lgd_block_code,,1555.0
2010_2015,up2010__row20621,lgd_block_code,,2133.0
2010_2015,up2010__row20798,lgd_block_code,,1772.0
2010_2015,up2010__row20829,lgd_block_code,,1674.0
2010_2015,up2010__row20953,lgd_block_code,,2133.0
2010_2015,up2010__row20980,lgd_block_code,1784.0,
2010_2015,up2010__row21002,lgd_block_code,,1935.0
2010_2015,up2010__row21066,lgd_block_code,,1748.0
2010_2015,up2010__row21070,lgd_block_code,,1748.0
2010_2015,up2010__row21257,lgd_block_code,,1601.0
2010_2015,up2010__row21414,lgd_block_code,,1916.0
2010_2015,up2010__row21452,lgd_block_code,,1575.0
2010_2015,up2010__row21454,lgd_block_code,,1429.0
2010_2015,up2010__row21480,lgd_block_code,,1477.0
2010_2015,up2010__row21488,lgd_block_code,,1748.0
2010_2015,up2010__row2160,lgd_block_code,,1914.0
2010_2015,up2010__row21614,lgd_block_code,,1748.0
2010_2015,up2010__row21634,lgd_block_code,,2040.0
2010_2015,up2010__row217,lgd_block_code,,2090.0
2010_2015,up2010__row22003,lgd_block_code,,1748.0
2010_2015,up2010__row22009,lgd_block_code,,1688.0
2010_2015,up2010__row22156,lgd_block_code,,1692.0
2010_2015,up2010__row22471,lgd_block_code,,1916.0
2010_2015,up2010__row22655,lgd_block_code,,1429.0
2010_2015,up2010__row22737,lgd_block_code,,1495.0
2010_2015,up2010__row2284,lgd_block_code,,1439.0
2010_2015,up2010__row22852,lgd_block_code,,2165.0
2010_2015,up2010__row22922,lgd_block_code,,2176.0
2010_2015,up2010__row22929,lgd_block_code,,2166.0
2010_2015,up2010__row23031,lgd_block_code,,1516.0
2010_2015,up2010__row23079,lgd_block_code,,1748.0
2010_2015,up2010__row23167,lgd_block_code,,1413.0
2010_2015,up2010__row23228,lgd_block_code,,1778.0
2010_2015,up2010__row23369,lgd_block_code,,1784.0
2010_2015,up2010__row23592,lgd_block_code,,1501.0
2010_2015,up2010__row236,lgd_block_code,,2090.0
2010_2015,up2010__row23673,lgd_block_code,,1501.0
2010_2015,up2010__row23711,lgd_block_code,,1390.0
2010_2015,up2010__row23728,lgd_block_code,,1501.0
2010_2015,up2010__row23733,lgd_block_code,,1748.0
2010_2015,up2010__row23871,lgd_block_code,,1757.0
2010_2015,up2010__row23944,lgd_block_code,,1748.0
2010_2015,up2010__row23990,lgd_block_code,,1560.0
2010_2015,up2010__row24174,lgd_block_code,,2119.0
2010_2015,up2010__row24441,lgd_block_code,,2133.0
2010_2015,up2010__row24469,lgd_block_code,,1863.0
2010_2015,up2010__row24488,lgd_block_code,,1619.0
2010_2015,up2010__row245,lgd_block_code,,2090.0
2010_2015,up2010__row24573,lgd_block_code,,1566.0
2010_2015,up2010__row24850,lgd_block_code,,1772.0
2010_2015,up2010__row24859,lgd_block_code,,1390.0
2010_2015,up2010__row24872,lgd_block_code,,1748.0
2010_2015,up2010__row24962,lgd_block_code,,1748.0
2010_2015,up2010__row25075,lgd_block_code,,2165.0
2010_2015,up2010__row25363,lgd_block_code,,1575.0
2010_2015,up2010__row25376,lgd_block_code,,1537.0
2010_2015,up2010__row25388,lgd_block_code,,2166.0
2010_2015,up2010__row25452,lgd_block_code,,2166.0
2010_2015,up2010__row25539,lgd_block_code,,2133.0
2010_2015,up2010__row2563,lgd_block_code,,1874.0
2010_2015,up2010__row25966,lgd_block_code,,1874.0
2010_2015,up2010__row26046,lgd_block_code,,1874.0
2010_2015,up2010__row26071,lgd_block_code,,1439.0
2010_2015,up2010__row26080,lgd_block_code,,2117.0
2010_2015,up2010__row26210,lgd_block_code,,2173.0
2010_2015,up2010__row26353,lgd_block_code,,1555.0
2010_2015,up2010__row26372,lgd_block_code,,1429.0
2010_2015,up2010__row26511,lgd_block_code,,1781.0
2010_2015,up2010__row26561,lgd_block_code,,2173.0
2010_2015,up2010__row26625,lgd_block_code,,1575.0
2010_2015,up2010__row26682,lgd_block_code,,1874.0
2010_2015,up2010__row26701,lgd_block_code,,1772.0
2010_2015,up2010__row2675,lgd_block_code,,1794.0
2010_2015,up2010__row26892,lgd_block_code,,1781.0
2010_2015,up2010__row26917,lgd_block_code,,1751.0
2010_2015,up2010__row27201,lgd_block_code,,2040.0
2010_2015,up2010__row27242,lgd_block_code,,1784.0
2010_2015,up2010__row27274,lgd_block_code,,1537.0
2010_2015,up2010__row27421,lgd_block_code,,1624.0
2010_2015,up2010__row27693,lgd_block_code,,1863.0
2010_2015,up2010__row27787,lgd_block_code,,2043.0
2010_2015,up2010__row27990,lgd_block_code,,1822.0
2010_2015,up2010__row27993,lgd_block_code,,1937.0
2010_2015,up2010__row28029,lgd_block_code,,1751.0
2010_2015,up2010__row28035,lgd_block_code,,1477.0
2010_2015,up2010__row28093,lgd_block_code,,1883.0
2010_2015,up2010__row28202,lgd_block_code,,1439.0
2010_2015,up2010__row28247,lgd_block_code,,1555.0
2010_2015,up2010__row28463,lgd_block_code,,1688.0
2010_2015,up2010__row28816,lgd_block_code,,1674.0
2010_2015,up2010__row28817,lgd_block_code,,1555.0
2010_2015,up2010__row28903,lgd_block_code,,1501.0
2010_2015,up2010__row28983,lgd_block_code,,1688.0
2010_2015,up2010__row29162,lgd_block_code,,2027.0
2010_2015,up2010__row29205,lgd_block_code,,1697.0
2010_2015,up2010__row29559,lgd_block_code,,1619.0
2010_2015,up2010__row29588,lgd_block_code,,1781.0
2010_2015,up2010__row29593,lgd_block_code,,1555.0
2010_2015,up2010__row29597,lgd_block_code,,1624.0
2010_2015,up2010__row29662,lgd_block_code,,1821.0
2010_2015,up2010__row29773,lgd_block_code,,1390.0
2010_2015,up2010__row29789,lgd_block_code,,2133.0
2010_2015,up2010__row29798,lgd_block_code,,1527.0
2010_2015,up2010__row30090,lgd_block_code,,1704.0
2010_2015,up2010__row301,lgd_block_code,,2034.0
2010_2015,up2010__row3015,lgd_block_code,,1834.0
2010_2015,up2010__row30206,lgd_block_code,,1772.0
2010_2015,up2010__row30216,lgd_block_code,,1781.0
2010_2015,up2010__row30287,lgd_block_code,,2090.0
2010_2015,up2010__row30364,lgd_block_code,,1429.0
2010_2015,up2010__row30435,lgd_block_code,,1783.0
2010_2015,up2010__row30539,lgd_block_code,,2043.0
2010_2015,up2010__row30565,lgd_block_code,,2166.0
2010_2015,up2010__row30585,lgd_block_code,,1390.0
2010_2015,up2010__row3065,lgd_block_code,,1665.0
2010_2015,up2010__row30776,lgd_block_code,,1821.0
2010_2015,up2010__row30833,lgd_block_code,,1566.0
2010_2015,up2010__row30909,lgd_block_code,,1429.0
2010_2015,up2010__row31020,lgd_block_code,,1555.0
2010_2015,up2010__row31067,lgd_block_code,,1425.0
2010_2015,up2010__row31290,lgd_block_code,,1834.0
2010_2015,up2010__row31453,lgd_block_code,,1834.0
2010_2015,up2010__row31586,lgd_block_code,,1772.0
2010_2015,up2010__row31679,lgd_block_code,,1560.0
2010_2015,up2010__row31711,lgd_block_code,,2133.0
2010_2015,up2010__row31973,lgd_block_code,,1555.0
2010_2015,up2010__row32186,lgd_block_code,,2090.0
2010_2015,up2010__row32255,lgd_block_code,,1560.0
2010_2015,up2010__row3234,lgd_block_code,,1701.0
2010_2015,up2010__row32352,lgd_block_code,,2173.0
2010_2015,up2010__row324,lgd_block_code,,2090.0
2010_2015,up2010__row32916,lgd_block_code,,1694.0
2010_2015,up2010__row32926,lgd_block_code,,1794.0
2010_2015,up2010__row32936,lgd_block_code,,1439.0
2010_2015,up2010__row32941,lgd_block_code,,2043.0
2010_2015,up2010__row33033,lgd_block_code,,2133.0
2010_2015,up2010__row331,lgd_block_code,,2090.0
2010_2015,up2010__row33159,lgd_block_code,,1555.0
2010_2015,up2010__row33269,lgd_block_code,,2043.0
2010_2015,up2010__row33277,lgd_block_code,,1863.0
2010_2015,up2010__row33286,lgd_block_code,,1619.0
2010_2015,up2010__row33297,lgd_block_code,,1704.0
2010_2015,up2010__row33336,lgd_block_code,,2119.0
2010_2015,up2010__row33357,lgd_block_code,,1580.0
2010_2015,up2010__row3353,lgd_block_code,,1440.0
2010_2015,up2010__row33579,lgd_block_code,,1821.0
2010_2015,up2010__row33595,lgd_block_code,,1555.0
2010_2015,up2010__row33710,lgd_block_code,,1665.0
2010_2015,up2010__row33734,lgd_block_code,,1772.0
2010_2015,up2010__row33935,lgd_block_code,,1619.0
2010_2015,up2010__row33952,lgd_block_code,,2117.0
2010_2015,up2010__row3414,lgd_block_code,,1578.0
2010_2015,up2010__row34621,lgd_block_code,,1413.0
2010_2015,up2010__row347,lgd_block_code,,2090.0
2010_2015,up2010__row34814,lgd_block_code,,1665.0
2010_2015,up2010__row34877,lgd_block_code,,1555.0
2010_2015,up2010__row35066,lgd_block_code,,1781.0
2010_2015,up2010__row35457,lgd_block_code,,2133.0
2010_2015,up2010__row35498,lgd_block_code,,1477.0
2010_2015,up2010__row35541,lgd_block_code,,2117.0
2010_2015,up2010__row35563,lgd_block_code,,1477.0
2010_2015,up2010__row35714,lgd_block_code,,1624.0
2010_2015,up2010__row35741,lgd_block_code,,1580.0
2010_2015,up2010__row35781,lgd_block_code,,2133.0
2010_2015,up2010__row35897,lgd_block_code,,1916.0
2010_2015,up2010__row35908,lgd_block_code,,2027.0
2010_2015,up2010__row36030,lgd_block_code,,1778.0
2010_2015,up2010__row36427,lgd_block_code,,1575.0
2010_2015,up2010__row36460,lgd_block_code,,2165.0
2010_2015,up2010__row36517,lgd_block_code,,1675.0
2010_2015,up2010__row36537,lgd_block_code,,2133.0
2010_2015,up2010__row36707,lgd_block_code,,1555.0
2010_2015,up2010__row36718,lgd_block_code,,1416.0
2010_2015,up2010__row36751,lgd_block_code,,1414.0
2010_2015,up2010__row36797,lgd_block_code,,1822.0
2010_2015,up2010__row36835,lgd_block_code,,1575.0
2010_2015,up2010__row36852,lgd_block_code,,1821.0
2010_2015,up2010__row36967,lgd_block_code,,2043.0
2010_2015,up2010__row37023,lgd_block_code,2165.0,
2010_2015,up2010__row37041,lgd_block_code,,2165.0
2010_2015,up2010__row37052,lgd_block_code,,1427.0
2010_2015,up2010__row37110,lgd_block_code,,1835.0
2010_2015,up2010__row37393,lgd_block_code,,1541.0
2010_2015,up2010__row37509,lgd_block_code,,1822.0
2010_2015,up2010__row37751,lgd_block_code,,1501.0
2010_2015,up2010__row37834,lgd_block_code,,1751.0
2010_2015,up2010__row37861,lgd_block_code,,1874.0
2010_2015,up2010__row3798,lgd_block_code,,2133.0
2010_2015,up2010__row38116,lgd_block_code,,1675.0
2010_2015,up2010__row38296,lgd_block_code,,1932.0
2010_2015,up2010__row38431,lgd_block_code,1822.0,
2010_2015,up2010__row38548,lgd_block_code,,1390.0
2010_2015,up2010__row38639,lgd_block_code,,1390.0
2010_2015,up2010__row38704,lgd_block_code,,1764.0
2010_2015,up2010__row38755,lgd_block_code,,2166.0
2010_2015,up2010__row38765,lgd_block_code,,1863.0
2010_2015,up2010__row38823,lgd_block_code,,2027.0
2010_2015,up2010__row39002,lgd_block_code,,2133.0
2010_2015,up2010__row39051,lgd_block_code,,1413.0
2010_2015,up2010__row39342,lgd_block_code,,1821.0
2010_2015,up2010__row3943,lgd_block_code,,2090.0
2010_2015,up2010__row39449,lgd_block_code,,1688.0
2010_2015,up2010__row39458,lgd_block_code,,1937.0
2010_2015,up2010__row39610,lgd_block_code,,2133.0
2010_2015,up2010__row39676,lgd_block_code,,2090.0
2010_2015,up2010__row39846,lgd_block_code,,1566.0
2010_2015,up2010__row40509,lgd_block_code,,1624.0
2010_2015,up2010__row40534,lgd_block_code,,1772.0
2010_2015,up2010__row40705,lgd_block_code,,1863.0
2010_2015,up2010__row40782,lgd_block_code,,1899.0
2010_2015,up2010__row40784,lgd_block_code,,1863.0
2010_2015,up2010__row40795,lgd_block_code,,1600.0
2010_2015,up2010__row408,lgd_block_code,,1555.0
2010_2015,up2010__row41007,lgd_block_code,,1970.0
2010_2015,up2010__row41096,lgd_block_code,,1472.0
2010_2015,up2010__row41361,lgd_block_code,,1575.0
2010_2015,up2010__row41363,lgd_block_code,,1575.0
2010_2015,up2010__row41366,lgd_block_code,,1575.0
2010_2015,up2010__row41367,lgd_block_code,,1575.0
2010_2015,up2010__row41937,lgd_block_code,,1598.0
2010_2015,up2010__row41953,lgd_block_code,,1598.0
2010_2015,up2010__row41955,lgd_block_code,,1598.0
2010_2015,up2010__row41963,lgd_block_code,,1583.0
2010_2015,up2010__row4210,lgd_block_code,,1822.0
2010_2015,up2010__row42272,lgd_block_code,,1923.0
2010_2015,up2010__row4238,lgd_block_code,,1428.0
2010_2015,up2010__row4253,lgd_block_code,,2027.0
2010_2015,up2010__row42779,lgd_block_code,,1704.0
2010_2015,up2010__row42780,lgd_block_code,,1704.0
2010_2015,up2010__row42794,lgd_block_code,,1704.0
2010_2015,up2010__row43177,lgd_block_code,,1847.0
2010_2015,up2010__row43178,lgd_block_code,,1847.0
2010_2015,up2010__row43180,lgd_block_code,,1847.0
2010_2015,up2010__row43186,lgd_block_code,,1847.0
2010_2015,up2010__row43187,lgd_block_code,1847.0,
2010_2015,up2010__row43189,lgd_block_code,,1847.0
2010_2015,up2010__row43487,lgd_block_code,,1443.0
2010_2015,up2010__row43489,lgd_block_code,,1443.0
2010_2015,up2010__row43494,lgd_block_code,,1443.0
2010_2015,up2010__row43498,lgd_block_code,,1443.0
2010_2015,up2010__row4356,lgd_block_code,,1791.0
2010_2015,up2010__row4414,lgd_block_code,,1575.0
2010_2015,up2010__row44194,lgd_block_code,,1910.0
2010_2015,up2010__row44861,lgd_block_code,,1772.0
2010_2015,up2010__row44868,lgd_block_code,,1772.0
2010_2015,up2010__row45276,lgd_block_code,,1694.0
2010_2015,up2010__row45277,lgd_block_code,,1694.0
2010_2015,up2010__row45278,lgd_block_code,,1694.0
2010_2015,up2010__row45279,lgd_block_code,,1694.0
2010_2015,up2010__row45280,lgd_block_code,,1694.0
2010_2015,up2010__row45281,lgd_block_code,,1694.0
2010_2015,up2010__row45282,lgd_block_code,,1694.0
2010_2015,up2010__row45283,lgd_block_code,,1694.0
2010_2015,up2010__row45284,lgd_block_code,,1694.0
2010_2015,up2010__row45286,lgd_block_code,,1694.0
2010_2015,up2010__row45287,lgd_block_code,,1694.0
2010_2015,up2010__row45288,lgd_block_code,,1694.0
2010_2015,up2010__row45289,lgd_block_code,,1694.0
2010_2015,up2010__row45290,lgd_block_code,,1694.0
2010_2015,up2010__row45417,lgd_block_code,,1688.0
2010_2015,up2010__row45419,lgd_block_code,,1688.0
2010_2015,up2010__row45420,lgd_block_code,,1688.0
2010_2015,up2010__row45424,lgd_block_code,,1688.0
2010_2015,up2010__row45425,lgd_block_code,,1688.0
2010_2015,up2010__row45426,lgd_block_code,,1688.0
2010_2015,up2010__row45428,lgd_block_code,,1688.0
2010_2015,up2010__row45429,lgd_block_code,,1688.0
2010_2015,up2010__row45430,lgd_block_code,,1688.0
2010_2015,up2010__row45431,lgd_block_code,,1688.0
2010_2015,up2010__row45433,lgd_block_code,,1688.0
2010_2015,up2010__row45435,lgd_block_code,,1688.0
2010_2015,up2010__row45439,lgd_block_code,,1688.0
2010_2015,up2010__row45513,lgd_block_code,,1875.0
2010_2015,up2010__row45578,lgd_block_code,,1429.0
2010_2015,up2010__row45579,lgd_block_code,,1429.0
2010_2015,up2010__row45580,lgd_block_code,,1429.0
2010_2015,up2010__row45581,lgd_block_code,,1429.0
2010_2015,up2010__row45582,lgd_block_code,,1429.0
2010_2015,up2010__row45583,lgd_block_code,,1429.0
2010_2015,up2010__row45584,lgd_block_code,,1429.0
2010_2015,up2010__row45585,lgd_block_code,,1429.0
2010_2015,up2010__row45587,lgd_block_code,,1429.0
2010_2015,up2010__row45593,lgd_block_code,,1429.0
2010_2015,up2010__row45594,lgd_block_code,,1429.0
2010_2015,up2010__row45595,lgd_block_code,1429.0,
2010_2015,up2010__row45683,lgd_block_code,,1428.0
2010_2015,up2010__row45685,lgd_block_code,,1428.0
2010_2015,up2010__row45686,lgd_block_code,,1428.0
2010_2015,up2010__row45687,lgd_block_code,,1428.0
2010_2015,up2010__row45688,lgd_block_code,,1428.0
2010_2015,up2010__row45691,lgd_block_code,,1428.0
2010_2015,up2010__row46488,lgd_block_code,,1783.0
2010_2015,up2010__row46489,lgd_block_code,,1783.0
2010_2015,up2010__row47405,lgd_block_code,,1479.0
2010_2015,up2010__row47700,lgd_block_code,,1747.0
2010_2015,up2010__row47703,lgd_block_code,,1747.0
2010_2015,up2010__row47704,lgd_block_code,,1747.0
2010_2015,up2010__row47705,lgd_block_code,,1747.0
2010_2015,up2010__row48088,lgd_block_code,,2159.0
2010_2015,up2010__row48321,lgd_block_code,,1675.0
2010_2015,up2010__row48325,lgd_block_code,,1675.0
2010_2015,up2010__row48410,lgd_block_code,,1674.0
2010_2015,up2010__row4845,lgd_block_code,,1575.0
2010_2015,up2010__row48480,lgd_block_code,,1566.0
2010_2015,up2010__row48889,lgd_block_code,,1769.0
2010_2015,up2010__row48916,lgd_block_code,,1755.0
2010_2015,up2010__row48917,lgd_block_code,,1755.0
2010_2015,up2010__row48918,lgd_block_code,,1755.0
2010_2015,up2010__row48921,lgd_block_code,,1755.0
2010_2015,up2010__row48922,lgd_block_code,,1755.0
2010_2015,up2010__row48925,lgd_block_code,,1755.0
2010_2015,up2010__row49216,lgd_block_code,,1933.0
2010_2015,up2010__row49772,lgd_block_code,,1497.0
2010_2015,up2010__row49832,lgd_block_code,1501.0,
2010_2015,up2010__row49842,lgd_block_code,,1501.0
2010_2015,up2010__row49843,lgd_block_code,,1501.0
2010_2015,up2010__row49845,lgd_block_code,,1501.0
2010_2015,up2010__row49846,lgd_block_code,,1501.0
2010_2015,up2010__row49848,lgd_block_code,,1501.0
2010_2015,up2010__row49850,lgd_block_code,,1501.0
2010_2015,up2010__row49857,lgd_block_code,,1501.0
2010_2015,up2010__row49858,lgd_block_code,,1501.0
2010_2015,up2010__row49862,lgd_block_code,,1501.0
2010_2015,up2010__row50624,lgd_block_code,,2204.0
2010_2015,up2010__row50805,lgd_block_code,,1805.0
2010_2015,up2010__row5084,lgd_block_code,,1495.0
2010_2015,up2010__row50911,lgd_block_code,,1820.0
2010_2015,up2010__row550,lgd_block_code,,2173.0
2010_2015,up2010__row5539,lgd_block_code,,2027.0
2010_2015,up2010__row5573,lgd_block_code,,2027.0
2010_2015,up2010__row5632,lgd_block_code,,1781.0
2010_2015,up2010__row5635,lgd_block_code,,1619.0
2010_2015,up2010__row5653,lgd_block_code,,1555.0
2010_2015,up2010__row5844,lgd_block_code,,2133.0
2010_2015,up2010__row5891,lgd_block_code,,1772.0
2010_2015,up2010__row626,lgd_block_code,,1555.0
2010_2015,up2010__row657,lgd_block_code,,2173.0
2010_2015,up2010__row6646,lgd_block_code,,1780.0
2010_2015,up2010__row6679,lgd_block_code,,1543.0
2010_2015,up2010__row6814,lgd_block_code,,2146.0
2010_2015,up2010__row6842,lgd_block_code,,1495.0
2010_2015,up2010__row7076,lgd_block_code,,2166.0
2010_2015,up2010__row7094,lgd_block_code,,2133.0
2010_2015,up2010__row7164,lgd_block_code,,2027.0
2010_2015,up2010__row7227,lgd_block_code,,1778.0
2010_2015,up2010__row7340,lgd_block_code,,1821.0
2010_2015,up2010__row7427,lgd_block_code,,2165.0
2010_2015,up2010__row7659,lgd_block_code,,1788.0
2010_2015,up2010__row767,lgd_block_code,,2173.0
2010_2015,up2010__row7766,lgd_block_code,,1751.0
2010_2015,up2010__row8233,lgd_block_code,,1918.0
2010_2015,up2010__row8259,lgd_block_code,,1619.0
2010_2015,up2010__row8350,lgd_block_code,,1788.0
2010_2015,up2010__row8392,lgd_block_code,,1566.0
2010_2015,up2010__row854,lgd_block_code,,1555.0
2010_2015,up2010__row8703,lgd_block_code,,2165.0
2010_2015,up2010__row8713,lgd_block_code,,1600.0
2010_2015,up2010__row8739,lgd_block_code,,1390.0
2010_2015,up2010__row9039,lgd_block_code,,1834.0
2010_2015,up2010__row916,lgd_block_code,,2173.0
2010_2015,up2010__row9177,lgd_block_code,,1477.0
2010_2015,up2010__row940,lgd_block_code,,2173.0
2010_2015,up2010__row9405,lgd_block_code,,2027.0
2010_2015,up2010__row9523,lgd_block_code,,2027.0
2010_2015,up2010__row9648,lgd_block_code,,1817.0
2010_2015,up2010__row9890,lgd_block_code,,1619.0
2015_2021,up2015__row10156,lgd_block_code,,1472.0
2015_2021,up2015__row121,lgd_block_code,,1923.0
2015_2021,up2015__row12250,lgd_block_code,,1747.0
2015_2021,up2015__row12253,lgd_block_code,,1747.0
2015_2021,up2015__row12254,lgd_block_code,,1747.0
2015_2021,up2015__row12255,lgd_block_code,,1747.0
2015_2021,up2015__row13137,lgd_block_code,,1748.0
2015_2021,up2015__row13138,lgd_block_code,,1748.0
2015_2021,up2015__row13139,lgd_block_code,,1748.0
2015_2021,up2015__row13140,lgd_block_code,,1748.0
2015_2021,up2015__row13141,lgd_block_code,,1748.0
2015_2021,up2015__row13142,lgd_block_code,,1748.0
2015_2021,up2015__row13146,lgd_block_code,,1748.0
2015_2021,up2015__row13147,lgd_block_code,,1748.0
2015_2021,up2015__row13148,lgd_block_code,,1748.0
2015_2021,up2015__row13150,lgd_block_code,,1748.0
2015_2021,up2015__row13151,lgd_block_code,,1748.0
2015_2021,up2015__row13152,lgd_block_code,,1748.0
2015_2021,up2015__row13155,lgd_block_code,,1748.0
2015_2021,up2015__row13156,lgd_block_code,,1748.0
2015_2021,up2015__row13157,lgd_block_code,,1748.0
2015_2021,up2015__row13159,lgd_block_code,,1748.0
2015_2021,up2015__row13468,lgd_block_code,,1497.0
2015_2021,up2015__row13642,lgd_block_code,1501.0,
2015_2021,up2015__row13668,lgd_block_code,,1501.0
2015_2021,up2015__row13669,lgd_block_code,,1501.0
2015_2021,up2015__row13670,lgd_block_code,,1501.0
2015_2021,up2015__row13674,lgd_block_code,,1501.0
2015_2021,up2015__row13675,lgd_block_code,,1501.0
2015_2021,up2015__row13676,lgd_block_code,,1501.0
2015_2021,up2015__row13677,lgd_block_code,,1501.0
2015_2021,up2015__row13679,lgd_block_code,,1501.0
2015_2021,up2015__row13680,lgd_block_code,,1501.0
2015_2021,up2015__row13682,lgd_block_code,,1501.0
2015_2021,up2015__row1375,lgd_block_code,,1805.0
2015_2021,up2015__row13755,lgd_block_code,,1495.0
2015_2021,up2015__row13758,lgd_block_code,,1495.0
2015_2021,up2015__row13771,lgd_block_code,,1495.0
2015_2021,up2015__row13781,lgd_block_code,,1495.0
2015_2021,up2015__row14750,lgd_block_code,,1619.0
2015_2021,up2015__row14753,lgd_block_code,,1619.0
2015_2021,up2015__row14754,lgd_block_code,,1619.0
2015_2021,up2015__row14756,lgd_block_code,,1619.0
2015_2021,up2015__row14757,lgd_block_code,,1619.0
2015_2021,up2015__row14758,lgd_block_code,,1619.0
2015_2021,up2015__row15760,lgd_block_code,,1772.0
2015_2021,up2015__row15767,lgd_block_code,,1772.0
2015_2021,up2015__row15768,lgd_block_code,,1772.0
2015_2021,up2015__row15772,lgd_block_code,,1772.0
2015_2021,up2015__row15773,lgd_block_code,,1772.0
2015_2021,up2015__row15775,lgd_block_code,,1772.0
2015_2021,up2015__row15783,lgd_block_code,,1772.0
2015_2021,up2015__row15784,lgd_block_code,,1772.0
2015_2021,up2015__row15785,lgd_block_code,,1772.0
2015_2021,up2015__row15789,lgd_block_code,,1772.0
2015_2021,up2015__row15790,lgd_block_code,,1772.0
2015_2021,up2015__row15791,lgd_block_code,,1772.0
2015_2021,up2015__row15792,lgd_block_code,,1772.0
2015_2021,up2015__row15793,lgd_block_code,,1772.0
2015_2021,up2015__row1737,lgd_block_code,,1822.0
2015_2021,up2015__row1738,lgd_block_code,,1822.0
2015_2021,up2015__row1747,lgd_block_code,1822.0,
2015_2021,up2015__row18846,lgd_block_code,,1555.0
2015_2021,up2015__row18847,lgd_block_code,,1555.0
2015_2021,up2015__row18849,lgd_block_code,,1555.0
2015_2021,up2015__row18850,lgd_block_code,,1555.0
2015_2021,up2015__row18851,lgd_block_code,,1555.0
2015_2021,up2015__row18852,lgd_block_code,,1555.0
2015_2021,up2015__row18860,lgd_block_code,,1555.0
2015_2021,up2015__row18861,lgd_block_code,,1555.0
2015_2021,up2015__row18862,lgd_block_code,,1555.0
2015_2021,up2015__row18863,lgd_block_code,,1555.0
2015_2021,up2015__row18864,lgd_block_code,,1555.0
2015_2021,up2015__row18871,lgd_block_code,,1555.0
2015_2021,up2015__row18873,lgd_block_code,,1555.0
2015_2021,up2015__row18874,lgd_block_code,,1555.0
2015_2021,up2015__row18876,lgd_block_code,,1555.0
2015_2021,up2015__row18877,lgd_block_code,,1555.0
2015_2021,up2015__row18878,lgd_block_code,,1555.0
2015_2021,up2015__row18880,lgd_block_code,,1555.0
2015_2021,up2015__row18882,lgd_block_code,,1555.0
2015_2021,up2015__row18883,lgd_block_code,,1555.0
2015_2021,up2015__row19307,lgd_block_code,,1543.0
2015_2021,up2015__row19320,lgd_block_code,,1543.0
2015_2021,up2015__row19532,lgd_block_code,,1541.0
2015_2021,up2015__row22848,lgd_block_code,,1704.0
2015_2021,up2015__row22849,lgd_block_code,,1704.0
2015_2021,up2015__row22877,lgd_block_code,,1704.0
2015_2021,up2015__row22884,lgd_block_code,,1704.0
2015_2021,up2015__row22991,lgd_block_code,,1701.0
2015_2021,up2015__row23358,lgd_block_code,,1935.0
2015_2021,up2015__row23658,lgd_block_code,,1937.0
2015_2021,up2015__row23681,lgd_block_code,,1937.0
2015_2021,up2015__row23684,lgd_block_code,,1937.0
2015_2021,up2015__row23692,lgd_block_code,,1937.0
2015_2021,up2015__row23699,lgd_block_code,,1937.0
2015_2021,up2015__row23720,lgd_block_code,,1933.0
2015_2021,up2015__row25600,lgd_block_code,,1970.0
2015_2021,up2015__row27224,lgd_block_code,,2027.0
2015_2021,up2015__row27226,lgd_block_code,,2027.0
2015_2021,up2015__row27228,lgd_block_code,,2027.0
2015_2021,up2015__row27235,lgd_block_code,,2027.0
2015_2021,up2015__row27236,lgd_block_code,,2027.0
2015_2021,up2015__row27238,lgd_block_code,,2027.0
2015_2021,up2015__row27245,lgd_block_code,,2027.0
2015_2021,up2015__row27666,lgd_block_code,,1566.0
2015_2021,up2015__row27670,lgd_block_code,,1566.0
2015_2021,up2015__row27673,lgd_block_code,,1566.0
2015_2021,up2015__row27678,lgd_block_code,,1566.0
2015_2021,up2015__row27703,lgd_block_code,,1566.0
2015_2021,up2015__row27905,lgd_block_code,,1560.0
2015_2021,up2015__row27906,lgd_block_code,,1560.0
2015_2021,up2015__row27920,lgd_block_code,,1560.0
2015_2021,up2015__row28081,lgd_block_code,,1564.0
2015_2021,up2015__row28083,lgd_block_code,,1564.0
2015_2021,up2015__row28087,lgd_block_code,,1564.0
2015_2021,up2015__row28089,lgd_block_code,,1564.0
2015_2021,up2015__row28090,lgd_block_code,,1564.0
2015_2021,up2015__row29296,lgd_block_code,,1918.0
2015_2021,up2015__row29297,lgd_block_code,,1918.0
2015_2021,up2015__row29364,lgd_block_code,,1916.0
2015_2021,up2015__row30061,lgd_block_code,,2133.0
2015_2021,up2015__row30062,lgd_block_code,,2133.0
2015_2021,up2015__row30063,lgd_block_code,,2133.0
2015_2021,up2015__row30065,lgd_block_code,,2133.0
2015_2021,up2015__row30066,lgd_block_code,,2133.0
2015_2021,up2015__row30067,lgd_block_code,,2133.0
2015_2021,up2015__row30069,lgd_block_code,,2133.0
2015_2021,up2015__row30074,lgd_block_code,,2133.0
2015_2021,up2015__row30076,lgd_block_code,,2133.0
2015_2021,up2015__row30077,lgd_block_code,,2133.0
2015_2021,up2015__row30079,lgd_block_code,,2133.0
2015_2021,up2015__row30080,lgd_block_code,,2133.0
2015_2021,up2015__row30081,lgd_block_code,,2133.0
2015_2021,up2015__row30082,lgd_block_code,,2133.0
2015_2021,up2015__row32039,lgd_block_code,,1863.0
2015_2021,up2015__row32045,lgd_block_code,,1863.0
2015_2021,up2015__row32048,lgd_block_code,,1863.0
2015_2021,up2015__row32049,lgd_block_code,,1863.0
2015_2021,up2015__row32050,lgd_block_code,,1863.0
2015_2021,up2015__row34103,lgd_block_code,,1390.0
2015_2021,up2015__row34106,lgd_block_code,,1390.0
2015_2021,up2015__row34110,lgd_block_code,,1390.0
2015_2021,up2015__row34119,lgd_block_code,,1390.0
2015_2021,up2015__row34120,lgd_block_code,,1390.0
2015_2021,up2015__row34124,lgd_block_code,,1390.0
2015_2021,up2015__row34765,lgd_block_code,,1598.0
2015_2021,up2015__row34781,lgd_block_code,,1598.0
2015_2021,up2015__row34783,lgd_block_code,,1598.0
2015_2021,up2015__row34796,lgd_block_code,,1583.0
2015_2021,up2015__row36130,lgd_block_code,,1665.0
2015_2021,up2015__row36133,lgd_block_code,,1665.0
2015_2021,up2015__row36135,lgd_block_code,,1665.0
2015_2021,up2015__row36141,lgd_block_code,,1665.0
2015_2021,up2015__row36143,lgd_block_code,,1665.0
2015_2021,up2015__row36433,lgd_block_code,,1874.0
2015_2021,up2015__row36436,lgd_block_code,,1874.0
2015_2021,up2015__row36440,lgd_block_code,,1874.0
2015_2021,up2015__row36441,lgd_block_code,,1874.0
2015_2021,up2015__row36442,lgd_block_code,,1874.0
2015_2021,up2015__row36444,lgd_block_code,,1874.0
2015_2021,up2015__row36446,lgd_block_code,,1874.0
2015_2021,up2015__row36605,lgd_block_code,,1875.0
2015_2021,up2015__row3933,lgd_block_code,,2204.0
2015_2021,up2015__row40265,lgd_block_code,,1516.0
2015_2021,up2015__row40677,lgd_block_code,,2117.0
2015_2021,up2015__row40678,lgd_block_code,,2117.0
2015_2021,up2015__row40679,lgd_block_code,,2117.0
2015_2021,up2015__row40685,lgd_block_code,,2117.0
2015_2021,up2015__row41265,lgd_block_code,,2166.0
2015_2021,up2015__row41268,lgd_block_code,,2166.0
2015_2021,up2015__row41286,lgd_block_code,,2166.0
2015_2021,up2015__row41290,lgd_block_code,,2166.0
2015_2021,up2015__row42011,lgd_block_code,,1439.0
2015_2021,up2015__row42017,lgd_block_code,,1439.0
2015_2021,up2015__row42019,lgd_block_code,,1439.0
2015_2021,up2015__row42021,lgd_block_code,,1439.0
2015_2021,up2015__row42023,lgd_block_code,,1439.0
2015_2021,up2015__row44858,lgd_block_code,,1710.0
2015_2021,up2015__row45137,lgd_block_code,,1830.0
2015_2021,up2015__row4597,lgd_block_code,,2040.0
2015_2021,up2015__row4600,lgd_block_code,,2040.0
2015_2021,up2015__row46307,lgd_block_code,,1847.0
2015_2021,up2015__row46308,lgd_block_code,,1847.0
2015_2021,up2015__row46310,lgd_block_code,,1847.0
2015_2021,up2015__row46316,lgd_block_code,,1847.0
2015_2021,up2015__row46317,lgd_block_code,1847.0,
2015_2021,up2015__row46319,lgd_block_code,,1847.0
2015_2021,up2015__row48103,lgd_block_code,,1604.0
2015_2021,up2015__row48104,lgd_block_code,,1604.0
2015_2021,up2015__row48105,lgd_block_code,,1604.0
2015_2021,up2015__row51008,lgd_block_code,,1791.0
2015_2021,up2015__row5106,lgd_block_code,,2043.0
2015_2021,up2015__row5107,lgd_block_code,,2043.0
2015_2021,up2015__row5110,lgd_block_code,,2043.0
2015_2021,up2015__row5112,lgd_block_code,,2043.0
2015_2021,up2015__row51141,lgd_block_code,,1783.0
2015_2021,up2015__row5116,lgd_block_code,,2043.0
2015_2021,up2015__row51198,lgd_block_code,,1794.0
2015_2021,up2015__row51202,lgd_block_code,,1794.0
2015_2021,up2015__row51233,lgd_block_code,,1794.0
2015_2021,up2015__row51699,lgd_block_code,,1778.0
2015_2021,up2015__row51708,lgd_block_code,,1778.0
2015_2021,up2015__row51714,lgd_block_code,,1778.0
2015_2021,up2015__row51742,lgd_block_code,,1788.0
2015_2021,up2015__row51886,lgd_block_code,,1780.0
2015_2021,up2015__row51941,lgd_block_code,1784.0,
2015_2021,up2015__row51974,lgd_block_code,,1784.0
2015_2021,up2015__row51975,lgd_block_code,,1784.0
2015_2021,up2015__row52021,lgd_block_code,,1781.0
2015_2021,up2015__row52024,lgd_block_code,,1781.0
2015_2021,up2015__row52030,lgd_block_code,,1781.0
2015_2021,up2015__row52033,lgd_block_code,,1781.0
2015_2021,up2015__row52036,lgd_block_code,,1781.0
2015_2021,up2015__row52041,lgd_block_code,,1781.0
2015_2021,up2015__row52047,lgd_block_code,,1781.0
2015_2021,up2015__row52056,lgd_block_code,,1781.0
2015_2021,up2015__row52316,lgd_block_code,,1692.0
2015_2021,up2015__row52396,lgd_block_code,,1694.0
2015_2021,up2015__row52397,lgd_block_code,,1694.0
2015_2021,up2015__row52398,lgd_block_code,,1694.0
2015_2021,up2015__row52400,lgd_block_code,,1694.0
2015_2021,up2015__row52401,lgd_block_code,,1694.0
2015_2021,up2015__row52403,lgd_block_code,,1694.0
2015_2021,up2015__row52404,lgd_block_code,,1694.0
2015_2021,up2015__row52405,lgd_block_code,,1694.0
2015_2021,up2015__row52407,lgd_block_code,,1694.0
2015_2021,up2015__row52408,lgd_block_code,,1694.0
2015_2021,up2015__row52409,lgd_block_code,,1694.0
2015_2021,up2015__row52410,lgd_block_code,,1694.0
2015_2021,up2015__row52411,lgd_block_code,,1694.0
2015_2021,up2015__row52707,lgd_block_code,,1688.0
2015_2021,up2015__row52711,lgd_block_code,,1688.0
2015_2021,up2015__row52712,lgd_block_code,,1688.0
2015_2021,up2015__row52713,lgd_block_code,,1688.0
2015_2021,up2015__row52715,lgd_block_code,,1688.0
2015_2021,up2015__row52716,lgd_block_code,,1688.0
2015_2021,up2015__row52717,lgd_block_code,,1688.0
2015_2021,up2015__row52718,lgd_block_code,,1688.0
2015_2021,up2015__row52720,lgd_block_code,,1688.0
2015_2021,up2015__row52722,lgd_block_code,,1688.0
2015_2021,up2015__row52726,lgd_block_code,,1688.0
2015_2021,up2015__row52728,lgd_block_code,,1688.0
2015_2021,up2015__row52731,lgd_block_code,,1688.0
2015_2021,up2015__row52733,lgd_block_code,,1688.0
2015_2021,up2015__row52735,lgd_block_code,,1688.0
2015_2021,up2015__row53036,lgd_block_code,,1697.0
2015_2021,up2015__row54808,lgd_block_code,,2125.0
2015_2021,up2015__row5562,lgd_block_code,,2034.0
2015_2021,up2015__row55946,lgd_block_code,,1910.0
2015_2021,up2015__row56359,lgd_block_code,,1899.0
2015_2021,up2015__row56363,lgd_block_code,,1899.0
2015_2021,up2015__row56365,lgd_block_code,,1899.0
2015_2021,up2015__row6083,lgd_block_code,,1755.0
2015_2021,up2015__row6084,lgd_block_code,,1755.0
2015_2021,up2015__row6085,lgd_block_code,,1755.0
2015_2021,up2015__row6088,lgd_block_code,,1755.0
2015_2021,up2015__row6089,lgd_block_code,,1755.0
2015_2021,up2015__row6092,lgd_block_code,,1755.0
2015_2021,up2015__row6390,lgd_block_code,,1764.0
2015_2021,up2015__row6547,lgd_block_code,,1757.0
2015_2021,up2015__row7187,lgd_block_code,,1751.0
2015_2021,up2015__row7196,lgd_block_code,,1751.0
2015_2021,up2015__row7287,lgd_block_code,,1882.0
2015_2021,up2015__row7290,lgd_block_code,,1882.0
2015_2021,up2015__row7348,lgd_block_code,,1882.0
2015_2021,up2015__row7545,lgd_block_code,,1885.0
2015_2021,up2015__row7548,lgd_block_code,,1885.0
2015_2021,up2015__row7551,lgd_block_code,,1885.0
2015_2021,up2015__row8704,lgd_block_code,,1485.0
2015_2021,up2015__row8829,lgd_block_code,,1477.0
2015_2021,up2015__row8830,lgd_block_code,,1477.0
2015_2021,up2015__row8834,lgd_block_code,,1477.0
2015_2021,up2015__row8836,lgd_block_code,,1477.0
2015_2021,up2015__row8841,lgd_block_code,,1477.0
2015_2021,up2015__row8844,lgd_block_code,,1477.0
2015_2021,up2015__row8850,lgd_block_code,,1477.0
2015_2021,up2015__row8858,lgd_block_code,,1477.0
2005_2010_2015_2021,up2010__row43187,lgd_block_code,1847.0,
2005_2010_2015_2021,up2010__row45595,lgd_block_code,1429.0,
2005_2010_2015_2021,up2010__row20980,lgd_block_code,1784.0,
2005_2010_2015_2021,up2010__row49832,lgd_block_code,1501.0,
2005_2010_2015_2021,up2010__row38431,lgd_block_code,1822.0,
2005_2010,up2010__row43187,lgd_block_name,Umarda,
2005_2010,up2010__row45595,lgd_block_name,Saidabad,
2005_2010,up2010__row20980,lgd_block_name,Harpalpur,
2005_2010,up2010__row48163,lgd_block_name,Dhanpatganj,
2005_2010,up2010__row37023,lgd_block_name,Dhanpatganj,
2005_2010,up2010__row49832,lgd_block_name,Nagra,
2005_2010,up2010__row38431,lgd_block_name,Sikrara,
2005_2010,up2010__row51223,lgd_block_name,Bhadohi,
2010_2015,up2010__row10029,lgd_block_name,,Maudaha
2010_2015,up2010__row10045,lgd_block_name,,Shergarh
2010_2015,up2010__row10073,lgd_block_name,,Chilkahar
2010_2015,up2010__row10118,lgd_block_name,,Shah Ganj
2010_2015,up2010__row1014,lgd_block_name,,Lalganj
2010_2015,up2010__row10177,lgd_block_name,,Bawan
2010_2015,up2010__row10188,lgd_block_name,,Padrauna
2010_2015,up2010__row10417,lgd_block_name,,Kiratpur
2010_2015,up2010__row10486,lgd_block_name,,Siswa
2010_2015,up2010__row10556,lgd_block_name,,Sarsawan
2010_2015,up2010__row10694,lgd_block_name,,Mion
2010_2015,up2010__row10753,lgd_block_name,,Nagra
2010_2015,up2010__row11008,lgd_block_name,,Shergarh
2010_2015,up2010__row11176,lgd_block_name,,Katehari
2010_2015,up2010__row11196,lgd_block_name,,Maudaha
2010_2015,up2010__row1124,lgd_block_name,,Shergarh
2010_2015,up2010__row11267,lgd_block_name,,Bharkhani
2010_2015,up2010__row11297,lgd_block_name,,Saidabad
2010_2015,up2010__row11364,lgd_block_name,,Shergarh
2010_2015,up2010__row11405,lgd_block_name,,Mahewa
2010_2015,up2010__row11417,lgd_block_name,,Behta
2010_2015,up2010__row11455,lgd_block_name,,Balaha
2010_2015,up2010__row11533,lgd_block_name,,Dhanpatganj
2010_2015,up2010__row11673,lgd_block_name,,Nakaha
2010_2015,up2010__row11689,lgd_block_name,,Nakaha
2010_2015,up2010__row12004,lgd_block_name,,Bahua
2010_2015,up2010__row12209,lgd_block_name,,Padrauna
2010_2015,up2010__row12438,lgd_block_name,,Maudaha
2010_2015,up2010__row13067,lgd_block_name,,Dhanapur
2010_2015,up2010__row1316,lgd_block_name,,Shergarh
2010_2015,up2010__row13192,lgd_block_name,,Dhanupur
2010_2015,up2010__row13213,lgd_block_name,,Bharkhani
2010_2015,up2010__row1341,lgd_block_name,,Paras Rampur
2010_2015,up2010__row13500,lgd_block_name,,Shergarh
2010_2015,up2010__row1362,lgd_block_name,,Paras Rampur
2010_2015,up2010__row13886,lgd_block_name,,Puranpur
2010_2015,up2010__row13940,lgd_block_name,,Khajuha
2010_2015,up2010__row14099,lgd_block_name,,Jewar
2010_2015,up2010__row14120,lgd_block_name,,Sirsiya
2010_2015,up2010__row1422,lgd_block_name,,Paras Rampur
2010_2015,up2010__row14230,lgd_block_name,,Dewa
2010_2015,up2010__row14246,lgd_block_name,,Saidabad
2010_2015,up2010__row14361,lgd_block_name,,Khuniyaon
2010_2015,up2010__row14405,lgd_block_name,,Dewa
2010_2015,up2010__row14406,lgd_block_name,,Dewa
2010_2015,up2010__row1458,lgd_block_name,,Paras Rampur
2010_2015,up2010__row1472,lgd_block_name,,Shergarh
2010_2015,up2010__row14737,lgd_block_name,,Bahua
2010_2015,up2010__row14781,lgd_block_name,,Gaur
2010_2015,up2010__row14924,lgd_block_name,,Shergarh
2010_2015,up2010__row14928,lgd_block_name,,Bhadpura
2010_2015,up2010__row14939,lgd_block_name,,Amroha
2010_2015,up2010__row1508,lgd_block_name,,Paras Rampur
2010_2015,up2010__row15141,lgd_block_name,,Shah Ganj
2010_2015,up2010__row15152,lgd_block_name,,Karwi
2010_2015,up2010__row1521,lgd_block_name,,Paras Rampur
2010_2015,up2010__row15219,lgd_block_name,,Balaha
2010_2015,up2010__row15312,lgd_block_name,,Dewa
2010_2015,up2010__row15469,lgd_block_name,,Katehari
2010_2015,up2010__row15593,lgd_block_name,,Behta
2010_2015,up2010__row15651,lgd_block_name,,Khajuha
2010_2015,up2010__row15786,lgd_block_name,,Nagra
2010_2015,up2010__row15804,lgd_block_name,,Bharkhani
2010_2015,up2010__row15936,lgd_block_name,,Pura Bazar
2010_2015,up2010__row16084,lgd_block_name,,Balaha
2010_2015,up2010__row1611,lgd_block_name,,Shergarh
2010_2015,up2010__row16213,lgd_block_name,,Dewa
2010_2015,up2010__row16449,lgd_block_name,,Phoolbehar
2010_2015,up2010__row16596,lgd_block_name,,Kiratpur
2010_2015,up2010__row16616,lgd_block_name,,Dostpur
2010_2015,up2010__row16619,lgd_block_name,,Rupaideeh
2010_2015,up2010__row16737,lgd_block_name,,Dhanupur
2010_2015,up2010__row16943,lgd_block_name,,Amroha
2010_2015,up2010__row17269,lgd_block_name,,Sirsiya
2010_2015,up2010__row17603,lgd_block_name,,Mahewa
2010_2015,up2010__row17996,lgd_block_name,,Noorpur
2010_2015,up2010__row18286,lgd_block_name,,Chilkahar
2010_2015,up2010__row18288,lgd_block_name,,Maudaha
2010_2015,up2010__row18348,lgd_block_name,,Rupaideeh
2010_2015,up2010__row18693,lgd_block_name,,Maudaha
2010_2015,up2010__row18763,lgd_block_name,,Nagra
2010_2015,up2010__row18831,lgd_block_name,,Rupaideeh
2010_2015,up2010__row18834,lgd_block_name,,Santha
2010_2015,up2010__row18908,lgd_block_name,,Shergarh
2010_2015,up2010__row18929,lgd_block_name,,Rupaideeh
2010_2015,up2010__row19310,lgd_block_name,,Kalyanpur
2010_2015,up2010__row19344,lgd_block_name,,Rupaideeh
2010_2015,up2010__row1937,lgd_block_name,,Saidabad
2010_2015,up2010__row19418,lgd_block_name,,Shah Ganj
2010_2015,up2010__row19453,lgd_block_name,,Rupaideeh
2010_2015,up2010__row19471,lgd_block_name,,Saidabad
2010_2015,up2010__row19495,lgd_block_name,,Shergarh
2010_2015,up2010__row19564,lgd_block_name,,Rupaideeh
2010_2015,up2010__row19842,lgd_block_name,,Rupaideeh
2010_2015,up2010__row19991,lgd_block_name,,Shergarh
2010_2015,up2010__row20003,lgd_block_name,,Kurebhar
2010_2015,up2010__row20011,lgd_block_name,,Nakaha
2010_2015,up2010__row20083,lgd_block_name,,Sarsawan
2010_2015,up2010__row20121,lgd_block_name,,Rupaideeh
2010_2015,up2010__row20139,lgd_block_name,,Sarojaninagar
2010_2015,up2010__row20140,lgd_block_name,,Sarojaninagar
2010_2015,up2010__row20175,lgd_block_name,,Tandiyawan
2010_2015,up2010__row20216,lgd_block_name,,Balaha
2010_2015,up2010__row20231,lgd_block_name,,Santha
2010_2015,up2010__row20240,lgd_block_name,,Siswa
2010_2015,up2010__row20261,lgd_block_name,,Bharawan
2010_2015,up2010__row20440,lgd_block_name,,Shergarh
2010_2015,up2010__row20621,lgd_block_name,,Behta
2010_2015,up2010__row20798,lgd_block_name,,Maudaha
2010_2015,up2010__row20829,lgd_block_name,,Milkipur
2010_2015,up2010__row20953,lgd_block_name,,Behta
2010_2015,up2010__row20980,lgd_block_name,Harpalpur,
2010_2015,up2010__row21002,lgd_block_name,,Partawal
2010_2015,up2010__row21066,lgd_block_name,,Rupaideeh
2010_2015,up2010__row21070,lgd_block_name,,Rupaideeh
2010_2015,up2010__row21257,lgd_block_name,,Araniya
2010_2015,up2010__row21414,lgd_block_name,,Malihabad
2010_2015,up2010__row21452,lgd_block_name,,Kiratpur
2010_2015,up2010__row21454,lgd_block_name,,Saidabad
2010_2015,up2010__row21480,lgd_block_name,,Balaha
2010_2015,up2010__row21488,lgd_block_name,,Rupaideeh
2010_2015,up2010__row2160,lgd_block_name,,Kakori
2010_2015,up2010__row21614,lgd_block_name,,Rupaideeh
2010_2015,up2010__row21634,lgd_block_name,,Pratapgarh (Sadar)
2010_2015,up2010__row217,lgd_block_name,,Santha
2010_2015,up2010__row22003,lgd_block_name,,Rupaideeh
2010_2015,up2010__row22009,lgd_block_name,,Bahua
2010_2015,up2010__row22156,lgd_block_name,,Haswa
2010_2015,up2010__row22471,lgd_block_name,,Malihabad
2010_2015,up2010__row22655,lgd_block_name,,Saidabad
2010_2015,up2010__row22737,lgd_block_name,,Chilkahar
2010_2015,up2010__row2284,lgd_block_name,,Katehari
2010_2015,up2010__row22852,lgd_block_name,,Dhanpatganj
2010_2015,up2010__row22922,lgd_block_name,,Motigarpur
2010_2015,up2010__row22929,lgd_block_name,,Dostpur
2010_2015,up2010__row23031,lgd_block_name,,Utraula
2010_2015,up2010__row23079,lgd_block_name,,Rupaideeh
2010_2015,up2010__row23167,lgd_block_name,,Bahadurpur
2010_2015,up2010__row23228,lgd_block_name,,Bawan
2010_2015,up2010__row23369,lgd_block_name,,Harpalpur
2010_2015,up2010__row23592,lgd_block_name,,Nagra
2010_2015,up2010__row236,lgd_block_name,,Santha
2010_2015,up2010__row23673,lgd_block_name,,Nagra
2010_2015,up2010__row23711,lgd_block_name,,Bichpuri
2010_2015,up2010__row23728,lgd_block_name,,Nagra
2010_2015,up2010__row23733,lgd_block_name,,Rupaideeh
2010_2015,up2010__row23871,lgd_block_name,,Chargawan
2010_2015,up2010__row23944,lgd_block_name,,Rupaideeh
2010_2015,up2010__row23990,lgd_block_name,,Gaur
2010_2015,up2010__row24174,lgd_block_name,,Barhni
2010_2015,up2010__row24441,lgd_block_name,,Behta
2010_2015,up2010__row24469,lgd_block_name,,Kalyanpur
2010_2015,up2010__row24488,lgd_block_name,,Dhanapur
2010_2015,up2010__row245,lgd_block_name,,Santha
2010_2015,up2010__row24573,lgd_block_name,,Rudauli
2010_2015,up2010__row24850,lgd_block_name,,Maudaha
2010_2015,up2010__row24859,lgd_block_name,,Bichpuri
2010_2015,up2010__row24872,lgd_block_name,,Rupaideeh
2010_2015,up2010__row24962,lgd_block_name,,Rupaideeh
2010_2015,up2010__row25075,lgd_block_name,,Dhanpatganj
2010_2015,up2010__row25363,lgd_block_name,,Kiratpur
2010_2015,up2010__row25376,lgd_block_name,,Sidhaur
2010_2015,up2010__row25388,lgd_block_name,,Dostpur
2010_2015,up2010__row25452,lgd_block_name,,Dostpur
2010_2015,up2010__row25539,lgd_block_name,,Behta
2010_2015,up2010__row2563,lgd_block_name,,Sarsawan
2010_2015,up2010__row25966,lgd_block_name,,Sarsawan
2010_2015,up2010__row26046,lgd_block_name,,Sarsawan
2010_2015,up2010__row26071,lgd_block_name,,Katehari
2010_2015,up2010__row26080,lgd_block_name,,Sirsiya
2010_2015,up2010__row26210,lgd_block_name,,Kurebhar
2010_2015,up2010__row26353,lgd_block_name,,Shergarh
2010_2015,up2010__row26372,lgd_block_name,,Saidabad
2010_2015,up2010__row26511,lgd_block_name,,Bharkhani
2010_2015,up2010__row26561,lgd_block_name,,Kurebhar
2010_2015,up2010__row26625,lgd_block_name,,Kiratpur
2010_2015,up2010__row26682,lgd_block_name,,Sarsawan
2010_2015,up2010__row26701,lgd_block_name,,Maudaha
2010_2015,up2010__row2675,lgd_block_name,,Tandiyawan
2010_2015,up2010__row26892,lgd_block_name,,Bharkhani
2010_2015,up2010__row26917,lgd_block_name,,Bansgaon
2010_2015,up2010__row27201,lgd_block_name,,Pratapgarh (Sadar)
2010_2015,up2010__row27242,lgd_block_name,,Harpalpur
2010_2015,up2010__row27274,lgd_block_name,,Sidhaur
2010_2015,up2010__row27421,lgd_block_name,,Karwi
2010_2015,up2010__row27693,lgd_block_name,,Kalyanpur
2010_2015,up2010__row27787,lgd_block_name,,Sangipur
2010_2015,up2010__row27990,lgd_block_name,,Sikrara
2010_2015,up2010__row27993,lgd_block_name,,Siswa
2010_2015,up2010__row28029,lgd_block_name,,Bansgaon
2010_2015,up2010__row28035,lgd_block_name,,Balaha
2010_2015,up2010__row28093,lgd_block_name,,Mitauli
2010_2015,up2010__row28202,lgd_block_name,,Katehari
2010_2015,up2010__row28247,lgd_block_name,,Shergarh
2010_2015,up2010__row28463,lgd_block_name,,Bahua
2010_2015,up2010__row28816,lgd_block_name,,Milkipur
2010_2015,up2010__row28817,lgd_block_name,,Shergarh
2010_2015,up2010__row28903,lgd_block_name,,Nagra
2010_2015,up2010__row28983,lgd_block_name,,Bahua
2010_2015,up2010__row29162,lgd_block_name,,Puranpur
2010_2015,up2010__row29205,lgd_block_name,,Vijayipur
2010_2015,up2010__row29559,lgd_block_name,,Dhanapur
2010_2015,up2010__row29588,lgd_block_name,,Bharkhani
2010_2015,up2010__row29593,lgd_block_name,,Shergarh
2010_2015,up2010__row29597,lgd_block_name,,Karwi
2010_2015,up2010__row29662,lgd_block_name,,Shah Ganj
2010_2015,up2010__row29773,lgd_block_name,,Bichpuri
2010_2015,up2010__row29789,lgd_block_name,,Behta
2010_2015,up2010__row29798,lgd_block_name,,Dariyabad
2010_2015,up2010__row30090,lgd_block_name,,Narkhi
2010_2015,up2010__row301,lgd_block_name,,Kunda
2010_2015,up2010__row3015,lgd_block_name,,Amroha
2010_2015,up2010__row30206,lgd_block_name,,Maudaha
2010_2015,up2010__row30216,lgd_block_name,,Bharkhani
2010_2015,up2010__row30287,lgd_block_name,,Santha
2010_2015,up2010__row30364,lgd_block_name,,Saidabad
2010_2015,up2010__row30435,lgd_block_name,,Hariyawan
2010_2015,up2010__row30539,lgd_block_name,,Sangipur
2010_2015,up2010__row30565,lgd_block_name,,Dostpur
2010_2015,up2010__row30585,lgd_block_name,,Bichpuri
2010_2015,up2010__row3065,lgd_block_name,,Mahewa
2010_2015,up2010__row30776,lgd_block_name,,Shah Ganj
2010_2015,up2010__row30833,lgd_block_name,,Rudauli
2010_2015,up2010__row30909,lgd_block_name,,Saidabad
2010_2015,up2010__row31020,lgd_block_name,,Shergarh
2010_2015,up2010__row31067,lgd_block_name,,Mauaima
2010_2015,up2010__row31290,lgd_block_name,,Amroha
2010_2015,up2010__row31453,lgd_block_name,,Amroha
2010_2015,up2010__row31586,lgd_block_name,,Maudaha
2010_2015,up2010__row31679,lgd_block_name,,Gaur
2010_2015,up2010__row31711,lgd_block_name,,Behta
2010_2015,up2010__row31973,lgd_block_name,,Shergarh
2010_2015,up2010__row32186,lgd_block_name,,Santha
2010_2015,up2010__row32255,lgd_block_name,,Gaur
2010_2015,up2010__row3234,lgd_block_name,,Hathwant
2010_2015,up2010__row32352,lgd_block_name,,Kurebhar
2010_2015,up2010__row324,lgd_block_name,,Santha
2010_2015,up2010__row32916,lgd_block_name,,Khajuha
2010_2015,up2010__row32926,lgd_block_name,,Tandiyawan
2010_2015,up2010__row32936,lgd_block_name,,Katehari
2010_2015,up2010__row32941,lgd_block_name,,Sangipur
2010_2015,up2010__row33033,lgd_block_name,,Behta
2010_2015,up2010__row331,lgd_block_name,,Santha
2010_2015,up2010__row33159,lgd_block_name,,Shergarh
2010_2015,up2010__row33269,lgd_block_name,,Sangipur
2010_2015,up2010__row33277,lgd_block_name,,Kalyanpur
2010_2015,up2010__row33286,lgd_block_name,,Dhanapur
2010_2015,up2010__row33297,lgd_block_name,,Narkhi
2010_2015,up2010__row33336,lgd_block_name,,Barhni
2010_2015,up2010__row33357,lgd_block_name,,Noorpur
2010_2015,up2010__row3353,lgd_block_name,,Ram Nagar
2010_2015,up2010__row33579,lgd_block_name,,Shah Ganj
2010_2015,up2010__row33595,lgd_block_name,,Shergarh
2010_2015,up2010__row33710,lgd_block_name,,Mahewa
2010_2015,up2010__row33734,lgd_block_name,,Maudaha
2010_2015,up2010__row33935,lgd_block_name,,Dhanapur
2010_2015,up2010__row33952,lgd_block_name,,Sirsiya
2010_2015,up2010__row3414,lgd_block_name,,Najibabad
2010_2015,up2010__row34621,lgd_block_name,,Bahadurpur
2010_2015,up2010__row347,lgd_block_name,,Santha
2010_2015,up2010__row34814,lgd_block_name,,Mahewa
2010_2015,up2010__row34877,lgd_block_name,,Shergarh
2010_2015,up2010__row35066,lgd_block_name,,Bharkhani
2010_2015,up2010__row35457,lgd_block_name,,Behta
2010_2015,up2010__row35498,lgd_block_name,,Balaha
2010_2015,up2010__row35541,lgd_block_name,,Sirsiya
2010_2015,up2010__row35563,lgd_block_name,,Balaha
2010_2015,up2010__row35714,lgd_block_name,,Karwi
2010_2015,up2010__row35741,lgd_block_name,,Noorpur
2010_2015,up2010__row35781,lgd_block_name,,Behta
2010_2015,up2010__row35897,lgd_block_name,,Malihabad
2010_2015,up2010__row35908,lgd_block_name,,Puranpur
2010_2015,up2010__row36030,lgd_block_name,,Bawan
2010_2015,up2010__row36427,lgd_block_name,,Kiratpur
2010_2015,up2010__row36460,lgd_block_name,,Dhanpatganj
2010_2015,up2010__row36517,lgd_block_name,,Pura Bazar
2010_2015,up2010__row36537,lgd_block_name,,Behta
2010_2015,up2010__row36707,lgd_block_name,,Shergarh
2010_2015,up2010__row36718,lgd_block_name,,Dhanupur
2010_2015,up2010__row36751,lgd_block_name,,Bahria
2010_2015,up2010__row36797,lgd_block_name,,Sikrara
2010_2015,up2010__row36835,lgd_block_name,,Kiratpur
2010_2015,up2010__row36852,lgd_block_name,,Shah Ganj
2010_2015,up2010__row36967,lgd_block_name,,Sangipur
2010_2015,up2010__row37023,lgd_block_name,Dhanpatganj,
2010_2015,up2010__row37041,lgd_block_name,,Dhanpatganj
2010_2015,up2010__row37052,lgd_block_name,,Phulpur
2010_2015,up2010__row37110,lgd_block_name,,Dhanaura
2010_2015,up2010__row37393,lgd_block_name,,Aalampur Jafarabad
2010_2015,up2010__row37509,lgd_block_name,,Sikrara
2010_2015,up2010__row37751,lgd_block_name,,Nagra
2010_2015,up2010__row37834,lgd_block_name,,Bansgaon
2010_2015,up2010__row37861,lgd_block_name,,Sarsawan
2010_2015,up2010__row3798,lgd_block_name,,Behta
2010_2015,up2010__row38116,lgd_block_name,,Pura Bazar
2010_2015,up2010__row38296,lgd_block_name,,Nautanwa
2010_2015,up2010__row38431,lgd_block_name,Sikrara,
2010_2015,up2010__row38548,lgd_block_name,,Bichpuri
2010_2015,up2010__row38639,lgd_block_name,,Bichpuri
2010_2015,up2010__row38704,lgd_block_name,,Pali
2010_2015,up2010__row38755,lgd_block_name,,Dostpur
2010_2015,up2010__row38765,lgd_block_name,,Kalyanpur
2010_2015,up2010__row38823,lgd_block_name,,Puranpur
2010_2015,up2010__row39002,lgd_block_name,,Behta
2010_2015,up2010__row39051,lgd_block_name,,Bahadurpur
2010_2015,up2010__row39342,lgd_block_name,,Shah Ganj
2010_2015,up2010__row3943,lgd_block_name,,Santha
2010_2015,up2010__row39449,lgd_block_name,,Bahua
2010_2015,up2010__row39458,lgd_block_name,,Siswa
2010_2015,up2010__row39610,lgd_block_name,,Behta
2010_2015,up2010__row39676,lgd_block_name,,Santha
2010_2015,up2010__row39846,lgd_block_name,,Rudauli
2010_2015,up2010__row40509,lgd_block_name,,Karwi
2010_2015,up2010__row40534,lgd_block_name,,Maudaha
2010_2015,up2010__row40705,lgd_block_name,,Kalyanpur
2010_2015,up2010__row40782,lgd_block_name,,Padrauna
2010_2015,up2010__row40784,lgd_block_name,,Kalyanpur
2010_2015,up2010__row40795,lgd_block_name,,Anupshahr
2010_2015,up2010__row408,lgd_block_name,,Shergarh
2010_2015,up2010__row41007,lgd_block_name,,Daurala
2010_2015,up2010__row41096,lgd_block_name,,Baraut
2010_2015,up2010__row41361,lgd_block_name,,Kiratpur
2010_2015,up2010__row41363,lgd_block_name,,Kiratpur
2010_2015,up2010__row41366,lgd_block_name,,Kiratpur
2010_2015,up2010__row41367,lgd_block_name,,Kiratpur
2010_2015,up2010__row41937,lgd_block_name,,Wazirganj
2010_2015,up2010__row41953,lgd_block_name,,Wazirganj
2010_2015,up2010__row41955,lgd_block_name,,Wazirganj
2010_2015,up2010__row41963,lgd_block_name,,Bisauli
2010_2015,up2010__row4210,lgd_block_name,,Sikrara
2010_2015,up2010__row42272,lgd_block_name,,Sasni
2010_2015,up2010__row4238,lgd_block_name,,Pratappur
2010_2015,up2010__row4253,lgd_block_name,,Puranpur
2010_2015,up2010__row42779,lgd_block_name,,Narkhi
2010_2015,up2010__row42780,lgd_block_name,,Narkhi
2010_2015,up2010__row42794,lgd_block_name,,Narkhi
2010_2015,up2010__row43177,lgd_block_name,,Umarda
2010_2015,up2010__row43178,lgd_block_name,,Umarda
2010_2015,up2010__row43180,lgd_block_name,,Umarda
2010_2015,up2010__row43186,lgd_block_name,,Umarda
2010_2015,up2010__row43187,lgd_block_name,Umarda,
2010_2015,up2010__row43189,lgd_block_name,,Umarda
2010_2015,up2010__row43487,lgd_block_name,,Ajitmal
2010_2015,up2010__row43489,lgd_block_name,,Ajitmal
2010_2015,up2010__row43494,lgd_block_name,,Ajitmal
2010_2015,up2010__row43498,lgd_block_name,,Ajitmal
2010_2015,up2010__row4356,lgd_block_name,,Sandila
2010_2015,up2010__row4414,lgd_block_name,,Kiratpur
2010_2015,up2010__row44194,lgd_block_name,,Talbehat
2010_2015,up2010__row44861,lgd_block_name,,Maudaha
2010_2015,up2010__row44868,lgd_block_name,,Maudaha
2010_2015,up2010__row45276,lgd_block_name,,Khajuha
2010_2015,up2010__row45277,lgd_block_name,,Khajuha
2010_2015,up2010__row45278,lgd_block_name,,Khajuha
2010_2015,up2010__row45279,lgd_block_name,,Khajuha
2010_2015,up2010__row45280,lgd_block_name,,Khajuha
2010_2015,up2010__row45281,lgd_block_name,,Khajuha
2010_2015,up2010__row45282,lgd_block_name,,Khajuha
2010_2015,up2010__row45283,lgd_block_name,,Khajuha
2010_2015,up2010__row45284,lgd_block_name,,Khajuha
2010_2015,up2010__row45286,lgd_block_name,,Khajuha
2010_2015,up2010__row45287,lgd_block_name,,Khajuha
2010_2015,up2010__row45288,lgd_block_name,,Khajuha
2010_2015,up2010__row45289,lgd_block_name,,Khajuha
2010_2015,up2010__row45290,lgd_block_name,,Khajuha
2010_2015,up2010__row45417,lgd_block_name,,Bahua
2010_2015,up2010__row45419,lgd_block_name,,Bahua
2010_2015,up2010__row45420,lgd_block_name,,Bahua
2010_2015,up2010__row45424,lgd_block_name,,Bahua
2010_2015,up2010__row45425,lgd_block_name,,Bahua
2010_2015,up2010__row45426,lgd_block_name,,Bahua
2010_2015,up2010__row45428,lgd_block_name,,Bahua
2010_2015,up2010__row45429,lgd_block_name,,Bahua
2010_2015,up2010__row45430,lgd_block_name,,Bahua
2010_2015,up2010__row45431,lgd_block_name,,Bahua
2010_2015,up2010__row45433,lgd_block_name,,Bahua
2010_2015,up2010__row45435,lgd_block_name,,Bahua
2010_2015,up2010__row45439,lgd_block_name,,Bahua
2010_2015,up2010__row45513,lgd_block_name,,Sirathu
2010_2015,up2010__row45578,lgd_block_name,,Saidabad
2010_2015,up2010__row45579,lgd_block_name,,Saidabad
2010_2015,up2010__row45580,lgd_block_name,,Saidabad
2010_2015,up2010__row45581,lgd_block_name,,Saidabad
2010_2015,up2010__row45582,lgd_block_name,,Saidabad
2010_2015,up2010__row45583,lgd_block_name,,Saidabad
2010_2015,up2010__row45584,lgd_block_name,,Saidabad
2010_2015,up2010__row45585,lgd_block_name,,Saidabad
2010_2015,up2010__row45587,lgd_block_name,,Saidabad
2010_2015,up2010__row45593,lgd_block_name,,Saidabad
2010_2015,up2010__row45594,lgd_block_name,,Saidabad
2010_2015,up2010__row45595,lgd_block_name,Saidabad,
2010_2015,up2010__row45683,lgd_block_name,,Pratappur
2010_2015,up2010__row45685,lgd_block_name,,Pratappur
2010_2015,up2010__row45686,lgd_block_name,,Pratappur
2010_2015,up2010__row45687,lgd_block_name,,Pratappur
2010_2015,up2010__row45688,lgd_block_name,,Pratappur
2010_2015,up2010__row45691,lgd_block_name,,Pratappur
2010_2015,up2010__row46488,lgd_block_name,,Hariyawan
2010_2015,up2010__row46489,lgd_block_name,,Hariyawan
2010_2015,up2010__row47405,lgd_block_name,,Huzoorpur
2010_2015,up2010__row47700,lgd_block_name,,Paraspur
2010_2015,up2010__row47703,lgd_block_name,,Paraspur
2010_2015,up2010__row47704,lgd_block_name,,Paraspur
2010_2015,up2010__row47705,lgd_block_name,,Paraspur
2010_2015,up2010__row48088,lgd_block_name,,Akhand Nagar
2010_2015,up2010__row48321,lgd_block_name,,Pura Bazar
2010_2015,up2010__row48325,lgd_block_name,,Pura Bazar
2010_2015,up2010__row48410,lgd_block_name,,Milkipur
2010_2015,up2010__row4845,lgd_block_name,,Kiratpur
2010_2015,up2010__row48480,lgd_block_name,,Rudauli
2010_2015,up2010__row48889,lgd_block_name,,Uruwa
2010_2015,up2010__row48916,lgd_block_name,,Brahmpur
2010_2015,up2010__row48917,lgd_block_name,,Brahmpur
2010_2015,up2010__row48918,lgd_block_name,,Brahmpur
2010_2015,up2010__row48921,lgd_block_name,,Brahmpur
2010_2015,up2010__row48922,lgd_block_name,,Brahmpur
2010_2015,up2010__row48925,lgd_block_name,,Brahmpur
2010_2015,up2010__row49216,lgd_block_name,,Nichlaul
2010_2015,up2010__row49772,lgd_block_name,,Garwar
2010_2015,up2010__row49832,lgd_block_name,Nagra,
2010_2015,up2010__row49842,lgd_block_name,,Nagra
2010_2015,up2010__row49843,lgd_block_name,,Nagra
2010_2015,up2010__row49845,lgd_block_name,,Nagra
2010_2015,up2010__row49846,lgd_block_name,,Nagra
2010_2015,up2010__row49848,lgd_block_name,,Nagra
2010_2015,up2010__row49850,lgd_block_name,,Nagra
2010_2015,up2010__row49857,lgd_block_name,,Nagra
2010_2015,up2010__row49858,lgd_block_name,,Nagra
2010_2015,up2010__row49862,lgd_block_name,,Nagra
2010_2015,up2010__row50624,lgd_block_name,,Pindra
2010_2015,up2010__row50805,lgd_block_name,,Badla Pur
2010_2015,up2010__row5084,lgd_block_name,,Chilkahar
2010_2015,up2010__row50911,lgd_block_name,,Ram Pur
2010_2015,up2010__row550,lgd_block_name,,Kurebhar
2010_2015,up2010__row5539,lgd_block_name,,Puranpur
2010_2015,up2010__row5573,lgd_block_name,,Puranpur
2010_2015,up2010__row5632,lgd_block_name,,Bharkhani
2010_2015,up2010__row5635,lgd_block_name,,Dhanapur
2010_2015,up2010__row5653,lgd_block_name,,Shergarh
2010_2015,up2010__row5844,lgd_block_name,,Behta
2010_2015,up2010__row5891,lgd_block_name,,Maudaha
2010_2015,up2010__row626,lgd_block_name,,Shergarh
2010_2015,up2010__row657,lgd_block_name,,Kurebhar
2010_2015,up2010__row6646,lgd_block_name,,Bharawan
2010_2015,up2010__row6679,lgd_block_name,,Bhadpura
2010_2015,up2010__row6814,lgd_block_name,,Pisawan
2010_2015,up2010__row6842,lgd_block_name,,Chilkahar
2010_2015,up2010__row7076,lgd_block_name,,Dostpur
2010_2015,up2010__row7094,lgd_block_name,,Behta
2010_2015,up2010__row7164,lgd_block_name,,Puranpur
2010_2015,up2010__row7227,lgd_block_name,,Bawan
2010_2015,up2010__row7340,lgd_block_name,,Shah Ganj
2010_2015,up2010__row7427,lgd_block_name,,Dhanpatganj
2010_2015,up2010__row7659,lgd_block_name,,Mallawan
2010_2015,up2010__row767,lgd_block_name,,Kurebhar
2010_2015,up2010__row7766,lgd_block_name,,Bansgaon
2010_2015,up2010__row8233,lgd_block_name,,Sarojaninagar
2010_2015,up2010__row8259,lgd_block_name,,Dhanapur
2010_2015,up2010__row8350,lgd_block_name,,Mallawan
2010_2015,up2010__row8392,lgd_block_name,,Rudauli
2010_2015,up2010__row854,lgd_block_name,,Shergarh
2010_2015,up2010__row8703,lgd_block_name,,Dhanpatganj
2010_2015,up2010__row8713,lgd_block_name,,Anupshahr
2010_2015,up2010__row8739,lgd_block_name,,Bichpuri
2010_2015,up2010__row9039,lgd_block_name,,Amroha
2010_2015,up2010__row916,lgd_block_name,,Kurebhar
2010_2015,up2010__row9177,lgd_block_name,,Balaha
2010_2015,up2010__row940,lgd_block_name,,Kurebhar
2010_2015,up2010__row9405,lgd_block_name,,Puranpur
2010_2015,up2010__row9523,lgd_block_name,,Puranpur
2010_2015,up2010__row9648,lgd_block_name,,Mufti Ganj
2010_2015,up2010__row9890,lgd_block_name,,Dhanapur
2015_2021,up2015__row10156,lgd_block_name,,Baraut
2015_2021,up2015__row121,lgd_block_name,,Sasni
2015_2021,up2015__row12250,lgd_block_name,,Paraspur
2015_2021,up2015__row12253,lgd_block_name,,Paraspur
2015_2021,up2015__row12254,lgd_block_name,,Paraspur
2015_2021,up2015__row12255,lgd_block_name,,Paraspur
2015_2021,up2015__row13137,lgd_block_name,,Rupaideeh
2015_2021,up2015__row13138,lgd_block_name,,Rupaideeh
2015_2021,up2015__row13139,lgd_block_name,,Rupaideeh
2015_2021,up2015__row13140,lgd_block_name,,Rupaideeh
2015_2021,up2015__row13141,lgd_block_name,,Rupaideeh
2015_2021,up2015__row13142,lgd_block_name,,Rupaideeh
2015_2021,up2015__row13146,lgd_block_name,,Rupaideeh
2015_2021,up2015__row13147,lgd_block_name,,Rupaideeh
2015_2021,up2015__row13148,lgd_block_name,,Rupaideeh
2015_2021,up2015__row13150,lgd_block_name,,Rupaideeh
2015_2021,up2015__row13151,lgd_block_name,,Rupaideeh
2015_2021,up2015__row13152,lgd_block_name,,Rupaideeh
2015_2021,up2015__row13155,lgd_block_name,,Rupaideeh
2015_2021,up2015__row13156,lgd_block_name,,Rupaideeh
2015_2021,up2015__row13157,lgd_block_name,,Rupaideeh
2015_2021,up2015__row13159,lgd_block_name,,Rupaideeh
2015_2021,up2015__row13468,lgd_block_name,,Garwar
2015_2021,up2015__row13642,lgd_block_name,Nagra,
2015_2021,up2015__row13668,lgd_block_name,,Nagra
2015_2021,up2015__row13669,lgd_block_name,,Nagra
2015_2021,up2015__row13670,lgd_block_name,,Nagra
2015_2021,up2015__row13674,lgd_block_name,,Nagra
2015_2021,up2015__row13675,lgd_block_name,,Nagra
2015_2021,up2015__row13676,lgd_block_name,,Nagra
2015_2021,up2015__row13677,lgd_block_name,,Nagra
2015_2021,up2015__row13679,lgd_block_name,,Nagra
2015_2021,up2015__row13680,lgd_block_name,,Nagra
2015_2021,up2015__row13682,lgd_block_name,,Nagra
2015_2021,up2015__row1375,lgd_block_name,,Badla Pur
2015_2021,up2015__row13755,lgd_block_name,,Chilkahar
2015_2021,up2015__row13758,lgd_block_name,,Chilkahar
2015_2021,up2015__row13771,lgd_block_name,,Chilkahar
2015_2021,up2015__row13781,lgd_block_name,,Chilkahar
2015_2021,up2015__row14750,lgd_block_name,,Dhanapur
2015_2021,up2015__row14753,lgd_block_name,,Dhanapur
2015_2021,up2015__row14754,lgd_block_name,,Dhanapur
2015_2021,up2015__row14756,lgd_block_name,,Dhanapur
2015_2021,up2015__row14757,lgd_block_name,,Dhanapur
2015_2021,up2015__row14758,lgd_block_name,,Dhanapur
2015_2021,up2015__row15760,lgd_block_name,,Maudaha
2015_2021,up2015__row15767,lgd_block_name,,Maudaha
2015_2021,up2015__row15768,lgd_block_name,,Maudaha
2015_2021,up2015__row15772,lgd_block_name,,Maudaha
2015_2021,up2015__row15773,lgd_block_name,,Maudaha
2015_2021,up2015__row15775,lgd_block_name,,Maudaha
2015_2021,up2015__row15783,lgd_block_name,,Maudaha
2015_2021,up2015__row15784,lgd_block_name,,Maudaha
2015_2021,up2015__row15785,lgd_block_name,,Maudaha
2015_2021,up2015__row15789,lgd_block_name,,Maudaha
2015_2021,up2015__row15790,lgd_block_name,,Maudaha
2015_2021,up2015__row15791,lgd_block_name,,Maudaha
2015_2021,up2015__row15792,lgd_block_name,,Maudaha
2015_2021,up2015__row15793,lgd_block_name,,Maudaha
2015_2021,up2015__row1737,lgd_block_name,,Sikrara
2015_2021,up2015__row1738,lgd_block_name,,Sikrara
2015_2021,up2015__row1747,lgd_block_name,Sikrara,
2015_2021,up2015__row18846,lgd_block_name,,Shergarh
2015_2021,up2015__row18847,lgd_block_name,,Shergarh
2015_2021,up2015__row18849,lgd_block_name,,Shergarh
2015_2021,up2015__row18850,lgd_block_name,,Shergarh
2015_2021,up2015__row18851,lgd_block_name,,Shergarh
2015_2021,up2015__row18852,lgd_block_name,,Shergarh
2015_2021,up2015__row18860,lgd_block_name,,Shergarh
2015_2021,up2015__row18861,lgd_block_name,,Shergarh
2015_2021,up2015__row18862,lgd_block_name,,Shergarh
2015_2021,up2015__row18863,lgd_block_name,,Shergarh
2015_2021,up2015__row18864,lgd_block_name,,Shergarh
2015_2021,up2015__row18871,lgd_block_name,,Shergarh
2015_2021,up2015__row18873,lgd_block_name,,Shergarh
2015_2021,up2015__row18874,lgd_block_name,,Shergarh
2015_2021,up2015__row18876,lgd_block_name,,Shergarh
2015_2021,up2015__row18877,lgd_block_name,,Shergarh
2015_2021,up2015__row18878,lgd_block_name,,Shergarh
2015_2021,up2015__row18880,lgd_block_name,,Shergarh
2015_2021,up2015__row18882,lgd_block_name,,Shergarh
2015_2021,up2015__row18883,lgd_block_name,,Shergarh
2015_2021,up2015__row19307,lgd_block_name,,Bhadpura
2015_2021,up2015__row19320,lgd_block_name,,Bhadpura
2015_2021,up2015__row19532,lgd_block_name,,Aalampur Jafarabad
2015_2021,up2015__row22848,lgd_block_name,,Narkhi
2015_2021,up2015__row22849,lgd_block_name,,Narkhi
2015_2021,up2015__row22877,lgd_block_name,,Narkhi
2015_2021,up2015__row22884,lgd_block_name,,Narkhi
2015_2021,up2015__row22991,lgd_block_name,,Hathwant
2015_2021,up2015__row23358,lgd_block_name,,Partawal
2015_2021,up2015__row23658,lgd_block_name,,Siswa
2015_2021,up2015__row23681,lgd_block_name,,Siswa
2015_2021,up2015__row23684,lgd_block_name,,Siswa
2015_2021,up2015__row23692,lgd_block_name,,Siswa
2015_2021,up2015__row23699,lgd_block_name,,Siswa
2015_2021,up2015__row23720,lgd_block_name,,Nichlaul
2015_2021,up2015__row25600,lgd_block_name,,Daurala
2015_2021,up2015__row27224,lgd_block_name,,Puranpur
2015_2021,up2015__row27226,lgd_block_name,,Puranpur
2015_2021,up2015__row27228,lgd_block_name,,Puranpur
2015_2021,up2015__row27235,lgd_block_name,,Puranpur
2015_2021,up2015__row27236,lgd_block_name,,Puranpur
2015_2021,up2015__row27238,lgd_block_name,,Puranpur
2015_2021,up2015__row27245,lgd_block_name,,Puranpur
2015_2021,up2015__row27666,lgd_block_name,,Rudauli
2015_2021,up2015__row27670,lgd_block_name,,Rudauli
2015_2021,up2015__row27673,lgd_block_name,,Rudauli
2015_2021,up2015__row27678,lgd_block_name,,Rudauli
2015_2021,up2015__row27703,lgd_block_name,,Rudauli
2015_2021,up2015__row27905,lgd_block_name,,Gaur
2015_2021,up2015__row27906,lgd_block_name,,Gaur
2015_2021,up2015__row27920,lgd_block_name,,Gaur
2015_2021,up2015__row28081,lgd_block_name,,Paras Rampur
2015_2021,up2015__row28083,lgd_block_name,,Paras Rampur
2015_2021,up2015__row28087,lgd_block_name,,Paras Rampur
2015_2021,up2015__row28089,lgd_block_name,,Paras Rampur
2015_2021,up2015__row28090,lgd_block_name,,Paras Rampur
2015_2021,up2015__row29296,lgd_block_name,,Sarojaninagar
2015_2021,up2015__row29297,lgd_block_name,,Sarojaninagar
2015_2021,up2015__row29364,lgd_block_name,,Malihabad
2015_2021,up2015__row30061,lgd_block_name,,Behta
2015_2021,up2015__row30062,lgd_block_name,,Behta
2015_2021,up2015__row30063,lgd_block_name,,Behta
2015_2021,up2015__row30065,lgd_block_name,,Behta
2015_2021,up2015__row30066,lgd_block_name,,Behta
2015_2021,up2015__row30067,lgd_block_name,,Behta
2015_2021,up2015__row30069,lgd_block_name,,Behta
2015_2021,up2015__row30074,lgd_block_name,,Behta
2015_2021,up2015__row30076,lgd_block_name,,Behta
2015_2021,up2015__row30077,lgd_block_name,,Behta
2015_2021,up2015__row30079,lgd_block_name,,Behta
2015_2021,up2015__row30080,lgd_block_name,,Behta
2015_2021,up2015__row30081,lgd_block_name,,Behta
2015_2021,up2015__row30082,lgd_block_name,,Behta
2015_2021,up2015__row32039,lgd_block_name,,Kalyanpur
2015_2021,up2015__row32045,lgd_block_name,,Kalyanpur
2015_2021,up2015__row32048,lgd_block_name,,Kalyanpur
2015_2021,up2015__row32049,lgd_block_name,,Kalyanpur
2015_2021,up2015__row32050,lgd_block_name,,Kalyanpur
2015_2021,up2015__row34103,lgd_block_name,,Bichpuri
2015_2021,up2015__row34106,lgd_block_name,,Bichpuri
2015_2021,up2015__row34110,lgd_block_name,,Bichpuri
2015_2021,up2015__row34119,lgd_block_name,,Bichpuri
2015_2021,up2015__row34120,lgd_block_name,,Bichpuri
2015_2021,up2015__row34124,lgd_block_name,,Bichpuri
2015_2021,up2015__row34765,lgd_block_name,,Wazirganj
2015_2021,up2015__row34781,lgd_block_name,,Wazirganj
2015_2021,up2015__row34783,lgd_block_name,,Wazirganj
2015_2021,up2015__row34796,lgd_block_name,,Bisauli
2015_2021,up2015__row36130,lgd_block_name,,Mahewa
2015_2021,up2015__row36133,lgd_block_name,,Mahewa
2015_2021,up2015__row36135,lgd_block_name,,Mahewa
2015_2021,up2015__row36141,lgd_block_name,,Mahewa
2015_2021,up2015__row36143,lgd_block_name,,Mahewa
2015_2021,up2015__row36433,lgd_block_name,,Sarsawan
2015_2021,up2015__row36436,lgd_block_name,,Sarsawan
2015_2021,up2015__row36440,lgd_block_name,,Sarsawan
2015_2021,up2015__row36441,lgd_block_name,,Sarsawan
2015_2021,up2015__row36442,lgd_block_name,,Sarsawan
2015_2021,up2015__row36444,lgd_block_name,,Sarsawan
2015_2021,up2015__row36446,lgd_block_name,,Sarsawan
2015_2021,up2015__row36605,lgd_block_name,,Sirathu
2015_2021,up2015__row3933,lgd_block_name,,Pindra
2015_2021,up2015__row40265,lgd_block_name,,Utraula
2015_2021,up2015__row40677,lgd_block_name,,Sirsiya
2015_2021,up2015__row40678,lgd_block_name,,Sirsiya
2015_2021,up2015__row40679,lgd_block_name,,Sirsiya
2015_2021,up2015__row40685,lgd_block_name,,Sirsiya
2015_2021,up2015__row41265,lgd_block_name,,Dostpur
2015_2021,up2015__row41268,lgd_block_name,,Dostpur
2015_2021,up2015__row41286,lgd_block_name,,Dostpur
2015_2021,up2015__row41290,lgd_block_name,,Dostpur
2015_2021,up2015__row42011,lgd_block_name,,Katehari
2015_2021,up2015__row42017,lgd_block_name,,Katehari
2015_2021,up2015__row42019,lgd_block_name,,Katehari
2015_2021,up2015__row42021,lgd_block_name,,Katehari
2015_2021,up2015__row42023,lgd_block_name,,Katehari
2015_2021,up2015__row44858,lgd_block_name,,Jewar
2015_2021,up2015__row45137,lgd_block_name,,Chirgaon
2015_2021,up2015__row4597,lgd_block_name,,Pratapgarh (Sadar)
2015_2021,up2015__row4600,lgd_block_name,,Pratapgarh (Sadar)
2015_2021,up2015__row46307,lgd_block_name,,Umarda
2015_2021,up2015__row46308,lgd_block_name,,Umarda
2015_2021,up2015__row46310,lgd_block_name,,Umarda
2015_2021,up2015__row46316,lgd_block_name,,Umarda
2015_2021,up2015__row46317,lgd_block_name,Umarda,
2015_2021,up2015__row46319,lgd_block_name,,Umarda
2015_2021,up2015__row48103,lgd_block_name,,Danpur
2015_2021,up2015__row48104,lgd_block_name,,Danpur
2015_2021,up2015__row48105,lgd_block_name,,Danpur
2015_2021,up2015__row51008,lgd_block_name,,Sandila
2015_2021,up2015__row5106,lgd_block_name,,Sangipur
2015_2021,up2015__row5107,lgd_block_name,,Sangipur
2015_2021,up2015__row5110,lgd_block_name,,Sangipur
2015_2021,up2015__row5112,lgd_block_name,,Sangipur
2015_2021,up2015__row51141,lgd_block_name,,Hariyawan
2015_2021,up2015__row5116,lgd_block_name,,Sangipur
2015_2021,up2015__row51198,lgd_block_name,,Tandiyawan
2015_2021,up2015__row51202,lgd_block_name,,Tandiyawan
2015_2021,up2015__row51233,lgd_block_name,,Tandiyawan
2015_2021,up2015__row51699,lgd_block_name,,Bawan
2015_2021,up2015__row51708,lgd_block_name,,Bawan
2015_2021,up2015__row51714,lgd_block_name,,Bawan
2015_2021,up2015__row51742,lgd_block_name,,Mallawan
2015_2021,up2015__row51886,lgd_block_name,,Bharawan
2015_2021,up2015__row51941,lgd_block_name,Harpalpur,
2015_2021,up2015__row51974,lgd_block_name,,Harpalpur
2015_2021,up2015__row51975,lgd_block_name,,Harpalpur
2015_2021,up2015__row52021,lgd_block_name,,Bharkhani
2015_2021,up2015__row52024,lgd_block_name,,Bharkhani
2015_2021,up2015__row52030,lgd_block_name,,Bharkhani
2015_2021,up2015__row52033,lgd_block_name,,Bharkhani
2015_2021,up2015__row52036,lgd_block_name,,Bharkhani
2015_2021,up2015__row52041,lgd_block_name,,Bharkhani
2015_2021,up2015__row52047,lgd_block_name,,Bharkhani
2015_2021,up2015__row52056,lgd_block_name,,Bharkhani
2015_2021,up2015__row52316,lgd_block_name,,Haswa
2015_2021,up2015__row52396,lgd_block_name,,Khajuha
2015_2021,up2015__row52397,lgd_block_name,,Khajuha
2015_2021,up2015__row52398,lgd_block_name,,Khajuha
2015_2021,up2015__row52400,lgd_block_name,,Khajuha
2015_2021,up2015__row52401,lgd_block_name,,Khajuha
2015_2021,up2015__row52403,lgd_block_name,,Khajuha
2015_2021,up2015__row52404,lgd_block_name,,Khajuha
2015_2021,up2015__row52405,lgd_block_name,,Khajuha
2015_2021,up2015__row52407,lgd_block_name,,Khajuha
2015_2021,up2015__row52408,lgd_block_name,,Khajuha
2015_2021,up2015__row52409,lgd_block_name,,Khajuha
2015_2021,up2015__row52410,lgd_block_name,,Khajuha
2015_2021,up2015__row52411,lgd_block_name,,Khajuha
2015_2021,up2015__row52707,lgd_block_name,,Bahua
2015_2021,up2015__row52711,lgd_block_name,,Bahua
2015_2021,up2015__row52712,lgd_block_name,,Bahua
2015_2021,up2015__row52713,lgd_block_name,,Bahua
2015_2021,up2015__row52715,lgd_block_name,,Bahua
2015_2021,up2015__row52716,lgd_block_name,,Bahua
2015_2021,up2015__row52717,lgd_block_name,,Bahua
2015_2021,up2015__row52718,lgd_block_name,,Bahua
2015_2021,up2015__row52720,lgd_block_name,,Bahua
2015_2021,up2015__row52722,lgd_block_name,,Bahua
2015_2021,up2015__row52726,lgd_block_name,,Bahua
2015_2021,up2015__row52728,lgd_block_name,,Bahua
2015_2021,up2015__row52731,lgd_block_name,,Bahua
2015_2021,up2015__row52733,lgd_block_name,,Bahua
2015_2021,up2015__row52735,lgd_block_name,,Bahua
2015_2021,up2015__row53036,lgd_block_name,,Vijayipur
2015_2021,up2015__row54808,lgd_block_name,,Khesraha
2015_2021,up2015__row5562,lgd_block_name,,Kunda
2015_2021,up2015__row55946,lgd_block_name,,Talbehat
2015_2021,up2015__row56359,lgd_block_name,,Padrauna
2015_2021,up2015__row56363,lgd_block_name,,Padrauna
2015_2021,up2015__row56365,lgd_block_name,,Padrauna
2015_2021,up2015__row6083,lgd_block_name,,Brahmpur
2015_2021,up2015__row6084,lgd_block_name,,Brahmpur
2015_2021,up2015__row6085,lgd_block_name,,Brahmpur
2015_2021,up2015__row6088,lgd_block_name,,Brahmpur
2015_2021,up2015__row6089,lgd_block_name,,Brahmpur
2015_2021,up2015__row6092,lgd_block_name,,Brahmpur
2015_2021,up2015__row6390,lgd_block_name,,Pali
2015_2021,up2015__row6547,lgd_block_name,,Chargawan
2015_2021,up2015__row7187,lgd_block_name,,Bansgaon
2015_2021,up2015__row7196,lgd_block_name,,Bansgaon
2015_2021,up2015__row7287,lgd_block_name,,Lakhimpur
2015_2021,up2015__row7290,lgd_block_name,,Lakhimpur
2015_2021,up2015__row7348,lgd_block_name,,Lakhimpur
2015_2021,up2015__row7545,lgd_block_name,,Nakaha
2015_2021,up2015__row7548,lgd_block_name,,Nakaha
2015_2021,up2015__row7551,lgd_block_name,,Nakaha
2015_2021,up2015__row8704,lgd_block_name,,Phakharpur
2015_2021,up2015__row8829,lgd_block_name,,Balaha
2015_2021,up2015__row8830,lgd_block_name,,Balaha
2015_2021,up2015__row8834,lgd_block_name,,Balaha
2015_2021,up2015__row8836,lgd_block_name,,Balaha
2015_2021,up2015__row8841,lgd_block_name,,Balaha
2015_2021,up2015__row8844,lgd_block_name,,Balaha
2015_2021,up2015__row8850,lgd_block_name,,Balaha
2015_2021,up2015__row8858,lgd_block_name,,Balaha
2005_2010_2015_2021,up2010__row43187,lgd_block_name,Umarda,
2005_2010_2015_2021,up2010__row45595,lgd_block_name,Saidabad,
2005_2010_2015_2021,up2010__row20980,lgd_block_name,Harpalpur,
2005_2010_2015_2021,up2010__row49832,lgd_block_name,Nagra,
2005_2010_2015_2021,up2010__row38431,lgd_block_name,Sikrara,
2005_2010,up2010__row43187,block_match_type,exact,
2005_2010,up2010__row45595,block_match_type,exact,
2005_2010,up2010__row20980,block_match_type,exact,
2005_2010,up2010__row48163,block_match_type,spelling,
2005_2010,up2010__row37023,block_match_type,spelling,
2005_2010,up2010__row49832,block_match_type,exact,
2005_2010,up2010__row38431,block_match_type,spelling,
2005_2010,up2010__row51223,block_match_type,exact,
2010_2015,up2010__row10029,block_match_type,,spelling
2010_2015,up2010__row10045,block_match_type,,exact
2010_2015,up2010__row10073,block_match_type,,spelling
2010_2015,up2010__row10118,block_match_type,,spelling
2010_2015,up2010__row1014,block_match_type,,exact
2010_2015,up2010__row10177,block_match_type,,exact
2010_2015,up2010__row10188,block_match_type,,exact
2010_2015,up2010__row10417,block_match_type,,exact
2010_2015,up2010__row10486,block_match_type,,spelling
2010_2015,up2010__row10556,block_match_type,,spelling
2010_2015,up2010__row10694,block_match_type,,spelling
2010_2015,up2010__row10753,block_match_type,,exact
2010_2015,up2010__row11008,block_match_type,,exact
2010_2015,up2010__row11176,block_match_type,,spelling
2010_2015,up2010__row11196,block_match_type,,spelling
2010_2015,up2010__row1124,block_match_type,,exact
2010_2015,up2010__row11267,block_match_type,,spelling
2010_2015,up2010__row11297,block_match_type,,exact
2010_2015,up2010__row11364,block_match_type,,exact
2010_2015,up2010__row11405,block_match_type,,exact
2010_2015,up2010__row11417,block_match_type,,spelling
2010_2015,up2010__row11455,block_match_type,,spelling
2010_2015,up2010__row11533,block_match_type,,spelling
2010_2015,up2010__row11673,block_match_type,,spelling
2010_2015,up2010__row11689,block_match_type,,spelling
2010_2015,up2010__row12004,block_match_type,,exact
2010_2015,up2010__row12209,block_match_type,,exact
2010_2015,up2010__row12438,block_match_type,,spelling
2010_2015,up2010__row13067,block_match_type,,exact
2010_2015,up2010__row1316,block_match_type,,exact
2010_2015,up2010__row13192,block_match_type,,exact
2010_2015,up2010__row13213,block_match_type,,spelling
2010_2015,up2010__row1341,block_match_type,,spelling
2010_2015,up2010__row13500,block_match_type,,exact
2010_2015,up2010__row1362,block_match_type,,spelling
2010_2015,up2010__row13886,block_match_type,,spelling
2010_2015,up2010__row13940,block_match_type,,spelling
2010_2015,up2010__row14099,block_match_type,,exact
2010_2015,up2010__row14120,block_match_type,,spelling
2010_2015,up2010__row1422,block_match_type,,spelling
2010_2015,up2010__row14230,block_match_type,,spelling
2010_2015,up2010__row14246,block_match_type,,exact
2010_2015,up2010__row14361,block_match_type,,spelling
2010_2015,up2010__row14405,block_match_type,,spelling
2010_2015,up2010__row14406,block_match_type,,spelling
2010_2015,up2010__row1458,block_match_type,,spelling
2010_2015,up2010__row1472,block_match_type,,exact
2010_2015,up2010__row14737,block_match_type,,exact
2010_2015,up2010__row14781,block_match_type,,spelling
2010_2015,up2010__row14924,block_match_type,,exact
2010_2015,up2010__row14928,block_match_type,,exact
2010_2015,up2010__row14939,block_match_type,,exact
2010_2015,up2010__row1508,block_match_type,,spelling
2010_2015,up2010__row15141,block_match_type,,spelling
2010_2015,up2010__row15152,block_match_type,,spelling
2010_2015,up2010__row1521,block_match_type,,spelling
2010_2015,up2010__row15219,block_match_type,,spelling
2010_2015,up2010__row15312,block_match_type,,spelling
2010_2015,up2010__row15469,block_match_type,,spelling
2010_2015,up2010__row15593,block_match_type,,spelling
2010_2015,up2010__row15651,block_match_type,,spelling
2010_2015,up2010__row15786,block_match_type,,exact
2010_2015,up2010__row15804,block_match_type,,spelling
2010_2015,up2010__row15936,block_match_type,,spelling
2010_2015,up2010__row16084,block_match_type,,spelling
2010_2015,up2010__row1611,block_match_type,,exact
2010_2015,up2010__row16213,block_match_type,,spelling
2010_2015,up2010__row16449,block_match_type,,spelling
2010_2015,up2010__row16596,block_match_type,,exact
2010_2015,up2010__row16616,block_match_type,,exact
2010_2015,up2010__row16619,block_match_type,,spelling
2010_2015,up2010__row16737,block_match_type,,exact
2010_2015,up2010__row16943,block_match_type,,exact
2010_2015,up2010__row17269,block_match_type,,spelling
2010_2015,up2010__row17603,block_match_type,,exact
2010_2015,up2010__row17996,block_match_type,,exact
2010_2015,up2010__row18286,block_match_type,,spelling
2010_2015,up2010__row18288,block_match_type,,spelling
2010_2015,up2010__row18348,block_match_type,,spelling
2010_2015,up2010__row18693,block_match_type,,spelling
2010_2015,up2010__row18763,block_match_type,,exact
2010_2015,up2010__row18831,block_match_type,,spelling
2010_2015,up2010__row18834,block_match_type,,spelling
2010_2015,up2010__row18908,block_match_type,,exact
2010_2015,up2010__row18929,block_match_type,,spelling
2010_2015,up2010__row19310,block_match_type,,exact
2010_2015,up2010__row19344,block_match_type,,spelling
2010_2015,up2010__row1937,block_match_type,,exact
2010_2015,up2010__row19418,block_match_type,,spelling
2010_2015,up2010__row19453,block_match_type,,spelling
2010_2015,up2010__row19471,block_match_type,,exact
2010_2015,up2010__row19495,block_match_type,,exact
2010_2015,up2010__row19564,block_match_type,,spelling
2010_2015,up2010__row19842,block_match_type,,spelling
2010_2015,up2010__row19991,block_match_type,,exact
2010_2015,up2010__row20003,block_match_type,,spelling
2010_2015,up2010__row20011,block_match_type,,spelling
2010_2015,up2010__row20083,block_match_type,,spelling
2010_2015,up2010__row20121,block_match_type,,spelling
2010_2015,up2010__row20139,block_match_type,,spelling
2010_2015,up2010__row20140,block_match_type,,spelling
2010_2015,up2010__row20175,block_match_type,,spelling
2010_2015,up2010__row20216,block_match_type,,spelling
2010_2015,up2010__row20231,block_match_type,,spelling
2010_2015,up2010__row20240,block_match_type,,spelling
2010_2015,up2010__row20261,block_match_type,,exact
2010_2015,up2010__row20440,block_match_type,,exact
2010_2015,up2010__row20621,block_match_type,,spelling
2010_2015,up2010__row20798,block_match_type,,spelling
2010_2015,up2010__row20829,block_match_type,,exact
2010_2015,up2010__row20953,block_match_type,,spelling
2010_2015,up2010__row20980,block_match_type,exact,
2010_2015,up2010__row21002,block_match_type,,exact
2010_2015,up2010__row21066,block_match_type,,spelling
2010_2015,up2010__row21070,block_match_type,,spelling
2010_2015,up2010__row21257,block_match_type,,spelling
2010_2015,up2010__row21414,block_match_type,,spelling
2010_2015,up2010__row21452,block_match_type,,exact
2010_2015,up2010__row21454,block_match_type,,exact
2010_2015,up2010__row21480,block_match_type,,spelling
2010_2015,up2010__row21488,block_match_type,,spelling
2010_2015,up2010__row2160,block_match_type,,exact
2010_2015,up2010__row21614,block_match_type,,spelling
2010_2015,up2010__row21634,block_match_type,,alt_name
2010_2015,up2010__row217,block_match_type,,spelling
2010_2015,up2010__row22003,block_match_type,,spelling
2010_2015,up2010__row22009,block_match_type,,exact
2010_2015,up2010__row22156,block_match_type,,exact
2010_2015,up2010__row22471,block_match_type,,spelling
2010_2015,up2010__row22655,block_match_type,,exact
2010_2015,up2010__row22737,block_match_type,,spelling
2010_2015,up2010__row2284,block_match_type,,spelling
2010_2015,up2010__row22852,block_match_type,,spelling
2010_2015,up2010__row22922,block_match_type,,exact
2010_2015,up2010__row22929,block_match_type,,exact
2010_2015,up2010__row23031,block_match_type,,exact
2010_2015,up2010__row23079,block_match_type,,spelling
2010_2015,up2010__row23167,block_match_type,,exact
2010_2015,up2010__row23228,block_match_type,,exact
2010_2015,up2010__row23369,block_match_type,,exact
2010_2015,up2010__row23592,block_match_type,,exact
2010_2015,up2010__row236,block_match_type,,spelling
2010_2015,up2010__row23673,block_match_type,,exact
2010_2015,up2010__row23711,block_match_type,,exact
2010_2015,up2010__row23728,block_match_type,,exact
2010_2015,up2010__row23733,block_match_type,,spelling
2010_2015,up2010__row23871,block_match_type,,spelling
2010_2015,up2010__row23944,block_match_type,,spelling
2010_2015,up2010__row23990,block_match_type,,spelling
2010_2015,up2010__row24174,block_match_type,,spelling
2010_2015,up2010__row24441,block_match_type,,spelling
2010_2015,up2010__row24469,block_match_type,,exact
2010_2015,up2010__row24488,block_match_type,,exact
2010_2015,up2010__row245,block_match_type,,spelling
2010_2015,up2010__row24573,block_match_type,,spelling
2010_2015,up2010__row24850,block_match_type,,spelling
2010_2015,up2010__row24859,block_match_type,,exact
2010_2015,up2010__row24872,block_match_type,,spelling
2010_2015,up2010__row24962,block_match_type,,spelling
2010_2015,up2010__row25075,block_match_type,,spelling
2010_2015,up2010__row25363,block_match_type,,exact
2010_2015,up2010__row25376,block_match_type,,spelling
2010_2015,up2010__row25388,block_match_type,,exact
2010_2015,up2010__row25452,block_match_type,,exact
2010_2015,up2010__row25539,block_match_type,,spelling
2010_2015,up2010__row2563,block_match_type,,spelling
2010_2015,up2010__row25966,block_match_type,,spelling
2010_2015,up2010__row26046,block_match_type,,spelling
2010_2015,up2010__row26071,block_match_type,,spelling
2010_2015,up2010__row26080,block_match_type,,spelling
2010_2015,up2010__row26210,block_match_type,,spelling
2010_2015,up2010__row26353,block_match_type,,exact
2010_2015,up2010__row26372,block_match_type,,exact
2010_2015,up2010__row26511,block_match_type,,spelling
2010_2015,up2010__row26561,block_match_type,,spelling
2010_2015,up2010__row26625,block_match_type,,exact
2010_2015,up2010__row26682,block_match_type,,spelling
2010_2015,up2010__row26701,block_match_type,,spelling
2010_2015,up2010__row2675,block_match_type,,spelling
2010_2015,up2010__row26892,block_match_type,,spelling
2010_2015,up2010__row26917,block_match_type,,spelling
2010_2015,up2010__row27201,block_match_type,,alt_name
2010_2015,up2010__row27242,block_match_type,,exact
2010_2015,up2010__row27274,block_match_type,,spelling
2010_2015,up2010__row27421,block_match_type,,spelling
2010_2015,up2010__row27693,block_match_type,,exact
2010_2015,up2010__row27787,block_match_type,,exact
2010_2015,up2010__row27990,block_match_type,,spelling
2010_2015,up2010__row27993,block_match_type,,spelling
2010_2015,up2010__row28029,block_match_type,,spelling
2010_2015,up2010__row28035,block_match_type,,spelling
2010_2015,up2010__row28093,block_match_type,,exact
2010_2015,up2010__row28202,block_match_type,,spelling
2010_2015,up2010__row28247,block_match_type,,exact
2010_2015,up2010__row28463,block_match_type,,exact
2010_2015,up2010__row28816,block_match_type,,exact
2010_2015,up2010__row28817,block_match_type,,exact
2010_2015,up2010__row28903,block_match_type,,exact
2010_2015,up2010__row28983,block_match_type,,exact
2010_2015,up2010__row29162,block_match_type,,spelling
2010_2015,up2010__row29205,block_match_type,,exact
2010_2015,up2010__row29559,block_match_type,,exact
2010_2015,up2010__row29588,block_match_type,,spelling
2010_2015,up2010__row29593,block_match_type,,exact
2010_2015,up2010__row29597,block_match_type,,spelling
2010_2015,up2010__row29662,block_match_type,,spelling
2010_2015,up2010__row29773,block_match_type,,exact
2010_2015,up2010__row29789,block_match_type,,spelling
2010_2015,up2010__row29798,block_match_type,,exact
2010_2015,up2010__row30090,block_match_type,,exact
2010_2015,up2010__row301,block_match_type,,exact
2010_2015,up2010__row3015,block_match_type,,exact
2010_2015,up2010__row30206,block_match_type,,spelling
2010_2015,up2010__row30216,block_match_type,,spelling
2010_2015,up2010__row30287,block_match_type,,spelling
2010_2015,up2010__row30364,block_match_type,,exact
2010_2015,up2010__row30435,block_match_type,,exact
2010_2015,up2010__row30539,block_match_type,,exact
2010_2015,up2010__row30565,block_match_type,,exact
2010_2015,up2010__row30585,block_match_type,,exact
2010_2015,up2010__row3065,block_match_type,,exact
2010_2015,up2010__row30776,block_match_type,,spelling
2010_2015,up2010__row30833,block_match_type,,spelling
2010_2015,up2010__row30909,block_match_type,,exact
2010_2015,up2010__row31020,block_match_type,,exact
2010_2015,up2010__row31067,block_match_type,,spelling
2010_2015,up2010__row31290,block_match_type,,exact
2010_2015,up2010__row31453,block_match_type,,exact
2010_2015,up2010__row31586,block_match_type,,spelling
2010_2015,up2010__row31679,block_match_type,,spelling
2010_2015,up2010__row31711,block_match_type,,spelling
2010_2015,up2010__row31973,block_match_type,,exact
2010_2015,up2010__row32186,block_match_type,,spelling
2010_2015,up2010__row32255,block_match_type,,spelling
2010_2015,up2010__row3234,block_match_type,,exact
2010_2015,up2010__row32352,block_match_type,,spelling
2010_2015,up2010__row324,block_match_type,,spelling
2010_2015,up2010__row32916,block_match_type,,spelling
2010_2015,up2010__row32926,block_match_type,,spelling
2010_2015,up2010__row32936,block_match_type,,spelling
2010_2015,up2010__row32941,block_match_type,,exact
2010_2015,up2010__row33033,block_match_type,,spelling
2010_2015,up2010__row331,block_match_type,,spelling
2010_2015,up2010__row33159,block_match_type,,exact
2010_2015,up2010__row33269,block_match_type,,exact
2010_2015,up2010__row33277,block_match_type,,exact
2010_2015,up2010__row33286,block_match_type,,exact
2010_2015,up2010__row33297,block_match_type,,exact
2010_2015,up2010__row33336,block_match_type,,spelling
2010_2015,up2010__row33357,block_match_type,,exact
2010_2015,up2010__row3353,block_match_type,,spelling
2010_2015,up2010__row33579,block_match_type,,spelling
2010_2015,up2010__row33595,block_match_type,,exact
2010_2015,up2010__row33710,block_match_type,,exact
2010_2015,up2010__row33734,block_match_type,,spelling
2010_2015,up2010__row33935,block_match_type,,exact
2010_2015,up2010__row33952,block_match_type,,spelling
2010_2015,up2010__row3414,block_match_type,,exact
2010_2015,up2010__row34621,block_match_type,,exact
2010_2015,up2010__row347,block_match_type,,spelling
2010_2015,up2010__row34814,block_match_type,,exact
2010_2015,up2010__row34877,block_match_type,,exact
2010_2015,up2010__row35066,block_match_type,,spelling
2010_2015,up2010__row35457,block_match_type,,spelling
2010_2015,up2010__row35498,block_match_type,,spelling
2010_2015,up2010__row35541,block_match_type,,spelling
2010_2015,up2010__row35563,block_match_type,,spelling
2010_2015,up2010__row35714,block_match_type,,spelling
2010_2015,up2010__row35741,block_match_type,,exact
2010_2015,up2010__row35781,block_match_type,,spelling
2010_2015,up2010__row35897,block_match_type,,spelling
2010_2015,up2010__row35908,block_match_type,,spelling
2010_2015,up2010__row36030,block_match_type,,exact
2010_2015,up2010__row36427,block_match_type,,exact
2010_2015,up2010__row36460,block_match_type,,spelling
2010_2015,up2010__row36517,block_match_type,,spelling
2010_2015,up2010__row36537,block_match_type,,spelling
2010_2015,up2010__row36707,block_match_type,,exact
2010_2015,up2010__row36718,block_match_type,,exact
2010_2015,up2010__row36751,block_match_type,,spelling
2010_2015,up2010__row36797,block_match_type,,spelling
2010_2015,up2010__row36835,block_match_type,,exact
2010_2015,up2010__row36852,block_match_type,,spelling
2010_2015,up2010__row36967,block_match_type,,exact
2010_2015,up2010__row37023,block_match_type,spelling,
2010_2015,up2010__row37041,block_match_type,,spelling
2010_2015,up2010__row37052,block_match_type,,spelling
2010_2015,up2010__row37110,block_match_type,,exact
2010_2015,up2010__row37393,block_match_type,,spelling
2010_2015,up2010__row37509,block_match_type,,spelling
2010_2015,up2010__row37751,block_match_type,,exact
2010_2015,up2010__row37834,block_match_type,,spelling
2010_2015,up2010__row37861,block_match_type,,spelling
2010_2015,up2010__row3798,block_match_type,,spelling
2010_2015,up2010__row38116,block_match_type,,spelling
2010_2015,up2010__row38296,block_match_type,,exact
2010_2015,up2010__row38431,block_match_type,spelling,
2010_2015,up2010__row38548,block_match_type,,exact
2010_2015,up2010__row38639,block_match_type,,exact
2010_2015,up2010__row38704,block_match_type,,exact
2010_2015,up2010__row38755,block_match_type,,exact
2010_2015,up2010__row38765,block_match_type,,exact
2010_2015,up2010__row38823,block_match_type,,spelling
2010_2015,up2010__row39002,block_match_type,,spelling
2010_2015,up2010__row39051,block_match_type,,exact
2010_2015,up2010__row39342,block_match_type,,spelling
2010_2015,up2010__row3943,block_match_type,,spelling
2010_2015,up2010__row39449,block_match_type,,exact
2010_2015,up2010__row39458,block_match_type,,spelling
2010_2015,up2010__row39610,block_match_type,,spelling
2010_2015,up2010__row39676,block_match_type,,spelling
2010_2015,up2010__row39846,block_match_type,,spelling
2010_2015,up2010__row40509,block_match_type,,spelling
2010_2015,up2010__row40534,block_match_type,,spelling
2010_2015,up2010__row40705,block_match_type,,exact
2010_2015,up2010__row40782,block_match_type,,exact
2010_2015,up2010__row40784,block_match_type,,exact
2010_2015,up2010__row40795,block_match_type,,exact
2010_2015,up2010__row408,block_match_type,,exact
2010_2015,up2010__row41007,block_match_type,,exact
2010_2015,up2010__row41096,block_match_type,,exact
2010_2015,up2010__row41361,block_match_type,,exact
2010_2015,up2010__row41363,block_match_type,,exact
2010_2015,up2010__row41366,block_match_type,,exact
2010_2015,up2010__row41367,block_match_type,,exact
2010_2015,up2010__row41937,block_match_type,,exact
2010_2015,up2010__row41953,block_match_type,,exact
2010_2015,up2010__row41955,block_match_type,,exact
2010_2015,up2010__row41963,block_match_type,,exact
2010_2015,up2010__row4210,block_match_type,,spelling
2010_2015,up2010__row42272,block_match_type,,exact
2010_2015,up2010__row4238,block_match_type,,spelling
2010_2015,up2010__row4253,block_match_type,,spelling
2010_2015,up2010__row42779,block_match_type,,exact
2010_2015,up2010__row42780,block_match_type,,exact
2010_2015,up2010__row42794,block_match_type,,exact
2010_2015,up2010__row43177,block_match_type,,exact
2010_2015,up2010__row43178,block_match_type,,exact
2010_2015,up2010__row43180,block_match_type,,exact
2010_2015,up2010__row43186,block_match_type,,exact
2010_2015,up2010__row43187,block_match_type,exact,
2010_2015,up2010__row43189,block_match_type,,exact
2010_2015,up2010__row43487,block_match_type,,exact
2010_2015,up2010__row43489,block_match_type,,exact
2010_2015,up2010__row43494,block_match_type,,exact
2010_2015,up2010__row43498,block_match_type,,exact
2010_2015,up2010__row4356,block_match_type,,exact
2010_2015,up2010__row4414,block_match_type,,exact
2010_2015,up2010__row44194,block_match_type,,exact
2010_2015,up2010__row44861,block_match_type,,spelling
2010_2015,up2010__row44868,block_match_type,,spelling
2010_2015,up2010__row45276,block_match_type,,spelling
2010_2015,up2010__row45277,block_match_type,,spelling
2010_2015,up2010__row45278,block_match_type,,spelling
2010_2015,up2010__row45279,block_match_type,,spelling
2010_2015,up2010__row45280,block_match_type,,spelling
2010_2015,up2010__row45281,block_match_type,,spelling
2010_2015,up2010__row45282,block_match_type,,spelling
2010_2015,up2010__row45283,block_match_type,,spelling
2010_2015,up2010__row45284,block_match_type,,spelling
2010_2015,up2010__row45286,block_match_type,,spelling
2010_2015,up2010__row45287,block_match_type,,spelling
2010_2015,up2010__row45288,block_match_type,,spelling
2010_2015,up2010__row45289,block_match_type,,spelling
2010_2015,up2010__row45290,block_match_type,,spelling
2010_2015,up2010__row45417,block_match_type,,exact
2010_2015,up2010__row45419,block_match_type,,exact
2010_2015,up2010__row45420,block_match_type,,exact
2010_2015,up2010__row45424,block_match_type,,exact
2010_2015,up2010__row45425,block_match_type,,exact
2010_2015,up2010__row45426,block_match_type,,exact
2010_2015,up2010__row45428,block_match_type,,exact
2010_2015,up2010__row45429,block_match_type,,exact
2010_2015,up2010__row45430,block_match_type,,exact
2010_2015,up2010__row45431,block_match_type,,exact
2010_2015,up2010__row45433,block_match_type,,exact
2010_2015,up2010__row45435,block_match_type,,exact
2010_2015,up2010__row45439,block_match_type,,exact
2010_2015,up2010__row45513,block_match_type,,exact
2010_2015,up2010__row45578,block_match_type,,exact
2010_2015,up2010__row45579,block_match_type,,exact
2010_2015,up2010__row45580,block_match_type,,exact
2010_2015,up2010__row45581,block_match_type,,exact
2010_2015,up2010__row45582,block_match_type,,exact
2010_2015,up2010__row45583,block_match_type,,exact
2010_2015,up2010__row45584,block_match_type,,exact
2010_2015,up2010__row45585,block_match_type,,exact
2010_2015,up2010__row45587,block_match_type,,exact
2010_2015,up2010__row45593,block_match_type,,exact
2010_2015,up2010__row45594,block_match_type,,exact
2010_2015,up2010__row45595,block_match_type,exact,
2010_2015,up2010__row45683,block_match_type,,spelling
2010_2015,up2010__row45685,block_match_type,,spelling
2010_2015,up2010__row45686,block_match_type,,spelling
2010_2015,up2010__row45687,block_match_type,,spelling
2010_2015,up2010__row45688,block_match_type,,spelling
2010_2015,up2010__row45691,block_match_type,,spelling
2010_2015,up2010__row46488,block_match_type,,exact
2010_2015,up2010__row46489,block_match_type,,exact
2010_2015,up2010__row47405,block_match_type,,spelling
2010_2015,up2010__row47700,block_match_type,,spelling
2010_2015,up2010__row47703,block_match_type,,spelling
2010_2015,up2010__row47704,block_match_type,,spelling
2010_2015,up2010__row47705,block_match_type,,spelling
2010_2015,up2010__row48088,block_match_type,,spelling
2010_2015,up2010__row48321,block_match_type,,spelling
2010_2015,up2010__row48325,block_match_type,,spelling
2010_2015,up2010__row48410,block_match_type,,exact
2010_2015,up2010__row4845,block_match_type,,exact
2010_2015,up2010__row48480,block_match_type,,spelling
2010_2015,up2010__row48889,block_match_type,,spelling
2010_2015,up2010__row48916,block_match_type,,exact
2010_2015,up2010__row48917,block_match_type,,exact
2010_2015,up2010__row48918,block_match_type,,exact
2010_2015,up2010__row48921,block_match_type,,exact
2010_2015,up2010__row48922,block_match_type,,exact
2010_2015,up2010__row48925,block_match_type,,exact
2010_2015,up2010__row49216,block_match_type,,exact
2010_2015,up2010__row49772,block_match_type,,spelling
2010_2015,up2010__row49832,block_match_type,exact,
2010_2015,up2010__row49842,block_match_type,,exact
2010_2015,up2010__row49843,block_match_type,,exact
2010_2015,up2010__row49845,block_match_type,,exact
2010_2015,up2010__row49846,block_match_type,,exact
2010_2015,up2010__row49848,block_match_type,,exact
2010_2015,up2010__row49850,block_match_type,,exact
2010_2015,up2010__row49857,block_match_type,,exact
2010_2015,up2010__row49858,block_match_type,,exact
2010_2015,up2010__row49862,block_match_type,,exact
2010_2015,up2010__row50624,block_match_type,,exact
2010_2015,up2010__row50805,block_match_type,,spelling
2010_2015,up2010__row5084,block_match_type,,spelling
2010_2015,up2010__row50911,block_match_type,,spelling
2010_2015,up2010__row550,block_match_type,,spelling
2010_2015,up2010__row5539,block_match_type,,spelling
2010_2015,up2010__row5573,block_match_type,,spelling
2010_2015,up2010__row5632,block_match_type,,spelling
2010_2015,up2010__row5635,block_match_type,,exact
2010_2015,up2010__row5653,block_match_type,,exact
2010_2015,up2010__row5844,block_match_type,,spelling
2010_2015,up2010__row5891,block_match_type,,spelling
2010_2015,up2010__row626,block_match_type,,exact
2010_2015,up2010__row657,block_match_type,,spelling
2010_2015,up2010__row6646,block_match_type,,exact
2010_2015,up2010__row6679,block_match_type,,exact
2010_2015,up2010__row6814,block_match_type,,exact
2010_2015,up2010__row6842,block_match_type,,spelling
2010_2015,up2010__row7076,block_match_type,,exact
2010_2015,up2010__row7094,block_match_type,,spelling
2010_2015,up2010__row7164,block_match_type,,spelling
2010_2015,up2010__row7227,block_match_type,,exact
2010_2015,up2010__row7340,block_match_type,,spelling
2010_2015,up2010__row7427,block_match_type,,spelling
2010_2015,up2010__row7659,block_match_type,,exact
2010_2015,up2010__row767,block_match_type,,spelling
2010_2015,up2010__row7766,block_match_type,,spelling
2010_2015,up2010__row8233,block_match_type,,spelling
2010_2015,up2010__row8259,block_match_type,,exact
2010_2015,up2010__row8350,block_match_type,,exact
2010_2015,up2010__row8392,block_match_type,,spelling
2010_2015,up2010__row854,block_match_type,,exact
2010_2015,up2010__row8703,block_match_type,,spelling
2010_2015,up2010__row8713,block_match_type,,exact
2010_2015,up2010__row8739,block_match_type,,exact
2010_2015,up2010__row9039,block_match_type,,exact
2010_2015,up2010__row916,block_match_type,,spelling
2010_2015,up2010__row9177,block_match_type,,spelling
2010_2015,up2010__row940,block_match_type,,spelling
2010_2015,up2010__row9405,block_match_type,,spelling
2010_2015,up2010__row9523,block_match_type,,spelling
2010_2015,up2010__row9648,block_match_type,,spelling
2010_2015,up2010__row9890,block_match_type,,exact
2015_2021,up2015__row10156,block_match_type,,exact
2015_2021,up2015__row121,block_match_type,,exact
2015_2021,up2015__row12250,block_match_type,,spelling
2015_2021,up2015__row12253,block_match_type,,spelling
2015_2021,up2015__row12254,block_match_type,,spelling
2015_2021,up2015__row12255,block_match_type,,spelling
2015_2021,up2015__row13137,block_match_type,,spelling
2015_2021,up2015__row13138,block_match_type,,spelling
2015_2021,up2015__row13139,block_match_type,,spelling
2015_2021,up2015__row13140,block_match_type,,spelling
2015_2021,up2015__row13141,block_match_type,,spelling
2015_2021,up2015__row13142,block_match_type,,spelling
2015_2021,up2015__row13146,block_match_type,,spelling
2015_2021,up2015__row13147,block_match_type,,spelling
2015_2021,up2015__row13148,block_match_type,,spelling
2015_2021,up2015__row13150,block_match_type,,spelling
2015_2021,up2015__row13151,block_match_type,,spelling
2015_2021,up2015__row13152,block_match_type,,spelling
2015_2021,up2015__row13155,block_match_type,,spelling
2015_2021,up2015__row13156,block_match_type,,spelling
2015_2021,up2015__row13157,block_match_type,,spelling
2015_2021,up2015__row13159,block_match_type,,spelling
2015_2021,up2015__row13468,block_match_type,,spelling
2015_2021,up2015__row13642,block_match_type,exact,
2015_2021,up2015__row13668,block_match_type,,exact
2015_2021,up2015__row13669,block_match_type,,exact
2015_2021,up2015__row13670,block_match_type,,exact
2015_2021,up2015__row13674,block_match_type,,exact
2015_2021,up2015__row13675,block_match_type,,exact
2015_2021,up2015__row13676,block_match_type,,exact
2015_2021,up2015__row13677,block_match_type,,exact
2015_2021,up2015__row13679,block_match_type,,exact
2015_2021,up2015__row13680,block_match_type,,exact
2015_2021,up2015__row13682,block_match_type,,exact
2015_2021,up2015__row1375,block_match_type,,spelling
2015_2021,up2015__row13755,block_match_type,,spelling
2015_2021,up2015__row13758,block_match_type,,spelling
2015_2021,up2015__row13771,block_match_type,,spelling
2015_2021,up2015__row13781,block_match_type,,spelling
2015_2021,up2015__row14750,block_match_type,,exact
2015_2021,up2015__row14753,block_match_type,,exact
2015_2021,up2015__row14754,block_match_type,,exact
2015_2021,up2015__row14756,block_match_type,,exact
2015_2021,up2015__row14757,block_match_type,,exact
2015_2021,up2015__row14758,block_match_type,,exact
2015_2021,up2015__row15760,block_match_type,,spelling
2015_2021,up2015__row15767,block_match_type,,spelling
2015_2021,up2015__row15768,block_match_type,,spelling
2015_2021,up2015__row15772,block_match_type,,spelling
2015_2021,up2015__row15773,block_match_type,,spelling
2015_2021,up2015__row15775,block_match_type,,spelling
2015_2021,up2015__row15783,block_match_type,,spelling
2015_2021,up2015__row15784,block_match_type,,spelling
2015_2021,up2015__row15785,block_match_type,,spelling
2015_2021,up2015__row15789,block_match_type,,spelling
2015_2021,up2015__row15790,block_match_type,,spelling
2015_2021,up2015__row15791,block_match_type,,spelling
2015_2021,up2015__row15792,block_match_type,,spelling
2015_2021,up2015__row15793,block_match_type,,spelling
2015_2021,up2015__row1737,block_match_type,,spelling
2015_2021,up2015__row1738,block_match_type,,spelling
2015_2021,up2015__row1747,block_match_type,spelling,
2015_2021,up2015__row18846,block_match_type,,exact
2015_2021,up2015__row18847,block_match_type,,exact
2015_2021,up2015__row18849,block_match_type,,exact
2015_2021,up2015__row18850,block_match_type,,exact
2015_2021,up2015__row18851,block_match_type,,exact
2015_2021,up2015__row18852,block_match_type,,exact
2015_2021,up2015__row18860,block_match_type,,exact
2015_2021,up2015__row18861,block_match_type,,exact
2015_2021,up2015__row18862,block_match_type,,exact
2015_2021,up2015__row18863,block_match_type,,exact
2015_2021,up2015__row18864,block_match_type,,exact
2015_2021,up2015__row18871,block_match_type,,exact
2015_2021,up2015__row18873,block_match_type,,exact
2015_2021,up2015__row18874,block_match_type,,exact
2015_2021,up2015__row18876,block_match_type,,exact
2015_2021,up2015__row18877,block_match_type,,exact
2015_2021,up2015__row18878,block_match_type,,exact
2015_2021,up2015__row18880,block_match_type,,exact
2015_2021,up2015__row18882,block_match_type,,exact
2015_2021,up2015__row18883,block_match_type,,exact
2015_2021,up2015__row19307,block_match_type,,exact
2015_2021,up2015__row19320,block_match_type,,exact
2015_2021,up2015__row19532,block_match_type,,spelling
2015_2021,up2015__row22848,block_match_type,,exact
2015_2021,up2015__row22849,block_match_type,,exact
2015_2021,up2015__row22877,block_match_type,,exact
2015_2021,up2015__row22884,block_match_type,,exact
2015_2021,up2015__row22991,block_match_type,,exact
2015_2021,up2015__row23358,block_match_type,,exact
2015_2021,up2015__row23658,block_match_type,,spelling
2015_2021,up2015__row23681,block_match_type,,spelling
2015_2021,up2015__row23684,block_match_type,,spelling
2015_2021,up2015__row23692,block_match_type,,spelling
2015_2021,up2015__row23699,block_match_type,,spelling
2015_2021,up2015__row23720,block_match_type,,exact
2015_2021,up2015__row25600,block_match_type,,exact
2015_2021,up2015__row27224,block_match_type,,spelling
2015_2021,up2015__row27226,block_match_type,,spelling
2015_2021,up2015__row27228,block_match_type,,spelling
2015_2021,up2015__row27235,block_match_type,,spelling
2015_2021,up2015__row27236,block_match_type,,spelling
2015_2021,up2015__row27238,block_match_type,,spelling
2015_2021,up2015__row27245,block_match_type,,spelling
2015_2021,up2015__row27666,block_match_type,,spelling
2015_2021,up2015__row27670,block_match_type,,spelling
2015_2021,up2015__row27673,block_match_type,,spelling
2015_2021,up2015__row27678,block_match_type,,spelling
2015_2021,up2015__row27703,block_match_type,,spelling
2015_2021,up2015__row27905,block_match_type,,spelling
2015_2021,up2015__row27906,block_match_type,,spelling
2015_2021,up2015__row27920,block_match_type,,spelling
2015_2021,up2015__row28081,block_match_type,,spelling
2015_2021,up2015__row28083,block_match_type,,spelling
2015_2021,up2015__row28087,block_match_type,,spelling
2015_2021,up2015__row28089,block_match_type,,spelling
2015_2021,up2015__row28090,block_match_type,,spelling
2015_2021,up2015__row29296,block_match_type,,spelling
2015_2021,up2015__row29297,block_match_type,,spelling
2015_2021,up2015__row29364,block_match_type,,spelling
2015_2021,up2015__row30061,block_match_type,,spelling
2015_2021,up2015__row30062,block_match_type,,spelling
2015_2021,up2015__row30063,block_match_type,,spelling
2015_2021,up2015__row30065,block_match_type,,spelling
2015_2021,up2015__row30066,block_match_type,,spelling
2015_2021,up2015__row30067,block_match_type,,spelling
2015_2021,up2015__row30069,block_match_type,,spelling
2015_2021,up2015__row30074,block_match_type,,spelling
2015_2021,up2015__row30076,block_match_type,,spelling
2015_2021,up2015__row30077,block_match_type,,spelling
2015_2021,up2015__row30079,block_match_type,,spelling
2015_2021,up2015__row30080,block_match_type,,spelling
2015_2021,up2015__row30081,block_match_type,,spelling
2015_2021,up2015__row30082,block_match_type,,spelling
2015_2021,up2015__row32039,block_match_type,,exact
2015_2021,up2015__row32045,block_match_type,,exact
2015_2021,up2015__row32048,block_match_type,,exact
2015_2021,up2015__row32049,block_match_type,,exact
2015_2021,up2015__row32050,block_match_type,,exact
2015_2021,up2015__row34103,block_match_type,,exact
2015_2021,up2015__row34106,block_match_type,,exact
2015_2021,up2015__row34110,block_match_type,,exact
2015_2021,up2015__row34119,block_match_type,,exact
2015_2021,up2015__row34120,block_match_type,,exact
2015_2021,up2015__row34124,block_match_type,,exact
2015_2021,up2015__row34765,block_match_type,,exact
2015_2021,up2015__row34781,block_match_type,,exact
2015_2021,up2015__row34783,block_match_type,,exact
2015_2021,up2015__row34796,block_match_type,,exact
2015_2021,up2015__row36130,block_match_type,,exact
2015_2021,up2015__row36133,block_match_type,,exact
2015_2021,up2015__row36135,block_match_type,,exact
2015_2021,up2015__row36141,block_match_type,,exact
2015_2021,up2015__row36143,block_match_type,,exact
2015_2021,up2015__row36433,block_match_type,,spelling
2015_2021,up2015__row36436,block_match_type,,spelling
2015_2021,up2015__row36440,block_match_type,,spelling
2015_2021,up2015__row36441,block_match_type,,spelling
2015_2021,up2015__row36442,block_match_type,,spelling
2015_2021,up2015__row36444,block_match_type,,spelling
2015_2021,up2015__row36446,block_match_type,,spelling
2015_2021,up2015__row36605,block_match_type,,exact
2015_2021,up2015__row3933,block_match_type,,exact
2015_2021,up2015__row40265,block_match_type,,exact
2015_2021,up2015__row40677,block_match_type,,spelling
2015_2021,up2015__row40678,block_match_type,,spelling
2015_2021,up2015__row40679,block_match_type,,spelling
2015_2021,up2015__row40685,block_match_type,,spelling
2015_2021,up2015__row41265,block_match_type,,exact
2015_2021,up2015__row41268,block_match_type,,exact
2015_2021,up2015__row41286,block_match_type,,exact
2015_2021,up2015__row41290,block_match_type,,exact
2015_2021,up2015__row42011,block_match_type,,spelling
2015_2021,up2015__row42017,block_match_type,,spelling
2015_2021,up2015__row42019,block_match_type,,spelling
2015_2021,up2015__row42021,block_match_type,,spelling
2015_2021,up2015__row42023,block_match_type,,spelling
2015_2021,up2015__row44858,block_match_type,,exact
2015_2021,up2015__row45137,block_match_type,,exact
2015_2021,up2015__row4597,block_match_type,,alt_name
2015_2021,up2015__row4600,block_match_type,,alt_name
2015_2021,up2015__row46307,block_match_type,,exact
2015_2021,up2015__row46308,block_match_type,,exact
2015_2021,up2015__row46310,block_match_type,,exact
2015_2021,up2015__row46316,block_match_type,,exact
2015_2021,up2015__row46317,block_match_type,exact,
2015_2021,up2015__row46319,block_match_type,,exact
2015_2021,up2015__row48103,block_match_type,,exact
2015_2021,up2015__row48104,block_match_type,,exact
2015_2021,up2015__row48105,block_match_type,,exact
2015_2021,up2015__row51008,block_match_type,,exact
2015_2021,up2015__row5106,block_match_type,,exact
2015_2021,up2015__row5107,block_match_type,,exact
2015_2021,up2015__row5110,block_match_type,,exact
2015_2021,up2015__row5112,block_match_type,,exact
2015_2021,up2015__row51141,block_match_type,,exact
2015_2021,up2015__row5116,block_match_type,,exact
2015_2021,up2015__row51198,block_match_type,,spelling
2015_2021,up2015__row51202,block_match_type,,spelling
2015_2021,up2015__row51233,block_match_type,,spelling
2015_2021,up2015__row51699,block_match_type,,exact
2015_2021,up2015__row51708,block_match_type,,exact
2015_2021,up2015__row51714,block_match_type,,exact
2015_2021,up2015__row51742,block_match_type,,exact
2015_2021,up2015__row51886,block_match_type,,exact
2015_2021,up2015__row51941,block_match_type,exact,
2015_2021,up2015__row51974,block_match_type,,exact
2015_2021,up2015__row51975,block_match_type,,exact
2015_2021,up2015__row52021,block_match_type,,spelling
2015_2021,up2015__row52024,block_match_type,,spelling
2015_2021,up2015__row52030,block_match_type,,spelling
2015_2021,up2015__row52033,block_match_type,,spelling
2015_2021,up2015__row52036,block_match_type,,spelling
2015_2021,up2015__row52041,block_match_type,,spelling
2015_2021,up2015__row52047,block_match_type,,spelling
2015_2021,up2015__row52056,block_match_type,,spelling
2015_2021,up2015__row52316,block_match_type,,exact
2015_2021,up2015__row52396,block_match_type,,spelling
2015_2021,up2015__row52397,block_match_type,,spelling
2015_2021,up2015__row52398,block_match_type,,spelling
2015_2021,up2015__row52400,block_match_type,,spelling
2015_2021,up2015__row52401,block_match_type,,spelling
2015_2021,up2015__row52403,block_match_type,,spelling
2015_2021,up2015__row52404,block_match_type,,spelling
2015_2021,up2015__row52405,block_match_type,,spelling
2015_2021,up2015__row52407,block_match_type,,spelling
2015_2021,up2015__row52408,block_match_type,,spelling
2015_2021,up2015__row52409,block_match_type,,spelling
2015_2021,up2015__row52410,block_match_type,,spelling
2015_2021,up2015__row52411,block_match_type,,spelling
2015_2021,up2015__row52707,block_match_type,,exact
2015_2021,up2015__row52711,block_match_type,,exact
2015_2021,up2015__row52712,block_match_type,,exact
2015_2021,up2015__row52713,block_match_type,,exact
2015_2021,up2015__row52715,block_match_type,,exact
2015_2021,up2015__row52716,block_match_type,,exact
2015_2021,up2015__row52717,block_match_type,,exact
2015_2021,up2015__row52718,block_match_type,,exact
2015_2021,up2015__row52720,block_match_type,,exact
2015_2021,up2015__row52722,block_match_type,,exact
2015_2021,up2015__row52726,block_match_type,,exact
2015_2021,up2015__row52728,block_match_type,,exact
2015_2021,up2015__row52731,block_match_type,,exact
2015_2021,up2015__row52733,block_match_type,,exact
2015_2021,up2015__row52735,block_match_type,,exact
2015_2021,up2015__row53036,block_match_type,,exact
2015_2021,up2015__row54808,block_match_type,,spelling
2015_2021,up2015__row5562,block_match_type,,exact
2015_2021,up2015__row55946,block_match_type,,exact
2015_2021,up2015__row56359,block_match_type,,exact
2015_2021,up2015__row56363,block_match_type,,exact
2015_2021,up2015__row56365,block_match_type,,exact
2015_2021,up2015__row6083,block_match_type,,exact
2015_2021,up2015__row6084,block_match_type,,exact
2015_2021,up2015__row6085,block_match_type,,exact
2015_2021,up2015__row6088,block_match_type,,exact
2015_2021,up2015__row6089,block_match_type,,exact
2015_2021,up2015__row6092,block_match_type,,exact
2015_2021,up2015__row6390,block_match_type,,exact
2015_2021,up2015__row6547,block_match_type,,spelling
2015_2021,up2015__row7187,block_match_type,,spelling
2015_2021,up2015__row7196,block_match_type,,spelling
2015_2021,up2015__row7287,block_match_type,,exact
2015_2021,up2015__row7290,block_match_type,,exact
2015_2021,up2015__row7348,block_match_type,,exact
2015_2021,up2015__row7545,block_match_type,,spelling
2015_2021,up2015__row7548,block_match_type,,spelling
2015_2021,up2015__row7551,block_match_type,,spelling
2015_2021,up2015__row8704,block_match_type,,spelling
2015_2021,up2015__row8829,block_match_type,,spelling
2015_2021,up2015__row8830,block_match_type,,spelling
2015_2021,up2015__row8834,block_match_type,,spelling
2015_2021,up2015__row8836,block_match_type,,spelling
2015_2021,up2015__row8841,block_match_type,,spelling
2015_2021,up2015__row8844,block_match_type,,spelling
2015_2021,up2015__row8850,block_match_type,,spelling
2015_2021,up2015__row8858,block_match_type,,spelling
2005_2010_2015_2021,up2010__row43187,block_match_type,exact,
2005_2010_2015_2021,up2010__row45595,block_match_type,exact,
2005_2010_2015_2021,up2010__row20980,block_match_type,exact,
2005_2010_2015_2021,up2010__row49832,block_match_type,exact,
2005_2010_2015_2021,up2010__row38431,block_match_type,spelling,
2005_2010,up2010__row43187,gp_match_type,fuzzy,
2005_2010,up2010__row45595,gp_match_type,fuzzy,
2005_2010,up2010__row20980,gp_match_type,fuzzy,
2005_2010,up2010__row48163,gp_match_type,fuzzy,
2005_2010,up2010__row37023,gp_match_type,fuzzy,
2005_2010,up2010__row49832,gp_match_type,fuzzy,
2005_2010,up2010__row38431,gp_match_type,fuzzy,
2005_2010,up2010__row51223,gp_match_type,fuzzy,
2010_2015,up2010__row10029,gp_match_type,,fuzzy
2010_2015,up2010__row10045,gp_match_type,,fuzzy
2010_2015,up2010__row10073,gp_match_type,,exact
2010_2015,up2010__row10118,gp_match_type,,exact
2010_2015,up2010__row1014,gp_match_type,,fuzzy
2010_2015,up2010__row10177,gp_match_type,,fuzzy
2010_2015,up2010__row10188,gp_match_type,,fuzzy
2010_2015,up2010__row10417,gp_match_type,,exact
2010_2015,up2010__row10486,gp_match_type,,exact
2010_2015,up2010__row10556,gp_match_type,,fuzzy
2010_2015,up2010__row10694,gp_match_type,,fuzzy
2010_2015,up2010__row10753,gp_match_type,,exact
2010_2015,up2010__row11008,gp_match_type,,fuzzy
2010_2015,up2010__row11176,gp_match_type,,fuzzy
2010_2015,up2010__row11196,gp_match_type,,fuzzy
2010_2015,up2010__row1124,gp_match_type,,fuzzy
2010_2015,up2010__row11267,gp_match_type,,fuzzy
2010_2015,up2010__row11297,gp_match_type,,fuzzy
2010_2015,up2010__row11364,gp_match_type,,fuzzy
2010_2015,up2010__row11405,gp_match_type,,fuzzy
2010_2015,up2010__row11417,gp_match_type,,fuzzy
2010_2015,up2010__row11455,gp_match_type,,exact
2010_2015,up2010__row11533,gp_match_type,,exact
2010_2015,up2010__row11673,gp_match_type,,fuzzy
2010_2015,up2010__row11689,gp_match_type,,exact
2010_2015,up2010__row12004,gp_match_type,,fuzzy
2010_2015,up2010__row12209,gp_match_type,,fuzzy
2010_2015,up2010__row12438,gp_match_type,,fuzzy
2010_2015,up2010__row13067,gp_match_type,,fuzzy
2010_2015,up2010__row1316,gp_match_type,,exact
2010_2015,up2010__row13192,gp_match_type,,fuzzy
2010_2015,up2010__row13213,gp_match_type,,exact
2010_2015,up2010__row1341,gp_match_type,,exact
2010_2015,up2010__row13500,gp_match_type,,fuzzy
2010_2015,up2010__row1362,gp_match_type,,exact
2010_2015,up2010__row13886,gp_match_type,,fuzzy
2010_2015,up2010__row13940,gp_match_type,,fuzzy
2010_2015,up2010__row14099,gp_match_type,,exact
2010_2015,up2010__row14120,gp_match_type,,exact
2010_2015,up2010__row1422,gp_match_type,,exact
2010_2015,up2010__row14230,gp_match_type,,exact
2010_2015,up2010__row14246,gp_match_type,,fuzzy
2010_2015,up2010__row14361,gp_match_type,,fuzzy
2010_2015,up2010__row14405,gp_match_type,,exact
2010_2015,up2010__row14406,gp_match_type,,fuzzy
2010_2015,up2010__row1458,gp_match_type,,fuzzy
2010_2015,up2010__row1472,gp_match_type,,fuzzy
2010_2015,up2010__row14737,gp_match_type,,exact
2010_2015,up2010__row14781,gp_match_type,,exact
2010_2015,up2010__row14924,gp_match_type,,fuzzy
2010_2015,up2010__row14928,gp_match_type,,fuzzy
2010_2015,up2010__row14939,gp_match_type,,exact
2010_2015,up2010__row1508,gp_match_type,,fuzzy
2010_2015,up2010__row15141,gp_match_type,,fuzzy
2010_2015,up2010__row15152,gp_match_type,,fuzzy
2010_2015,up2010__row1521,gp_match_type,,fuzzy
2010_2015,up2010__row15219,gp_match_type,,exact
2010_2015,up2010__row15312,gp_match_type,,fuzzy
2010_2015,up2010__row15469,gp_match_type,,exact
2010_2015,up2010__row15593,gp_match_type,,exact
2010_2015,up2010__row15651,gp_match_type,,exact
2010_2015,up2010__row15786,gp_match_type,,fuzzy
2010_2015,up2010__row15804,gp_match_type,,exact
2010_2015,up2010__row15936,gp_match_type,,exact
2010_2015,up2010__row16084,gp_match_type,,exact
2010_2015,up2010__row1611,gp_match_type,,fuzzy
2010_2015,up2010__row16213,gp_match_type,,fuzzy
2010_2015,up2010__row16449,gp_match_type,,fuzzy
2010_2015,up2010__row16596,gp_match_type,,fuzzy
2010_2015,up2010__row16616,gp_match_type,,fuzzy
2010_2015,up2010__row16619,gp_match_type,,fuzzy
2010_2015,up2010__row16737,gp_match_type,,fuzzy
2010_2015,up2010__row16943,gp_match_type,,exact
2010_2015,up2010__row17269,gp_match_type,,exact
2010_2015,up2010__row17603,gp_match_type,,fuzzy
2010_2015,up2010__row17996,gp_match_type,,fuzzy
2010_2015,up2010__row18286,gp_match_type,,fuzzy
2010_2015,up2010__row18288,gp_match_type,,fuzzy
2010_2015,up2010__row18348,gp_match_type,,fuzzy
2010_2015,up2010__row18693,gp_match_type,,fuzzy
2010_2015,up2010__row18763,gp_match_type,,fuzzy
2010_2015,up2010__row18831,gp_match_type,,fuzzy
2010_2015,up2010__row18834,gp_match_type,,fuzzy
2010_2015,up2010__row18908,gp_match_type,,fuzzy
2010_2015,up2010__row18929,gp_match_type,,fuzzy
2010_2015,up2010__row19310,gp_match_type,,fuzzy
2010_2015,up2010__row19344,gp_match_type,,fuzzy
2010_2015,up2010__row1937,gp_match_type,,fuzzy
2010_2015,up2010__row19418,gp_match_type,,fuzzy
2010_2015,up2010__row19453,gp_match_type,,fuzzy
2010_2015,up2010__row19471,gp_match_type,,fuzzy
2010_2015,up2010__row19495,gp_match_type,,fuzzy
2010_2015,up2010__row19564,gp_match_type,,exact
2010_2015,up2010__row19842,gp_match_type,,fuzzy
2010_2015,up2010__row19991,gp_match_type,,exact
2010_2015,up2010__row20003,gp_match_type,,fuzzy
2010_2015,up2010__row20011,gp_match_type,,fuzzy
2010_2015,up2010__row20083,gp_match_type,,fuzzy
2010_2015,up2010__row20121,gp_match_type,,exact
2010_2015,up2010__row20139,gp_match_type,,fuzzy
2010_2015,up2010__row20140,gp_match_type,,fuzzy
2010_2015,up2010__row20175,gp_match_type,,exact
2010_2015,up2010__row20216,gp_match_type,,fuzzy
2010_2015,up2010__row20231,gp_match_type,,fuzzy
2010_2015,up2010__row20240,gp_match_type,,fuzzy
2010_2015,up2010__row20261,gp_match_type,,fuzzy
2010_2015,up2010__row20440,gp_match_type,,fuzzy
2010_2015,up2010__row20621,gp_match_type,,fuzzy
2010_2015,up2010__row20798,gp_match_type,,exact
2010_2015,up2010__row20829,gp_match_type,,exact
2010_2015,up2010__row20953,gp_match_type,,fuzzy
2010_2015,up2010__row20980,gp_match_type,fuzzy,
2010_2015,up2010__row21002,gp_match_type,,exact
2010_2015,up2010__row21066,gp_match_type,,exact
2010_2015,up2010__row21070,gp_match_type,,fuzzy
2010_2015,up2010__row21257,gp_match_type,,fuzzy
2010_2015,up2010__row21414,gp_match_type,,fuzzy
2010_2015,up2010__row21452,gp_match_type,,exact
2010_2015,up2010__row21454,gp_match_type,,fuzzy
2010_2015,up2010__row21480,gp_match_type,,fuzzy
2010_2015,up2010__row21488,gp_match_type,,exact
2010_2015,up2010__row2160,gp_match_type,,fuzzy
2010_2015,up2010__row21614,gp_match_type,,exact
2010_2015,up2010__row21634,gp_match_type,,fuzzy
2010_2015,up2010__row217,gp_match_type,,exact
2010_2015,up2010__row22003,gp_match_type,,fuzzy
2010_2015,up2010__row22009,gp_match_type,,exact
2010_2015,up2010__row22156,gp_match_type,,exact
2010_2015,up2010__row22471,gp_match_type,,fuzzy
2010_2015,up2010__row22655,gp_match_type,,fuzzy
2010_2015,up2010__row22737,gp_match_type,,fuzzy
2010_2015,up2010__row2284,gp_match_type,,fuzzy
2010_2015,up2010__row22852,gp_match_type,,fuzzy
2010_2015,up2010__row22922,gp_match_type,,fuzzy
2010_2015,up2010__row22929,gp_match_type,,exact
2010_2015,up2010__row23031,gp_match_type,,exact
2010_2015,up2010__row23079,gp_match_type,,fuzzy
2010_2015,up2010__row23167,gp_match_type,,exact
2010_2015,up2010__row23228,gp_match_type,,exact
2010_2015,up2010__row23369,gp_match_type,,fuzzy
2010_2015,up2010__row23592,gp_match_type,,fuzzy
2010_2015,up2010__row236,gp_match_type,,exact
2010_2015,up2010__row23673,gp_match_type,,exact
2010_2015,up2010__row23711,gp_match_type,,exact
2010_2015,up2010__row23728,gp_match_type,,exact
2010_2015,up2010__row23733,gp_match_type,,exact
2010_2015,up2010__row23871,gp_match_type,,exact
2010_2015,up2010__row23944,gp_match_type,,fuzzy
2010_2015,up2010__row23990,gp_match_type,,fuzzy
2010_2015,up2010__row24174,gp_match_type,,fuzzy
2010_2015,up2010__row24441,gp_match_type,,fuzzy
2010_2015,up2010__row24469,gp_match_type,,fuzzy
2010_2015,up2010__row24488,gp_match_type,,exact
2010_2015,up2010__row245,gp_match_type,,fuzzy
2010_2015,up2010__row24573,gp_match_type,,fuzzy
2010_2015,up2010__row24850,gp_match_type,,fuzzy
2010_2015,up2010__row24859,gp_match_type,,exact
2010_2015,up2010__row24872,gp_match_type,,fuzzy
2010_2015,up2010__row24962,gp_match_type,,fuzzy
2010_2015,up2010__row25075,gp_match_type,,exact
2010_2015,up2010__row25363,gp_match_type,,fuzzy
2010_2015,up2010__row25376,gp_match_type,,exact
2010_2015,up2010__row25388,gp_match_type,,fuzzy
2010_2015,up2010__row25452,gp_match_type,,fuzzy
2010_2015,up2010__row25539,gp_match_type,,fuzzy
2010_2015,up2010__row2563,gp_match_type,,exact
2010_2015,up2010__row25966,gp_match_type,,fuzzy
2010_2015,up2010__row26046,gp_match_type,,fuzzy
2010_2015,up2010__row26071,gp_match_type,,fuzzy
2010_2015,up2010__row26080,gp_match_type,,exact
2010_2015,up2010__row26210,gp_match_type,,fuzzy
2010_2015,up2010__row26353,gp_match_type,,fuzzy
2010_2015,up2010__row26372,gp_match_type,,fuzzy
2010_2015,up2010__row26511,gp_match_type,,fuzzy
2010_2015,up2010__row26561,gp_match_type,,fuzzy
2010_2015,up2010__row26625,gp_match_type,,fuzzy
2010_2015,up2010__row26682,gp_match_type,,fuzzy
2010_2015,up2010__row26701,gp_match_type,,fuzzy
2010_2015,up2010__row2675,gp_match_type,,fuzzy
2010_2015,up2010__row26892,gp_match_type,,fuzzy
2010_2015,up2010__row26917,gp_match_type,,fuzzy
2010_2015,up2010__row27201,gp_match_type,,fuzzy
2010_2015,up2010__row27242,gp_match_type,,fuzzy
2010_2015,up2010__row27274,gp_match_type,,fuzzy
2010_2015,up2010__row27421,gp_match_type,,fuzzy
2010_2015,up2010__row27693,gp_match_type,,fuzzy
2010_2015,up2010__row27787,gp_match_type,,exact
2010_2015,up2010__row27990,gp_match_type,,fuzzy
2010_2015,up2010__row27993,gp_match_type,,fuzzy
2010_2015,up2010__row28029,gp_match_type,,fuzzy
2010_2015,up2010__row28035,gp_match_type,,fuzzy
2010_2015,up2010__row28093,gp_match_type,,fuzzy
2010_2015,up2010__row28202,gp_match_type,,exact
2010_2015,up2010__row28247,gp_match_type,,fuzzy
2010_2015,up2010__row28463,gp_match_type,,exact
2010_2015,up2010__row28816,gp_match_type,,exact
2010_2015,up2010__row28817,gp_match_type,,fuzzy
2010_2015,up2010__row28903,gp_match_type,,fuzzy
2010_2015,up2010__row28983,gp_match_type,,fuzzy
2010_2015,up2010__row29162,gp_match_type,,exact
2010_2015,up2010__row29205,gp_match_type,,fuzzy
2010_2015,up2010__row29559,gp_match_type,,exact
2010_2015,up2010__row29588,gp_match_type,,fuzzy
2010_2015,up2010__row29593,gp_match_type,,exact
2010_2015,up2010__row29597,gp_match_type,,exact
2010_2015,up2010__row29662,gp_match_type,,fuzzy
2010_2015,up2010__row29773,gp_match_type,,exact
2010_2015,up2010__row29789,gp_match_type,,fuzzy
2010_2015,up2010__row29798,gp_match_type,,fuzzy
2010_2015,up2010__row30090,gp_match_type,,fuzzy
2010_2015,up2010__row301,gp_match_type,,exact
2010_2015,up2010__row3015,gp_match_type,,fuzzy
2010_2015,up2010__row30206,gp_match_type,,exact
2010_2015,up2010__row30216,gp_match_type,,fuzzy
2010_2015,up2010__row30287,gp_match_type,,fuzzy
2010_2015,up2010__row30364,gp_match_type,,fuzzy
2010_2015,up2010__row30435,gp_match_type,,exact
2010_2015,up2010__row30539,gp_match_type,,exact
2010_2015,up2010__row30565,gp_match_type,,fuzzy
2010_2015,up2010__row30585,gp_match_type,,fuzzy
2010_2015,up2010__row3065,gp_match_type,,exact
2010_2015,up2010__row30776,gp_match_type,,fuzzy
2010_2015,up2010__row30833,gp_match_type,,exact
2010_2015,up2010__row30909,gp_match_type,,exact
2010_2015,up2010__row31020,gp_match_type,,exact
2010_2015,up2010__row31067,gp_match_type,,fuzzy
2010_2015,up2010__row31290,gp_match_type,,fuzzy
2010_2015,up2010__row31453,gp_match_type,,fuzzy
2010_2015,up2010__row31586,gp_match_type,,exact
2010_2015,up2010__row31679,gp_match_type,,exact
2010_2015,up2010__row31711,gp_match_type,,fuzzy
2010_2015,up2010__row31973,gp_match_type,,exact
2010_2015,up2010__row32186,gp_match_type,,exact
2010_2015,up2010__row32255,gp_match_type,,fuzzy
2010_2015,up2010__row3234,gp_match_type,,fuzzy
2010_2015,up2010__row32352,gp_match_type,,fuzzy
2010_2015,up2010__row324,gp_match_type,,fuzzy
2010_2015,up2010__row32916,gp_match_type,,fuzzy
2010_2015,up2010__row32926,gp_match_type,,fuzzy
2010_2015,up2010__row32936,gp_match_type,,fuzzy
2010_2015,up2010__row32941,gp_match_type,,exact
2010_2015,up2010__row33033,gp_match_type,,exact
2010_2015,up2010__row331,gp_match_type,,fuzzy
2010_2015,up2010__row33159,gp_match_type,,fuzzy
2010_2015,up2010__row33269,gp_match_type,,fuzzy
2010_2015,up2010__row33277,gp_match_type,,exact
2010_2015,up2010__row33286,gp_match_type,,exact
2010_2015,up2010__row33297,gp_match_type,,exact
2010_2015,up2010__row33336,gp_match_type,,fuzzy
2010_2015,up2010__row33357,gp_match_type,,exact
2010_2015,up2010__row3353,gp_match_type,,fuzzy
2010_2015,up2010__row33579,gp_match_type,,fuzzy
2010_2015,up2010__row33595,gp_match_type,,exact
2010_2015,up2010__row33710,gp_match_type,,exact
2010_2015,up2010__row33734,gp_match_type,,fuzzy
2010_2015,up2010__row33935,gp_match_type,,fuzzy
2010_2015,up2010__row33952,gp_match_type,,fuzzy
2010_2015,up2010__row3414,gp_match_type,,fuzzy
2010_2015,up2010__row34621,gp_match_type,,fuzzy
2010_2015,up2010__row347,gp_match_type,,fuzzy
2010_2015,up2010__row34814,gp_match_type,,fuzzy
2010_2015,up2010__row34877,gp_match_type,,fuzzy
2010_2015,up2010__row35066,gp_match_type,,fuzzy
2010_2015,up2010__row35457,gp_match_type,,exact
2010_2015,up2010__row35498,gp_match_type,,exact
2010_2015,up2010__row35541,gp_match_type,,fuzzy
2010_2015,up2010__row35563,gp_match_type,,fuzzy
2010_2015,up2010__row35714,gp_match_type,,fuzzy
2010_2015,up2010__row35741,gp_match_type,,fuzzy
2010_2015,up2010__row35781,gp_match_type,,exact
2010_2015,up2010__row35897,gp_match_type,,fuzzy
2010_2015,up2010__row35908,gp_match_type,,fuzzy
2010_2015,up2010__row36030,gp_match_type,,exact
2010_2015,up2010__row36427,gp_match_type,,fuzzy
2010_2015,up2010__row36460,gp_match_type,,fuzzy
2010_2015,up2010__row36517,gp_match_type,,fuzzy
2010_2015,up2010__row36537,gp_match_type,,fuzzy
2010_2015,up2010__row36707,gp_match_type,,exact
2010_2015,up2010__row36718,gp_match_type,,fuzzy
2010_2015,up2010__row36751,gp_match_type,,fuzzy
2010_2015,up2010__row36797,gp_match_type,,fuzzy
2010_2015,up2010__row36835,gp_match_type,,exact
2010_2015,up2010__row36852,gp_match_type,,fuzzy
2010_2015,up2010__row36967,gp_match_type,,exact
2010_2015,up2010__row37023,gp_match_type,fuzzy,
2010_2015,up2010__row37041,gp_match_type,,exact
2010_2015,up2010__row37052,gp_match_type,,fuzzy
2010_2015,up2010__row37110,gp_match_type,,fuzzy
2010_2015,up2010__row37393,gp_match_type,,fuzzy
2010_2015,up2010__row37509,gp_match_type,,fuzzy
2010_2015,up2010__row37751,gp_match_type,,fuzzy
2010_2015,up2010__row37834,gp_match_type,,fuzzy
2010_2015,up2010__row37861,gp_match_type,,fuzzy
2010_2015,up2010__row3798,gp_match_type,,fuzzy
2010_2015,up2010__row38116,gp_match_type,,exact
2010_2015,up2010__row38296,gp_match_type,,fuzzy
2010_2015,up2010__row38431,gp_match_type,fuzzy,
2010_2015,up2010__row38548,gp_match_type,,exact
2010_2015,up2010__row38639,gp_match_type,,exact
2010_2015,up2010__row38704,gp_match_type,,fuzzy
2010_2015,up2010__row38755,gp_match_type,,fuzzy
2010_2015,up2010__row38765,gp_match_type,,exact
2010_2015,up2010__row38823,gp_match_type,,exact
2010_2015,up2010__row39002,gp_match_type,,fuzzy
2010_2015,up2010__row39051,gp_match_type,,exact
2010_2015,up2010__row39342,gp_match_type,,exact
2010_2015,up2010__row3943,gp_match_type,,exact
2010_2015,up2010__row39449,gp_match_type,,fuzzy
2010_2015,up2010__row39458,gp_match_type,,exact
2010_2015,up2010__row39610,gp_match_type,,exact
2010_2015,up2010__row39676,gp_match_type,,fuzzy
2010_2015,up2010__row39846,gp_match_type,,exact
2010_2015,up2010__row40509,gp_match_type,,fuzzy
2010_2015,up2010__row40534,gp_match_type,,fuzzy
2010_2015,up2010__row40705,gp_match_type,,fuzzy
2010_2015,up2010__row40782,gp_match_type,,fuzzy
2010_2015,up2010__row40784,gp_match_type,,fuzzy
2010_2015,up2010__row40795,gp_match_type,,fuzzy
2010_2015,up2010__row408,gp_match_type,,exact
2010_2015,up2010__row41007,gp_match_type,,fuzzy
2010_2015,up2010__row41096,gp_match_type,,fuzzy
2010_2015,up2010__row41361,gp_match_type,,fuzzy
2010_2015,up2010__row41363,gp_match_type,,fuzzy
2010_2015,up2010__row41366,gp_match_type,,fuzzy
2010_2015,up2010__row41367,gp_match_type,,exact
2010_2015,up2010__row41937,gp_match_type,,fuzzy
2010_2015,up2010__row41953,gp_match_type,,fuzzy
2010_2015,up2010__row41955,gp_match_type,,fuzzy
2010_2015,up2010__row41963,gp_match_type,,exact
2010_2015,up2010__row4210,gp_match_type,,fuzzy
2010_2015,up2010__row42272,gp_match_type,,fuzzy
2010_2015,up2010__row4238,gp_match_type,,fuzzy
2010_2015,up2010__row4253,gp_match_type,,exact
2010_2015,up2010__row42779,gp_match_type,,fuzzy
2010_2015,up2010__row42780,gp_match_type,,exact
2010_2015,up2010__row42794,gp_match_type,,fuzzy
2010_2015,up2010__row43177,gp_match_type,,exact
2010_2015,up2010__row43178,gp_match_type,,exact
2010_2015,up2010__row43180,gp_match_type,,exact
2010_2015,up2010__row43186,gp_match_type,,exact
2010_2015,up2010__row43187,gp_match_type,fuzzy,
2010_2015,up2010__row43189,gp_match_type,,fuzzy
2010_2015,up2010__row43487,gp_match_type,,exact
2010_2015,up2010__row43489,gp_match_type,,fuzzy
2010_2015,up2010__row43494,gp_match_type,,fuzzy
2010_2015,up2010__row43498,gp_match_type,,fuzzy
2010_2015,up2010__row4356,gp_match_type,,exact
2010_2015,up2010__row4414,gp_match_type,,exact
2010_2015,up2010__row44194,gp_match_type,,fuzzy
2010_2015,up2010__row44861,gp_match_type,,fuzzy
2010_2015,up2010__row44868,gp_match_type,,fuzzy
2010_2015,up2010__row45276,gp_match_type,,exact
2010_2015,up2010__row45277,gp_match_type,,fuzzy
2010_2015,up2010__row45278,gp_match_type,,fuzzy
2010_2015,up2010__row45279,gp_match_type,,exact
2010_2015,up2010__row45280,gp_match_type,,exact
2010_2015,up2010__row45281,gp_match_type,,fuzzy
2010_2015,up2010__row45282,gp_match_type,,fuzzy
2010_2015,up2010__row45283,gp_match_type,,exact
2010_2015,up2010__row45284,gp_match_type,,exact
2010_2015,up2010__row45286,gp_match_type,,exact
2010_2015,up2010__row45287,gp_match_type,,exact
2010_2015,up2010__row45288,gp_match_type,,fuzzy
2010_2015,up2010__row45289,gp_match_type,,fuzzy
2010_2015,up2010__row45290,gp_match_type,,exact
2010_2015,up2010__row45417,gp_match_type,,fuzzy
2010_2015,up2010__row45419,gp_match_type,,fuzzy
2010_2015,up2010__row45420,gp_match_type,,fuzzy
2010_2015,up2010__row45424,gp_match_type,,fuzzy
2010_2015,up2010__row45425,gp_match_type,,fuzzy
2010_2015,up2010__row45426,gp_match_type,,fuzzy
2010_2015,up2010__row45428,gp_match_type,,fuzzy
2010_2015,up2010__row45429,gp_match_type,,fuzzy
2010_2015,up2010__row45430,gp_match_type,,fuzzy
2010_2015,up2010__row45431,gp_match_type,,fuzzy
2010_2015,up2010__row45433,gp_match_type,,fuzzy
2010_2015,up2010__row45435,gp_match_type,,exact
2010_2015,up2010__row45439,gp_match_type,,fuzzy
2010_2015,up2010__row45513,gp_match_type,,fuzzy
2010_2015,up2010__row45578,gp_match_type,,exact
2010_2015,up2010__row45579,gp_match_type,,fuzzy
2010_2015,up2010__row45580,gp_match_type,,exact
2010_2015,up2010__row45581,gp_match_type,,fuzzy
2010_2015,up2010__row45582,gp_match_type,,fuzzy
2010_2015,up2010__row45583,gp_match_type,,exact
2010_2015,up2010__row45584,gp_match_type,,fuzzy
2010_2015,up2010__row45585,gp_match_type,,fuzzy
2010_2015,up2010__row45587,gp_match_type,,fuzzy
2010_2015,up2010__row45593,gp_match_type,,fuzzy
2010_2015,up2010__row45594,gp_match_type,,exact
2010_2015,up2010__row45595,gp_match_type,fuzzy,
2010_2015,up2010__row45683,gp_match_type,,exact
2010_2015,up2010__row45685,gp_match_type,,exact
2010_2015,up2010__row45686,gp_match_type,,fuzzy
2010_2015,up2010__row45687,gp_match_type,,fuzzy
2010_2015,up2010__row45688,gp_match_type,,fuzzy
2010_2015,up2010__row45691,gp_match_type,,fuzzy
2010_2015,up2010__row46488,gp_match_type,,fuzzy
2010_2015,up2010__row46489,gp_match_type,,fuzzy
2010_2015,up2010__row47405,gp_match_type,,fuzzy
2010_2015,up2010__row47700,gp_match_type,,exact
2010_2015,up2010__row47703,gp_match_type,,fuzzy
2010_2015,up2010__row47704,gp_match_type,,exact
2010_2015,up2010__row47705,gp_match_type,,exact
2010_2015,up2010__row48088,gp_match_type,,fuzzy
2010_2015,up2010__row48321,gp_match_type,,fuzzy
2010_2015,up2010__row48325,gp_match_type,,fuzzy
2010_2015,up2010__row48410,gp_match_type,,exact
2010_2015,up2010__row4845,gp_match_type,,fuzzy
2010_2015,up2010__row48480,gp_match_type,,fuzzy
2010_2015,up2010__row48889,gp_match_type,,fuzzy
2010_2015,up2010__row48916,gp_match_type,,fuzzy
2010_2015,up2010__row48917,gp_match_type,,fuzzy
2010_2015,up2010__row48918,gp_match_type,,exact
2010_2015,up2010__row48921,gp_match_type,,fuzzy
2010_2015,up2010__row48922,gp_match_type,,fuzzy
2010_2015,up2010__row48925,gp_match_type,,exact
2010_2015,up2010__row49216,gp_match_type,,fuzzy
2010_2015,up2010__row49772,gp_match_type,,fuzzy
2010_2015,up2010__row49832,gp_match_type,fuzzy,
2010_2015,up2010__row49842,gp_match_type,,fuzzy
2010_2015,up2010__row49843,gp_match_type,,fuzzy
2010_2015,up2010__row49845,gp_match_type,,fuzzy
2010_2015,up2010__row49846,gp_match_type,,exact
2010_2015,up2010__row49848,gp_match_type,,fuzzy
2010_2015,up2010__row49850,gp_match_type,,fuzzy
2010_2015,up2010__row49857,gp_match_type,,exact
2010_2015,up2010__row49858,gp_match_type,,exact
2010_2015,up2010__row49862,gp_match_type,,fuzzy
2010_2015,up2010__row50624,gp_match_type,,fuzzy
2010_2015,up2010__row50805,gp_match_type,,exact
2010_2015,up2010__row5084,gp_match_type,,exact
2010_2015,up2010__row50911,gp_match_type,,fuzzy
2010_2015,up2010__row550,gp_match_type,,fuzzy
2010_2015,up2010__row5539,gp_match_type,,fuzzy
2010_2015,up2010__row5573,gp_match_type,,fuzzy
2010_2015,up2010__row5632,gp_match_type,,exact
2010_2015,up2010__row5635,gp_match_type,,exact
2010_2015,up2010__row5653,gp_match_type,,exact
2010_2015,up2010__row5844,gp_match_type,,exact
2010_2015,up2010__row5891,gp_match_type,,exact
2010_2015,up2010__row626,gp_match_type,,fuzzy
2010_2015,up2010__row657,gp_match_type,,fuzzy
2010_2015,up2010__row6646,gp_match_type,,exact
2010_2015,up2010__row6679,gp_match_type,,fuzzy
2010_2015,up2010__row6814,gp_match_type,,fuzzy
2010_2015,up2010__row6842,gp_match_type,,fuzzy
2010_2015,up2010__row7076,gp_match_type,,fuzzy
2010_2015,up2010__row7094,gp_match_type,,fuzzy
2010_2015,up2010__row7164,gp_match_type,,exact
2010_2015,up2010__row7227,gp_match_type,,fuzzy
2010_2015,up2010__row7340,gp_match_type,,exact
2010_2015,up2010__row7427,gp_match_type,,fuzzy
2010_2015,up2010__row7659,gp_match_type,,fuzzy
2010_2015,up2010__row767,gp_match_type,,fuzzy
2010_2015,up2010__row7766,gp_match_type,,exact
2010_2015,up2010__row8233,gp_match_type,,fuzzy
2010_2015,up2010__row8259,gp_match_type,,fuzzy
2010_2015,up2010__row8350,gp_match_type,,fuzzy
2010_2015,up2010__row8392,gp_match_type,,fuzzy
2010_2015,up2010__row854,gp_match_type,,fuzzy
2010_2015,up2010__row8703,gp_match_type,,exact
2010_2015,up2010__row8713,gp_match_type,,fuzzy
2010_2015,up2010__row8739,gp_match_type,,fuzzy
2010_2015,up2010__row9039,gp_match_type,,fuzzy
2010_2015,up2010__row916,gp_match_type,,fuzzy
2010_2015,up2010__row9177,gp_match_type,,fuzzy
2010_2015,up2010__row940,gp_match_type,,fuzzy
2010_2015,up2010__row9405,gp_match_type,,exact
2010_2015,up2010__row9523,gp_match_type,,fuzzy
2010_2015,up2010__row9648,gp_match_type,,fuzzy
2010_2015,up2010__row9890,gp_match_type,,exact
2015_2021,up2015__row10156,gp_match_type,,fuzzy
2015_2021,up2015__row121,gp_match_type,,fuzzy
2015_2021,up2015__row12250,gp_match_type,,exact
2015_2021,up2015__row12253,gp_match_type,,fuzzy
2015_2021,up2015__row12254,gp_match_type,,exact
2015_2021,up2015__row12255,gp_match_type,,exact
2015_2021,up2015__row13137,gp_match_type,,fuzzy
2015_2021,up2015__row13138,gp_match_type,,fuzzy
2015_2021,up2015__row13139,gp_match_type,,fuzzy
2015_2021,up2015__row13140,gp_match_type,,fuzzy
2015_2021,up2015__row13141,gp_match_type,,fuzzy
2015_2021,up2015__row13142,gp_match_type,,exact
2015_2021,up2015__row13146,gp_match_type,,exact
2015_2021,up2015__row13147,gp_match_type,,exact
2015_2021,up2015__row13148,gp_match_type,,fuzzy
2015_2021,up2015__row13150,gp_match_type,,exact
2015_2021,up2015__row13151,gp_match_type,,exact
2015_2021,up2015__row13152,gp_match_type,,fuzzy
2015_2021,up2015__row13155,gp_match_type,,fuzzy
2015_2021,up2015__row13156,gp_match_type,,exact
2015_2021,up2015__row13157,gp_match_type,,fuzzy
2015_2021,up2015__row13159,gp_match_type,,fuzzy
2015_2021,up2015__row13468,gp_match_type,,fuzzy
2015_2021,up2015__row13642,gp_match_type,fuzzy,
2015_2021,up2015__row13668,gp_match_type,,fuzzy
2015_2021,up2015__row13669,gp_match_type,,fuzzy
2015_2021,up2015__row13670,gp_match_type,,exact
2015_2021,up2015__row13674,gp_match_type,,exact
2015_2021,up2015__row13675,gp_match_type,,exact
2015_2021,up2015__row13676,gp_match_type,,fuzzy
2015_2021,up2015__row13677,gp_match_type,,fuzzy
2015_2021,up2015__row13679,gp_match_type,,fuzzy
2015_2021,up2015__row13680,gp_match_type,,exact
2015_2021,up2015__row13682,gp_match_type,,fuzzy
2015_2021,up2015__row1375,gp_match_type,,exact
2015_2021,up2015__row13755,gp_match_type,,exact
2015_2021,up2015__row13758,gp_match_type,,fuzzy
2015_2021,up2015__row13771,gp_match_type,,fuzzy
2015_2021,up2015__row13781,gp_match_type,,exact
2015_2021,up2015__row14750,gp_match_type,,exact
2015_2021,up2015__row14753,gp_match_type,,exact
2015_2021,up2015__row14754,gp_match_type,,fuzzy
2015_2021,up2015__row14756,gp_match_type,,exact
2015_2021,up2015__row14757,gp_match_type,,fuzzy
2015_2021,up2015__row14758,gp_match_type,,exact
2015_2021,up2015__row15760,gp_match_type,,fuzzy
2015_2021,up2015__row15767,gp_match_type,,fuzzy
2015_2021,up2015__row15768,gp_match_type,,fuzzy
2015_2021,up2015__row15772,gp_match_type,,fuzzy
2015_2021,up2015__row15773,gp_match_type,,fuzzy
2015_2021,up2015__row15775,gp_match_type,,exact
2015_2021,up2015__row15783,gp_match_type,,fuzzy
2015_2021,up2015__row15784,gp_match_type,,fuzzy
2015_2021,up2015__row15785,gp_match_type,,exact
2015_2021,up2015__row15789,gp_match_type,,exact
2015_2021,up2015__row15790,gp_match_type,,fuzzy
2015_2021,up2015__row15791,gp_match_type,,fuzzy
2015_2021,up2015__row15792,gp_match_type,,exact
2015_2021,up2015__row15793,gp_match_type,,fuzzy
2015_2021,up2015__row1737,gp_match_type,,fuzzy
2015_2021,up2015__row1738,gp_match_type,,fuzzy
2015_2021,up2015__row1747,gp_match_type,fuzzy,
2015_2021,up2015__row18846,gp_match_type,,exact
2015_2021,up2015__row18847,gp_match_type,,fuzzy
2015_2021,up2015__row18849,gp_match_type,,fuzzy
2015_2021,up2015__row18850,gp_match_type,,exact
2015_2021,up2015__row18851,gp_match_type,,fuzzy
2015_2021,up2015__row18852,gp_match_type,,fuzzy
2015_2021,up2015__row18860,gp_match_type,,fuzzy
2015_2021,up2015__row18861,gp_match_type,,fuzzy
2015_2021,up2015__row18862,gp_match_type,,fuzzy
2015_2021,up2015__row18863,gp_match_type,,exact
2015_2021,up2015__row18864,gp_match_type,,fuzzy
2015_2021,up2015__row18871,gp_match_type,,exact
2015_2021,up2015__row18873,gp_match_type,,fuzzy
2015_2021,up2015__row18874,gp_match_type,,exact
2015_2021,up2015__row18876,gp_match_type,,fuzzy
2015_2021,up2015__row18877,gp_match_type,,fuzzy
2015_2021,up2015__row18878,gp_match_type,,exact
2015_2021,up2015__row18880,gp_match_type,,fuzzy
2015_2021,up2015__row18882,gp_match_type,,exact
2015_2021,up2015__row18883,gp_match_type,,fuzzy
2015_2021,up2015__row19307,gp_match_type,,fuzzy
2015_2021,up2015__row19320,gp_match_type,,fuzzy
2015_2021,up2015__row19532,gp_match_type,,fuzzy
2015_2021,up2015__row22848,gp_match_type,,fuzzy
2015_2021,up2015__row22849,gp_match_type,,exact
2015_2021,up2015__row22877,gp_match_type,,exact
2015_2021,up2015__row22884,gp_match_type,,fuzzy
2015_2021,up2015__row22991,gp_match_type,,fuzzy
2015_2021,up2015__row23358,gp_match_type,,exact
2015_2021,up2015__row23658,gp_match_type,,fuzzy
2015_2021,up2015__row23681,gp_match_type,,fuzzy
2015_2021,up2015__row23684,gp_match_type,,exact
2015_2021,up2015__row23692,gp_match_type,,exact
2015_2021,up2015__row23699,gp_match_type,,fuzzy
2015_2021,up2015__row23720,gp_match_type,,fuzzy
2015_2021,up2015__row25600,gp_match_type,,fuzzy
2015_2021,up2015__row27224,gp_match_type,,exact
2015_2021,up2015__row27226,gp_match_type,,exact
2015_2021,up2015__row27228,gp_match_type,,fuzzy
2015_2021,up2015__row27235,gp_match_type,,fuzzy
2015_2021,up2015__row27236,gp_match_type,,fuzzy
2015_2021,up2015__row27238,gp_match_type,,exact
2015_2021,up2015__row27245,gp_match_type,,exact
2015_2021,up2015__row27666,gp_match_type,,exact
2015_2021,up2015__row27670,gp_match_type,,fuzzy
2015_2021,up2015__row27673,gp_match_type,,exact
2015_2021,up2015__row27678,gp_match_type,,fuzzy
2015_2021,up2015__row27703,gp_match_type,,fuzzy
2015_2021,up2015__row27905,gp_match_type,,exact
2015_2021,up2015__row27906,gp_match_type,,exact
2015_2021,up2015__row27920,gp_match_type,,fuzzy
2015_2021,up2015__row28081,gp_match_type,,exact
2015_2021,up2015__row28083,gp_match_type,,exact
2015_2021,up2015__row28087,gp_match_type,,exact
2015_2021,up2015__row28089,gp_match_type,,fuzzy
2015_2021,up2015__row28090,gp_match_type,,fuzzy
2015_2021,up2015__row29296,gp_match_type,,fuzzy
2015_2021,up2015__row29297,gp_match_type,,fuzzy
2015_2021,up2015__row29364,gp_match_type,,fuzzy
2015_2021,up2015__row30061,gp_match_type,,exact
2015_2021,up2015__row30062,gp_match_type,,fuzzy
2015_2021,up2015__row30063,gp_match_type,,fuzzy
2015_2021,up2015__row30065,gp_match_type,,exact
2015_2021,up2015__row30066,gp_match_type,,exact
2015_2021,up2015__row30067,gp_match_type,,exact
2015_2021,up2015__row30069,gp_match_type,,fuzzy
2015_2021,up2015__row30074,gp_match_type,,fuzzy
2015_2021,up2015__row30076,gp_match_type,,fuzzy
2015_2021,up2015__row30077,gp_match_type,,exact
2015_2021,up2015__row30079,gp_match_type,,fuzzy
2015_2021,up2015__row30080,gp_match_type,,fuzzy
2015_2021,up2015__row30081,gp_match_type,,exact
2015_2021,up2015__row30082,gp_match_type,,fuzzy
2015_2021,up2015__row32039,gp_match_type,,fuzzy
2015_2021,up2015__row32045,gp_match_type,,fuzzy
2015_2021,up2015__row32048,gp_match_type,,exact
2015_2021,up2015__row32049,gp_match_type,,fuzzy
2015_2021,up2015__row32050,gp_match_type,,exact
2015_2021,up2015__row34103,gp_match_type,,exact
2015_2021,up2015__row34106,gp_match_type,,exact
2015_2021,up2015__row34110,gp_match_type,,exact
2015_2021,up2015__row34119,gp_match_type,,fuzzy
2015_2021,up2015__row34120,gp_match_type,,exact
2015_2021,up2015__row34124,gp_match_type,,exact
2015_2021,up2015__row34765,gp_match_type,,fuzzy
2015_2021,up2015__row34781,gp_match_type,,fuzzy
2015_2021,up2015__row34783,gp_match_type,,fuzzy
2015_2021,up2015__row34796,gp_match_type,,exact
2015_2021,up2015__row36130,gp_match_type,,fuzzy
2015_2021,up2015__row36133,gp_match_type,,fuzzy
2015_2021,up2015__row36135,gp_match_type,,fuzzy
2015_2021,up2015__row36141,gp_match_type,,exact
2015_2021,up2015__row36143,gp_match_type,,exact
2015_2021,up2015__row36433,gp_match_type,,fuzzy
2015_2021,up2015__row36436,gp_match_type,,fuzzy
2015_2021,up2015__row36440,gp_match_type,,fuzzy
2015_2021,up2015__row36441,gp_match_type,,exact
2015_2021,up2015__row36442,gp_match_type,,fuzzy
2015_2021,up2015__row36444,gp_match_type,,fuzzy
2015_2021,up2015__row36446,gp_match_type,,fuzzy
2015_2021,up2015__row36605,gp_match_type,,fuzzy
2015_2021,up2015__row3933,gp_match_type,,fuzzy
2015_2021,up2015__row40265,gp_match_type,,exact
2015_2021,up2015__row40677,gp_match_type,,exact
2015_2021,up2015__row40678,gp_match_type,,exact
2015_2021,up2015__row40679,gp_match_type,,exact
2015_2021,up2015__row40685,gp_match_type,,fuzzy
2015_2021,up2015__row41265,gp_match_type,,fuzzy
2015_2021,up2015__row41268,gp_match_type,,fuzzy
2015_2021,up2015__row41286,gp_match_type,,exact
2015_2021,up2015__row41290,gp_match_type,,fuzzy
2015_2021,up2015__row42011,gp_match_type,,exact
2015_2021,up2015__row42017,gp_match_type,,fuzzy
2015_2021,up2015__row42019,gp_match_type,,fuzzy
2015_2021,up2015__row42021,gp_match_type,,fuzzy
2015_2021,up2015__row42023,gp_match_type,,exact
2015_2021,up2015__row44858,gp_match_type,,exact
2015_2021,up2015__row45137,gp_match_type,,exact
2015_2021,up2015__row4597,gp_match_type,,fuzzy
2015_2021,up2015__row4600,gp_match_type,,fuzzy
2015_2021,up2015__row46307,gp_match_type,,exact
2015_2021,up2015__row46308,gp_match_type,,exact
2015_2021,up2015__row46310,gp_match_type,,exact
2015_2021,up2015__row46316,gp_match_type,,exact
2015_2021,up2015__row46317,gp_match_type,fuzzy,
2015_2021,up2015__row46319,gp_match_type,,fuzzy
2015_2021,up2015__row48103,gp_match_type,,fuzzy
2015_2021,up2015__row48104,gp_match_type,,fuzzy
2015_2021,up2015__row48105,gp_match_type,,fuzzy
2015_2021,up2015__row51008,gp_match_type,,exact
2015_2021,up2015__row5106,gp_match_type,,exact
2015_2021,up2015__row5107,gp_match_type,,exact
2015_2021,up2015__row5110,gp_match_type,,exact
2015_2021,up2015__row5112,gp_match_type,,fuzzy
2015_2021,up2015__row51141,gp_match_type,,exact
2015_2021,up2015__row5116,gp_match_type,,exact
2015_2021,up2015__row51198,gp_match_type,,fuzzy
2015_2021,up2015__row51202,gp_match_type,,fuzzy
2015_2021,up2015__row51233,gp_match_type,,exact
2015_2021,up2015__row51699,gp_match_type,,fuzzy
2015_2021,up2015__row51708,gp_match_type,,exact
2015_2021,up2015__row51714,gp_match_type,,exact
2015_2021,up2015__row51742,gp_match_type,,fuzzy
2015_2021,up2015__row51886,gp_match_type,,exact
2015_2021,up2015__row51941,gp_match_type,fuzzy,
2015_2021,up2015__row51974,gp_match_type,,fuzzy
2015_2021,up2015__row51975,gp_match_type,,fuzzy
2015_2021,up2015__row52021,gp_match_type,,fuzzy
2015_2021,up2015__row52024,gp_match_type,,fuzzy
2015_2021,up2015__row52030,gp_match_type,,exact
2015_2021,up2015__row52033,gp_match_type,,fuzzy
2015_2021,up2015__row52036,gp_match_type,,fuzzy
2015_2021,up2015__row52041,gp_match_type,,exact
2015_2021,up2015__row52047,gp_match_type,,fuzzy
2015_2021,up2015__row52056,gp_match_type,,exact
2015_2021,up2015__row52316,gp_match_type,,exact
2015_2021,up2015__row52396,gp_match_type,,fuzzy
2015_2021,up2015__row52397,gp_match_type,,exact
2015_2021,up2015__row52398,gp_match_type,,fuzzy
2015_2021,up2015__row52400,gp_match_type,,exact
2015_2021,up2015__row52401,gp_match_type,,exact
2015_2021,up2015__row52403,gp_match_type,,fuzzy
2015_2021,up2015__row52404,gp_match_type,,exact
2015_2021,up2015__row52405,gp_match_type,,exact
2015_2021,up2015__row52407,gp_match_type,,exact
2015_2021,up2015__row52408,gp_match_type,,exact
2015_2021,up2015__row52409,gp_match_type,,fuzzy
2015_2021,up2015__row52410,gp_match_type,,fuzzy
2015_2021,up2015__row52411,gp_match_type,,exact
2015_2021,up2015__row52707,gp_match_type,,fuzzy
2015_2021,up2015__row52711,gp_match_type,,fuzzy
2015_2021,up2015__row52712,gp_match_type,,fuzzy
2015_2021,up2015__row52713,gp_match_type,,fuzzy
2015_2021,up2015__row52715,gp_match_type,,fuzzy
2015_2021,up2015__row52716,gp_match_type,,fuzzy
2015_2021,up2015__row52717,gp_match_type,,fuzzy
2015_2021,up2015__row52718,gp_match_type,,fuzzy
2015_2021,up2015__row52720,gp_match_type,,fuzzy
2015_2021,up2015__row52722,gp_match_type,,exact
2015_2021,up2015__row52726,gp_match_type,,fuzzy
2015_2021,up2015__row52728,gp_match_type,,fuzzy
2015_2021,up2015__row52731,gp_match_type,,exact
2015_2021,up2015__row52733,gp_match_type,,exact
2015_2021,up2015__row52735,gp_match_type,,fuzzy
2015_2021,up2015__row53036,gp_match_type,,fuzzy
2015_2021,up2015__row54808,gp_match_type,,exact
2015_2021,up2015__row5562,gp_match_type,,exact
2015_2021,up2015__row55946,gp_match_type,,fuzzy
2015_2021,up2015__row56359,gp_match_type,,fuzzy
2015_2021,up2015__row56363,gp_match_type,,fuzzy
2015_2021,up2015__row56365,gp_match_type,,fuzzy
2015_2021,up2015__row6083,gp_match_type,,fuzzy
2015_2021,up2015__row6084,gp_match_type,,fuzzy
2015_2021,up2015__row6085,gp_match_type,,exact
2015_2021,up2015__row6088,gp_match_type,,fuzzy
2015_2021,up2015__row6089,gp_match_type,,fuzzy
2015_2021,up2015__row6092,gp_match_type,,exact
2015_2021,up2015__row6390,gp_match_type,,fuzzy
2015_2021,up2015__row6547,gp_match_type,,exact
2015_2021,up2015__row7187,gp_match_type,,fuzzy
2015_2021,up2015__row7196,gp_match_type,,fuzzy
2015_2021,up2015__row7287,gp_match_type,,fuzzy
2015_2021,up2015__row7290,gp_match_type,,fuzzy
2015_2021,up2015__row7348,gp_match_type,,fuzzy
2015_2021,up2015__row7545,gp_match_type,,exact
2015_2021,up2015__row7548,gp_match_type,,fuzzy
2015_2021,up2015__row7551,gp_match_type,,fuzzy
2015_2021,up2015__row8704,gp_match_type,,fuzzy
2015_2021,up2015__row8829,gp_match_type,,exact
2015_2021,up2015__row8830,gp_match_type,,fuzzy
2015_2021,up2015__row8834,gp_match_type,,fuzzy
2015_2021,up2015__row8836,gp_match_type,,exact
2015_2021,up2015__row8841,gp_match_type,,exact
2015_2021,up2015__row8844,gp_match_type,,exact
2015_2021,up2015__row8850,gp_match_type,,fuzzy
2015_2021,up2015__row8858,gp_match_type,,fuzzy
2005_2010_2015_2021,up2010__row43187,gp_match_type,fuzzy,
2005_2010_2015_2021,up2010__row45595,gp_match_type,fuzzy,
2005_2010_2015_2021,up2010__row20980,gp_match_type,fuzzy,
2005_2010_2015_2021,up2010__row49832,gp_match_type,fuzzy,
2005_2010_2015_2021,up2010__row38431,gp_match_type,fuzzy,
2005_2010,up2010__row43187,match_distance,0.1428571428571429,
2005_2010,up2010__row45595,match_distance,0.1777777777777777,
2005_2010,up2010__row20980,match_distance,0.17763157894736847,
2005_2010,up2010__row48163,match_distance,0.18055555555555547,
2005_2010,up2010__row37023,match_distance,0.16666666666666663,
2005_2010,up2010__row49832,match_distance,0.16801346801346806,
2005_2010,up2010__row38431,match_distance,0.11574074074074081,
2005_2010,up2010__row51223,match_distance,0.09523809523809523,
2010_2015,up2010__row10029,match_distance,,0.1333333333333333
2010_2015,up2010__row10045,match_distance,,0.19924242424242422
2010_2015,up2010__row10073,match_distance,,0.0
2010_2015,up2010__row10118,match_distance,,0.0
2010_2015,up2010__row1014,match_distance,,0.04166666666666663
2010_2015,up2010__row10177,match_distance,,0.19047619047619035
2010_2015,up2010__row10188,match_distance,,0.0892857142857143
2010_2015,up2010__row10417,match_distance,,0.0
2010_2015,up2010__row10486,match_distance,,0.0
2010_2015,up2010__row10556,match_distance,,0.1507936507936508
2010_2015,up2010__row10694,match_distance,,0.08956521739130441
2010_2015,up2010__row10753,match_distance,,0.0
2010_2015,up2010__row11008,match_distance,,0.08333333333333337
2010_2015,up2010__row11176,match_distance,,0.06666666666666676
2010_2015,up2010__row11196,match_distance,,0.16335978835978837
2010_2015,up2010__row1124,match_distance,,0.13468013468013462
2010_2015,up2010__row11267,match_distance,,0.15925925925925932
2010_2015,up2010__row11297,match_distance,,0.02564102564102555
2010_2015,up2010__row11364,match_distance,,0.04166666666666663
2010_2015,up2010__row11405,match_distance,,0.1074074074074075
2010_2015,up2010__row11417,match_distance,,0.023809523809523725
2010_2015,up2010__row11455,match_distance,,0.0
2010_2015,up2010__row11533,match_distance,,0.0
2010_2015,up2010__row11673,match_distance,,0.030303030303030276
2010_2015,up2010__row11689,match_distance,,0.0
2010_2015,up2010__row12004,match_distance,,0.033333333333333326
2010_2015,up2010__row12209,match_distance,,0.08585858585858597
2010_2015,up2010__row12438,match_distance,,0.04761904761904756
2010_2015,up2010__row13067,match_distance,,0.03703703703703709
2010_2015,up2010__row1316,match_distance,,0.0
2010_2015,up2010__row13192,match_distance,,0.11111111111111105
2010_2015,up2010__row13213,match_distance,,0.0
2010_2015,up2010__row1341,match_distance,,0.0
2010_2015,up2010__row13500,match_distance,,0.08333333333333337
2010_2015,up2010__row1362,match_distance,,0.0
2010_2015,up2010__row13886,match_distance,,0.07037037037037042
2010_2015,up2010__row13940,match_distance,,0.04761904761904756
2010_2015,up2010__row14099,match_distance,,0.0
2010_2015,up2010__row14120,match_distance,,0.0
2010_2015,up2010__row1422,match_distance,,0.0
2010_2015,up2010__row14230,match_distance,,0.0
2010_2015,up2010__row14246,match_distance,,0.05555555555555547
2010_2015,up2010__row14361,match_distance,,0.030303030303030276
2010_2015,up2010__row14405,match_distance,,0.0
2010_2015,up2010__row14406,match_distance,,0.07407407407407407
2010_2015,up2010__row1458,match_distance,,0.07870370370370372
2010_2015,up2010__row1472,match_distance,,0.03703703703703709
2010_2015,up2010__row14737,match_distance,,0.0
2010_2015,up2010__row14781,match_distance,,0.0
2010_2015,up2010__row14924,match_distance,,0.02083333333333337
2010_2015,up2010__row14928,match_distance,,0.06666666666666676
2010_2015,up2010__row14939,match_distance,,0.0
2010_2015,up2010__row1508,match_distance,,0.033333333333333326
2010_2015,up2010__row15141,match_distance,,0.0625
2010_2015,up2010__row15152,match_distance,,0.05555555555555547
2010_2015,up2010__row1521,match_distance,,0.11574074074074081
2010_2015,up2010__row15219,match_distance,,0.0
2010_2015,up2010__row15312,match_distance,,0.04761904761904756
2010_2015,up2010__row15469,match_distance,,0.0
2010_2015,up2010__row15593,match_distance,,0.0
2010_2015,up2010__row15651,match_distance,,0.0
2010_2015,up2010__row15786,match_distance,,0.02777777777777779
2010_2015,up2010__row15804,match_distance,,0.0
2010_2015,up2010__row15936,match_distance,,0.0
2010_2015,up2010__row16084,match_distance,,0.0
2010_2015,up2010__row1611,match_distance,,0.04166666666666663
2010_2015,up2010__row16213,match_distance,,0.04166666666666663
2010_2015,up2010__row16449,match_distance,,0.0892857142857143
2010_2015,up2010__row16596,match_distance,,0.1507936507936508
2010_2015,up2010__row16616,match_distance,,0.03703703703703709
2010_2015,up2010__row16619,match_distance,,0.0444444444444444
2010_2015,up2010__row16737,match_distance,,0.06666666666666676
2010_2015,up2010__row16943,match_distance,,0.0
2010_2015,up2010__row17269,match_distance,,0.0
2010_2015,up2010__row17603,match_distance,,0.08333333333333337
2010_2015,up2010__row17996,match_distance,,0.09393939393939388
2010_2015,up2010__row18286,match_distance,,0.09523809523809523
2010_2015,up2010__row18288,match_distance,,0.14814814814814825
2010_2015,up2010__row18348,match_distance,,0.022222222222222143
2010_2015,up2010__row18693,match_distance,,0.1333333333333333
2010_2015,up2010__row18763,match_distance,,0.14761904761904765
2010_2015,up2010__row18831,match_distance,,0.030303030303030276
2010_2015,up2010__row18834,match_distance,,0.09523809523809523
2010_2015,up2010__row18908,match_distance,,0.1507936507936508
2010_2015,up2010__row18929,match_distance,,0.06825396825396834
2010_2015,up2010__row19310,match_distance,,0.030303030303030276
2010_2015,up2010__row19344,match_distance,,0.11574074074074081
2010_2015,up2010__row1937,match_distance,,0.19444444444444453
2010_2015,up2010__row19418,match_distance,,0.05555555555555547
2010_2015,up2010__row19453,match_distance,,0.19255050505050508
2010_2015,up2010__row19471,match_distance,,0.05555555555555547
2010_2015,up2010__row19495,match_distance,,0.03703703703703709
2010_2015,up2010__row19564,match_distance,,0.0
2010_2015,up2010__row19842,match_distance,,0.03703703703703709
2010_2015,up2010__row19991,match_distance,,0.0
2010_2015,up2010__row20003,match_distance,,0.019607843137254832
2010_2015,up2010__row20011,match_distance,,0.06060606060606055
2010_2015,up2010__row20083,match_distance,,0.1785714285714285
2010_2015,up2010__row20121,match_distance,,0.0
2010_2015,up2010__row20139,match_distance,,0.0444444444444444
2010_2015,up2010__row20140,match_distance,,0.16581196581196578
2010_2015,up2010__row20175,match_distance,,0.0
2010_2015,up2010__row20216,match_distance,,0.02564102564102555
2010_2015,up2010__row20231,match_distance,,0.08585858585858597
2010_2015,up2010__row20240,match_distance,,0.05555555555555547
2010_2015,up2010__row20261,match_distance,,0.1399782135076254
2010_2015,up2010__row20440,match_distance,,0.11111111111111105
2010_2015,up2010__row20621,match_distance,,0.02777777777777779
2010_2015,up2010__row20798,match_distance,,0.0
2010_2015,up2010__row20829,match_distance,,0.0
2010_2015,up2010__row20953,match_distance,,0.03703703703703709
2010_2015,up2010__row20980,match_distance,0.17763157894736847,
2010_2015,up2010__row21002,match_distance,,0.0
2010_2015,up2010__row21066,match_distance,,0.0
2010_2015,up2010__row21070,match_distance,,0.02564102564102555
2010_2015,up2010__row21257,match_distance,,0.11574074074074081
2010_2015,up2010__row21414,match_distance,,0.1777777777777777
2010_2015,up2010__row21452,match_distance,,0.0
2010_2015,up2010__row21454,match_distance,,0.09890109890109888
2010_2015,up2010__row21480,match_distance,,0.0985797827903091
2010_2015,up2010__row21488,match_distance,,0.0
2010_2015,up2010__row2160,match_distance,,0.09722222222222221
2010_2015,up2010__row21614,match_distance,,0.0
2010_2015,up2010__row21634,match_distance,,0.1212121212121211
2010_2015,up2010__row217,match_distance,,0.0
2010_2015,up2010__row22003,match_distance,,0.06060606060606055
2010_2015,up2010__row22009,match_distance,,0.0
2010_2015,up2010__row22156,match_distance,,0.0
2010_2015,up2010__row22471,match_distance,,0.13235653235653233
2010_2015,up2010__row22655,match_distance,,0.15873015873015872
2010_2015,up2010__row22737,match_distance,,0.11309523809523814
2010_2015,up2010__row2284,match_distance,,0.04761904761904756
2010_2015,up2010__row22852,match_distance,,0.03703703703703709
2010_2015,up2010__row22922,match_distance,,0.1575757575757576
2010_2015,up2010__row22929,match_distance,,0.0
2010_2015,up2010__row23031,match_distance,,0.0
2010_2015,up2010__row23079,match_distance,,0.10317460317460314
2010_2015,up2010__row23167,match_distance,,0.0
2010_2015,up2010__row23228,match_distance,,0.0
2010_2015,up2010__row23369,match_distance,,0.06929824561403508
2010_2015,up2010__row23592,match_distance,,0.0716911764705882
2010_2015,up2010__row236,match_distance,,0.0
2010_2015,up2010__row23673,match_distance,,0.0
2010_2015,up2010__row23711,match_distance,,0.0
2010_2015,up2010__row23728,match_distance,,0.0
2010_2015,up2010__row23733,match_distance,,0.0
2010_2015,up2010__row23871,match_distance,,0.0
2010_2015,up2010__row23944,match_distance,,0.03703703703703709
2010_2015,up2010__row23990,match_distance,,0.11025641025641031
2010_2015,up2010__row24174,match_distance,,0.12420634920634921
2010_2015,up2010__row24441,match_distance,,0.019607843137254832
2010_2015,up2010__row24469,match_distance,,0.11111111111111105
2010_2015,up2010__row24488,match_distance,,0.0
2010_2015,up2010__row245,match_distance,,0.03703703703703709
2010_2015,up2010__row24573,match_distance,,0.10370370370370363
2010_2015,up2010__row24850,match_distance,,0.1507936507936508
2010_2015,up2010__row24859,match_distance,,0.0
2010_2015,up2010__row24872,match_distance,,0.13095238095238093
2010_2015,up2010__row24962,match_distance,,0.10833333333333339
2010_2015,up2010__row25075,match_distance,,0.0
2010_2015,up2010__row25363,match_distance,,0.04761904761904756
2010_2015,up2010__row25376,match_distance,,0.0
2010_2015,up2010__row25388,match_distance,,0.10317460317460314
2010_2015,up2010__row25452,match_distance,,0.05555555555555569
2010_2015,up2010__row25539,match_distance,,0.08585858585858597
2010_2015,up2010__row2563,match_distance,,0.0
2010_2015,up2010__row25966,match_distance,,0.09523809523809523
2010_2015,up2010__row26046,match_distance,,0.0636363636363636
2010_2015,up2010__row26071,match_distance,,0.02564102564102555
2010_2015,up2010__row26080,match_distance,,0.0
2010_2015,up2010__row26210,match_distance,,0.03703703703703709
2010_2015,up2010__row26353,match_distance,,0.0892857142857143
2010_2015,up2010__row26372,match_distance,,0.19047619047619035
2010_2015,up2010__row26511,match_distance,,0.12037037037037035
2010_2015,up2010__row26561,match_distance,,0.030303030303030276
2010_2015,up2010__row26625,match_distance,,0.09523809523809523
2010_2015,up2010__row26682,match_distance,,0.030303030303030276
2010_2015,up2010__row26701,match_distance,,0.09523809523809523
2010_2015,up2010__row2675,match_distance,,0.05555555555555547
2010_2015,up2010__row26892,match_distance,,0.07539682539682546
2010_2015,up2010__row26917,match_distance,,0.1507936507936508
2010_2015,up2010__row27201,match_distance,,0.039215686274509776
2010_2015,up2010__row27242,match_distance,,0.16001400560224088
2010_2015,up2010__row27274,match_distance,,0.04761904761904756
2010_2015,up2010__row27421,match_distance,,0.19044612794612803
2010_2015,up2010__row27693,match_distance,,0.1166666666666667
2010_2015,up2010__row27787,match_distance,,0.0
2010_2015,up2010__row27990,match_distance,,0.08333333333333337
2010_2015,up2010__row27993,match_distance,,0.18055555555555547
2010_2015,up2010__row28029,match_distance,,0.033333333333333326
2010_2015,up2010__row28035,match_distance,,0.1777777777777777
2010_2015,up2010__row28093,match_distance,,0.07407407407407407
2010_2015,up2010__row28202,match_distance,,0.0
2010_2015,up2010__row28247,match_distance,,0.13257575757575746
2010_2015,up2010__row28463,match_distance,,0.0
2010_2015,up2010__row28816,match_distance,,0.0
2010_2015,up2010__row28817,match_distance,,0.05555555555555569
2010_2015,up2010__row28903,match_distance,,0.04166666666666663
2010_2015,up2010__row28983,match_distance,,0.09764309764309764
2010_2015,up2010__row29162,match_distance,,0.0
2010_2015,up2010__row29205,match_distance,,0.04166666666666663
2010_2015,up2010__row29559,match_distance,,0.0
2010_2015,up2010__row29588,match_distance,,0.1782407407407408
2010_2015,up2010__row29593,match_distance,,0.0
2010_2015,up2010__row29597,match_distance,,0.0
2010_2015,up2010__row29662,match_distance,,0.033333333333333326
2010_2015,up2010__row29773,match_distance,,0.0
2010_2015,up2010__row29789,match_distance,,0.13690476190476186
2010_2015,up2010__row29798,match_distance,,0.04166666666666663
2010_2015,up2010__row30090,match_distance,,0.1525252525252525
2010_2015,up2010__row301,match_distance,,0.0
2010_2015,up2010__row3015,match_distance,,0.03703703703703709
2010_2015,up2010__row30206,match_distance,,0.0
2010_2015,up2010__row30216,match_distance,,0.03703703703703709
2010_2015,up2010__row30287,match_distance,,0.02777777777777779
2010_2015,up2010__row30364,match_distance,,0.033333333333333326
2010_2015,up2010__row30435,match_distance,,0.0
2010_2015,up2010__row30539,match_distance,,0.0
2010_2015,up2010__row30565,match_distance,,0.13703703703703696
2010_2015,up2010__row30585,match_distance,,0.1212121212121211
2010_2015,up2010__row3065,match_distance,,0.0
2010_2015,up2010__row30776,match_distance,,0.04166666666666663
2010_2015,up2010__row30833,match_distance,,0.0
2010_2015,up2010__row30909,match_distance,,0.0
2010_2015,up2010__row31020,match_distance,,0.0
2010_2015,up2010__row31067,match_distance,,0.1628427128427129
2010_2015,up2010__row31290,match_distance,,0.03703703703703709
2010_2015,up2010__row31453,match_distance,,0.16666666666666663
2010_2015,up2010__row31586,match_distance,,0.0
2010_2015,up2010__row31679,match_distance,,0.0
2010_2015,up2010__row31711,match_distance,,0.03703703703703709
2010_2015,up2010__row31973,match_distance,,0.0
2010_2015,up2010__row32186,match_distance,,0.0
2010_2015,up2010__row32255,match_distance,,0.13888888888888884
2010_2015,up2010__row3234,match_distance,,0.16507936507936505
2010_2015,up2010__row32352,match_distance,,0.10370370370370363
2010_2015,up2010__row324,match_distance,,0.16666666666666663
2010_2015,up2010__row32916,match_distance,,0.08333333333333337
2010_2015,up2010__row32926,match_distance,,0.05555555555555547
2010_2015,up2010__row32936,match_distance,,0.033333333333333326
2010_2015,up2010__row32941,match_distance,,0.0
2010_2015,up2010__row33033,match_distance,,0.0
2010_2015,up2010__row331,match_distance,,0.1412698412698412
2010_2015,up2010__row33159,match_distance,,0.05555555555555547
2010_2015,up2010__row33269,match_distance,,0.10317460317460314
2010_2015,up2010__row33277,match_distance,,0.0
2010_2015,up2010__row33286,match_distance,,0.0
2010_2015,up2010__row33297,match_distance,,0.0
2010_2015,up2010__row33336,match_distance,,0.08333333333333337
2010_2015,up2010__row33357,match_distance,,0.0
2010_2015,up2010__row3353,match_distance,,0.13650793650793647
2010_2015,up2010__row33579,match_distance,,0.07407407407407407
2010_2015,up2010__row33595,match_distance,,0.0
2010_2015,up2010__row33710,match_distance,,0.0
2010_2015,up2010__row33734,match_distance,,0.09523809523809523
2010_2015,up2010__row33935,match_distance,,0.023809523809523725
2010_2015,up2010__row33952,match_distance,,0.022222222222222143
2010_2015,up2010__row3414,match_distance,,0.16470588235294115
2010_2015,up2010__row34621,match_distance,,0.16666666666666663
2010_2015,up2010__row347,match_distance,,0.09523809523809523
2010_2015,up2010__row34814,match_distance,,0.14814814814814825
2010_2015,up2010__row34877,match_distance,,0.1333333333333333
2010_2015,up2010__row35066,match_distance,,0.1865079365079364
2010_2015,up2010__row35457,match_distance,,0.0
2010_2015,up2010__row35498,match_distance,,0.0
2010_2015,up2010__row35541,match_distance,,0.17245370370370372
2010_2015,up2010__row35563,match_distance,,0.05128205128205121
2010_2015,up2010__row35714,match_distance,,0.1575757575757576
2010_2015,up2010__row35741,match_distance,,0.02564102564102555
2010_2015,up2010__row35781,match_distance,,0.0
2010_2015,up2010__row35897,match_distance,,0.022222222222222143
2010_2015,up2010__row35908,match_distance,,0.02564102564102555
2010_2015,up2010__row36030,match_distance,,0.0
2010_2015,up2010__row36427,match_distance,,0.1026258456599014
2010_2015,up2010__row36460,match_distance,,0.0636363636363636
2010_2015,up2010__row36517,match_distance,,0.09696969696969704
2010_2015,up2010__row36537,match_distance,,0.08585858585858597
2010_2015,up2010__row36707,match_distance,,0.0
2010_2015,up2010__row36718,match_distance,,0.13725490196078427
2010_2015,up2010__row36751,match_distance,,0.17808641975308648
2010_2015,up2010__row36797,match_distance,,0.022222222222222143
2010_2015,up2010__row36835,match_distance,,0.0
2010_2015,up2010__row36852,match_distance,,0.05555555555555569
2010_2015,up2010__row36967,match_distance,,0.0
2010_2015,up2010__row37023,match_distance,0.16666666666666663,
2010_2015,up2010__row37041,match_distance,,0.0
2010_2015,up2010__row37052,match_distance,,0.19371033437529606
2010_2015,up2010__row37110,match_distance,,0.13097643097643097
2010_2015,up2010__row37393,match_distance,,0.10317460317460314
2010_2015,up2010__row37509,match_distance,,0.18331668331668327
2010_2015,up2010__row37751,match_distance,,0.030303030303030276
2010_2015,up2010__row37834,match_distance,,0.16190476190476188
2010_2015,up2010__row37861,match_distance,,0.12169312169312174
2010_2015,up2010__row3798,match_distance,,0.05555555555555547
2010_2015,up2010__row38116,match_distance,,0.0
2010_2015,up2010__row38296,match_distance,,0.15408085430968732
2010_2015,up2010__row38431,match_distance,0.11574074074074081,
2010_2015,up2010__row38548,match_distance,,0.0
2010_2015,up2010__row38639,match_distance,,0.0
2010_2015,up2010__row38704,match_distance,,0.04166666666666663
2010_2015,up2010__row38755,match_distance,,0.033333333333333326
2010_2015,up2010__row38765,match_distance,,0.0
2010_2015,up2010__row38823,match_distance,,0.0
2010_2015,up2010__row39002,match_distance,,0.1507936507936508
2010_2015,up2010__row39051,match_distance,,0.0
2010_2015,up2010__row39342,match_distance,,0.0
2010_2015,up2010__row3943,match_distance,,0.0
2010_2015,up2010__row39449,match_distance,,0.08333333333333337
2010_2015,up2010__row39458,match_distance,,0.0
2010_2015,up2010__row39610,match_distance,,0.0
2010_2015,up2010__row39676,match_distance,,0.10317460317460314
2010_2015,up2010__row39846,match_distance,,0.0
2010_2015,up2010__row40509,match_distance,,0.14646464646464652
2010_2015,up2010__row40534,match_distance,,0.1507936507936508
2010_2015,up2010__row40705,match_distance,,0.03703703703703709
2010_2015,up2010__row40782,match_distance,,0.03703703703703709
2010_2015,up2010__row40784,match_distance,,0.1575757575757576
2010_2015,up2010__row40795,match_distance,,0.07463768115942038
2010_2015,up2010__row408,match_distance,,0.0
2010_2015,up2010__row41007,match_distance,,0.1777777777777777
2010_2015,up2010__row41096,match_distance,,0.07142857142857151
2010_2015,up2010__row41361,match_distance,,0.10936285936285939
2010_2015,up2010__row41363,match_distance,,0.14540598290598294
2010_2015,up2010__row41366,match_distance,,0.04166666666666663
2010_2015,up2010__row41367,match_distance,,0.0
2010_2015,up2010__row41937,match_distance,,0.11111111111111105
2010_2015,up2010__row41953,match_distance,,0.08333333333333337
2010_2015,up2010__row41955,match_distance,,0.05555555555555547
2010_2015,up2010__row41963,match_distance,,0.0
2010_2015,up2010__row4210,match_distance,,0.03703703703703709
2010_2015,up2010__row42272,match_distance,,0.11111111111111116
2010_2015,up2010__row4238,match_distance,,0.06666666666666676
2010_2015,up2010__row4253,match_distance,,0.0
2010_2015,up2010__row42779,match_distance,,0.05128205128205121
2010_2015,up2010__row42780,match_distance,,0.0
2010_2015,up2010__row42794,match_distance,,0.04761904761904756
2010_2015,up2010__row43177,match_distance,,0.0
2010_2015,up2010__row43178,match_distance,,0.0
2010_2015,up2010__row43180,match_distance,,0.0
2010_2015,up2010__row43186,match_distance,,0.0
2010_2015,up2010__row43187,match_distance,0.1428571428571429,
2010_2015,up2010__row43189,match_distance,,0.14074074074074072
2010_2015,up2010__row43487,match_distance,,0.0
2010_2015,up2010__row43489,match_distance,,0.030303030303030276
2010_2015,up2010__row43494,match_distance,,0.07870370370370372
2010_2015,up2010__row43498,match_distance,,0.02564102564102555
2010_2015,up2010__row4356,match_distance,,0.0
2010_2015,up2010__row4414,match_distance,,0.0
2010_2015,up2010__row44194,match_distance,,0.11111111111111105
2010_2015,up2010__row44861,match_distance,,0.05555555555555547
2010_2015,up2010__row44868,match_distance,,0.13690476190476186
2010_2015,up2010__row45276,match_distance,,0.0
2010_2015,up2010__row45277,match_distance,,0.033333333333333326
2010_2015,up2010__row45278,match_distance,,0.16335978835978837
2010_2015,up2010__row45279,match_distance,,0.0
2010_2015,up2010__row45280,match_distance,,0.0
2010_2015,up2010__row45281,match_distance,,0.07905982905982911
2010_2015,up2010__row45282,match_distance,,0.08333333333333337
2010_2015,up2010__row45283,match_distance,,0.0
2010_2015,up2010__row45284,match_distance,,0.0
2010_2015,up2010__row45286,match_distance,,0.0
2010_2015,up2010__row45287,match_distance,,0.0
2010_2015,up2010__row45288,match_distance,,0.033333333333333326
2010_2015,up2010__row45289,match_distance,,0.05555555555555547
2010_2015,up2010__row45290,match_distance,,0.0
2010_2015,up2010__row45417,match_distance,,0.04761904761904756
2010_2015,up2010__row45419,match_distance,,0.11616161616161602
2010_2015,up2010__row45420,match_distance,,0.030303030303030276
2010_2015,up2010__row45424,match_distance,,0.16666666666666663
2010_2015,up2010__row45425,match_distance,,0.0892857142857143
2010_2015,up2010__row45426,match_distance,,0.04166666666666663
2010_2015,up2010__row45428,match_distance,,0.03703703703703709
2010_2015,up2010__row45429,match_distance,,0.11574074074074081
2010_2015,up2010__row45430,match_distance,,0.1333333333333333
2010_2015,up2010__row45431,match_distance,,0.11616161616161602
2010_2015,up2010__row45433,match_distance,,0.12037037037037035
2010_2015,up2010__row45435,match_distance,,0.0
2010_2015,up2010__row45439,match_distance,,0.1333333333333333
2010_2015,up2010__row45513,match_distance,,0.14949494949494946
2010_2015,up2010__row45578,match_distance,,0.0
2010_2015,up2010__row45579,match_distance,,0.07407407407407407
2010_2015,up2010__row45580,match_distance,,0.0
2010_2015,up2010__row45581,match_distance,,0.08585858585858597
2010_2015,up2010__row45582,match_distance,,0.06060606060606055
2010_2015,up2010__row45583,match_distance,,0.0
2010_2015,up2010__row45584,match_distance,,0.030303030303030276
2010_2015,up2010__row45585,match_distance,,0.03703703703703709
2010_2015,up2010__row45587,match_distance,,0.04166666666666663
2010_2015,up2010__row45593,match_distance,,0.1777777777777777
2010_2015,up2010__row45594,match_distance,,0.0
2010_2015,up2010__row45595,match_distance,0.1777777777777777,
2010_2015,up2010__row45683,match_distance,,0.0
2010_2015,up2010__row45685,match_distance,,0.0
2010_2015,up2010__row45686,match_distance,,0.12916666666666676
2010_2015,up2010__row45687,match_distance,,0.19444444444444453
2010_2015,up2010__row45688,match_distance,,0.11309523809523814
2010_2015,up2010__row45691,match_distance,,0.13095238095238093
2010_2015,up2010__row46488,match_distance,,0.0404411764705882
2010_2015,up2010__row46489,match_distance,,0.04166666666666663
2010_2015,up2010__row47405,match_distance,,0.027222222222222148
2010_2015,up2010__row47700,match_distance,,0.0
2010_2015,up2010__row47703,match_distance,,0.05555555555555547
2010_2015,up2010__row47704,match_distance,,0.0
2010_2015,up2010__row47705,match_distance,,0.0
2010_2015,up2010__row48088,match_distance,,0.04761904761904756
2010_2015,up2010__row48321,match_distance,,0.04761904761904756
2010_2015,up2010__row48325,match_distance,,0.19011544011544013
2010_2015,up2010__row48410,match_distance,,0.0
2010_2015,up2010__row4845,match_distance,,0.033333333333333326
2010_2015,up2010__row48480,match_distance,,0.030303030303030276
2010_2015,up2010__row48889,match_distance,,0.1333333333333333
2010_2015,up2010__row48916,match_distance,,0.16620370370370363
2010_2015,up2010__row48917,match_distance,,0.09523809523809523
2010_2015,up2010__row48918,match_distance,,0.0
2010_2015,up2010__row48921,match_distance,,0.030303030303030276
2010_2015,up2010__row48922,match_distance,,0.08333333333333337
2010_2015,up2010__row48925,match_distance,,0.0
2010_2015,up2010__row49216,match_distance,,0.05555555555555547
2010_2015,up2010__row49772,match_distance,,0.1507936507936508
2010_2015,up2010__row49832,match_distance,0.16801346801346806,
2010_2015,up2010__row49842,match_distance,,0.06060606060606055
2010_2015,up2010__row49843,match_distance,,0.07037037037037042
2010_2015,up2010__row49845,match_distance,,0.1071428571428571
2010_2015,up2010__row49846,match_distance,,0.0
2010_2015,up2010__row49848,match_distance,,0.04761904761904756
2010_2015,up2010__row49850,match_distance,,0.14893790849673205
2010_2015,up2010__row49857,match_distance,,0.0
2010_2015,up2010__row49858,match_distance,,0.0
2010_2015,up2010__row49862,match_distance,,0.05555555555555547
2010_2015,up2010__row50624,match_distance,,0.12037037037037035
2010_2015,up2010__row50805,match_distance,,0.0
2010_2015,up2010__row5084,match_distance,,0.0
2010_2015,up2010__row50911,match_distance,,0.1333333333333333
2010_2015,up2010__row550,match_distance,,0.09523809523809523
2010_2015,up2010__row5539,match_distance,,0.11574074074074081
2010_2015,up2010__row5573,match_distance,,0.0774782135076254
2010_2015,up2010__row5632,match_distance,,0.0
2010_2015,up2010__row5635,match_distance,,0.0
2010_2015,up2010__row5653,match_distance,,0.0
2010_2015,up2010__row5844,match_distance,,0.0
2010_2015,up2010__row5891,match_distance,,0.0
2010_2015,up2010__row626,match_distance,,0.1777777777777777
2010_2015,up2010__row657,match_distance,,0.03703703703703709
2010_2015,up2010__row6646,match_distance,,0.0
2010_2015,up2010__row6679,match_distance,,0.02083333333333337
2010_2015,up2010__row6814,match_distance,,0.1212121212121211
2010_2015,up2010__row6842,match_distance,,0.12169312169312174
2010_2015,up2010__row7076,match_distance,,0.09696969696969704
2010_2015,up2010__row7094,match_distance,,0.07407407407407407
2010_2015,up2010__row7164,match_distance,,0.0
2010_2015,up2010__row7227,match_distance,,0.03703703703703709
2010_2015,up2010__row7340,match_distance,,0.0
2010_2015,up2010__row7427,match_distance,,0.1507936507936508
2010_2015,up2010__row7659,match_distance,,0.04166666666666663
2010_2015,up2010__row767,match_distance,,0.06666666666666676
2010_2015,up2010__row7766,match_distance,,0.0
2010_2015,up2010__row8233,match_distance,,0.04166666666666663
2010_2015,up2010__row8259,match_distance,,0.1507936507936508
2010_2015,up2010__row8350,match_distance,,0.033333333333333326
2010_2015,up2010__row8392,match_distance,,0.04761904761904756
2010_2015,up2010__row854,match_distance,,0.030303030303030276
2010_2015,up2010__row8703,match_distance,,0.0
2010_2015,up2010__row8713,match_distance,,0.18407999164578115
2010_2015,up2010__row8739,match_distance,,0.1777777777777777
2010_2015,up2010__row9039,match_distance,,0.12103174603174605
2010_2015,up2010__row916,match_distance,,0.03703703703703709
2010_2015,up2010__row9177,match_distance,,0.023809523809523725
2010_2015,up2010__row940,match_distance,,0.12950937950937957
2010_2015,up2010__row9405,match_distance,,0.0
2010_2015,up2010__row9523,match_distance,,0.030303030303030276
2010_2015,up2010__row9648,match_distance,,0.03703703703703709
2010_2015,up2010__row9890,match_distance,,0.0
2015_2021,up2015__row10156,match_distance,,0.07142857142857151
2015_2021,up2015__row121,match_distance,,0.11111111111111116
2015_2021,up2015__row12250,match_distance,,0.0
2015_2021,up2015__row12253,match_distance,,0.05555555555555547
2015_2021,up2015__row12254,match_distance,,0.0
2015_2021,up2015__row12255,match_distance,,0.0
2015_2021,up2015__row13137,match_distance,,0.022222222222222143
2015_2021,up2015__row13138,match_distance,,0.06825396825396834
2015_2021,up2015__row13139,match_distance,,0.030303030303030276
2015_2021,up2015__row13140,match_distance,,0.11574074074074081
2015_2021,up2015__row13141,match_distance,,0.19255050505050508
2015_2021,up2015__row13142,match_distance,,0.0
2015_2021,up2015__row13146,match_distance,,0.0
2015_2021,up2015__row13147,match_distance,,0.0
2015_2021,up2015__row13148,match_distance,,0.02564102564102555
2015_2021,up2015__row13150,match_distance,,0.0
2015_2021,up2015__row13151,match_distance,,0.0
2015_2021,up2015__row13152,match_distance,,0.06060606060606055
2015_2021,up2015__row13155,match_distance,,0.10317460317460314
2015_2021,up2015__row13156,match_distance,,0.0
2015_2021,up2015__row13157,match_distance,,0.03703703703703709
2015_2021,up2015__row13159,match_distance,,0.10833333333333339
2015_2021,up2015__row13468,match_distance,,0.1507936507936508
2015_2021,up2015__row13642,match_distance,0.16801346801346806,
2015_2021,up2015__row13668,match_distance,,0.030303030303030276
2015_2021,up2015__row13669,match_distance,,0.02777777777777779
2015_2021,up2015__row13670,match_distance,,0.0
2015_2021,up2015__row13674,match_distance,,0.0
2015_2021,up2015__row13675,match_distance,,0.0
2015_2021,up2015__row13676,match_distance,,0.06060606060606055
2015_2021,up2015__row13677,match_distance,,0.07037037037037042
2015_2021,up2015__row13679,match_distance,,0.1071428571428571
2015_2021,up2015__row13680,match_distance,,0.0
2015_2021,up2015__row13682,match_distance,,0.04761904761904756
2015_2021,up2015__row1375,match_distance,,0.0
2015_2021,up2015__row13755,match_distance,,0.0
2015_2021,up2015__row13758,match_distance,,0.09523809523809523
2015_2021,up2015__row13771,match_distance,,0.12169312169312174
2015_2021,up2015__row13781,match_distance,,0.0
2015_2021,up2015__row14750,match_distance,,0.0
2015_2021,up2015__row14753,match_distance,,0.0
2015_2021,up2015__row14754,match_distance,,0.023809523809523725
2015_2021,up2015__row14756,match_distance,,0.0
2015_2021,up2015__row14757,match_distance,,0.03703703703703709
2015_2021,up2015__row14758,match_distance,,0.0
2015_2021,up2015__row15760,match_distance,,0.05555555555555547
2015_2021,up2015__row15767,match_distance,,0.13690476190476186
2015_2021,up2015__row15768,match_distance,,0.1333333333333333
2015_2021,up2015__row15772,match_distance,,0.09523809523809523
2015_2021,up2015__row15773,match_distance,,0.04761904761904756
2015_2021,up2015__row15775,match_distance,,0.0
2015_2021,up2015__row15783,match_distance,,0.14814814814814825
2015_2021,up2015__row15784,match_distance,,0.09523809523809523
2015_2021,up2015__row15785,match_distance,,0.0
2015_2021,up2015__row15789,match_distance,,0.0
2015_2021,up2015__row15790,match_distance,,0.1507936507936508
2015_2021,up2015__row15791,match_distance,,0.1507936507936508
2015_2021,up2015__row15792,match_distance,,0.0
2015_2021,up2015__row15793,match_distance,,0.16335978835978837
2015_2021,up2015__row1737,match_distance,,0.022222222222222143
2015_2021,up2015__row1738,match_distance,,0.08333333333333337
2015_2021,up2015__row1747,match_distance,0.11574074074074081,
2015_2021,up2015__row18846,match_distance,,0.0
2015_2021,up2015__row18847,match_distance,,0.1777777777777777
2015_2021,up2015__row18849,match_distance,,0.13468013468013462
2015_2021,up2015__row18850,match_distance,,0.0
2015_2021,up2015__row18851,match_distance,,0.03703703703703709
2015_2021,up2015__row18852,match_distance,,0.04166666666666663
2015_2021,up2015__row18860,match_distance,,0.1507936507936508
2015_2021,up2015__row18861,match_distance,,0.03703703703703709
2015_2021,up2015__row18862,match_distance,,0.04166666666666663
2015_2021,up2015__row18863,match_distance,,0.0
2015_2021,up2015__row18864,match_distance,,0.0892857142857143
2015_2021,up2015__row18871,match_distance,,0.0
2015_2021,up2015__row18873,match_distance,,0.05555555555555569
2015_2021,up2015__row18874,match_distance,,0.0
2015_2021,up2015__row18876,match_distance,,0.02083333333333337
2015_2021,up2015__row18877,match_distance,,0.13257575757575746
2015_2021,up2015__row18878,match_distance,,0.0
2015_2021,up2015__row18880,match_distance,,0.08333333333333337
2015_2021,up2015__row18882,match_distance,,0.0
2015_2021,up2015__row18883,match_distance,,0.1333333333333333
2015_2021,up2015__row19307,match_distance,,0.06666666666666676
2015_2021,up2015__row19320,match_distance,,0.02083333333333337
2015_2021,up2015__row19532,match_distance,,0.10317460317460314
2015_2021,up2015__row22848,match_distance,,0.05128205128205121
2015_2021,up2015__row22849,match_distance,,0.0
2015_2021,up2015__row22877,match_distance,,0.0
2015_2021,up2015__row22884,match_distance,,0.1525252525252525
2015_2021,up2015__row22991,match_distance,,0.16507936507936505
2015_2021,up2015__row23358,match_distance,,0.0
2015_2021,up2015__row23658,match_distance,,0.12727272727272732
2015_2021,up2015__row23681,match_distance,,0.18055555555555547
2015_2021,up2015__row23684,match_distance,,0.0
2015_2021,up2015__row23692,match_distance,,0.0
2015_2021,up2015__row23699,match_distance,,0.05555555555555547
2015_2021,up2015__row23720,match_distance,,0.05555555555555547
2015_2021,up2015__row25600,match_distance,,0.1777777777777777
2015_2021,up2015__row27224,match_distance,,0.0
2015_2021,up2015__row27226,match_distance,,0.0
2015_2021,up2015__row27228,match_distance,,0.02564102564102555
2015_2021,up2015__row27235,match_distance,,0.11574074074074081
2015_2021,up2015__row27236,match_distance,,0.07037037037037042
2015_2021,up2015__row27238,match_distance,,0.0
2015_2021,up2015__row27245,match_distance,,0.0
2015_2021,up2015__row27666,match_distance,,0.0
2015_2021,up2015__row27670,match_distance,,0.04761904761904756
2015_2021,up2015__row27673,match_distance,,0.0
2015_2021,up2015__row27678,match_distance,,0.10370370370370363
2015_2021,up2015__row27703,match_distance,,0.030303030303030276
2015_2021,up2015__row27905,match_distance,,0.0
2015_2021,up2015__row27906,match_distance,,0.0
2015_2021,up2015__row27920,match_distance,,0.13888888888888884
2015_2021,up2015__row28081,match_distance,,0.0
2015_2021,up2015__row28083,match_distance,,0.0
2015_2021,up2015__row28087,match_distance,,0.0
2015_2021,up2015__row28089,match_distance,,0.07870370370370372
2015_2021,up2015__row28090,match_distance,,0.033333333333333326
2015_2021,up2015__row29296,match_distance,,0.16581196581196578
2015_2021,up2015__row29297,match_distance,,0.0444444444444444
2015_2021,up2015__row29364,match_distance,,0.1777777777777777
2015_2021,up2015__row30061,match_distance,,0.0
2015_2021,up2015__row30062,match_distance,,0.08585858585858597
2015_2021,up2015__row30063,match_distance,,0.03703703703703709
2015_2021,up2015__row30065,match_distance,,0.0
2015_2021,up2015__row30066,match_distance,,0.0
2015_2021,up2015__row30067,match_distance,,0.0
2015_2021,up2015__row30069,match_distance,,0.02777777777777779
2015_2021,up2015__row30074,match_distance,,0.13690476190476186
2015_2021,up2015__row30076,match_distance,,0.07407407407407407
2015_2021,up2015__row30077,match_distance,,0.0
2015_2021,up2015__row30079,match_distance,,0.03703703703703709
2015_2021,up2015__row30080,match_distance,,0.05555555555555547
2015_2021,up2015__row30081,match_distance,,0.0
2015_2021,up2015__row30082,match_distance,,0.023809523809523725
2015_2021,up2015__row32039,match_distance,,0.03703703703703709
2015_2021,up2015__row32045,match_distance,,0.1166666666666667
2015_2021,up2015__row32048,match_distance,,0.0
2015_2021,up2015__row32049,match_distance,,0.11111111111111105
2015_2021,up2015__row32050,match_distance,,0.0
2015_2021,up2015__row34103,match_distance,,0.0
2015_2021,up2015__row34106,match_distance,,0.0
2015_2021,up2015__row34110,match_distance,,0.0
2015_2021,up2015__row34119,match_distance,,0.1777777777777777
2015_2021,up2015__row34120,match_distance,,0.0
2015_2021,up2015__row34124,match_distance,,0.0
2015_2021,up2015__row34765,match_distance,,0.11111111111111105
2015_2021,up2015__row34781,match_distance,,0.08333333333333337
2015_2021,up2015__row34783,match_distance,,0.05555555555555547
2015_2021,up2015__row34796,match_distance,,0.0
2015_2021,up2015__row36130,match_distance,,0.08333333333333337
2015_2021,up2015__row36133,match_distance,,0.14814814814814825
2015_2021,up2015__row36135,match_distance,,0.1074074074074075
2015_2021,up2015__row36141,match_distance,,0.0
2015_2021,up2015__row36143,match_distance,,0.0
2015_2021,up2015__row36433,match_distance,,0.030303030303030276
2015_2021,up2015__row36436,match_distance,,0.0636363636363636
2015_2021,up2015__row36440,match_distance,,0.1507936507936508
2015_2021,up2015__row36441,match_distance,,0.0
2015_2021,up2015__row36442,match_distance,,0.1785714285714285
2015_2021,up2015__row36444,match_distance,,0.12169312169312174
2015_2021,up2015__row36446,match_distance,,0.09523809523809523
2015_2021,up2015__row36605,match_distance,,0.14949494949494946
2015_2021,up2015__row3933,match_distance,,0.12037037037037035
2015_2021,up2015__row40265,match_distance,,0.0
2015_2021,up2015__row40677,match_distance,,0.0
2015_2021,up2015__row40678,match_distance,,0.0
2015_2021,up2015__row40679,match_distance,,0.0
2015_2021,up2015__row40685,match_distance,,0.17245370370370372
2015_2021,up2015__row41265,match_distance,,0.03703703703703709
2015_2021,up2015__row41268,match_distance,,0.10317460317460314
2015_2021,up2015__row41286,match_distance,,0.0
2015_2021,up2015__row41290,match_distance,,0.033333333333333326
2015_2021,up2015__row42011,match_distance,,0.0
2015_2021,up2015__row42017,match_distance,,0.033333333333333326
2015_2021,up2015__row42019,match_distance,,0.02564102564102555
2015_2021,up2015__row42021,match_distance,,0.04761904761904756
2015_2021,up2015__row42023,match_distance,,0.0
2015_2021,up2015__row44858,match_distance,,0.0
2015_2021,up2015__row45137,match_distance,,0.0
2015_2021,up2015__row4597,match_distance,,0.1212121212121211
2015_2021,up2015__row4600,match_distance,,0.039215686274509776
2015_2021,up2015__row46307,match_distance,,0.0
2015_2021,up2015__row46308,match_distance,,0.0
2015_2021,up2015__row46310,match_distance,,0.0
2015_2021,up2015__row46316,match_distance,,0.0
2015_2021,up2015__row46317,match_distance,0.1428571428571429,
2015_2021,up2015__row46319,match_distance,,0.14074074074074072
2015_2021,up2015__row48103,match_distance,,0.15873015873015872
2015_2021,up2015__row48104,match_distance,,0.16666666666666663
2015_2021,up2015__row48105,match_distance,,0.05555555555555569
2015_2021,up2015__row51008,match_distance,,0.0
2015_2021,up2015__row5106,match_distance,,0.0
2015_2021,up2015__row5107,match_distance,,0.0
2015_2021,up2015__row5110,match_distance,,0.0
2015_2021,up2015__row5112,match_distance,,0.10317460317460314
2015_2021,up2015__row51141,match_distance,,0.0
2015_2021,up2015__row5116,match_distance,,0.0
2015_2021,up2015__row51198,match_distance,,0.05555555555555547
2015_2021,up2015__row51202,match_distance,,0.05555555555555547
2015_2021,up2015__row51233,match_distance,,0.0
2015_2021,up2015__row51699,match_distance,,0.19047619047619035
2015_2021,up2015__row51708,match_distance,,0.0
2015_2021,up2015__row51714,match_distance,,0.0
2015_2021,up2015__row51742,match_distance,,0.04166666666666663
2015_2021,up2015__row51886,match_distance,,0.0
2015_2021,up2015__row51941,match_distance,0.17763157894736847,
2015_2021,up2015__row51974,match_distance,,0.06929824561403508
2015_2021,up2015__row51975,match_distance,,0.16001400560224088
2015_2021,up2015__row52021,match_distance,,0.03703703703703709
2015_2021,up2015__row52024,match_distance,,0.1865079365079364
2015_2021,up2015__row52030,match_distance,,0.0
2015_2021,up2015__row52033,match_distance,,0.15925925925925932
2015_2021,up2015__row52036,match_distance,,0.12037037037037035
2015_2021,up2015__row52041,match_distance,,0.0
2015_2021,up2015__row52047,match_distance,,0.1782407407407408
2015_2021,up2015__row52056,match_distance,,0.0
2015_2021,up2015__row52316,match_distance,,0.0
2015_2021,up2015__row52396,match_distance,,0.08333333333333337
2015_2021,up2015__row52397,match_distance,,0.0
2015_2021,up2015__row52398,match_distance,,0.033333333333333326
2015_2021,up2015__row52400,match_distance,,0.0
2015_2021,up2015__row52401,match_distance,,0.0
2015_2021,up2015__row52403,match_distance,,0.08333333333333337
2015_2021,up2015__row52404,match_distance,,0.0
2015_2021,up2015__row52405,match_distance,,0.0
2015_2021,up2015__row52407,match_distance,,0.0
2015_2021,up2015__row52408,match_distance,,0.0
2015_2021,up2015__row52409,match_distance,,0.033333333333333326
2015_2021,up2015__row52410,match_distance,,0.05555555555555547
2015_2021,up2015__row52411,match_distance,,0.0
2015_2021,up2015__row52707,match_distance,,0.030303030303030276
2015_2021,up2015__row52711,match_distance,,0.16666666666666663
2015_2021,up2015__row52712,match_distance,,0.0892857142857143
2015_2021,up2015__row52713,match_distance,,0.04166666666666663
2015_2021,up2015__row52715,match_distance,,0.03703703703703709
2015_2021,up2015__row52716,match_distance,,0.11574074074074081
2015_2021,up2015__row52717,match_distance,,0.1333333333333333
2015_2021,up2015__row52718,match_distance,,0.11616161616161602
2015_2021,up2015__row52720,match_distance,,0.12037037037037035
2015_2021,up2015__row52722,match_distance,,0.0
2015_2021,up2015__row52726,match_distance,,0.1333333333333333
2015_2021,up2015__row52728,match_distance,,0.033333333333333326
2015_2021,up2015__row52731,match_distance,,0.0
2015_2021,up2015__row52733,match_distance,,0.0
2015_2021,up2015__row52735,match_distance,,0.08333333333333337
2015_2021,up2015__row53036,match_distance,,0.04166666666666663
2015_2021,up2015__row54808,match_distance,,0.0
2015_2021,up2015__row5562,match_distance,,0.0
2015_2021,up2015__row55946,match_distance,,0.11111111111111105
2015_2021,up2015__row56359,match_distance,,0.03703703703703709
2015_2021,up2015__row56363,match_distance,,0.0892857142857143
2015_2021,up2015__row56365,match_distance,,0.08585858585858597
2015_2021,up2015__row6083,match_distance,,0.16620370370370363
2015_2021,up2015__row6084,match_distance,,0.09523809523809523
2015_2021,up2015__row6085,match_distance,,0.0
2015_2021,up2015__row6088,match_distance,,0.030303030303030276
2015_2021,up2015__row6089,match_distance,,0.08333333333333337
2015_2021,up2015__row6092,match_distance,,0.0
2015_2021,up2015__row6390,match_distance,,0.04166666666666663
2015_2021,up2015__row6547,match_distance,,0.0
2015_2021,up2015__row7187,match_distance,,0.033333333333333326
2015_2021,up2015__row7196,match_distance,,0.16190476190476188
2015_2021,up2015__row7287,match_distance,,0.125
2015_2021,up2015__row7290,match_distance,,0.19047619047619035
2015_2021,up2015__row7348,match_distance,,0.04166666666666663
2015_2021,up2015__row7545,match_distance,,0.0
2015_2021,up2015__row7548,match_distance,,0.06060606060606055
2015_2021,up2015__row7551,match_distance,,0.030303030303030276
2015_2021,up2015__row8704,match_distance,,0.11574074074074081
2015_2021,up2015__row8829,match_distance,,0.0
2015_2021,up2015__row8830,match_distance,,0.02564102564102555
2015_2021,up2015__row8834,match_distance,,0.023809523809523725
2015_2021,up2015__row8836,match_distance,,0.0
2015_2021,up2015__row8841,match_distance,,0.0
2015_2021,up2015__row8844,match_distance,,0.0
2015_2021,up2015__row8850,match_distance,,0.1777777777777777
2015_2021,up2015__row8858,match_distance,,0.0985797827903091
2005_2010_2015_2021,up2010__row43187,match_distance,0.1428571428571429,
2005_2010_2015_2021,up2010__row45595,match_distance,0.1777777777777777,
2005_2010_2015_2021,up2010__row20980,match_distance,0.17763157894736847,
2005_2010_2015_2021,up2010__row49832,match_distance,0.16801346801346806,
2005_2010_2015_2021,up2010__row38431,match_distance,0.11574074074074081,
2005_2010,up2010__row43187,match_confidence,unique,
2005_2010,up2010__row45595,match_confidence,unique,
2005_2010,up2010__row20980,match_confidence,unique,
2005_2010,up2010__row48163,match_confidence,unique,
2005_2010,up2010__row37023,match_confidence,unique,
2005_2010,up2010__row49832,match_confidence,unique,
2005_2010,up2010__row38431,match_confidence,unique,
2005_2010,up2010__row51223,match_confidence,unique,
2010_2015,up2010__row10029,match_confidence,,unique
2010_2015,up2010__row10045,match_confidence,,unique
2010_2015,up2010__row10073,match_confidence,,unique
2010_2015,up2010__row10118,match_confidence,,unique
2010_2015,up2010__row1014,match_confidence,,unique
2010_2015,up2010__row10177,match_confidence,,unique
2010_2015,up2010__row10188,match_confidence,,unique
2010_2015,up2010__row10417,match_confidence,,unique
2010_2015,up2010__row10486,match_confidence,,unique
2010_2015,up2010__row10556,match_confidence,,unique
2010_2015,up2010__row10694,match_confidence,,unique
2010_2015,up2010__row10753,match_confidence,,unique
2010_2015,up2010__row11008,match_confidence,,unique
2010_2015,up2010__row11176,match_confidence,,unique
2010_2015,up2010__row11196,match_confidence,,unique
2010_2015,up2010__row1124,match_confidence,,unique
2010_2015,up2010__row11267,match_confidence,,unique
2010_2015,up2010__row11297,match_confidence,,unique
2010_2015,up2010__row11364,match_confidence,,unique
2010_2015,up2010__row11405,match_confidence,,unique
2010_2015,up2010__row11417,match_confidence,,unique
2010_2015,up2010__row11455,match_confidence,,unique
2010_2015,up2010__row11533,match_confidence,,unique
2010_2015,up2010__row11673,match_confidence,,unique
2010_2015,up2010__row11689,match_confidence,,unique
2010_2015,up2010__row12004,match_confidence,,unique
2010_2015,up2010__row12209,match_confidence,,unique
2010_2015,up2010__row12438,match_confidence,,unique
2010_2015,up2010__row13067,match_confidence,,unique
2010_2015,up2010__row1316,match_confidence,,unique
2010_2015,up2010__row13192,match_confidence,,unique
2010_2015,up2010__row13213,match_confidence,,unique
2010_2015,up2010__row1341,match_confidence,,unique
2010_2015,up2010__row13500,match_confidence,,unique
2010_2015,up2010__row1362,match_confidence,,unique
2010_2015,up2010__row13886,match_confidence,,unique
2010_2015,up2010__row13940,match_confidence,,unique
2010_2015,up2010__row14099,match_confidence,,unique
2010_2015,up2010__row14120,match_confidence,,unique
2010_2015,up2010__row1422,match_confidence,,unique
2010_2015,up2010__row14230,match_confidence,,unique
2010_2015,up2010__row14246,match_confidence,,unique
2010_2015,up2010__row14361,match_confidence,,unique
2010_2015,up2010__row14405,match_confidence,,unique
2010_2015,up2010__row14406,match_confidence,,unique
2010_2015,up2010__row1458,match_confidence,,unique
2010_2015,up2010__row1472,match_confidence,,unique
2010_2015,up2010__row14737,match_confidence,,unique
2010_2015,up2010__row14781,match_confidence,,unique
2010_2015,up2010__row14924,match_confidence,,unique
2010_2015,up2010__row14928,match_confidence,,unique
2010_2015,up2010__row14939,match_confidence,,unique
2010_2015,up2010__row1508,match_confidence,,unique
2010_2015,up2010__row15141,match_confidence,,unique
2010_2015,up2010__row15152,match_confidence,,unique
2010_2015,up2010__row1521,match_confidence,,unique
2010_2015,up2010__row15219,match_confidence,,unique
2010_2015,up2010__row15312,match_confidence,,unique
2010_2015,up2010__row15469,match_confidence,,unique
2010_2015,up2010__row15593,match_confidence,,unique
2010_2015,up2010__row15651,match_confidence,,unique
2010_2015,up2010__row15786,match_confidence,,unique
2010_2015,up2010__row15804,match_confidence,,unique
2010_2015,up2010__row15936,match_confidence,,unique
2010_2015,up2010__row16084,match_confidence,,unique
2010_2015,up2010__row1611,match_confidence,,unique
2010_2015,up2010__row16213,match_confidence,,unique
2010_2015,up2010__row16449,match_confidence,,unique
2010_2015,up2010__row16596,match_confidence,,unique
2010_2015,up2010__row16616,match_confidence,,unique
2010_2015,up2010__row16619,match_confidence,,unique
2010_2015,up2010__row16737,match_confidence,,unique
2010_2015,up2010__row16943,match_confidence,,unique
2010_2015,up2010__row17269,match_confidence,,unique
2010_2015,up2010__row17603,match_confidence,,unique
2010_2015,up2010__row17996,match_confidence,,unique
2010_2015,up2010__row18286,match_confidence,,unique
2010_2015,up2010__row18288,match_confidence,,unique
2010_2015,up2010__row18348,match_confidence,,unique
2010_2015,up2010__row18693,match_confidence,,unique
2010_2015,up2010__row18763,match_confidence,,unique
2010_2015,up2010__row18831,match_confidence,,unique
2010_2015,up2010__row18834,match_confidence,,unique
2010_2015,up2010__row18908,match_confidence,,unique
2010_2015,up2010__row18929,match_confidence,,unique
2010_2015,up2010__row19310,match_confidence,,unique
2010_2015,up2010__row19344,match_confidence,,unique
2010_2015,up2010__row1937,match_confidence,,unique
2010_2015,up2010__row19418,match_confidence,,unique
2010_2015,up2010__row19453,match_confidence,,unique
2010_2015,up2010__row19471,match_confidence,,unique
2010_2015,up2010__row19495,match_confidence,,unique
2010_2015,up2010__row19564,match_confidence,,unique
2010_2015,up2010__row19842,match_confidence,,unique
2010_2015,up2010__row19991,match_confidence,,unique
2010_2015,up2010__row20003,match_confidence,,unique
2010_2015,up2010__row20011,match_confidence,,unique
2010_2015,up2010__row20083,match_confidence,,unique
2010_2015,up2010__row20121,match_confidence,,unique
2010_2015,up2010__row20139,match_confidence,,unique
2010_2015,up2010__row20140,match_confidence,,unique
2010_2015,up2010__row20175,match_confidence,,unique
2010_2015,up2010__row20216,match_confidence,,unique
2010_2015,up2010__row20231,match_confidence,,unique
2010_2015,up2010__row20240,match_confidence,,unique
2010_2015,up2010__row20261,match_confidence,,unique
2010_2015,up2010__row20440,match_confidence,,unique
2010_2015,up2010__row20621,match_confidence,,unique
2010_2015,up2010__row20798,match_confidence,,unique
2010_2015,up2010__row20829,match_confidence,,unique
2010_2015,up2010__row20953,match_confidence,,unique
2010_2015,up2010__row20980,match_confidence,unique,
2010_2015,up2010__row21002,match_confidence,,unique
2010_2015,up2010__row21066,match_confidence,,unique
2010_2015,up2010__row21070,match_confidence,,unique
2010_2015,up2010__row21257,match_confidence,,unique
2010_2015,up2010__row21414,match_confidence,,unique
2010_2015,up2010__row21452,match_confidence,,unique
2010_2015,up2010__row21454,match_confidence,,unique
2010_2015,up2010__row21480,match_confidence,,unique
2010_2015,up2010__row21488,match_confidence,,unique
2010_2015,up2010__row2160,match_confidence,,unique
2010_2015,up2010__row21614,match_confidence,,unique
2010_2015,up2010__row21634,match_confidence,,unique
2010_2015,up2010__row217,match_confidence,,unique
2010_2015,up2010__row22003,match_confidence,,unique
2010_2015,up2010__row22009,match_confidence,,unique
2010_2015,up2010__row22156,match_confidence,,unique
2010_2015,up2010__row22471,match_confidence,,unique
2010_2015,up2010__row22655,match_confidence,,unique
2010_2015,up2010__row22737,match_confidence,,unique
2010_2015,up2010__row2284,match_confidence,,unique
2010_2015,up2010__row22852,match_confidence,,unique
2010_2015,up2010__row22922,match_confidence,,unique
2010_2015,up2010__row22929,match_confidence,,unique
2010_2015,up2010__row23031,match_confidence,,unique
2010_2015,up2010__row23079,match_confidence,,unique
2010_2015,up2010__row23167,match_confidence,,unique
2010_2015,up2010__row23228,match_confidence,,unique
2010_2015,up2010__row23369,match_confidence,,unique
2010_2015,up2010__row23592,match_confidence,,unique
2010_2015,up2010__row236,match_confidence,,unique
2010_2015,up2010__row23673,match_confidence,,unique
2010_2015,up2010__row23711,match_confidence,,unique
2010_2015,up2010__row23728,match_confidence,,unique
2010_2015,up2010__row23733,match_confidence,,unique
2010_2015,up2010__row23871,match_confidence,,unique
2010_2015,up2010__row23944,match_confidence,,unique
2010_2015,up2010__row23990,match_confidence,,unique
2010_2015,up2010__row24174,match_confidence,,unique
2010_2015,up2010__row24441,match_confidence,,unique
2010_2015,up2010__row24469,match_confidence,,unique
2010_2015,up2010__row24488,match_confidence,,unique
2010_2015,up2010__row245,match_confidence,,unique
2010_2015,up2010__row24573,match_confidence,,unique
2010_2015,up2010__row24850,match_confidence,,unique
2010_2015,up2010__row24859,match_confidence,,unique
2010_2015,up2010__row24872,match_confidence,,unique
2010_2015,up2010__row24962,match_confidence,,unique
2010_2015,up2010__row25075,match_confidence,,unique
2010_2015,up2010__row25363,match_confidence,,unique
2010_2015,up2010__row25376,match_confidence,,unique
2010_2015,up2010__row25388,match_confidence,,unique
2010_2015,up2010__row25452,match_confidence,,unique
2010_2015,up2010__row25539,match_confidence,,unique
2010_2015,up2010__row2563,match_confidence,,unique
2010_2015,up2010__row25966,match_confidence,,unique
2010_2015,up2010__row26046,match_confidence,,unique
2010_2015,up2010__row26071,match_confidence,,unique
2010_2015,up2010__row26080,match_confidence,,unique
2010_2015,up2010__row26210,match_confidence,,unique
2010_2015,up2010__row26353,match_confidence,,unique
2010_2015,up2010__row26372,match_confidence,,unique
2010_2015,up2010__row26511,match_confidence,,unique
2010_2015,up2010__row26561,match_confidence,,unique
2010_2015,up2010__row26625,match_confidence,,unique
2010_2015,up2010__row26682,match_confidence,,unique
2010_2015,up2010__row26701,match_confidence,,unique
2010_2015,up2010__row2675,match_confidence,,unique
2010_2015,up2010__row26892,match_confidence,,unique
2010_2015,up2010__row26917,match_confidence,,unique
2010_2015,up2010__row27201,match_confidence,,unique
2010_2015,up2010__row27242,match_confidence,,unique
2010_2015,up2010__row27274,match_confidence,,unique
2010_2015,up2010__row27421,match_confidence,,unique
2010_2015,up2010__row27693,match_confidence,,unique
2010_2015,up2010__row27787,match_confidence,,unique
2010_2015,up2010__row27990,match_confidence,,unique
2010_2015,up2010__row27993,match_confidence,,unique
2010_2015,up2010__row28029,match_confidence,,unique
2010_2015,up2010__row28035,match_confidence,,unique
2010_2015,up2010__row28093,match_confidence,,unique
2010_2015,up2010__row28202,match_confidence,,unique
2010_2015,up2010__row28247,match_confidence,,unique
2010_2015,up2010__row28463,match_confidence,,unique
2010_2015,up2010__row28816,match_confidence,,unique
2010_2015,up2010__row28817,match_confidence,,unique
2010_2015,up2010__row28903,match_confidence,,unique
2010_2015,up2010__row28983,match_confidence,,unique
2010_2015,up2010__row29162,match_confidence,,unique
2010_2015,up2010__row29205,match_confidence,,unique
2010_2015,up2010__row29559,match_confidence,,unique
2010_2015,up2010__row29588,match_confidence,,unique
2010_2015,up2010__row29593,match_confidence,,unique
2010_2015,up2010__row29597,match_confidence,,unique
2010_2015,up2010__row29662,match_confidence,,unique
2010_2015,up2010__row29773,match_confidence,,unique
2010_2015,up2010__row29789,match_confidence,,unique
2010_2015,up2010__row29798,match_confidence,,unique
2010_2015,up2010__row30090,match_confidence,,unique
2010_2015,up2010__row301,match_confidence,,unique
2010_2015,up2010__row3015,match_confidence,,unique
2010_2015,up2010__row30206,match_confidence,,unique
2010_2015,up2010__row30216,match_confidence,,unique
2010_2015,up2010__row30287,match_confidence,,unique
2010_2015,up2010__row30364,match_confidence,,unique
2010_2015,up2010__row30435,match_confidence,,unique
2010_2015,up2010__row30539,match_confidence,,unique
2010_2015,up2010__row30565,match_confidence,,unique
2010_2015,up2010__row30585,match_confidence,,unique
2010_2015,up2010__row3065,match_confidence,,unique
2010_2015,up2010__row30776,match_confidence,,unique
2010_2015,up2010__row30833,match_confidence,,unique
2010_2015,up2010__row30909,match_confidence,,unique
2010_2015,up2010__row31020,match_confidence,,unique
2010_2015,up2010__row31067,match_confidence,,unique
2010_2015,up2010__row31290,match_confidence,,unique
2010_2015,up2010__row31453,match_confidence,,unique
2010_2015,up2010__row31586,match_confidence,,unique
2010_2015,up2010__row31679,match_confidence,,unique
2010_2015,up2010__row31711,match_confidence,,unique
2010_2015,up2010__row31973,match_confidence,,unique
2010_2015,up2010__row32186,match_confidence,,unique
2010_2015,up2010__row32255,match_confidence,,unique
2010_2015,up2010__row3234,match_confidence,,unique
2010_2015,up2010__row32352,match_confidence,,unique
2010_2015,up2010__row324,match_confidence,,unique
2010_2015,up2010__row32916,match_confidence,,unique
2010_2015,up2010__row32926,match_confidence,,unique
2010_2015,up2010__row32936,match_confidence,,unique
2010_2015,up2010__row32941,match_confidence,,unique
2010_2015,up2010__row33033,match_confidence,,unique
2010_2015,up2010__row331,match_confidence,,unique
2010_2015,up2010__row33159,match_confidence,,unique
2010_2015,up2010__row33269,match_confidence,,unique
2010_2015,up2010__row33277,match_confidence,,unique
2010_2015,up2010__row33286,match_confidence,,unique
2010_2015,up2010__row33297,match_confidence,,unique
2010_2015,up2010__row33336,match_confidence,,unique
2010_2015,up2010__row33357,match_confidence,,unique
2010_2015,up2010__row3353,match_confidence,,unique
2010_2015,up2010__row33579,match_confidence,,unique
2010_2015,up2010__row33595,match_confidence,,unique
2010_2015,up2010__row33710,match_confidence,,unique
2010_2015,up2010__row33734,match_confidence,,unique
2010_2015,up2010__row33935,match_confidence,,unique
2010_2015,up2010__row33952,match_confidence,,unique
2010_2015,up2010__row3414,match_confidence,,unique
2010_2015,up2010__row34621,match_confidence,,unique
2010_2015,up2010__row347,match_confidence,,unique
2010_2015,up2010__row34814,match_confidence,,unique
2010_2015,up2010__row34877,match_confidence,,unique
2010_2015,up2010__row35066,match_confidence,,unique
2010_2015,up2010__row35457,match_confidence,,unique
2010_2015,up2010__row35498,match_confidence,,unique
2010_2015,up2010__row35541,match_confidence,,unique
2010_2015,up2010__row35563,match_confidence,,unique
2010_2015,up2010__row35714,match_confidence,,unique
2010_2015,up2010__row35741,match_confidence,,unique
2010_2015,up2010__row35781,match_confidence,,unique
2010_2015,up2010__row35897,match_confidence,,unique
2010_2015,up2010__row35908,match_confidence,,unique
2010_2015,up2010__row36030,match_confidence,,unique
2010_2015,up2010__row36427,match_confidence,,unique
2010_2015,up2010__row36460,match_confidence,,unique
2010_2015,up2010__row36517,match_confidence,,unique
2010_2015,up2010__row36537,match_confidence,,unique
2010_2015,up2010__row36707,match_confidence,,unique
2010_2015,up2010__row36718,match_confidence,,unique
2010_2015,up2010__row36751,match_confidence,,unique
2010_2015,up2010__row36797,match_confidence,,unique
2010_2015,up2010__row36835,match_confidence,,unique
2010_2015,up2010__row36852,match_confidence,,unique
2010_2015,up2010__row36967,match_confidence,,unique
2010_2015,up2010__row37023,match_confidence,unique,
2010_2015,up2010__row37041,match_confidence,,unique
2010_2015,up2010__row37052,match_confidence,,unique
2010_2015,up2010__row37110,match_confidence,,unique
2010_2015,up2010__row37393,match_confidence,,unique
2010_2015,up2010__row37509,match_confidence,,unique
2010_2015,up2010__row37751,match_confidence,,unique
2010_2015,up2010__row37834,match_confidence,,unique
2010_2015,up2010__row37861,match_confidence,,unique
2010_2015,up2010__row3798,match_confidence,,unique
2010_2015,up2010__row38116,match_confidence,,unique
2010_2015,up2010__row38296,match_confidence,,unique
2010_2015,up2010__row38431,match_confidence,unique,
2010_2015,up2010__row38548,match_confidence,,unique
2010_2015,up2010__row38639,match_confidence,,unique
2010_2015,up2010__row38704,match_confidence,,unique
2010_2015,up2010__row38755,match_confidence,,unique
2010_2015,up2010__row38765,match_confidence,,unique
2010_2015,up2010__row38823,match_confidence,,unique
2010_2015,up2010__row39002,match_confidence,,unique
2010_2015,up2010__row39051,match_confidence,,unique
2010_2015,up2010__row39342,match_confidence,,unique
2010_2015,up2010__row3943,match_confidence,,unique
2010_2015,up2010__row39449,match_confidence,,unique
2010_2015,up2010__row39458,match_confidence,,unique
2010_2015,up2010__row39610,match_confidence,,unique
2010_2015,up2010__row39676,match_confidence,,unique
2010_2015,up2010__row39846,match_confidence,,unique
2010_2015,up2010__row40509,match_confidence,,unique
2010_2015,up2010__row40534,match_confidence,,unique
2010_2015,up2010__row40705,match_confidence,,unique
2010_2015,up2010__row40782,match_confidence,,unique
2010_2015,up2010__row40784,match_confidence,,unique
2010_2015,up2010__row40795,match_confidence,,unique
2010_2015,up2010__row408,match_confidence,,unique
2010_2015,up2010__row41007,match_confidence,,unique
2010_2015,up2010__row41096,match_confidence,,unique
2010_2015,up2010__row41361,match_confidence,,unique
2010_2015,up2010__row41363,match_confidence,,unique
2010_2015,up2010__row41366,match_confidence,,unique
2010_2015,up2010__row41367,match_confidence,,unique
2010_2015,up2010__row41937,match_confidence,,unique
2010_2015,up2010__row41953,match_confidence,,unique
2010_2015,up2010__row41955,match_confidence,,unique
2010_2015,up2010__row41963,match_confidence,,unique
2010_2015,up2010__row4210,match_confidence,,unique
2010_2015,up2010__row42272,match_confidence,,unique
2010_2015,up2010__row4238,match_confidence,,unique
2010_2015,up2010__row4253,match_confidence,,unique
2010_2015,up2010__row42779,match_confidence,,unique
2010_2015,up2010__row42780,match_confidence,,unique
2010_2015,up2010__row42794,match_confidence,,unique
2010_2015,up2010__row43177,match_confidence,,unique
2010_2015,up2010__row43178,match_confidence,,unique
2010_2015,up2010__row43180,match_confidence,,unique
2010_2015,up2010__row43186,match_confidence,,unique
2010_2015,up2010__row43187,match_confidence,unique,
2010_2015,up2010__row43189,match_confidence,,unique
2010_2015,up2010__row43487,match_confidence,,unique
2010_2015,up2010__row43489,match_confidence,,unique
2010_2015,up2010__row43494,match_confidence,,unique
2010_2015,up2010__row43498,match_confidence,,unique
2010_2015,up2010__row4356,match_confidence,,unique
2010_2015,up2010__row4414,match_confidence,,unique
2010_2015,up2010__row44194,match_confidence,,unique
2010_2015,up2010__row44861,match_confidence,,unique
2010_2015,up2010__row44868,match_confidence,,unique
2010_2015,up2010__row45276,match_confidence,,unique
2010_2015,up2010__row45277,match_confidence,,unique
2010_2015,up2010__row45278,match_confidence,,unique
2010_2015,up2010__row45279,match_confidence,,unique
2010_2015,up2010__row45280,match_confidence,,unique
2010_2015,up2010__row45281,match_confidence,,unique
2010_2015,up2010__row45282,match_confidence,,unique
2010_2015,up2010__row45283,match_confidence,,unique
2010_2015,up2010__row45284,match_confidence,,unique
2010_2015,up2010__row45286,match_confidence,,unique
2010_2015,up2010__row45287,match_confidence,,unique
2010_2015,up2010__row45288,match_confidence,,unique
2010_2015,up2010__row45289,match_confidence,,unique
2010_2015,up2010__row45290,match_confidence,,unique
2010_2015,up2010__row45417,match_confidence,,unique
2010_2015,up2010__row45419,match_confidence,,unique
2010_2015,up2010__row45420,match_confidence,,unique
2010_2015,up2010__row45424,match_confidence,,unique
2010_2015,up2010__row45425,match_confidence,,unique
2010_2015,up2010__row45426,match_confidence,,unique
2010_2015,up2010__row45428,match_confidence,,unique
2010_2015,up2010__row45429,match_confidence,,unique
2010_2015,up2010__row45430,match_confidence,,unique
2010_2015,up2010__row45431,match_confidence,,unique
2010_2015,up2010__row45433,match_confidence,,unique
2010_2015,up2010__row45435,match_confidence,,unique
2010_2015,up2010__row45439,match_confidence,,unique
2010_2015,up2010__row45513,match_confidence,,unique
2010_2015,up2010__row45578,match_confidence,,unique
2010_2015,up2010__row45579,match_confidence,,unique
2010_2015,up2010__row45580,match_confidence,,unique
2010_2015,up2010__row45581,match_confidence,,unique
2010_2015,up2010__row45582,match_confidence,,unique
2010_2015,up2010__row45583,match_confidence,,unique
2010_2015,up2010__row45584,match_confidence,,unique
2010_2015,up2010__row45585,match_confidence,,unique
2010_2015,up2010__row45587,match_confidence,,unique
2010_2015,up2010__row45593,match_confidence,,unique
2010_2015,up2010__row45594,match_confidence,,unique
2010_2015,up2010__row45595,match_confidence,unique,
2010_2015,up2010__row45683,match_confidence,,unique
2010_2015,up2010__row45685,match_confidence,,unique
2010_2015,up2010__row45686,match_confidence,,unique
2010_2015,up2010__row45687,match_confidence,,unique
2010_2015,up2010__row45688,match_confidence,,unique
2010_2015,up2010__row45691,match_confidence,,unique
2010_2015,up2010__row46488,match_confidence,,unique
2010_2015,up2010__row46489,match_confidence,,unique
2010_2015,up2010__row47405,match_confidence,,unique
2010_2015,up2010__row47700,match_confidence,,unique
2010_2015,up2010__row47703,match_confidence,,unique
2010_2015,up2010__row47704,match_confidence,,unique
2010_2015,up2010__row47705,match_confidence,,unique
2010_2015,up2010__row48088,match_confidence,,unique
2010_2015,up2010__row48321,match_confidence,,unique
2010_2015,up2010__row48325,match_confidence,,unique
2010_2015,up2010__row48410,match_confidence,,unique
2010_2015,up2010__row4845,match_confidence,,unique
2010_2015,up2010__row48480,match_confidence,,unique
2010_2015,up2010__row48889,match_confidence,,unique
2010_2015,up2010__row48916,match_confidence,,unique
2010_2015,up2010__row48917,match_confidence,,unique
2010_2015,up2010__row48918,match_confidence,,unique
2010_2015,up2010__row48921,match_confidence,,unique
2010_2015,up2010__row48922,match_confidence,,unique
2010_2015,up2010__row48925,match_confidence,,unique
2010_2015,up2010__row49216,match_confidence,,unique
2010_2015,up2010__row49772,match_confidence,,unique
2010_2015,up2010__row49832,match_confidence,unique,
2010_2015,up2010__row49842,match_confidence,,unique
2010_2015,up2010__row49843,match_confidence,,unique
2010_2015,up2010__row49845,match_confidence,,unique
2010_2015,up2010__row49846,match_confidence,,unique
2010_2015,up2010__row49848,match_confidence,,unique
2010_2015,up2010__row49850,match_confidence,,unique
2010_2015,up2010__row49857,match_confidence,,unique
2010_2015,up2010__row49858,match_confidence,,unique
2010_2015,up2010__row49862,match_confidence,,unique
2010_2015,up2010__row50624,match_confidence,,unique
2010_2015,up2010__row50805,match_confidence,,unique
2010_2015,up2010__row5084,match_confidence,,unique
2010_2015,up2010__row50911,match_confidence,,unique
2010_2015,up2010__row550,match_confidence,,unique
2010_2015,up2010__row5539,match_confidence,,unique
2010_2015,up2010__row5573,match_confidence,,unique
2010_2015,up2010__row5632,match_confidence,,unique
2010_2015,up2010__row5635,match_confidence,,unique
2010_2015,up2010__row5653,match_confidence,,unique
2010_2015,up2010__row5844,match_confidence,,unique
2010_2015,up2010__row5891,match_confidence,,unique
2010_2015,up2010__row626,match_confidence,,unique
2010_2015,up2010__row657,match_confidence,,unique
2010_2015,up2010__row6646,match_confidence,,unique
2010_2015,up2010__row6679,match_confidence,,unique
2010_2015,up2010__row6814,match_confidence,,unique
2010_2015,up2010__row6842,match_confidence,,unique
2010_2015,up2010__row7076,match_confidence,,unique
2010_2015,up2010__row7094,match_confidence,,unique
2010_2015,up2010__row7164,match_confidence,,unique
2010_2015,up2010__row7227,match_confidence,,unique
2010_2015,up2010__row7340,match_confidence,,unique
2010_2015,up2010__row7427,match_confidence,,unique
2010_2015,up2010__row7659,match_confidence,,unique
2010_2015,up2010__row767,match_confidence,,unique
2010_2015,up2010__row7766,match_confidence,,unique
2010_2015,up2010__row8233,match_confidence,,unique
2010_2015,up2010__row8259,match_confidence,,unique
2010_2015,up2010__row8350,match_confidence,,unique
2010_2015,up2010__row8392,match_confidence,,unique
2010_2015,up2010__row854,match_confidence,,unique
2010_2015,up2010__row8703,match_confidence,,unique
2010_2015,up2010__row8713,match_confidence,,unique
2010_2015,up2010__row8739,match_confidence,,unique
2010_2015,up2010__row9039,match_confidence,,unique
2010_2015,up2010__row916,match_confidence,,unique
2010_2015,up2010__row9177,match_confidence,,unique
2010_2015,up2010__row940,match_confidence,,unique
2010_2015,up2010__row9405,match_confidence,,unique
2010_2015,up2010__row9523,match_confidence,,unique
2010_2015,up2010__row9648,match_confidence,,unique
2010_2015,up2010__row9890,match_confidence,,unique
2015_2021,up2015__row10156,match_confidence,,unique
2015_2021,up2015__row121,match_confidence,,unique
2015_2021,up2015__row12250,match_confidence,,unique
2015_2021,up2015__row12253,match_confidence,,unique
2015_2021,up2015__row12254,match_confidence,,unique
2015_2021,up2015__row12255,match_confidence,,unique
2015_2021,up2015__row13137,match_confidence,,unique
2015_2021,up2015__row13138,match_confidence,,unique
2015_2021,up2015__row13139,match_confidence,,unique
2015_2021,up2015__row13140,match_confidence,,unique
2015_2021,up2015__row13141,match_confidence,,unique
2015_2021,up2015__row13142,match_confidence,,unique
2015_2021,up2015__row13146,match_confidence,,unique
2015_2021,up2015__row13147,match_confidence,,unique
2015_2021,up2015__row13148,match_confidence,,unique
2015_2021,up2015__row13150,match_confidence,,unique
2015_2021,up2015__row13151,match_confidence,,unique
2015_2021,up2015__row13152,match_confidence,,unique
2015_2021,up2015__row13155,match_confidence,,unique
2015_2021,up2015__row13156,match_confidence,,unique
2015_2021,up2015__row13157,match_confidence,,unique
2015_2021,up2015__row13159,match_confidence,,unique
2015_2021,up2015__row13468,match_confidence,,unique
2015_2021,up2015__row13642,match_confidence,unique,
2015_2021,up2015__row13668,match_confidence,,unique
2015_2021,up2015__row13669,match_confidence,,unique
2015_2021,up2015__row13670,match_confidence,,unique
2015_2021,up2015__row13674,match_confidence,,unique
2015_2021,up2015__row13675,match_confidence,,unique
2015_2021,up2015__row13676,match_confidence,,unique
2015_2021,up2015__row13677,match_confidence,,unique
2015_2021,up2015__row13679,match_confidence,,unique
2015_2021,up2015__row13680,match_confidence,,unique
2015_2021,up2015__row13682,match_confidence,,unique
2015_2021,up2015__row1375,match_confidence,,unique
2015_2021,up2015__row13755,match_confidence,,unique
2015_2021,up2015__row13758,match_confidence,,unique
2015_2021,up2015__row13771,match_confidence,,unique
2015_2021,up2015__row13781,match_confidence,,unique
2015_2021,up2015__row14750,match_confidence,,unique
2015_2021,up2015__row14753,match_confidence,,unique
2015_2021,up2015__row14754,match_confidence,,unique
2015_2021,up2015__row14756,match_confidence,,unique
2015_2021,up2015__row14757,match_confidence,,unique
2015_2021,up2015__row14758,match_confidence,,unique
2015_2021,up2015__row15760,match_confidence,,unique
2015_2021,up2015__row15767,match_confidence,,unique
2015_2021,up2015__row15768,match_confidence,,unique
2015_2021,up2015__row15772,match_confidence,,unique
2015_2021,up2015__row15773,match_confidence,,unique
2015_2021,up2015__row15775,match_confidence,,unique
2015_2021,up2015__row15783,match_confidence,,unique
2015_2021,up2015__row15784,match_confidence,,unique
2015_2021,up2015__row15785,match_confidence,,unique
2015_2021,up2015__row15789,match_confidence,,unique
2015_2021,up2015__row15790,match_confidence,,unique
2015_2021,up2015__row15791,match_confidence,,unique
2015_2021,up2015__row15792,match_confidence,,unique
2015_2021,up2015__row15793,match_confidence,,unique
2015_2021,up2015__row1737,match_confidence,,unique
2015_2021,up2015__row1738,match_confidence,,unique
2015_2021,up2015__row1747,match_confidence,unique,
2015_2021,up2015__row18846,match_confidence,,unique
2015_2021,up2015__row18847,match_confidence,,unique
2015_2021,up2015__row18849,match_confidence,,unique
2015_2021,up2015__row18850,match_confidence,,unique
2015_2021,up2015__row18851,match_confidence,,unique
2015_2021,up2015__row18852,match_confidence,,unique
2015_2021,up2015__row18860,match_confidence,,unique
2015_2021,up2015__row18861,match_confidence,,unique
2015_2021,up2015__row18862,match_confidence,,unique
2015_2021,up2015__row18863,match_confidence,,unique
2015_2021,up2015__row18864,match_confidence,,unique
2015_2021,up2015__row18871,match_confidence,,unique
2015_2021,up2015__row18873,match_confidence,,unique
2015_2021,up2015__row18874,match_confidence,,unique
2015_2021,up2015__row18876,match_confidence,,unique
2015_2021,up2015__row18877,match_confidence,,unique
2015_2021,up2015__row18878,match_confidence,,unique
2015_2021,up2015__row18880,match_confidence,,unique
2015_2021,up2015__row18882,match_confidence,,unique
2015_2021,up2015__row18883,match_confidence,,unique
2015_2021,up2015__row19307,match_confidence,,unique
2015_2021,up2015__row19320,match_confidence,,unique
2015_2021,up2015__row19532,match_confidence,,unique
2015_2021,up2015__row22848,match_confidence,,unique
2015_2021,up2015__row22849,match_confidence,,unique
2015_2021,up2015__row22877,match_confidence,,unique
2015_2021,up2015__row22884,match_confidence,,unique
2015_2021,up2015__row22991,match_confidence,,unique
2015_2021,up2015__row23358,match_confidence,,unique
2015_2021,up2015__row23658,match_confidence,,unique
2015_2021,up2015__row23681,match_confidence,,unique
2015_2021,up2015__row23684,match_confidence,,unique
2015_2021,up2015__row23692,match_confidence,,unique
2015_2021,up2015__row23699,match_confidence,,unique
2015_2021,up2015__row23720,match_confidence,,unique
2015_2021,up2015__row25600,match_confidence,,unique
2015_2021,up2015__row27224,match_confidence,,unique
2015_2021,up2015__row27226,match_confidence,,unique
2015_2021,up2015__row27228,match_confidence,,unique
2015_2021,up2015__row27235,match_confidence,,unique
2015_2021,up2015__row27236,match_confidence,,unique
2015_2021,up2015__row27238,match_confidence,,unique
2015_2021,up2015__row27245,match_confidence,,unique
2015_2021,up2015__row27666,match_confidence,,unique
2015_2021,up2015__row27670,match_confidence,,unique
2015_2021,up2015__row27673,match_confidence,,unique
2015_2021,up2015__row27678,match_confidence,,unique
2015_2021,up2015__row27703,match_confidence,,unique
2015_2021,up2015__row27905,match_confidence,,unique
2015_2021,up2015__row27906,match_confidence,,unique
2015_2021,up2015__row27920,match_confidence,,unique
2015_2021,up2015__row28081,match_confidence,,unique
2015_2021,up2015__row28083,match_confidence,,unique
2015_2021,up2015__row28087,match_confidence,,unique
2015_2021,up2015__row28089,match_confidence,,unique
2015_2021,up2015__row28090,match_confidence,,unique
2015_2021,up2015__row29296,match_confidence,,unique
2015_2021,up2015__row29297,match_confidence,,unique
2015_2021,up2015__row29364,match_confidence,,unique
2015_2021,up2015__row30061,match_confidence,,unique
2015_2021,up2015__row30062,match_confidence,,unique
2015_2021,up2015__row30063,match_confidence,,unique
2015_2021,up2015__row30065,match_confidence,,unique
2015_2021,up2015__row30066,match_confidence,,unique
2015_2021,up2015__row30067,match_confidence,,unique
2015_2021,up2015__row30069,match_confidence,,unique
2015_2021,up2015__row30074,match_confidence,,unique
2015_2021,up2015__row30076,match_confidence,,unique
2015_2021,up2015__row30077,match_confidence,,unique
2015_2021,up2015__row30079,match_confidence,,unique
2015_2021,up2015__row30080,match_confidence,,unique
2015_2021,up2015__row30081,match_confidence,,unique
2015_2021,up2015__row30082,match_confidence,,unique
2015_2021,up2015__row32039,match_confidence,,unique
2015_2021,up2015__row32045,match_confidence,,unique
2015_2021,up2015__row32048,match_confidence,,unique
2015_2021,up2015__row32049,match_confidence,,unique
2015_2021,up2015__row32050,match_confidence,,unique
2015_2021,up2015__row34103,match_confidence,,unique
2015_2021,up2015__row34106,match_confidence,,unique
2015_2021,up2015__row34110,match_confidence,,unique
2015_2021,up2015__row34119,match_confidence,,unique
2015_2021,up2015__row34120,match_confidence,,unique
2015_2021,up2015__row34124,match_confidence,,unique
2015_2021,up2015__row34765,match_confidence,,unique
2015_2021,up2015__row34781,match_confidence,,unique
2015_2021,up2015__row34783,match_confidence,,unique
2015_2021,up2015__row34796,match_confidence,,unique
2015_2021,up2015__row36130,match_confidence,,unique
2015_2021,up2015__row36133,match_confidence,,unique
2015_2021,up2015__row36135,match_confidence,,unique
2015_2021,up2015__row36141,match_confidence,,unique
2015_2021,up2015__row36143,match_confidence,,unique
2015_2021,up2015__row36433,match_confidence,,unique
2015_2021,up2015__row36436,match_confidence,,unique
2015_2021,up2015__row36440,match_confidence,,unique
2015_2021,up2015__row36441,match_confidence,,unique
2015_2021,up2015__row36442,match_confidence,,unique
2015_2021,up2015__row36444,match_confidence,,unique
2015_2021,up2015__row36446,match_confidence,,unique
2015_2021,up2015__row36605,match_confidence,,unique
2015_2021,up2015__row3933,match_confidence,,unique
2015_2021,up2015__row40265,match_confidence,,unique
2015_2021,up2015__row40677,match_confidence,,unique
2015_2021,up2015__row40678,match_confidence,,unique
2015_2021,up2015__row40679,match_confidence,,unique
2015_2021,up2015__row40685,match_confidence,,unique
2015_2021,up2015__row41265,match_confidence,,unique
2015_2021,up2015__row41268,match_confidence,,unique
2015_2021,up2015__row41286,match_confidence,,unique
2015_2021,up2015__row41290,match_confidence,,unique
2015_2021,up2015__row42011,match_confidence,,unique
2015_2021,up2015__row42017,match_confidence,,unique
2015_2021,up2015__row42019,match_confidence,,unique
2015_2021,up2015__row42021,match_confidence,,unique
2015_2021,up2015__row42023,match_confidence,,unique
2015_2021,up2015__row44858,match_confidence,,unique
2015_2021,up2015__row45137,match_confidence,,unique
2015_2021,up2015__row4597,match_confidence,,unique
2015_2021,up2015__row4600,match_confidence,,unique
2015_2021,up2015__row46307,match_confidence,,unique
2015_2021,up2015__row46308,match_confidence,,unique
2015_2021,up2015__row46310,match_confidence,,unique
2015_2021,up2015__row46316,match_confidence,,unique
2015_2021,up2015__row46317,match_confidence,unique,
2015_2021,up2015__row46319,match_confidence,,unique
2015_2021,up2015__row48103,match_confidence,,unique
2015_2021,up2015__row48104,match_confidence,,unique
2015_2021,up2015__row48105,match_confidence,,unique
2015_2021,up2015__row51008,match_confidence,,unique
2015_2021,up2015__row5106,match_confidence,,unique
2015_2021,up2015__row5107,match_confidence,,unique
2015_2021,up2015__row5110,match_confidence,,unique
2015_2021,up2015__row5112,match_confidence,,unique
2015_2021,up2015__row51141,match_confidence,,unique
2015_2021,up2015__row5116,match_confidence,,unique
2015_2021,up2015__row51198,match_confidence,,unique
2015_2021,up2015__row51202,match_confidence,,unique
2015_2021,up2015__row51233,match_confidence,,unique
2015_2021,up2015__row51699,match_confidence,,unique
2015_2021,up2015__row51708,match_confidence,,unique
2015_2021,up2015__row51714,match_confidence,,unique
2015_2021,up2015__row51742,match_confidence,,unique
2015_2021,up2015__row51886,match_confidence,,unique
2015_2021,up2015__row51941,match_confidence,unique,
2015_2021,up2015__row51974,match_confidence,,unique
2015_2021,up2015__row51975,match_confidence,,unique
2015_2021,up2015__row52021,match_confidence,,unique
2015_2021,up2015__row52024,match_confidence,,unique
2015_2021,up2015__row52030,match_confidence,,unique
2015_2021,up2015__row52033,match_confidence,,unique
2015_2021,up2015__row52036,match_confidence,,unique
2015_2021,up2015__row52041,match_confidence,,unique
2015_2021,up2015__row52047,match_confidence,,unique
2015_2021,up2015__row52056,match_confidence,,unique
2015_2021,up2015__row52316,match_confidence,,unique
2015_2021,up2015__row52396,match_confidence,,unique
2015_2021,up2015__row52397,match_confidence,,unique
2015_2021,up2015__row52398,match_confidence,,unique
2015_2021,up2015__row52400,match_confidence,,unique
2015_2021,up2015__row52401,match_confidence,,unique
2015_2021,up2015__row52403,match_confidence,,unique
2015_2021,up2015__row52404,match_confidence,,unique
2015_2021,up2015__row52405,match_confidence,,unique
2015_2021,up2015__row52407,match_confidence,,unique
2015_2021,up2015__row52408,match_confidence,,unique
2015_2021,up2015__row52409,match_confidence,,unique
2015_2021,up2015__row52410,match_confidence,,unique
2015_2021,up2015__row52411,match_confidence,,unique
2015_2021,up2015__row52707,match_confidence,,unique
2015_2021,up2015__row52711,match_confidence,,unique
2015_2021,up2015__row52712,match_confidence,,unique
2015_2021,up2015__row52713,match_confidence,,unique
2015_2021,up2015__row52715,match_confidence,,unique
2015_2021,up2015__row52716,match_confidence,,unique
2015_2021,up2015__row52717,match_confidence,,unique
2015_2021,up2015__row52718,match_confidence,,unique
2015_2021,up2015__row52720,match_confidence,,unique
2015_2021,up2015__row52722,match_confidence,,unique
2015_2021,up2015__row52726,match_confidence,,unique
2015_2021,up2015__row52728,match_confidence,,unique
2015_2021,up2015__row52731,match_confidence,,unique
2015_2021,up2015__row52733,match_confidence,,unique
2015_2021,up2015__row52735,match_confidence,,unique
2015_2021,up2015__row53036,match_confidence,,unique
2015_2021,up2015__row54808,match_confidence,,unique
2015_2021,up2015__row5562,match_confidence,,unique
2015_2021,up2015__row55946,match_confidence,,unique
2015_2021,up2015__row56359,match_confidence,,unique
2015_2021,up2015__row56363,match_confidence,,unique
2015_2021,up2015__row56365,match_confidence,,unique
2015_2021,up2015__row6083,match_confidence,,unique
2015_2021,up2015__row6084,match_confidence,,unique
2015_2021,up2015__row6085,match_confidence,,unique
2015_2021,up2015__row6088,match_confidence,,unique
2015_2021,up2015__row6089,match_confidence,,unique
2015_2021,up2015__row6092,match_confidence,,unique
2015_2021,up2015__row6390,match_confidence,,unique
2015_2021,up2015__row6547,match_confidence,,unique
2015_2021,up2015__row7187,match_confidence,,unique
2015_2021,up2015__row7196,match_confidence,,unique
2015_2021,up2015__row7287,match_confidence,,unique
2015_2021,up2015__row7290,match_confidence,,unique
2015_2021,up2015__row7348,match_confidence,,unique
2015_2021,up2015__row7545,match_confidence,,unique
2015_2021,up2015__row7548,match_confidence,,unique
2015_2021,up2015__row7551,match_confidence,,unique
2015_2021,up2015__row8704,match_confidence,,unique
2015_2021,up2015__row8829,match_confidence,,unique
2015_2021,up2015__row8830,match_confidence,,unique
2015_2021,up2015__row8834,match_confidence,,unique
2015_2021,up2015__row8836,match_confidence,,unique
2015_2021,up2015__row8841,match_confidence,,unique
2015_2021,up2015__row8844,match_confidence,,unique
2015_2021,up2015__row8850,match_confidence,,unique
2015_2021,up2015__row8858,match_confidence,,unique
2005_2010_2015_2021,up2010__row43187,match_confidence,unique,
2005_2010_2015_2021,up2010__row45595,match_confidence,unique,
2005_2010_2015_2021,up2010__row20980,match_confidence,unique,
2005_2010_2015_2021,up2010__row49832,match_confidence,unique,
2005_2010_2015_2021,up2010__row38431,match_confidence,unique,
