district,block_name,source_url,source_path,source_sha256,directory_reported_blocks,enumerated_blocks_on_page,historical_boundary_status,election_source_coverage
Aligarh,Akrabad,https://igod.gov.in/index.php/district/-jg3tXQBW7DqAzx4Vrqs/blocks,data/discovery/2026-09-10/archive_coverage/district_sweep/raw/7f570064b9c41e01e18a_3d4c82c263b6.html,3d4c82c263b61a3cede5e3498715e77efec44a3bd34c6791058e1c519c2a30b3,12,12,not_reconciled,not_established
Aligarh,Atrauli,https://igod.gov.in/index.php/district/-jg3tXQBW7DqAzx4Vrqs/blocks,data/discovery/2026-09-10/archive_coverage/district_sweep/raw/7f570064b9c41e01e18a_3d4c82c263b6.html,3d4c82c263b61a3cede5e3498715e77efec44a3bd34c6791058e1c519c2a30b3,12,12,not_reconciled,not_established
Aligarh,Bijauli,https://igod.gov.in/index.php/district/-jg3tXQBW7DqAzx4Vrqs/blocks,data/discovery/2026-09-10/archive_coverage/district_sweep/raw/7f570064b9c41e01e18a_3d4c82c263b6.html,3d4c82c263b61a3cede5e3498715e77efec44a3bd34c6791058e1c519c2a30b3,12,12,not_reconciled,not_established
Aligarh,Chandaus,https://igod.gov.in/index.php/district/-jg3tXQBW7DqAzx4Vrqs/blocks,data/discovery/2026-09-10/archive_coverage/district_sweep/raw/7f570064b9c41e01e18a_3d4c82c263b6.html,3d4c82c263b61a3cede5e3498715e77efec44a3bd34c6791058e1c519c2a30b3,12,12,not_reconciled,not_established
Aligarh,Dhanipur,https://igod.gov.in/index.php/district/-jg3tXQBW7DqAzx4Vrqs/blocks,data/discovery/2026-09-10/archive_coverage/district_sweep/raw/7f570064b9c41e01e18a_3d4c82c263b6.html,3d4c82c263b61a3cede5e3498715e77efec44a3bd34c6791058e1c519c2a30b3,12,12,not_reconciled,not_established
Aligarh,Gangiri,https://igod.gov.in/index.php/district/-jg3tXQBW7DqAzx4Vrqs/blocks,data/discovery/2026-09-10/archive_coverage/district_sweep/raw/7f570064b9c41e01e18a_3d4c82c263b6.html,3d4c82c263b61a3cede5e3498715e77efec44a3bd34c6791058e1c519c2a30b3,12,12,not_reconciled,not_established
Aligarh,Gonda,https://igod.gov.in/index.php/district/-jg3tXQBW7DqAzx4Vrqs/blocks,data/discovery/2026-09-10/archive_coverage/district_sweep/raw/7f570064b9c41e01e18a_3d4c82c263b6.html,3d4c82c263b61a3cede5e3498715e77efec44a3bd34c6791058e1c519c2a30b3,12,12,not_reconciled,not_established
Aligarh,Iglas,https://igod.gov.in/index.php/district/-jg3tXQBW7DqAzx4Vrqs/blocks,data/discovery/2026-09-10/archive_coverage/district_sweep/raw/7f570064b9c41e01e18a_3d4c82c263b6.html,3d4c82c263b61a3cede5e3498715e77efec44a3bd34c6791058e1c519c2a30b3,12,12,not_reconciled,not_established
Aligarh,Jawan Sikanderpur,https://igod.gov.in/index.php/district/-jg3tXQBW7DqAzx4Vrqs/blocks,data/discovery/2026-09-10/archive_coverage/district_sweep/raw/7f570064b9c41e01e18a_3d4c82c263b6.html,3d4c82c263b61a3cede5e3498715e77efec44a3bd34c6791058e1c519c2a30b3,12,12,not_reconciled,not_established
Aligarh,Khair,https://igod.gov.in/index.php/district/-jg3tXQBW7DqAzx4Vrqs/blocks,data/discovery/2026-09-10/archive_coverage/district_sweep/raw/7f570064b9c41e01e18a_3d4c82c263b6.html,3d4c82c263b61a3cede5e3498715e77efec44a3bd34c6791058e1c519c2a30b3,12,12,not_reconciled,not_established
Aligarh,Lodha,https://igod.gov.in/index.php/district/-jg3tXQBW7DqAzx4Vrqs/blocks,data/discovery/2026-09-10/archive_coverage/district_sweep/raw/7f570064b9c41e01e18a_3d4c82c263b6.html,3d4c82c263b61a3cede5e3498715e77efec44a3bd34c6791058e1c519c2a30b3,12,12,not_reconciled,not_established
Aligarh,Tappal,https://igod.gov.in/index.php/district/-jg3tXQBW7DqAzx4Vrqs/blocks,data/discovery/2026-09-10/archive_coverage/district_sweep/raw/7f570064b9c41e01e18a_3d4c82c263b6.html,3d4c82c263b61a3cede5e3498715e77efec44a3bd34c6791058e1c519c2a30b3,12,12,not_reconciled,not_established
Hathras,Hasayan,https://igod.gov.in/index.php/district/2Dg3tXQBW7DqAzx4Vrqs/blocks,data/discovery/2026-09-10/archive_coverage/district_sweep/raw/e5782d46f80b9c8672e1_30e4a3cfddd4.html,30e4a3cfddd433ca8ec4b0dd9ee655be15503e98a8ff6345acfc1f410bc79d58,7,7,not_reconciled,not_established
Hathras,Hathras,https://igod.gov.in/index.php/district/2Dg3tXQBW7DqAzx4Vrqs/blocks,data/discovery/2026-09-10/archive_coverage/district_sweep/raw/e5782d46f80b9c8672e1_30e4a3cfddd4.html,30e4a3cfddd433ca8ec4b0dd9ee655be15503e98a8ff6345acfc1f410bc79d58,7,7,not_reconciled,not_established
Hathras,Mursan,https://igod.gov.in/index.php/district/2Dg3tXQBW7DqAzx4Vrqs/blocks,data/discovery/2026-09-10/archive_coverage/district_sweep/raw/e5782d46f80b9c8672e1_30e4a3cfddd4.html,30e4a3cfddd433ca8ec4b0dd9ee655be15503e98a8ff6345acfc1f410bc79d58,7,7,not_reconciled,not_established
Hathras,Sadabad,https://igod.gov.in/index.php/district/2Dg3tXQBW7DqAzx4Vrqs/blocks,data/discovery/2026-09-10/archive_coverage/district_sweep/raw/e5782d46f80b9c8672e1_30e4a3cfddd4.html,30e4a3cfddd433ca8ec4b0dd9ee655be15503e98a8ff6345acfc1f410bc79d58,7,7,not_reconciled,not_established
Hathras,Sasni,https://igod.gov.in/index.php/district/2Dg3tXQBW7DqAzx4Vrqs/blocks,data/discovery/2026-09-10/archive_coverage/district_sweep/raw/e5782d46f80b9c8672e1_30e4a3cfddd4.html,30e4a3cfddd433ca8ec4b0dd9ee655be15503e98a8ff6345acfc1f410bc79d58,7,7,not_reconciled,not_established
Hathras,Sehpau,https://igod.gov.in/index.php/district/2Dg3tXQBW7DqAzx4Vrqs/blocks,data/discovery/2026-09-10/archive_coverage/district_sweep/raw/e5782d46f80b9c8672e1_30e4a3cfddd4.html,30e4a3cfddd433ca8ec4b0dd9ee655be15503e98a8ff6345acfc1f410bc79d58,7,7,not_reconciled,not_established
Hathras,Sikandrarao,https://igod.gov.in/index.php/district/2Dg3tXQBW7DqAzx4Vrqs/blocks,data/discovery/2026-09-10/archive_coverage/district_sweep/raw/e5782d46f80b9c8672e1_30e4a3cfddd4.html,30e4a3cfddd433ca8ec4b0dd9ee655be15503e98a8ff6345acfc1f410bc79d58,7,7,not_reconciled,not_established
Jaunpur,Badla Pur,https://igod.gov.in/index.php/district/2jg3tXQBW7DqAzx4Vrqs/blocks,data/discovery/2026-09-10/archive_coverage/district_sweep/raw/a0600e98704c15ccc5dd_a21112bffb75.html,a21112bffb756d703cb1cacc66b5226ef699bd546651cb05265eaf1d4c516f75,21,21,not_reconciled,not_established
Jaunpur,Baksha,https://igod.gov.in/index.php/district/2jg3tXQBW7DqAzx4Vrqs/blocks,data/discovery/2026-09-10/archive_coverage/district_sweep/raw/a0600e98704c15ccc5dd_a21112bffb75.html,a21112bffb756d703cb1cacc66b5226ef699bd546651cb05265eaf1d4c516f75,21,21,not_reconciled,not_established
Jaunpur,Barasathi,https://igod.gov.in/index.php/district/2jg3tXQBW7DqAzx4Vrqs/blocks,data/discovery/2026-09-10/archive_coverage/district_sweep/raw/a0600e98704c15ccc5dd_a21112bffb75.html,a21112bffb756d703cb1cacc66b5226ef699bd546651cb05265eaf1d4c516f75,21,21,not_reconciled,not_established
Jaunpur,Dharma Pur,https://igod.gov.in/index.php/district/2jg3tXQBW7DqAzx4Vrqs/blocks,data/discovery/2026-09-10/archive_coverage/district_sweep/raw/a0600e98704c15ccc5dd_a21112bffb75.html,a21112bffb756d703cb1cacc66b5226ef699bd546651cb05265eaf1d4c516f75,21,21,not_reconciled,not_established
Jaunpur,Dobhi,https://igod.gov.in/index.php/district/2jg3tXQBW7DqAzx4Vrqs/blocks,data/discovery/2026-09-10/archive_coverage/district_sweep/raw/a0600e98704c15ccc5dd_a21112bffb75.html,a21112bffb756d703cb1cacc66b5226ef699bd546651cb05265eaf1d4c516f75,21,21,not_reconciled,not_established
Jaunpur,Jalal Pur,https://igod.gov.in/index.php/district/2jg3tXQBW7DqAzx4Vrqs/blocks,data/discovery/2026-09-10/archive_coverage/district_sweep/raw/a0600e98704c15ccc5dd_a21112bffb75.html,a21112bffb756d703cb1cacc66b5226ef699bd546651cb05265eaf1d4c516f75,21,21,not_reconciled,not_established
Jaunpur,Karanja Kala,https://igod.gov.in/index.php/district/2jg3tXQBW7DqAzx4Vrqs/blocks,data/discovery/2026-09-10/archive_coverage/district_sweep/raw/a0600e98704c15ccc5dd_a21112bffb75.html,a21112bffb756d703cb1cacc66b5226ef699bd546651cb05265eaf1d4c516f75,21,21,not_reconciled,not_established
Jaunpur,Kerakat,https://igod.gov.in/index.php/district/2jg3tXQBW7DqAzx4Vrqs/blocks,data/discovery/2026-09-10/archive_coverage/district_sweep/raw/a0600e98704c15ccc5dd_a21112bffb75.html,a21112bffb756d703cb1cacc66b5226ef699bd546651cb05265eaf1d4c516f75,21,21,not_reconciled,not_established
Jaunpur,Khuthan,https://igod.gov.in/index.php/district/2jg3tXQBW7DqAzx4Vrqs/blocks,data/discovery/2026-09-10/archive_coverage/district_sweep/raw/a0600e98704c15ccc5dd_a21112bffb75.html,a21112bffb756d703cb1cacc66b5226ef699bd546651cb05265eaf1d4c516f75,21,21,not_reconciled,not_established
Jaunpur,Machchali Shahar,https://igod.gov.in/index.php/district/2jg3tXQBW7DqAzx4Vrqs/blocks,data/discovery/2026-09-10/archive_coverage/district_sweep/raw/a0600e98704c15ccc5dd_a21112bffb75.html,a21112bffb756d703cb1cacc66b5226ef699bd546651cb05265eaf1d4c516f75,21,21,not_reconciled,not_established
Jaunpur,Maharaj Ganj,https://igod.gov.in/index.php/district/2jg3tXQBW7DqAzx4Vrqs/blocks,data/discovery/2026-09-10/archive_coverage/district_sweep/raw/a0600e98704c15ccc5dd_a21112bffb75.html,a21112bffb756d703cb1cacc66b5226ef699bd546651cb05265eaf1d4c516f75,21,21,not_reconciled,not_established
Jaunpur,Mariyahu,https://igod.gov.in/index.php/district/2jg3tXQBW7DqAzx4Vrqs/blocks,data/discovery/2026-09-10/archive_coverage/district_sweep/raw/a0600e98704c15ccc5dd_a21112bffb75.html,a21112bffb756d703cb1cacc66b5226ef699bd546651cb05265eaf1d4c516f75,21,21,not_reconciled,not_established
Jaunpur,Mufti Ganj,https://igod.gov.in/index.php/district/2jg3tXQBW7DqAzx4Vrqs/blocks,data/discovery/2026-09-10/archive_coverage/district_sweep/raw/a0600e98704c15ccc5dd_a21112bffb75.html,a21112bffb756d703cb1cacc66b5226ef699bd546651cb05265eaf1d4c516f75,21,21,not_reconciled,not_established
Jaunpur,Mungra Badshah Pur,https://igod.gov.in/index.php/district/2jg3tXQBW7DqAzx4Vrqs/blocks,data/discovery/2026-09-10/archive_coverage/district_sweep/raw/a0600e98704c15ccc5dd_a21112bffb75.html,a21112bffb756d703cb1cacc66b5226ef699bd546651cb05265eaf1d4c516f75,21,21,not_reconciled,not_established
Jaunpur,Ram Nagar,https://igod.gov.in/index.php/district/2jg3tXQBW7DqAzx4Vrqs/blocks,data/discovery/2026-09-10/archive_coverage/district_sweep/raw/a0600e98704c15ccc5dd_a21112bffb75.html,a21112bffb756d703cb1cacc66b5226ef699bd546651cb05265eaf1d4c516f75,21,21,not_reconciled,not_established
Jaunpur,Ram Pur,https://igod.gov.in/index.php/district/2jg3tXQBW7DqAzx4Vrqs/blocks,data/discovery/2026-09-10/archive_coverage/district_sweep/raw/a0600e98704c15ccc5dd_a21112bffb75.html,a21112bffb756d703cb1cacc66b5226ef699bd546651cb05265eaf1d4c516f75,21,21,not_reconciled,not_established
Jaunpur,Shah Ganj,https://igod.gov.in/index.php/district/2jg3tXQBW7DqAzx4Vrqs/blocks,data/discovery/2026-09-10/archive_coverage/district_sweep/raw/a0600e98704c15ccc5dd_a21112bffb75.html,a21112bffb756d703cb1cacc66b5226ef699bd546651cb05265eaf1d4c516f75,21,21,not_reconciled,not_established
Jaunpur,Sikrara,https://igod.gov.in/index.php/district/2jg3tXQBW7DqAzx4Vrqs/blocks,data/discovery/2026-09-10/archive_coverage/district_sweep/raw/a0600e98704c15ccc5dd_a21112bffb75.html,a21112bffb756d703cb1cacc66b5226ef699bd546651cb05265eaf1d4c516f75,21,21,not_reconciled,not_established
Jaunpur,Sirkoni,https://igod.gov.in/index.php/district/2jg3tXQBW7DqAzx4Vrqs/blocks,data/discovery/2026-09-10/archive_coverage/district_sweep/raw/a0600e98704c15ccc5dd_a21112bffb75.html,a21112bffb756d703cb1cacc66b5226ef699bd546651cb05265eaf1d4c516f75,21,21,not_reconciled,not_established
Jaunpur,Suitha Kala,https://igod.gov.in/index.php/district/2jg3tXQBW7DqAzx4Vrqs/blocks,data/discovery/2026-09-10/archive_coverage/district_sweep/raw/a0600e98704c15ccc5dd_a21112bffb75.html,a21112bffb756d703cb1cacc66b5226ef699bd546651cb05265eaf1d4c516f75,21,21,not_reconciled,not_established
Jaunpur,Sujan Ganj,https://igod.gov.in/index.php/district/2jg3tXQBW7DqAzx4Vrqs/blocks,data/discovery/2026-09-10/archive_coverage/district_sweep/raw/a0600e98704c15ccc5dd_a21112bffb75.html,a21112bffb756d703cb1cacc66b5226ef699bd546651cb05265eaf1d4c516f75,21,21,not_reconciled,not_established
Jhansi,Babina,https://igod.gov.in/index.php/district/4jg3tXQBW7DqAzx4Vrqs/blocks,data/discovery/2026-09-10/archive_coverage/district_sweep/raw/347ce054a615039a1ef4_774bcf1bf009.html,774bcf1bf0091a3f9f4802d842a8e8b4e16e204a200d9914e99ab38accc92ee7,8,8,not_reconciled,not_established
Jhansi,Badagaon,https://igod.gov.in/index.php/district/4jg3tXQBW7DqAzx4Vrqs/blocks,data/discovery/2026-09-10/archive_coverage/district_sweep/raw/347ce054a615039a1ef4_774bcf1bf009.html,774bcf1bf0091a3f9f4802d842a8e8b4e16e204a200d9914e99ab38accc92ee7,8,8,not_reconciled,not_established
Jhansi,Bamaur,https://igod.gov.in/index.php/district/4jg3tXQBW7DqAzx4Vrqs/blocks,data/discovery/2026-09-10/archive_coverage/district_sweep/raw/347ce054a615039a1ef4_774bcf1bf009.html,774bcf1bf0091a3f9f4802d842a8e8b4e16e204a200d9914e99ab38accc92ee7,8,8,not_reconciled,not_established
Jhansi,Bangra,https://igod.gov.in/index.php/district/4jg3tXQBW7DqAzx4Vrqs/blocks,data/discovery/2026-09-10/archive_coverage/district_sweep/raw/347ce054a615039a1ef4_774bcf1bf009.html,774bcf1bf0091a3f9f4802d842a8e8b4e16e204a200d9914e99ab38accc92ee7,8,8,not_reconciled,not_established
Jhansi,Chirgaon,https://igod.gov.in/index.php/district/4jg3tXQBW7DqAzx4Vrqs/blocks,data/discovery/2026-09-10/archive_coverage/district_sweep/raw/347ce054a615039a1ef4_774bcf1bf009.html,774bcf1bf0091a3f9f4802d842a8e8b4e16e204a200d9914e99ab38accc92ee7,8,8,not_reconciled,not_established
Jhansi,Gursarai,https://igod.gov.in/index.php/district/4jg3tXQBW7DqAzx4Vrqs/blocks,data/discovery/2026-09-10/archive_coverage/district_sweep/raw/347ce054a615039a1ef4_774bcf1bf009.html,774bcf1bf0091a3f9f4802d842a8e8b4e16e204a200d9914e99ab38accc92ee7,8,8,not_reconciled,not_established
Jhansi,Mauranipur,https://igod.gov.in/index.php/district/4jg3tXQBW7DqAzx4Vrqs/blocks,data/discovery/2026-09-10/archive_coverage/district_sweep/raw/347ce054a615039a1ef4_774bcf1bf009.html,774bcf1bf0091a3f9f4802d842a8e8b4e16e204a200d9914e99ab38accc92ee7,8,8,not_reconciled,not_established
Jhansi,Moth,https://igod.gov.in/index.php/district/4jg3tXQBW7DqAzx4Vrqs/blocks,data/discovery/2026-09-10/archive_coverage/district_sweep/raw/347ce054a615039a1ef4_774bcf1bf009.html,774bcf1bf0091a3f9f4802d842a8e8b4e16e204a200d9914e99ab38accc92ee7,8,8,not_reconciled,not_established
Rae Bareli,Amawan,https://igod.gov.in/index.php/district/4zg3tXQBW7DqAzx4Vrqs/blocks,data/discovery/2026-09-10/archive_coverage/district_sweep/raw/bf3a78aa53eef7ddfdf5_8db389f9db53.html,8db389f9db5391ec138ce98e3ee3f249103bcdcdf89c4257772619e45b936811,18,18,not_reconciled,not_established
Rae Bareli,Bachharawan,https://igod.gov.in/index.php/district/4zg3tXQBW7DqAzx4Vrqs/blocks,data/discovery/2026-09-10/archive_coverage/district_sweep/raw/bf3a78aa53eef7ddfdf5_8db389f9db53.html,8db389f9db5391ec138ce98e3ee3f249103bcdcdf89c4257772619e45b936811,18,18,not_reconciled,not_established
Rae Bareli,Chhatoh,https://igod.gov.in/index.php/district/4zg3tXQBW7DqAzx4Vrqs/blocks,data/discovery/2026-09-10/archive_coverage/district_sweep/raw/bf3a78aa53eef7ddfdf5_8db389f9db53.html,8db389f9db5391ec138ce98e3ee3f249103bcdcdf89c4257772619e45b936811,18,18,not_reconciled,not_established
Rae Bareli,Dalmau,https://igod.gov.in/index.php/district/4zg3tXQBW7DqAzx4Vrqs/blocks,data/discovery/2026-09-10/archive_coverage/district_sweep/raw/bf3a78aa53eef7ddfdf5_8db389f9db53.html,8db389f9db5391ec138ce98e3ee3f249103bcdcdf89c4257772619e45b936811,18,18,not_reconciled,not_established
Rae Bareli,Deenshah Gaura,https://igod.gov.in/index.php/district/4zg3tXQBW7DqAzx4Vrqs/blocks,data/discovery/2026-09-10/archive_coverage/district_sweep/raw/bf3a78aa53eef7ddfdf5_8db389f9db53.html,8db389f9db5391ec138ce98e3ee3f249103bcdcdf89c4257772619e45b936811,18,18,not_reconciled,not_established
Rae Bareli,Dih,https://igod.gov.in/index.php/district/4zg3tXQBW7DqAzx4Vrqs/blocks,data/discovery/2026-09-10/archive_coverage/district_sweep/raw/bf3a78aa53eef7ddfdf5_8db389f9db53.html,8db389f9db5391ec138ce98e3ee3f249103bcdcdf89c4257772619e45b936811,18,18,not_reconciled,not_established
Rae Bareli,Harchandpur,https://igod.gov.in/index.php/district/4zg3tXQBW7DqAzx4Vrqs/blocks,data/discovery/2026-09-10/archive_coverage/district_sweep/raw/bf3a78aa53eef7ddfdf5_8db389f9db53.html,8db389f9db5391ec138ce98e3ee3f249103bcdcdf89c4257772619e45b936811,18,18,not_reconciled,not_established
Rae Bareli,Jagatpur,https://igod.gov.in/index.php/district/4zg3tXQBW7DqAzx4Vrqs/blocks,data/discovery/2026-09-10/archive_coverage/district_sweep/raw/bf3a78aa53eef7ddfdf5_8db389f9db53.html,8db389f9db5391ec138ce98e3ee3f249103bcdcdf89c4257772619e45b936811,18,18,not_reconciled,not_established
Rae Bareli,Khiron,https://igod.gov.in/index.php/district/4zg3tXQBW7DqAzx4Vrqs/blocks,data/discovery/2026-09-10/archive_coverage/district_sweep/raw/bf3a78aa53eef7ddfdf5_8db389f9db53.html,8db389f9db5391ec138ce98e3ee3f249103bcdcdf89c4257772619e45b936811,18,18,not_reconciled,not_established
Rae Bareli,Lalganj,https://igod.gov.in/index.php/district/4zg3tXQBW7DqAzx4Vrqs/blocks,data/discovery/2026-09-10/archive_coverage/district_sweep/raw/bf3a78aa53eef7ddfdf5_8db389f9db53.html,8db389f9db5391ec138ce98e3ee3f249103bcdcdf89c4257772619e45b936811,18,18,not_reconciled,not_established
Rae Bareli,Mahrajganj,https://igod.gov.in/index.php/district/4zg3tXQBW7DqAzx4Vrqs/blocks,data/discovery/2026-09-10/archive_coverage/district_sweep/raw/bf3a78aa53eef7ddfdf5_8db389f9db53.html,8db389f9db5391ec138ce98e3ee3f249103bcdcdf89c4257772619e45b936811,18,18,not_reconciled,not_established
Rae Bareli,Rahi,https://igod.gov.in/index.php/district/4zg3tXQBW7DqAzx4Vrqs/blocks,data/discovery/2026-09-10/archive_coverage/district_sweep/raw/bf3a78aa53eef7ddfdf5_8db389f9db53.html,8db389f9db5391ec138ce98e3ee3f249103bcdcdf89c4257772619e45b936811,18,18,not_reconciled,not_established
Rae Bareli,Rohania,https://igod.gov.in/index.php/district/4zg3tXQBW7DqAzx4Vrqs/blocks,data/discovery/2026-09-10/archive_coverage/district_sweep/raw/bf3a78aa53eef7ddfdf5_8db389f9db53.html,8db389f9db5391ec138ce98e3ee3f249103bcdcdf89c4257772619e45b936811,18,18,not_reconciled,not_established
Rae Bareli,Salon,https://igod.gov.in/index.php/district/4zg3tXQBW7DqAzx4Vrqs/blocks,data/discovery/2026-09-10/archive_coverage/district_sweep/raw/bf3a78aa53eef7ddfdf5_8db389f9db53.html,8db389f9db5391ec138ce98e3ee3f249103bcdcdf89c4257772619e45b936811,18,18,not_reconciled,not_established
Rae Bareli,Sareni,https://igod.gov.in/index.php/district/4zg3tXQBW7DqAzx4Vrqs/blocks,data/discovery/2026-09-10/archive_coverage/district_sweep/raw/bf3a78aa53eef7ddfdf5_8db389f9db53.html,8db389f9db5391ec138ce98e3ee3f249103bcdcdf89c4257772619e45b936811,18,18,not_reconciled,not_established
Rae Bareli,Sataon,https://igod.gov.in/index.php/district/4zg3tXQBW7DqAzx4Vrqs/blocks,data/discovery/2026-09-10/archive_coverage/district_sweep/raw/bf3a78aa53eef7ddfdf5_8db389f9db53.html,8db389f9db5391ec138ce98e3ee3f249103bcdcdf89c4257772619e45b936811,18,18,not_reconciled,not_established
Rae Bareli,Shivgarh,https://igod.gov.in/index.php/district/4zg3tXQBW7DqAzx4Vrqs/blocks,data/discovery/2026-09-10/archive_coverage/district_sweep/raw/bf3a78aa53eef7ddfdf5_8db389f9db53.html,8db389f9db5391ec138ce98e3ee3f249103bcdcdf89c4257772619e45b936811,18,18,not_reconciled,not_established
Rae Bareli,Unchahar,https://igod.gov.in/index.php/district/4zg3tXQBW7DqAzx4Vrqs/blocks,data/discovery/2026-09-10/archive_coverage/district_sweep/raw/bf3a78aa53eef7ddfdf5_8db389f9db53.html,8db389f9db5391ec138ce98e3ee3f249103bcdcdf89c4257772619e45b936811,18,18,not_reconciled,not_established
Sambhal,Asmauli,https://igod.gov.in/index.php/district/5Dg3tXQBW7DqAzx4Vrut/blocks,data/discovery/2026-09-10/archive_coverage/district_sweep/raw/855a419674be1c3d2df9_fa9d93c6b48f.html,fa9d93c6b48f1d94414d90e4c04d733a4db927e8665cab84e880a46e6a6d07f4,8,8,not_reconciled,not_established
Sambhal,Bahjoi,https://igod.gov.in/index.php/district/5Dg3tXQBW7DqAzx4Vrut/blocks,data/discovery/2026-09-10/archive_coverage/district_sweep/raw/855a419674be1c3d2df9_fa9d93c6b48f.html,fa9d93c6b48f1d94414d90e4c04d733a4db927e8665cab84e880a46e6a6d07f4,8,8,not_reconciled,not_established
Sambhal,Baniyakhera,https://igod.gov.in/index.php/district/5Dg3tXQBW7DqAzx4Vrut/blocks,data/discovery/2026-09-10/archive_coverage/district_sweep/raw/855a419674be1c3d2df9_fa9d93c6b48f.html,fa9d93c6b48f1d94414d90e4c04d733a4db927e8665cab84e880a46e6a6d07f4,8,8,not_reconciled,not_established
Sambhal,Gunnaur,https://igod.gov.in/index.php/district/5Dg3tXQBW7DqAzx4Vrut/blocks,data/discovery/2026-09-10/archive_coverage/district_sweep/raw/855a419674be1c3d2df9_fa9d93c6b48f.html,fa9d93c6b48f1d94414d90e4c04d733a4db927e8665cab84e880a46e6a6d07f4,8,8,not_reconciled,not_established
Sambhal,Junawai,https://igod.gov.in/index.php/district/5Dg3tXQBW7DqAzx4Vrut/blocks,data/discovery/2026-09-10/archive_coverage/district_sweep/raw/855a419674be1c3d2df9_fa9d93c6b48f.html,fa9d93c6b48f1d94414d90e4c04d733a4db927e8665cab84e880a46e6a6d07f4,8,8,not_reconciled,not_established
Sambhal,Panwasa,https://igod.gov.in/index.php/district/5Dg3tXQBW7DqAzx4Vrut/blocks,data/discovery/2026-09-10/archive_coverage/district_sweep/raw/855a419674be1c3d2df9_fa9d93c6b48f.html,fa9d93c6b48f1d94414d90e4c04d733a4db927e8665cab84e880a46e6a6d07f4,8,8,not_reconciled,not_established
Sambhal,Rajpura,https://igod.gov.in/index.php/district/5Dg3tXQBW7DqAzx4Vrut/blocks,data/discovery/2026-09-10/archive_coverage/district_sweep/raw/855a419674be1c3d2df9_fa9d93c6b48f.html,fa9d93c6b48f1d94414d90e4c04d733a4db927e8665cab84e880a46e6a6d07f4,8,8,not_reconciled,not_established
Sambhal,Sambhal,https://igod.gov.in/index.php/district/5Dg3tXQBW7DqAzx4Vrut/blocks,data/discovery/2026-09-10/archive_coverage/district_sweep/raw/855a419674be1c3d2df9_fa9d93c6b48f.html,fa9d93c6b48f1d94414d90e4c04d733a4db927e8665cab84e880a46e6a6d07f4,8,8,not_reconciled,not_established
Kanpur Dehat,Akbarpur,https://igod.gov.in/index.php/district/6Tg3tXQBW7DqAzx4Vrqs/blocks,data/discovery/2026-09-10/archive_coverage/district_sweep/raw/eb2d0de0ba251aaa0a88_37a1b929902b.html,37a1b929902b780e053e86e924069c367c7c66465e3688fa9fe2380571f27d8b,10,10,not_reconciled,not_established
Kanpur Dehat,Amrodha,https://igod.gov.in/index.php/district/6Tg3tXQBW7DqAzx4Vrqs/blocks,data/discovery/2026-09-10/archive_coverage/district_sweep/raw/eb2d0de0ba251aaa0a88_37a1b929902b.html,37a1b929902b780e053e86e924069c367c7c66465e3688fa9fe2380571f27d8b,10,10,not_reconciled,not_established
Kanpur Dehat,Derapur,https://igod.gov.in/index.php/district/6Tg3tXQBW7DqAzx4Vrqs/blocks,data/discovery/2026-09-10/archive_coverage/district_sweep/raw/eb2d0de0ba251aaa0a88_37a1b929902b.html,37a1b929902b780e053e86e924069c367c7c66465e3688fa9fe2380571f27d8b,10,10,not_reconciled,not_established
Kanpur Dehat,Jhinjhak,https://igod.gov.in/index.php/district/6Tg3tXQBW7DqAzx4Vrqs/blocks,data/discovery/2026-09-10/archive_coverage/district_sweep/raw/eb2d0de0ba251aaa0a88_37a1b929902b.html,37a1b929902b780e053e86e924069c367c7c66465e3688fa9fe2380571f27d8b,10,10,not_reconciled,not_established
Kanpur Dehat,Maitha,https://igod.gov.in/index.php/district/6Tg3tXQBW7DqAzx4Vrqs/blocks,data/discovery/2026-09-10/archive_coverage/district_sweep/raw/eb2d0de0ba251aaa0a88_37a1b929902b.html,37a1b929902b780e053e86e924069c367c7c66465e3688fa9fe2380571f27d8b,10,10,not_reconciled,not_established
Kanpur Dehat,Malasa,https://igod.gov.in/index.php/district/6Tg3tXQBW7DqAzx4Vrqs/blocks,data/discovery/2026-09-10/archive_coverage/district_sweep/raw/eb2d0de0ba251aaa0a88_37a1b929902b.html,37a1b929902b780e053e86e924069c367c7c66465e3688fa9fe2380571f27d8b,10,10,not_reconciled,not_established
Kanpur Dehat,Rajpur,https://igod.gov.in/index.php/district/6Tg3tXQBW7DqAzx4Vrqs/blocks,data/discovery/2026-09-10/archive_coverage/district_sweep/raw/eb2d0de0ba251aaa0a88_37a1b929902b.html,37a1b929902b780e053e86e924069c367c7c66465e3688fa9fe2380571f27d8b,10,10,not_reconciled,not_established
Kanpur Dehat,Rasulabad,https://igod.gov.in/index.php/district/6Tg3tXQBW7DqAzx4Vrqs/blocks,data/discovery/2026-09-10/archive_coverage/district_sweep/raw/eb2d0de0ba251aaa0a88_37a1b929902b.html,37a1b929902b780e053e86e924069c367c7c66465e3688fa9fe2380571f27d8b,10,10,not_reconciled,not_established
Kanpur Dehat,Sandalpur,https://igod.gov.in/index.php/district/6Tg3tXQBW7DqAzx4Vrqs/blocks,data/discovery/2026-09-10/archive_coverage/district_sweep/raw/eb2d0de0ba251aaa0a88_37a1b929902b.html,37a1b929902b780e053e86e924069c367c7c66465e3688fa9fe2380571f27d8b,10,10,not_reconciled,not_established
Kanpur Dehat,Sarbankhera,https://igod.gov.in/index.php/district/6Tg3tXQBW7DqAzx4Vrqs/blocks,data/discovery/2026-09-10/archive_coverage/district_sweep/raw/eb2d0de0ba251aaa0a88_37a1b929902b.html,37a1b929902b780e053e86e924069c367c7c66465e3688fa9fe2380571f27d8b,10,10,not_reconciled,not_established
Kushinagar,Dudhahi,https://igod.gov.in/index.php/district/7Dg3tXQBW7DqAzx4Vrqs/blocks,data/discovery/2026-09-10/archive_coverage/district_sweep/raw/67d0c77e56a0d5e34fbe_b9914c0e76c5.html,b9914c0e76c5116182c37ec0e685a0ef467a7ed290b531f83fd4aef9857ab600,14,14,not_reconciled,not_established
Kushinagar,Fazilnagar,https://igod.gov.in/index.php/district/7Dg3tXQBW7DqAzx4Vrqs/blocks,data/discovery/2026-09-10/archive_coverage/district_sweep/raw/67d0c77e56a0d5e34fbe_b9914c0e76c5.html,b9914c0e76c5116182c37ec0e685a0ef467a7ed290b531f83fd4aef9857ab600,14,14,not_reconciled,not_established
Kushinagar,Hata,https://igod.gov.in/index.php/district/7Dg3tXQBW7DqAzx4Vrqs/blocks,data/discovery/2026-09-10/archive_coverage/district_sweep/raw/67d0c77e56a0d5e34fbe_b9914c0e76c5.html,b9914c0e76c5116182c37ec0e685a0ef467a7ed290b531f83fd4aef9857ab600,14,14,not_reconciled,not_established
Kushinagar,Kaptainganj,https://igod.gov.in/index.php/district/7Dg3tXQBW7DqAzx4Vrqs/blocks,data/discovery/2026-09-10/archive_coverage/district_sweep/raw/67d0c77e56a0d5e34fbe_b9914c0e76c5.html,b9914c0e76c5116182c37ec0e685a0ef467a7ed290b531f83fd4aef9857ab600,14,14,not_reconciled,not_established
Kushinagar,Kasaya,https://igod.gov.in/index.php/district/7Dg3tXQBW7DqAzx4Vrqs/blocks,data/discovery/2026-09-10/archive_coverage/district_sweep/raw/67d0c77e56a0d5e34fbe_b9914c0e76c5.html,b9914c0e76c5116182c37ec0e685a0ef467a7ed290b531f83fd4aef9857ab600,14,14,not_reconciled,not_established
Kushinagar,Khadda,https://igod.gov.in/index.php/district/7Dg3tXQBW7DqAzx4Vrqs/blocks,data/discovery/2026-09-10/archive_coverage/district_sweep/raw/67d0c77e56a0d5e34fbe_b9914c0e76c5.html,b9914c0e76c5116182c37ec0e685a0ef467a7ed290b531f83fd4aef9857ab600,14,14,not_reconciled,not_established
Kushinagar,Motichak,https://igod.gov.in/index.php/district/7Dg3tXQBW7DqAzx4Vrqs/blocks,data/discovery/2026-09-10/archive_coverage/district_sweep/raw/67d0c77e56a0d5e34fbe_b9914c0e76c5.html,b9914c0e76c5116182c37ec0e685a0ef467a7ed290b531f83fd4aef9857ab600,14,14,not_reconciled,not_established
Kushinagar,Nebua Naurangia,https://igod.gov.in/index.php/district/7Dg3tXQBW7DqAzx4Vrqs/blocks,data/discovery/2026-09-10/archive_coverage/district_sweep/raw/67d0c77e56a0d5e34fbe_b9914c0e76c5.html,b9914c0e76c5116182c37ec0e685a0ef467a7ed290b531f83fd4aef9857ab600,14,14,not_reconciled,not_established
Kushinagar,Padrauna,https://igod.gov.in/index.php/district/7Dg3tXQBW7DqAzx4Vrqs/blocks,data/discovery/2026-09-10/archive_coverage/district_sweep/raw/67d0c77e56a0d5e34fbe_b9914c0e76c5.html,b9914c0e76c5116182c37ec0e685a0ef467a7ed290b531f83fd4aef9857ab600,14,14,not_reconciled,not_established
Kushinagar,Ramkola,https://igod.gov.in/index.php/district/7Dg3tXQBW7DqAzx4Vrqs/blocks,data/discovery/2026-09-10/archive_coverage/district_sweep/raw/67d0c77e56a0d5e34fbe_b9914c0e76c5.html,b9914c0e76c5116182c37ec0e685a0ef467a7ed290b531f83fd4aef9857ab600,14,14,not_reconciled,not_established
Kushinagar,Seorahi,https://igod.gov.in/index.php/district/7Dg3tXQBW7DqAzx4Vrqs/blocks,data/discovery/2026-09-10/archive_coverage/district_sweep/raw/67d0c77e56a0d5e34fbe_b9914c0e76c5.html,b9914c0e76c5116182c37ec0e685a0ef467a7ed290b531f83fd4aef9857ab600,14,14,not_reconciled,not_established
Kushinagar,Sukrauli,https://igod.gov.in/index.php/district/7Dg3tXQBW7DqAzx4Vrqs/blocks,data/discovery/2026-09-10/archive_coverage/district_sweep/raw/67d0c77e56a0d5e34fbe_b9914c0e76c5.html,b9914c0e76c5116182c37ec0e685a0ef467a7ed290b531f83fd4aef9857ab600,14,14,not_reconciled,not_established
Kushinagar,Tamkuhiraj,https://igod.gov.in/index.php/district/7Dg3tXQBW7DqAzx4Vrqs/blocks,data/discovery/2026-09-10/archive_coverage/district_sweep/raw/67d0c77e56a0d5e34fbe_b9914c0e76c5.html,b9914c0e76c5116182c37ec0e685a0ef467a7ed290b531f83fd4aef9857ab600,14,14,not_reconciled,not_established
Kushinagar,Vishunpura,https://igod.gov.in/index.php/district/7Dg3tXQBW7DqAzx4Vrqs/blocks,data/discovery/2026-09-10/archive_coverage/district_sweep/raw/67d0c77e56a0d5e34fbe_b9914c0e76c5.html,b9914c0e76c5116182c37ec0e685a0ef467a7ed290b531f83fd4aef9857ab600,14,14,not_reconciled,not_established
Etawah,Barhpura,https://igod.gov.in/index.php/district/ADg3tXQBW7DqAzx4Vrus/blocks,data/discovery/2026-09-10/archive_coverage/district_sweep/raw/70dcf8f8f6c7dc841991_220fab73af89.html,220fab73af891e5ffdc5912a07dbc89ed10d27c5c109668da646fad04ca059ce,8,8,not_reconciled,not_established
Etawah,Basrehar,https://igod.gov.in/index.php/district/ADg3tXQBW7DqAzx4Vrus/blocks,data/discovery/2026-09-10/archive_coverage/district_sweep/raw/70dcf8f8f6c7dc841991_220fab73af89.html,220fab73af891e5ffdc5912a07dbc89ed10d27c5c109668da646fad04ca059ce,8,8,not_reconciled,not_established
Etawah,Bharthana,https://igod.gov.in/index.php/district/ADg3tXQBW7DqAzx4Vrus/blocks,data/discovery/2026-09-10/archive_coverage/district_sweep/raw/70dcf8f8f6c7dc841991_220fab73af89.html,220fab73af891e5ffdc5912a07dbc89ed10d27c5c109668da646fad04ca059ce,8,8,not_reconciled,not_established
Etawah,Chakarnagar,https://igod.gov.in/index.php/district/ADg3tXQBW7DqAzx4Vrus/blocks,data/discovery/2026-09-10/archive_coverage/district_sweep/raw/70dcf8f8f6c7dc841991_220fab73af89.html,220fab73af891e5ffdc5912a07dbc89ed10d27c5c109668da646fad04ca059ce,8,8,not_reconciled,not_established
Etawah,Jaswantnagar,https://igod.gov.in/index.php/district/ADg3tXQBW7DqAzx4Vrus/blocks,data/discovery/2026-09-10/archive_coverage/district_sweep/raw/70dcf8f8f6c7dc841991_220fab73af89.html,220fab73af891e5ffdc5912a07dbc89ed10d27c5c109668da646fad04ca059ce,8,8,not_reconciled,not_established
Etawah,Mahewa,https://igod.gov.in/index.php/district/ADg3tXQBW7DqAzx4Vrus/blocks,data/discovery/2026-09-10/archive_coverage/district_sweep/raw/70dcf8f8f6c7dc841991_220fab73af89.html,220fab73af891e5ffdc5912a07dbc89ed10d27c5c109668da646fad04ca059ce,8,8,not_reconciled,not_established
Etawah,Sefai,https://igod.gov.in/index.php/district/ADg3tXQBW7DqAzx4Vrus/blocks,data/discovery/2026-09-10/archive_coverage/district_sweep/raw/70dcf8f8f6c7dc841991_220fab73af89.html,220fab73af891e5ffdc5912a07dbc89ed10d27c5c109668da646fad04ca059ce,8,8,not_reconciled,not_established
Etawah,Takha,https://igod.gov.in/index.php/district/ADg3tXQBW7DqAzx4Vrus/blocks,data/discovery/2026-09-10/archive_coverage/district_sweep/raw/70dcf8f8f6c7dc841991_220fab73af89.html,220fab73af891e5ffdc5912a07dbc89ed10d27c5c109668da646fad04ca059ce,8,8,not_reconciled,not_established
Gonda,Babhanjot,https://igod.gov.in/index.php/district/ATg3tXQBW7DqAzx4Vrus/blocks,data/discovery/2026-09-10/archive_coverage/district_sweep/raw/2002447dd612e29f66c1_e150497f413a.html,e150497f413aa431d22a98dfc79bd6ec8847ff7322e774d00a5571fc63480678,16,16,not_reconciled,not_established
Gonda,Belsar,https://igod.gov.in/index.php/district/ATg3tXQBW7DqAzx4Vrus/blocks,data/discovery/2026-09-10/archive_coverage/district_sweep/raw/2002447dd612e29f66c1_e150497f413a.html,e150497f413aa431d22a98dfc79bd6ec8847ff7322e774d00a5571fc63480678,16,16,not_reconciled,not_established
Gonda,Chhapia,https://igod.gov.in/index.php/district/ATg3tXQBW7DqAzx4Vrus/blocks,data/discovery/2026-09-10/archive_coverage/district_sweep/raw/2002447dd612e29f66c1_e150497f413a.html,e150497f413aa431d22a98dfc79bd6ec8847ff7322e774d00a5571fc63480678,16,16,not_reconciled,not_established
Gonda,Colonelganj,https://igod.gov.in/index.php/district/ATg3tXQBW7DqAzx4Vrus/blocks,data/discovery/2026-09-10/archive_coverage/district_sweep/raw/2002447dd612e29f66c1_e150497f413a.html,e150497f413aa431d22a98dfc79bd6ec8847ff7322e774d00a5571fc63480678,16,16,not_reconciled,not_established
Gonda,Haldharmau,https://igod.gov.in/index.php/district/ATg3tXQBW7DqAzx4Vrus/blocks,data/discovery/2026-09-10/archive_coverage/district_sweep/raw/2002447dd612e29f66c1_e150497f413a.html,e150497f413aa431d22a98dfc79bd6ec8847ff7322e774d00a5571fc63480678,16,16,not_reconciled,not_established
Gonda,Itiathok,https://igod.gov.in/index.php/district/ATg3tXQBW7DqAzx4Vrus/blocks,data/discovery/2026-09-10/archive_coverage/district_sweep/raw/2002447dd612e29f66c1_e150497f413a.html,e150497f413aa431d22a98dfc79bd6ec8847ff7322e774d00a5571fc63480678,16,16,not_reconciled,not_established
Gonda,Jhanjhari,https://igod.gov.in/index.php/district/ATg3tXQBW7DqAzx4Vrus/blocks,data/discovery/2026-09-10/archive_coverage/district_sweep/raw/2002447dd612e29f66c1_e150497f413a.html,e150497f413aa431d22a98dfc79bd6ec8847ff7322e774d00a5571fc63480678,16,16,not_reconciled,not_established
Gonda,Katra Bazar,https://igod.gov.in/index.php/district/ATg3tXQBW7DqAzx4Vrus/blocks,data/discovery/2026-09-10/archive_coverage/district_sweep/raw/2002447dd612e29f66c1_e150497f413a.html,e150497f413aa431d22a98dfc79bd6ec8847ff7322e774d00a5571fc63480678,16,16,not_reconciled,not_established
Gonda,Mankapur,https://igod.gov.in/index.php/district/ATg3tXQBW7DqAzx4Vrus/blocks,data/discovery/2026-09-10/archive_coverage/district_sweep/raw/2002447dd612e29f66c1_e150497f413a.html,e150497f413aa431d22a98dfc79bd6ec8847ff7322e774d00a5571fc63480678,16,16,not_reconciled,not_established
Gonda,Mujehana,https://igod.gov.in/index.php/district/ATg3tXQBW7DqAzx4Vrus/blocks,data/discovery/2026-09-10/archive_coverage/district_sweep/raw/2002447dd612e29f66c1_e150497f413a.html,e150497f413aa431d22a98dfc79bd6ec8847ff7322e774d00a5571fc63480678,16,16,not_reconciled,not_established
Gonda,Nawabganj,https://igod.gov.in/index.php/district/ATg3tXQBW7DqAzx4Vrus/blocks,data/discovery/2026-09-10/archive_coverage/district_sweep/raw/2002447dd612e29f66c1_e150497f413a.html,e150497f413aa431d22a98dfc79bd6ec8847ff7322e774d00a5571fc63480678,16,16,not_reconciled,not_established
Gonda,Pandri Kripal,https://igod.gov.in/index.php/district/ATg3tXQBW7DqAzx4Vrus/blocks,data/discovery/2026-09-10/archive_coverage/district_sweep/raw/2002447dd612e29f66c1_e150497f413a.html,e150497f413aa431d22a98dfc79bd6ec8847ff7322e774d00a5571fc63480678,16,16,not_reconciled,not_established
Gonda,Paraspur,https://igod.gov.in/index.php/district/ATg3tXQBW7DqAzx4Vrus/blocks,data/discovery/2026-09-10/archive_coverage/district_sweep/raw/2002447dd612e29f66c1_e150497f413a.html,e150497f413aa431d22a98dfc79bd6ec8847ff7322e774d00a5571fc63480678,16,16,not_reconciled,not_established
Gonda,Rupaideeh,https://igod.gov.in/index.php/district/ATg3tXQBW7DqAzx4Vrus/blocks,data/discovery/2026-09-10/archive_coverage/district_sweep/raw/2002447dd612e29f66c1_e150497f413a.html,e150497f413aa431d22a98dfc79bd6ec8847ff7322e774d00a5571fc63480678,16,16,not_reconciled,not_established
Gonda,Tarabganj,https://igod.gov.in/index.php/district/ATg3tXQBW7DqAzx4Vrus/blocks,data/discovery/2026-09-10/archive_coverage/district_sweep/raw/2002447dd612e29f66c1_e150497f413a.html,e150497f413aa431d22a98dfc79bd6ec8847ff7322e774d00a5571fc63480678,16,16,not_reconciled,not_established
Gonda,Wazirganj,https://igod.gov.in/index.php/district/ATg3tXQBW7DqAzx4Vrus/blocks,data/discovery/2026-09-10/archive_coverage/district_sweep/raw/2002447dd612e29f66c1_e150497f413a.html,e150497f413aa431d22a98dfc79bd6ec8847ff7322e774d00a5571fc63480678,16,16,not_reconciled,not_established
Hamirpur,Gohand,https://igod.gov.in/index.php/district/Ajg3tXQBW7DqAzx4Vrus/blocks,data/discovery/2026-09-10/archive_coverage/district_sweep/raw/96a9a6208f1211a342e3_eb5e29fa1b41.html,eb5e29fa1b41e452f9cb91c34d85e58744e621774982fd7292a19a58c25306d0,7,7,not_reconciled,not_established
Hamirpur,Kurara,https://igod.gov.in/index.php/district/Ajg3tXQBW7DqAzx4Vrus/blocks,data/discovery/2026-09-10/archive_coverage/district_sweep/raw/96a9a6208f1211a342e3_eb5e29fa1b41.html,eb5e29fa1b41e452f9cb91c34d85e58744e621774982fd7292a19a58c25306d0,7,7,not_reconciled,not_established
Hamirpur,Maudaha,https://igod.gov.in/index.php/district/Ajg3tXQBW7DqAzx4Vrus/blocks,data/discovery/2026-09-10/archive_coverage/district_sweep/raw/96a9a6208f1211a342e3_eb5e29fa1b41.html,eb5e29fa1b41e452f9cb91c34d85e58744e621774982fd7292a19a58c25306d0,7,7,not_reconciled,not_established
Hamirpur,Muskara,https://igod.gov.in/index.php/district/Ajg3tXQBW7DqAzx4Vrus/blocks,data/discovery/2026-09-10/archive_coverage/district_sweep/raw/96a9a6208f1211a342e3_eb5e29fa1b41.html,eb5e29fa1b41e452f9cb91c34d85e58744e621774982fd7292a19a58c25306d0,7,7,not_reconciled,not_established
Hamirpur,Rath,https://igod.gov.in/index.php/district/Ajg3tXQBW7DqAzx4Vrus/blocks,data/discovery/2026-09-10/archive_coverage/district_sweep/raw/96a9a6208f1211a342e3_eb5e29fa1b41.html,eb5e29fa1b41e452f9cb91c34d85e58744e621774982fd7292a19a58c25306d0,7,7,not_reconciled,not_established
Hamirpur,Sarila,https://igod.gov.in/index.php/district/Ajg3tXQBW7DqAzx4Vrus/blocks,data/discovery/2026-09-10/archive_coverage/district_sweep/raw/96a9a6208f1211a342e3_eb5e29fa1b41.html,eb5e29fa1b41e452f9cb91c34d85e58744e621774982fd7292a19a58c25306d0,7,7,not_reconciled,not_established
Hamirpur,Sumerpur,https://igod.gov.in/index.php/district/Ajg3tXQBW7DqAzx4Vrus/blocks,data/discovery/2026-09-10/archive_coverage/district_sweep/raw/96a9a6208f1211a342e3_eb5e29fa1b41.html,eb5e29fa1b41e452f9cb91c34d85e58744e621774982fd7292a19a58c25306d0,7,7,not_reconciled,not_established
Prayagraj,Bahadurpur,https://igod.gov.in/index.php/district/BDg3tXQBW7DqAzx4Vrus/blocks,data/discovery/2026-09-10/archive_coverage/district_sweep/raw/f4a7e9008d6dc0764363_197bfa06b073.html,197bfa06b073303681145173b7126f32029cffdc7db09e983b1207b4cd3c2721,23,23,not_reconciled,not_established
Prayagraj,Bahria,https://igod.gov.in/index.php/district/BDg3tXQBW7DqAzx4Vrus/blocks,data/discovery/2026-09-10/archive_coverage/district_sweep/raw/f4a7e9008d6dc0764363_197bfa06b073.html,197bfa06b073303681145173b7126f32029cffdc7db09e983b1207b4cd3c2721,23,23,not_reconciled,not_established
Prayagraj,Bhagwatpur,https://igod.gov.in/index.php/district/BDg3tXQBW7DqAzx4Vrus/blocks,data/discovery/2026-09-10/archive_coverage/district_sweep/raw/f4a7e9008d6dc0764363_197bfa06b073.html,197bfa06b073303681145173b7126f32029cffdc7db09e983b1207b4cd3c2721,23,23,not_reconciled,not_established
Prayagraj,Chaka,https://igod.gov.in/index.php/district/BDg3tXQBW7DqAzx4Vrus/blocks,data/discovery/2026-09-10/archive_coverage/district_sweep/raw/f4a7e9008d6dc0764363_197bfa06b073.html,197bfa06b073303681145173b7126f32029cffdc7db09e983b1207b4cd3c2721,23,23,not_reconciled,not_established
Prayagraj,Dhanupur,https://igod.gov.in/index.php/district/BDg3tXQBW7DqAzx4Vrus/blocks,data/discovery/2026-09-10/archive_coverage/district_sweep/raw/f4a7e9008d6dc0764363_197bfa06b073.html,197bfa06b073303681145173b7126f32029cffdc7db09e983b1207b4cd3c2721,23,23,not_reconciled,not_established
Prayagraj,Handia,https://igod.gov.in/index.php/district/BDg3tXQBW7DqAzx4Vrus/blocks,data/discovery/2026-09-10/archive_coverage/district_sweep/raw/f4a7e9008d6dc0764363_197bfa06b073.html,197bfa06b073303681145173b7126f32029cffdc7db09e983b1207b4cd3c2721,23,23,not_reconciled,not_established
Prayagraj,Holagarh,https://igod.gov.in/index.php/district/BDg3tXQBW7DqAzx4Vrus/blocks,data/discovery/2026-09-10/archive_coverage/district_sweep/raw/f4a7e9008d6dc0764363_197bfa06b073.html,197bfa06b073303681145173b7126f32029cffdc7db09e983b1207b4cd3c2721,23,23,not_reconciled,not_established
Prayagraj,Jasra,https://igod.gov.in/index.php/district/BDg3tXQBW7DqAzx4Vrus/blocks,data/discovery/2026-09-10/archive_coverage/district_sweep/raw/f4a7e9008d6dc0764363_197bfa06b073.html,197bfa06b073303681145173b7126f32029cffdc7db09e983b1207b4cd3c2721,23,23,not_reconciled,not_established
Prayagraj,Karchhana,https://igod.gov.in/index.php/district/BDg3tXQBW7DqAzx4Vrus/blocks,data/discovery/2026-09-10/archive_coverage/district_sweep/raw/f4a7e9008d6dc0764363_197bfa06b073.html,197bfa06b073303681145173b7126f32029cffdc7db09e983b1207b4cd3c2721,23,23,not_reconciled,not_established
Prayagraj,Kaudhiyara,https://igod.gov.in/index.php/district/BDg3tXQBW7DqAzx4Vrus/blocks,data/discovery/2026-09-10/archive_coverage/district_sweep/raw/f4a7e9008d6dc0764363_197bfa06b073.html,197bfa06b073303681145173b7126f32029cffdc7db09e983b1207b4cd3c2721,23,23,not_reconciled,not_established
Prayagraj,Kaurihar,https://igod.gov.in/index.php/district/BDg3tXQBW7DqAzx4Vrus/blocks,data/discovery/2026-09-10/archive_coverage/district_sweep/raw/f4a7e9008d6dc0764363_197bfa06b073.html,197bfa06b073303681145173b7126f32029cffdc7db09e983b1207b4cd3c2721,23,23,not_reconciled,not_established
Prayagraj,Koraon,https://igod.gov.in/index.php/district/BDg3tXQBW7DqAzx4Vrus/blocks,data/discovery/2026-09-10/archive_coverage/district_sweep/raw/f4a7e9008d6dc0764363_197bfa06b073.html,197bfa06b073303681145173b7126f32029cffdc7db09e983b1207b4cd3c2721,23,23,not_reconciled,not_established
Prayagraj,Manda,https://igod.gov.in/index.php/district/BDg3tXQBW7DqAzx4Vrus/blocks,data/discovery/2026-09-10/archive_coverage/district_sweep/raw/f4a7e9008d6dc0764363_197bfa06b073.html,197bfa06b073303681145173b7126f32029cffdc7db09e983b1207b4cd3c2721,23,23,not_reconciled,not_established
Prayagraj,Mauaima,https://igod.gov.in/index.php/district/BDg3tXQBW7DqAzx4Vrus/blocks,data/discovery/2026-09-10/archive_coverage/district_sweep/raw/f4a7e9008d6dc0764363_197bfa06b073.html,197bfa06b073303681145173b7126f32029cffdc7db09e983b1207b4cd3c2721,23,23,not_reconciled,not_established
Prayagraj,Meja,https://igod.gov.in/index.php/district/BDg3tXQBW7DqAzx4Vrus/blocks,data/discovery/2026-09-10/archive_coverage/district_sweep/raw/f4a7e9008d6dc0764363_197bfa06b073.html,197bfa06b073303681145173b7126f32029cffdc7db09e983b1207b4cd3c2721,23,23,not_reconciled,not_established
Prayagraj,Phulpur,https://igod.gov.in/index.php/district/BDg3tXQBW7DqAzx4Vrus/blocks,data/discovery/2026-09-10/archive_coverage/district_sweep/raw/f4a7e9008d6dc0764363_197bfa06b073.html,197bfa06b073303681145173b7126f32029cffdc7db09e983b1207b4cd3c2721,23,23,not_reconciled,not_established
Prayagraj,Pratappur,https://igod.gov.in/index.php/district/BDg3tXQBW7DqAzx4Vrus/blocks,data/discovery/2026-09-10/archive_coverage/district_sweep/raw/f4a7e9008d6dc0764363_197bfa06b073.html,197bfa06b073303681145173b7126f32029cffdc7db09e983b1207b4cd3c2721,23,23,not_reconciled,not_established
Prayagraj,Sahson,https://igod.gov.in/index.php/district/BDg3tXQBW7DqAzx4Vrus/blocks,data/discovery/2026-09-10/archive_coverage/district_sweep/raw/f4a7e9008d6dc0764363_197bfa06b073.html,197bfa06b073303681145173b7126f32029cffdc7db09e983b1207b4cd3c2721,23,23,not_reconciled,not_established
Prayagraj,Saidabad,https://igod.gov.in/index.php/district/BDg3tXQBW7DqAzx4Vrus/blocks,data/discovery/2026-09-10/archive_coverage/district_sweep/raw/f4a7e9008d6dc0764363_197bfa06b073.html,197bfa06b073303681145173b7126f32029cffdc7db09e983b1207b4cd3c2721,23,23,not_reconciled,not_established
Prayagraj,Shankargarh,https://igod.gov.in/index.php/district/BDg3tXQBW7DqAzx4Vrus/blocks,data/discovery/2026-09-10/archive_coverage/district_sweep/raw/f4a7e9008d6dc0764363_197bfa06b073.html,197bfa06b073303681145173b7126f32029cffdc7db09e983b1207b4cd3c2721,23,23,not_reconciled,not_established
Prayagraj,Soraon,https://igod.gov.in/index.php/district/BDg3tXQBW7DqAzx4Vrus/blocks,data/discovery/2026-09-10/archive_coverage/district_sweep/raw/f4a7e9008d6dc0764363_197bfa06b073.html,197bfa06b073303681145173b7126f32029cffdc7db09e983b1207b4cd3c2721,23,23,not_reconciled,not_established
Prayagraj,Sringverpur Dham,https://igod.gov.in/index.php/district/BDg3tXQBW7DqAzx4Vrus/blocks,data/discovery/2026-09-10/archive_coverage/district_sweep/raw/f4a7e9008d6dc0764363_197bfa06b073.html,197bfa06b073303681145173b7126f32029cffdc7db09e983b1207b4cd3c2721,23,23,not_reconciled,not_established
Prayagraj,Uruwan,https://igod.gov.in/index.php/district/BDg3tXQBW7DqAzx4Vrus/blocks,data/discovery/2026-09-10/archive_coverage/district_sweep/raw/f4a7e9008d6dc0764363_197bfa06b073.html,197bfa06b073303681145173b7126f32029cffdc7db09e983b1207b4cd3c2721,23,23,not_reconciled,not_established
Auraiya,Achchalda,https://igod.gov.in/index.php/district/BTg3tXQBW7DqAzx4Vrus/blocks,data/discovery/2026-09-10/archive_coverage/district_sweep/raw/c63b58fe5ec00c57ea6d_402da9fc9542.html,402da9fc9542dc3c01c99bd254d47d8a8a05c1591d3d8ef79d6a0f5bf9e93d6e,7,7,not_reconciled,not_established
Auraiya,Ajitmal,https://igod.gov.in/index.php/district/BTg3tXQBW7DqAzx4Vrus/blocks,data/discovery/2026-09-10/archive_coverage/district_sweep/raw/c63b58fe5ec00c57ea6d_402da9fc9542.html,402da9fc9542dc3c01c99bd254d47d8a8a05c1591d3d8ef79d6a0f5bf9e93d6e,7,7,not_reconciled,not_established
Auraiya,Auraiya,https://igod.gov.in/index.php/district/BTg3tXQBW7DqAzx4Vrus/blocks,data/discovery/2026-09-10/archive_coverage/district_sweep/raw/c63b58fe5ec00c57ea6d_402da9fc9542.html,402da9fc9542dc3c01c99bd254d47d8a8a05c1591d3d8ef79d6a0f5bf9e93d6e,7,7,not_reconciled,not_established
Auraiya,Bhagyanagar,https://igod.gov.in/index.php/district/BTg3tXQBW7DqAzx4Vrus/blocks,data/discovery/2026-09-10/archive_coverage/district_sweep/raw/c63b58fe5ec00c57ea6d_402da9fc9542.html,402da9fc9542dc3c01c99bd254d47d8a8a05c1591d3d8ef79d6a0f5bf9e93d6e,7,7,not_reconciled,not_established
Auraiya,Bidhuna,https://igod.gov.in/index.php/district/BTg3tXQBW7DqAzx4Vrus/blocks,data/discovery/2026-09-10/archive_coverage/district_sweep/raw/c63b58fe5ec00c57ea6d_402da9fc9542.html,402da9fc9542dc3c01c99bd254d47d8a8a05c1591d3d8ef79d6a0f5bf9e93d6e,7,7,not_reconciled,not_established
Auraiya,Erwa Katra,https://igod.gov.in/index.php/district/BTg3tXQBW7DqAzx4Vrus/blocks,data/discovery/2026-09-10/archive_coverage/district_sweep/raw/c63b58fe5ec00c57ea6d_402da9fc9542.html,402da9fc9542dc3c01c99bd254d47d8a8a05c1591d3d8ef79d6a0f5bf9e93d6e,7,7,not_reconciled,not_established
Auraiya,Sahar,https://igod.gov.in/index.php/district/BTg3tXQBW7DqAzx4Vrus/blocks,data/discovery/2026-09-10/archive_coverage/district_sweep/raw/c63b58fe5ec00c57ea6d_402da9fc9542.html,402da9fc9542dc3c01c99bd254d47d8a8a05c1591d3d8ef79d6a0f5bf9e93d6e,7,7,not_reconciled,not_established
Baghpat,Baghpat,https://igod.gov.in/index.php/district/Bjg3tXQBW7DqAzx4Vrus/blocks,data/discovery/2026-09-10/archive_coverage/district_sweep/raw/4b4127b7639fd557d7da_8b51984deb11.html,8b51984deb1103aa289f8c37f3dd0784beef1ffdb45104a0e72a8714e9648a14,6,6,not_reconciled,not_established
Baghpat,Baraut,https://igod.gov.in/index.php/district/Bjg3tXQBW7DqAzx4Vrus/blocks,data/discovery/2026-09-10/archive_coverage/district_sweep/raw/4b4127b7639fd557d7da_8b51984deb11.html,8b51984deb1103aa289f8c37f3dd0784beef1ffdb45104a0e72a8714e9648a14,6,6,not_reconciled,not_established
Baghpat,Binauli,https://igod.gov.in/index.php/district/Bjg3tXQBW7DqAzx4Vrus/blocks,data/discovery/2026-09-10/archive_coverage/district_sweep/raw/4b4127b7639fd557d7da_8b51984deb11.html,8b51984deb1103aa289f8c37f3dd0784beef1ffdb45104a0e72a8714e9648a14,6,6,not_reconciled,not_established
Baghpat,Chhaprauli,https://igod.gov.in/index.php/district/Bjg3tXQBW7DqAzx4Vrus/blocks,data/discovery/2026-09-10/archive_coverage/district_sweep/raw/4b4127b7639fd557d7da_8b51984deb11.html,8b51984deb1103aa289f8c37f3dd0784beef1ffdb45104a0e72a8714e9648a14,6,6,not_reconciled,not_established
Baghpat,Khekra,https://igod.gov.in/index.php/district/Bjg3tXQBW7DqAzx4Vrus/blocks,data/discovery/2026-09-10/archive_coverage/district_sweep/raw/4b4127b7639fd557d7da_8b51984deb11.html,8b51984deb1103aa289f8c37f3dd0784beef1ffdb45104a0e72a8714e9648a14,6,6,not_reconciled,not_established
Baghpat,Pilana,https://igod.gov.in/index.php/district/Bjg3tXQBW7DqAzx4Vrus/blocks,data/discovery/2026-09-10/archive_coverage/district_sweep/raw/4b4127b7639fd557d7da_8b51984deb11.html,8b51984deb1103aa289f8c37f3dd0784beef1ffdb45104a0e72a8714e9648a14,6,6,not_reconciled,not_established
Bara Banki,Bani Kodar,https://igod.gov.in/index.php/district/Bzg3tXQBW7DqAzx4Vrus/blocks,data/discovery/2026-09-10/archive_coverage/district_sweep/raw/526e40a4ef550d64576a_6c26ddb03180.html,6c26ddb03180a544aff37a9c57df2426aab137796c3d59e6c048d8e1cecdc7d5,15,15,not_reconciled,not_established
Bara Banki,Banki,https://igod.gov.in/index.php/district/Bzg3tXQBW7DqAzx4Vrus/blocks,data/discovery/2026-09-10/archive_coverage/district_sweep/raw/526e40a4ef550d64576a_6c26ddb03180.html,6c26ddb03180a544aff37a9c57df2426aab137796c3d59e6c048d8e1cecdc7d5,15,15,not_reconciled,not_established
Bara Banki,Dariyabad,https://igod.gov.in/index.php/district/Bzg3tXQBW7DqAzx4Vrus/blocks,data/discovery/2026-09-10/archive_coverage/district_sweep/raw/526e40a4ef550d64576a_6c26ddb03180.html,6c26ddb03180a544aff37a9c57df2426aab137796c3d59e6c048d8e1cecdc7d5,15,15,not_reconciled,not_established
Bara Banki,Dewa,https://igod.gov.in/index.php/district/Bzg3tXQBW7DqAzx4Vrus/blocks,data/discovery/2026-09-10/archive_coverage/district_sweep/raw/526e40a4ef550d64576a_6c26ddb03180.html,6c26ddb03180a544aff37a9c57df2426aab137796c3d59e6c048d8e1cecdc7d5,15,15,not_reconciled,not_established
Bara Banki,Fatehpur,https://igod.gov.in/index.php/district/Bzg3tXQBW7DqAzx4Vrus/blocks,data/discovery/2026-09-10/archive_coverage/district_sweep/raw/526e40a4ef550d64576a_6c26ddb03180.html,6c26ddb03180a544aff37a9c57df2426aab137796c3d59e6c048d8e1cecdc7d5,15,15,not_reconciled,not_established
Bara Banki,Haidargarh,https://igod.gov.in/index.php/district/Bzg3tXQBW7DqAzx4Vrus/blocks,data/discovery/2026-09-10/archive_coverage/district_sweep/raw/526e40a4ef550d64576a_6c26ddb03180.html,6c26ddb03180a544aff37a9c57df2426aab137796c3d59e6c048d8e1cecdc7d5,15,15,not_reconciled,not_established
Bara Banki,Harakh,https://igod.gov.in/index.php/district/Bzg3tXQBW7DqAzx4Vrus/blocks,data/discovery/2026-09-10/archive_coverage/district_sweep/raw/526e40a4ef550d64576a_6c26ddb03180.html,6c26ddb03180a544aff37a9c57df2426aab137796c3d59e6c048d8e1cecdc7d5,15,15,not_reconciled,not_established
Bara Banki,Masauli,https://igod.gov.in/index.php/district/Bzg3tXQBW7DqAzx4Vrus/blocks,data/discovery/2026-09-10/archive_coverage/district_sweep/raw/526e40a4ef550d64576a_6c26ddb03180.html,6c26ddb03180a544aff37a9c57df2426aab137796c3d59e6c048d8e1cecdc7d5,15,15,not_reconciled,not_established
Bara Banki,Nindaura,https://igod.gov.in/index.php/district/Bzg3tXQBW7DqAzx4Vrus/blocks,data/discovery/2026-09-10/archive_coverage/district_sweep/raw/526e40a4ef550d64576a_6c26ddb03180.html,6c26ddb03180a544aff37a9c57df2426aab137796c3d59e6c048d8e1cecdc7d5,15,15,not_reconciled,not_established
Bara Banki,Puredalai,https://igod.gov.in/index.php/district/Bzg3tXQBW7DqAzx4Vrus/blocks,data/discovery/2026-09-10/archive_coverage/district_sweep/raw/526e40a4ef550d64576a_6c26ddb03180.html,6c26ddb03180a544aff37a9c57df2426aab137796c3d59e6c048d8e1cecdc7d5,15,15,not_reconciled,not_established
Bara Banki,Ramnagar,https://igod.gov.in/index.php/district/Bzg3tXQBW7DqAzx4Vrus/blocks,data/discovery/2026-09-10/archive_coverage/district_sweep/raw/526e40a4ef550d64576a_6c26ddb03180.html,6c26ddb03180a544aff37a9c57df2426aab137796c3d59e6c048d8e1cecdc7d5,15,15,not_reconciled,not_established
Bara Banki,Sidhaur,https://igod.gov.in/index.php/district/Bzg3tXQBW7DqAzx4Vrus/blocks,data/discovery/2026-09-10/archive_coverage/district_sweep/raw/526e40a4ef550d64576a_6c26ddb03180.html,6c26ddb03180a544aff37a9c57df2426aab137796c3d59e6c048d8e1cecdc7d5,15,15,not_reconciled,not_established
Bara Banki,Sirauli Gauspur,https://igod.gov.in/index.php/district/Bzg3tXQBW7DqAzx4Vrus/blocks,data/discovery/2026-09-10/archive_coverage/district_sweep/raw/526e40a4ef550d64576a_6c26ddb03180.html,6c26ddb03180a544aff37a9c57df2426aab137796c3d59e6c048d8e1cecdc7d5,15,15,not_reconciled,not_established
Bara Banki,Suratganj,https://igod.gov.in/index.php/district/Bzg3tXQBW7DqAzx4Vrus/blocks,data/discovery/2026-09-10/archive_coverage/district_sweep/raw/526e40a4ef550d64576a_6c26ddb03180.html,6c26ddb03180a544aff37a9c57df2426aab137796c3d59e6c048d8e1cecdc7d5,15,15,not_reconciled,not_established
Bara Banki,Trivediganj,https://igod.gov.in/index.php/district/Bzg3tXQBW7DqAzx4Vrus/blocks,data/discovery/2026-09-10/archive_coverage/district_sweep/raw/526e40a4ef550d64576a_6c26ddb03180.html,6c26ddb03180a544aff37a9c57df2426aab137796c3d59e6c048d8e1cecdc7d5,15,15,not_reconciled,not_established
Bareilly,Aalampur Jafarabad,https://igod.gov.in/index.php/district/CDg3tXQBW7DqAzx4Vrus/blocks,data/discovery/2026-09-10/archive_coverage/district_sweep/raw/6e8306007274ce92d190_f31ea3141f5f.html,f31ea3141f5f1593f3a46fa90f52c4b848a6b99bc2da62a5d617cee468538e44,15,15,not_reconciled,not_established
Bareilly,Baheri,https://igod.gov.in/index.php/district/CDg3tXQBW7DqAzx4Vrus/blocks,data/discovery/2026-09-10/archive_coverage/district_sweep/raw/6e8306007274ce92d190_f31ea3141f5f.html,f31ea3141f5f1593f3a46fa90f52c4b848a6b99bc2da62a5d617cee468538e44,15,15,not_reconciled,not_established
Bareilly,Bhadpura,https://igod.gov.in/index.php/district/CDg3tXQBW7DqAzx4Vrus/blocks,data/discovery/2026-09-10/archive_coverage/district_sweep/raw/6e8306007274ce92d190_f31ea3141f5f.html,f31ea3141f5f1593f3a46fa90f52c4b848a6b99bc2da62a5d617cee468538e44,15,15,not_reconciled,not_established
Bareilly,Bhojipura,https://igod.gov.in/index.php/district/CDg3tXQBW7DqAzx4Vrus/blocks,data/discovery/2026-09-10/archive_coverage/district_sweep/raw/6e8306007274ce92d190_f31ea3141f5f.html,f31ea3141f5f1593f3a46fa90f52c4b848a6b99bc2da62a5d617cee468538e44,15,15,not_reconciled,not_established
Bareilly,Bhuta,https://igod.gov.in/index.php/district/CDg3tXQBW7DqAzx4Vrus/blocks,data/discovery/2026-09-10/archive_coverage/district_sweep/raw/6e8306007274ce92d190_f31ea3141f5f.html,f31ea3141f5f1593f3a46fa90f52c4b848a6b99bc2da62a5d617cee468538e44,15,15,not_reconciled,not_established
Bareilly,Bithiri Chainpur,https://igod.gov.in/index.php/district/CDg3tXQBW7DqAzx4Vrus/blocks,data/discovery/2026-09-10/archive_coverage/district_sweep/raw/6e8306007274ce92d190_f31ea3141f5f.html,f31ea3141f5f1593f3a46fa90f52c4b848a6b99bc2da62a5d617cee468538e44,15,15,not_reconciled,not_established
Bareilly,Damkhauda,https://igod.gov.in/index.php/district/CDg3tXQBW7DqAzx4Vrus/blocks,data/discovery/2026-09-10/archive_coverage/district_sweep/raw/6e8306007274ce92d190_f31ea3141f5f.html,f31ea3141f5f1593f3a46fa90f52c4b848a6b99bc2da62a5d617cee468538e44,15,15,not_reconciled,not_established
Bareilly,Faridpur,https://igod.gov.in/index.php/district/CDg3tXQBW7DqAzx4Vrus/blocks,data/discovery/2026-09-10/archive_coverage/district_sweep/raw/6e8306007274ce92d190_f31ea3141f5f.html,f31ea3141f5f1593f3a46fa90f52c4b848a6b99bc2da62a5d617cee468538e44,15,15,not_reconciled,not_established
Bareilly,Fatehganj West,https://igod.gov.in/index.php/district/CDg3tXQBW7DqAzx4Vrus/blocks,data/discovery/2026-09-10/archive_coverage/district_sweep/raw/6e8306007274ce92d190_f31ea3141f5f.html,f31ea3141f5f1593f3a46fa90f52c4b848a6b99bc2da62a5d617cee468538e44,15,15,not_reconciled,not_established
Bareilly,Kyara,https://igod.gov.in/index.php/district/CDg3tXQBW7DqAzx4Vrus/blocks,data/discovery/2026-09-10/archive_coverage/district_sweep/raw/6e8306007274ce92d190_f31ea3141f5f.html,f31ea3141f5f1593f3a46fa90f52c4b848a6b99bc2da62a5d617cee468538e44,15,15,not_reconciled,not_established
Bareilly,Majhgawan,https://igod.gov.in/index.php/district/CDg3tXQBW7DqAzx4Vrus/blocks,data/discovery/2026-09-10/archive_coverage/district_sweep/raw/6e8306007274ce92d190_f31ea3141f5f.html,f31ea3141f5f1593f3a46fa90f52c4b848a6b99bc2da62a5d617cee468538e44,15,15,not_reconciled,not_established
Bareilly,Mirganj,https://igod.gov.in/index.php/district/CDg3tXQBW7DqAzx4Vrus/blocks,data/discovery/2026-09-10/archive_coverage/district_sweep/raw/6e8306007274ce92d190_f31ea3141f5f.html,f31ea3141f5f1593f3a46fa90f52c4b848a6b99bc2da62a5d617cee468538e44,15,15,not_reconciled,not_established
Bareilly,Nawabganj,https://igod.gov.in/index.php/district/CDg3tXQBW7DqAzx4Vrus/blocks,data/discovery/2026-09-10/archive_coverage/district_sweep/raw/6e8306007274ce92d190_f31ea3141f5f.html,f31ea3141f5f1593f3a46fa90f52c4b848a6b99bc2da62a5d617cee468538e44,15,15,not_reconciled,not_established
Bareilly,Ramnagar,https://igod.gov.in/index.php/district/CDg3tXQBW7DqAzx4Vrus/blocks,data/discovery/2026-09-10/archive_coverage/district_sweep/raw/6e8306007274ce92d190_f31ea3141f5f.html,f31ea3141f5f1593f3a46fa90f52c4b848a6b99bc2da62a5d617cee468538e44,15,15,not_reconciled,not_established
Bareilly,Shergarh,https://igod.gov.in/index.php/district/CDg3tXQBW7DqAzx4Vrus/blocks,data/discovery/2026-09-10/archive_coverage/district_sweep/raw/6e8306007274ce92d190_f31ea3141f5f.html,f31ea3141f5f1593f3a46fa90f52c4b848a6b99bc2da62a5d617cee468538e44,15,15,not_reconciled,not_established
Bijnor,Afzalgarh,https://igod.gov.in/index.php/district/CTg3tXQBW7DqAzx4Vrus/blocks,data/discovery/2026-09-10/archive_coverage/district_sweep/raw/60d24ec075fefc3fa339_1f1c6496ca36.html,1f1c6496ca3671f3b21b1519aba92e05e0df820d4499776083e9c9efd8428dc0,11,11,not_reconciled,not_established
Bijnor,Budhanpur Seohara,https://igod.gov.in/index.php/district/CTg3tXQBW7DqAzx4Vrus/blocks,data/discovery/2026-09-10/archive_coverage/district_sweep/raw/60d24ec075fefc3fa339_1f1c6496ca36.html,1f1c6496ca3671f3b21b1519aba92e05e0df820d4499776083e9c9efd8428dc0,11,11,not_reconciled,not_established
Bijnor,Dhampur,https://igod.gov.in/index.php/district/CTg3tXQBW7DqAzx4Vrus/blocks,data/discovery/2026-09-10/archive_coverage/district_sweep/raw/60d24ec075fefc3fa339_1f1c6496ca36.html,1f1c6496ca3671f3b21b1519aba92e05e0df820d4499776083e9c9efd8428dc0,11,11,not_reconciled,not_established
Bijnor,Haldaur(Khari Jhalu),https://igod.gov.in/index.php/district/CTg3tXQBW7DqAzx4Vrus/blocks,data/discovery/2026-09-10/archive_coverage/district_sweep/raw/60d24ec075fefc3fa339_1f1c6496ca36.html,1f1c6496ca3671f3b21b1519aba92e05e0df820d4499776083e9c9efd8428dc0,11,11,not_reconciled,not_established
Bijnor,Jalilpur,https://igod.gov.in/index.php/district/CTg3tXQBW7DqAzx4Vrus/blocks,data/discovery/2026-09-10/archive_coverage/district_sweep/raw/60d24ec075fefc3fa339_1f1c6496ca36.html,1f1c6496ca3671f3b21b1519aba92e05e0df820d4499776083e9c9efd8428dc0,11,11,not_reconciled,not_established
Bijnor,Kiratpur,https://igod.gov.in/index.php/district/CTg3tXQBW7DqAzx4Vrus/blocks,data/discovery/2026-09-10/archive_coverage/district_sweep/raw/60d24ec075fefc3fa339_1f1c6496ca36.html,1f1c6496ca3671f3b21b1519aba92e05e0df820d4499776083e9c9efd8428dc0,11,11,not_reconciled,not_established
Bijnor,Kotwali,https://igod.gov.in/index.php/district/CTg3tXQBW7DqAzx4Vrus/blocks,data/discovery/2026-09-10/archive_coverage/district_sweep/raw/60d24ec075fefc3fa339_1f1c6496ca36.html,1f1c6496ca3671f3b21b1519aba92e05e0df820d4499776083e9c9efd8428dc0,11,11,not_reconciled,not_established
Bijnor,Mohammedpur Deomal,https://igod.gov.in/index.php/district/CTg3tXQBW7DqAzx4Vrus/blocks,data/discovery/2026-09-10/archive_coverage/district_sweep/raw/60d24ec075fefc3fa339_1f1c6496ca36.html,1f1c6496ca3671f3b21b1519aba92e05e0df820d4499776083e9c9efd8428dc0,11,11,not_reconciled,not_established
Bijnor,Najibabad,https://igod.gov.in/index.php/district/CTg3tXQBW7DqAzx4Vrus/blocks,data/discovery/2026-09-10/archive_coverage/district_sweep/raw/60d24ec075fefc3fa339_1f1c6496ca36.html,1f1c6496ca3671f3b21b1519aba92e05e0df820d4499776083e9c9efd8428dc0,11,11,not_reconciled,not_established
Bijnor,Nehtaur,https://igod.gov.in/index.php/district/CTg3tXQBW7DqAzx4Vrus/blocks,data/discovery/2026-09-10/archive_coverage/district_sweep/raw/60d24ec075fefc3fa339_1f1c6496ca36.html,1f1c6496ca3671f3b21b1519aba92e05e0df820d4499776083e9c9efd8428dc0,11,11,not_reconciled,not_established
Bijnor,Noorpur,https://igod.gov.in/index.php/district/CTg3tXQBW7DqAzx4Vrus/blocks,data/discovery/2026-09-10/archive_coverage/district_sweep/raw/60d24ec075fefc3fa339_1f1c6496ca36.html,1f1c6496ca3671f3b21b1519aba92e05e0df820d4499776083e9c9efd8428dc0,11,11,not_reconciled,not_established
Bulandshahr,Agauta,https://igod.gov.in/index.php/district/Cjg3tXQBW7DqAzx4Vrus/blocks,data/discovery/2026-09-10/archive_coverage/district_sweep/raw/7fed615c2adfeb4fa192_69feb3780370.html,69feb3780370b2ace33fc2651ee9dedcb205d5e5a3d035647ce9e6de9bdaf394,16,16,not_reconciled,not_established
Bulandshahr,Anupshahr,https://igod.gov.in/index.php/district/Cjg3tXQBW7DqAzx4Vrus/blocks,data/discovery/2026-09-10/archive_coverage/district_sweep/raw/7fed615c2adfeb4fa192_69feb3780370.html,69feb3780370b2ace33fc2651ee9dedcb205d5e5a3d035647ce9e6de9bdaf394,16,16,not_reconciled,not_established
Bulandshahr,Araniya,https://igod.gov.in/index.php/district/Cjg3tXQBW7DqAzx4Vrus/blocks,data/discovery/2026-09-10/archive_coverage/district_sweep/raw/7fed615c2adfeb4fa192_69feb3780370.html,69feb3780370b2ace33fc2651ee9dedcb205d5e5a3d035647ce9e6de9bdaf394,16,16,not_reconciled,not_established
Bulandshahr,Bhawan Bahadur Nagar,https://igod.gov.in/index.php/district/Cjg3tXQBW7DqAzx4Vrus/blocks,data/discovery/2026-09-10/archive_coverage/district_sweep/raw/7fed615c2adfeb4fa192_69feb3780370.html,69feb3780370b2ace33fc2651ee9dedcb205d5e5a3d035647ce9e6de9bdaf394,16,16,not_reconciled,not_established
Bulandshahr,Bulandshahr,https://igod.gov.in/index.php/district/Cjg3tXQBW7DqAzx4Vrus/blocks,data/discovery/2026-09-10/archive_coverage/district_sweep/raw/7fed615c2adfeb4fa192_69feb3780370.html,69feb3780370b2ace33fc2651ee9dedcb205d5e5a3d035647ce9e6de9bdaf394,16,16,not_reconciled,not_established
Bulandshahr,Danpur,https://igod.gov.in/index.php/district/Cjg3tXQBW7DqAzx4Vrus/blocks,data/discovery/2026-09-10/archive_coverage/district_sweep/raw/7fed615c2adfeb4fa192_69feb3780370.html,69feb3780370b2ace33fc2651ee9dedcb205d5e5a3d035647ce9e6de9bdaf394,16,16,not_reconciled,not_established
Bulandshahr,Dibai,https://igod.gov.in/index.php/district/Cjg3tXQBW7DqAzx4Vrus/blocks,data/discovery/2026-09-10/archive_coverage/district_sweep/raw/7fed615c2adfeb4fa192_69feb3780370.html,69feb3780370b2ace33fc2651ee9dedcb205d5e5a3d035647ce9e6de9bdaf394,16,16,not_reconciled,not_established
Bulandshahr,Gulaothi,https://igod.gov.in/index.php/district/Cjg3tXQBW7DqAzx4Vrus/blocks,data/discovery/2026-09-10/archive_coverage/district_sweep/raw/7fed615c2adfeb4fa192_69feb3780370.html,69feb3780370b2ace33fc2651ee9dedcb205d5e5a3d035647ce9e6de9bdaf394,16,16,not_reconciled,not_established
Bulandshahr,Jahangirabad,https://igod.gov.in/index.php/district/Cjg3tXQBW7DqAzx4Vrus/blocks,data/discovery/2026-09-10/archive_coverage/district_sweep/raw/7fed615c2adfeb4fa192_69feb3780370.html,69feb3780370b2ace33fc2651ee9dedcb205d5e5a3d035647ce9e6de9bdaf394,16,16,not_reconciled,not_established
Bulandshahr,Khurja,https://igod.gov.in/index.php/district/Cjg3tXQBW7DqAzx4Vrus/blocks,data/discovery/2026-09-10/archive_coverage/district_sweep/raw/7fed615c2adfeb4fa192_69feb3780370.html,69feb3780370b2ace33fc2651ee9dedcb205d5e5a3d035647ce9e6de9bdaf394,16,16,not_reconciled,not_established
Bulandshahr,Lakhaothi,https://igod.gov.in/index.php/district/Cjg3tXQBW7DqAzx4Vrus/blocks,data/discovery/2026-09-10/archive_coverage/district_sweep/raw/7fed615c2adfeb4fa192_69feb3780370.html,69feb3780370b2ace33fc2651ee9dedcb205d5e5a3d035647ce9e6de9bdaf394,16,16,not_reconciled,not_established
Bulandshahr,Pahasu,https://igod.gov.in/index.php/district/Cjg3tXQBW7DqAzx4Vrus/blocks,data/discovery/2026-09-10/archive_coverage/district_sweep/raw/7fed615c2adfeb4fa192_69feb3780370.html,69feb3780370b2ace33fc2651ee9dedcb205d5e5a3d035647ce9e6de9bdaf394,16,16,not_reconciled,not_established
Bulandshahr,Shikarpur,https://igod.gov.in/index.php/district/Cjg3tXQBW7DqAzx4Vrus/blocks,data/discovery/2026-09-10/archive_coverage/district_sweep/raw/7fed615c2adfeb4fa192_69feb3780370.html,69feb3780370b2ace33fc2651ee9dedcb205d5e5a3d035647ce9e6de9bdaf394,16,16,not_reconciled,not_established
Bulandshahr,Sikandrabad,https://igod.gov.in/index.php/district/Cjg3tXQBW7DqAzx4Vrus/blocks,data/discovery/2026-09-10/archive_coverage/district_sweep/raw/7fed615c2adfeb4fa192_69feb3780370.html,69feb3780370b2ace33fc2651ee9dedcb205d5e5a3d035647ce9e6de9bdaf394,16,16,not_reconciled,not_established
Bulandshahr,Syana,https://igod.gov.in/index.php/district/Cjg3tXQBW7DqAzx4Vrus/blocks,data/discovery/2026-09-10/archive_coverage/district_sweep/raw/7fed615c2adfeb4fa192_69feb3780370.html,69feb3780370b2ace33fc2651ee9dedcb205d5e5a3d035647ce9e6de9bdaf394,16,16,not_reconciled,not_established
Bulandshahr,Unchagaon,https://igod.gov.in/index.php/district/Cjg3tXQBW7DqAzx4Vrus/blocks,data/discovery/2026-09-10/archive_coverage/district_sweep/raw/7fed615c2adfeb4fa192_69feb3780370.html,69feb3780370b2ace33fc2651ee9dedcb205d5e5a3d035647ce9e6de9bdaf394,16,16,not_reconciled,not_established
Chandauli,Berahani,https://igod.gov.in/index.php/district/Czg3tXQBW7DqAzx4Vrus/blocks,data/discovery/2026-09-10/archive_coverage/district_sweep/raw/92956bce4994fe8c29a0_208584e54fec.html,208584e54fecbce28b4874a1ca7cf7ed1769c7017324413d6683867b061d2f65,9,9,not_reconciled,not_established
Chandauli,Chahniya,https://igod.gov.in/index.php/district/Czg3tXQBW7DqAzx4Vrus/blocks,data/discovery/2026-09-10/archive_coverage/district_sweep/raw/92956bce4994fe8c29a0_208584e54fec.html,208584e54fecbce28b4874a1ca7cf7ed1769c7017324413d6683867b061d2f65,9,9,not_reconciled,not_established
Chandauli,Chakiya,https://igod.gov.in/index.php/district/Czg3tXQBW7DqAzx4Vrus/blocks,data/discovery/2026-09-10/archive_coverage/district_sweep/raw/92956bce4994fe8c29a0_208584e54fec.html,208584e54fecbce28b4874a1ca7cf7ed1769c7017324413d6683867b061d2f65,9,9,not_reconciled,not_established
Chandauli,Chandauli,https://igod.gov.in/index.php/district/Czg3tXQBW7DqAzx4Vrus/blocks,data/discovery/2026-09-10/archive_coverage/district_sweep/raw/92956bce4994fe8c29a0_208584e54fec.html,208584e54fecbce28b4874a1ca7cf7ed1769c7017324413d6683867b061d2f65,9,9,not_reconciled,not_established
Chandauli,Dhanapur,https://igod.gov.in/index.php/district/Czg3tXQBW7DqAzx4Vrus/blocks,data/discovery/2026-09-10/archive_coverage/district_sweep/raw/92956bce4994fe8c29a0_208584e54fec.html,208584e54fecbce28b4874a1ca7cf7ed1769c7017324413d6683867b061d2f65,9,9,not_reconciled,not_established
Chandauli,Naugarh,https://igod.gov.in/index.php/district/Czg3tXQBW7DqAzx4Vrus/blocks,data/discovery/2026-09-10/archive_coverage/district_sweep/raw/92956bce4994fe8c29a0_208584e54fec.html,208584e54fecbce28b4874a1ca7cf7ed1769c7017324413d6683867b061d2f65,9,9,not_reconciled,not_established
Chandauli,Niyamatabad,https://igod.gov.in/index.php/district/Czg3tXQBW7DqAzx4Vrus/blocks,data/discovery/2026-09-10/archive_coverage/district_sweep/raw/92956bce4994fe8c29a0_208584e54fec.html,208584e54fecbce28b4874a1ca7cf7ed1769c7017324413d6683867b061d2f65,9,9,not_reconciled,not_established
Chandauli,Sahabganj,https://igod.gov.in/index.php/district/Czg3tXQBW7DqAzx4Vrus/blocks,data/discovery/2026-09-10/archive_coverage/district_sweep/raw/92956bce4994fe8c29a0_208584e54fec.html,208584e54fecbce28b4874a1ca7cf7ed1769c7017324413d6683867b061d2f65,9,9,not_reconciled,not_established
Chandauli,Sakaldiha,https://igod.gov.in/index.php/district/Czg3tXQBW7DqAzx4Vrus/blocks,data/discovery/2026-09-10/archive_coverage/district_sweep/raw/92956bce4994fe8c29a0_208584e54fec.html,208584e54fecbce28b4874a1ca7cf7ed1769c7017324413d6683867b061d2f65,9,9,not_reconciled,not_established
Deoria,Baitalpur,https://igod.gov.in/index.php/district/DDg3tXQBW7DqAzx4Vrus/blocks,data/discovery/2026-09-10/archive_coverage/district_sweep/raw/9a18c580612d3668168b_c16965b3b473.html,c16965b3b4733d05d167336321483768c8c97fcbae2f112c2b2dc83dd6c05e58,16,16,not_reconciled,not_established
Deoria,Bankata,https://igod.gov.in/index.php/district/DDg3tXQBW7DqAzx4Vrus/blocks,data/discovery/2026-09-10/archive_coverage/district_sweep/raw/9a18c580612d3668168b_c16965b3b473.html,c16965b3b4733d05d167336321483768c8c97fcbae2f112c2b2dc83dd6c05e58,16,16,not_reconciled,not_established
Deoria,Barhaj,https://igod.gov.in/index.php/district/DDg3tXQBW7DqAzx4Vrus/blocks,data/discovery/2026-09-10/archive_coverage/district_sweep/raw/9a18c580612d3668168b_c16965b3b473.html,c16965b3b4733d05d167336321483768c8c97fcbae2f112c2b2dc83dd6c05e58,16,16,not_reconciled,not_established
Deoria,Bhagalpur,https://igod.gov.in/index.php/district/DDg3tXQBW7DqAzx4Vrus/blocks,data/discovery/2026-09-10/archive_coverage/district_sweep/raw/9a18c580612d3668168b_c16965b3b473.html,c16965b3b4733d05d167336321483768c8c97fcbae2f112c2b2dc83dd6c05e58,16,16,not_reconciled,not_established
Deoria,Bhaluani,https://igod.gov.in/index.php/district/DDg3tXQBW7DqAzx4Vrus/blocks,data/discovery/2026-09-10/archive_coverage/district_sweep/raw/9a18c580612d3668168b_c16965b3b473.html,c16965b3b4733d05d167336321483768c8c97fcbae2f112c2b2dc83dd6c05e58,16,16,not_reconciled,not_established
Deoria,Bhatni,https://igod.gov.in/index.php/district/DDg3tXQBW7DqAzx4Vrus/blocks,data/discovery/2026-09-10/archive_coverage/district_sweep/raw/9a18c580612d3668168b_c16965b3b473.html,c16965b3b4733d05d167336321483768c8c97fcbae2f112c2b2dc83dd6c05e58,16,16,not_reconciled,not_established
Deoria,Bhatpar Rani,https://igod.gov.in/index.php/district/DDg3tXQBW7DqAzx4Vrus/blocks,data/discovery/2026-09-10/archive_coverage/district_sweep/raw/9a18c580612d3668168b_c16965b3b473.html,c16965b3b4733d05d167336321483768c8c97fcbae2f112c2b2dc83dd6c05e58,16,16,not_reconciled,not_established
Deoria,Deoria Sadar,https://igod.gov.in/index.php/district/DDg3tXQBW7DqAzx4Vrus/blocks,data/discovery/2026-09-10/archive_coverage/district_sweep/raw/9a18c580612d3668168b_c16965b3b473.html,c16965b3b4733d05d167336321483768c8c97fcbae2f112c2b2dc83dd6c05e58,16,16,not_reconciled,not_established
Deoria,Desai Deoria,https://igod.gov.in/index.php/district/DDg3tXQBW7DqAzx4Vrus/blocks,data/discovery/2026-09-10/archive_coverage/district_sweep/raw/9a18c580612d3668168b_c16965b3b473.html,c16965b3b4733d05d167336321483768c8c97fcbae2f112c2b2dc83dd6c05e58,16,16,not_reconciled,not_established
Deoria,Gauri Bazar,https://igod.gov.in/index.php/district/DDg3tXQBW7DqAzx4Vrus/blocks,data/discovery/2026-09-10/archive_coverage/district_sweep/raw/9a18c580612d3668168b_c16965b3b473.html,c16965b3b4733d05d167336321483768c8c97fcbae2f112c2b2dc83dd6c05e58,16,16,not_reconciled,not_established
Deoria,Lar,https://igod.gov.in/index.php/district/DDg3tXQBW7DqAzx4Vrus/blocks,data/discovery/2026-09-10/archive_coverage/district_sweep/raw/9a18c580612d3668168b_c16965b3b473.html,c16965b3b4733d05d167336321483768c8c97fcbae2f112c2b2dc83dd6c05e58,16,16,not_reconciled,not_established
Deoria,Pathar Dewa,https://igod.gov.in/index.php/district/DDg3tXQBW7DqAzx4Vrus/blocks,data/discovery/2026-09-10/archive_coverage/district_sweep/raw/9a18c580612d3668168b_c16965b3b473.html,c16965b3b4733d05d167336321483768c8c97fcbae2f112c2b2dc83dd6c05e58,16,16,not_reconciled,not_established
Deoria,Rampur Karkhana,https://igod.gov.in/index.php/district/DDg3tXQBW7DqAzx4Vrus/blocks,data/discovery/2026-09-10/archive_coverage/district_sweep/raw/9a18c580612d3668168b_c16965b3b473.html,c16965b3b4733d05d167336321483768c8c97fcbae2f112c2b2dc83dd6c05e58,16,16,not_reconciled,not_established
Deoria,Rudrapur,https://igod.gov.in/index.php/district/DDg3tXQBW7DqAzx4Vrus/blocks,data/discovery/2026-09-10/archive_coverage/district_sweep/raw/9a18c580612d3668168b_c16965b3b473.html,c16965b3b4733d05d167336321483768c8c97fcbae2f112c2b2dc83dd6c05e58,16,16,not_reconciled,not_established
Deoria,Salempur,https://igod.gov.in/index.php/district/DDg3tXQBW7DqAzx4Vrus/blocks,data/discovery/2026-09-10/archive_coverage/district_sweep/raw/9a18c580612d3668168b_c16965b3b473.html,c16965b3b4733d05d167336321483768c8c97fcbae2f112c2b2dc83dd6c05e58,16,16,not_reconciled,not_established
Deoria,Tarkalua,https://igod.gov.in/index.php/district/DDg3tXQBW7DqAzx4Vrus/blocks,data/discovery/2026-09-10/archive_coverage/district_sweep/raw/9a18c580612d3668168b_c16965b3b473.html,c16965b3b4733d05d167336321483768c8c97fcbae2f112c2b2dc83dd6c05e58,16,16,not_reconciled,not_established
Farrukhabad,Barhpur,https://igod.gov.in/index.php/district/DTg3tXQBW7DqAzx4Vrus/blocks,data/discovery/2026-09-10/archive_coverage/district_sweep/raw/7d6ce84a7c2ab15d110b_70613406a6e4.html,70613406a6e4a6a3f5e02576738aff0386ca6a754d6f90f82e9849d06152a6ae,7,7,not_reconciled,not_established
Farrukhabad,Kaimganj,https://igod.gov.in/index.php/district/DTg3tXQBW7DqAzx4Vrus/blocks,data/discovery/2026-09-10/archive_coverage/district_sweep/raw/7d6ce84a7c2ab15d110b_70613406a6e4.html,70613406a6e4a6a3f5e02576738aff0386ca6a754d6f90f82e9849d06152a6ae,7,7,not_reconciled,not_established
Farrukhabad,Kamalganj,https://igod.gov.in/index.php/district/DTg3tXQBW7DqAzx4Vrus/blocks,data/discovery/2026-09-10/archive_coverage/district_sweep/raw/7d6ce84a7c2ab15d110b_70613406a6e4.html,70613406a6e4a6a3f5e02576738aff0386ca6a754d6f90f82e9849d06152a6ae,7,7,not_reconciled,not_established
Farrukhabad,Mohamdabad,https://igod.gov.in/index.php/district/DTg3tXQBW7DqAzx4Vrus/blocks,data/discovery/2026-09-10/archive_coverage/district_sweep/raw/7d6ce84a7c2ab15d110b_70613406a6e4.html,70613406a6e4a6a3f5e02576738aff0386ca6a754d6f90f82e9849d06152a6ae,7,7,not_reconciled,not_established
Farrukhabad,Nawabganj,https://igod.gov.in/index.php/district/DTg3tXQBW7DqAzx4Vrus/blocks,data/discovery/2026-09-10/archive_coverage/district_sweep/raw/7d6ce84a7c2ab15d110b_70613406a6e4.html,70613406a6e4a6a3f5e02576738aff0386ca6a754d6f90f82e9849d06152a6ae,7,7,not_reconciled,not_established
Farrukhabad,Rajepur,https://igod.gov.in/index.php/district/DTg3tXQBW7DqAzx4Vrus/blocks,data/discovery/2026-09-10/archive_coverage/district_sweep/raw/7d6ce84a7c2ab15d110b_70613406a6e4.html,70613406a6e4a6a3f5e02576738aff0386ca6a754d6f90f82e9849d06152a6ae,7,7,not_reconciled,not_established
Farrukhabad,Shamsabad,https://igod.gov.in/index.php/district/DTg3tXQBW7DqAzx4Vrus/blocks,data/discovery/2026-09-10/archive_coverage/district_sweep/raw/7d6ce84a7c2ab15d110b_70613406a6e4.html,70613406a6e4a6a3f5e02576738aff0386ca6a754d6f90f82e9849d06152a6ae,7,7,not_reconciled,not_established
Fatehpur,Airayan,https://igod.gov.in/index.php/district/Djg3tXQBW7DqAzx4Vrus/blocks,data/discovery/2026-09-10/archive_coverage/district_sweep/raw/746641c5c9ba4527c249_8af8f0926f10.html,8af8f0926f10641a570a8531f246a27ca70cae9d663386311a21f537fd68c83c,13,13,not_reconciled,not_established
Fatehpur,Amauli,https://igod.gov.in/index.php/district/Djg3tXQBW7DqAzx4Vrus/blocks,data/discovery/2026-09-10/archive_coverage/district_sweep/raw/746641c5c9ba4527c249_8af8f0926f10.html,8af8f0926f10641a570a8531f246a27ca70cae9d663386311a21f537fd68c83c,13,13,not_reconciled,not_established
Fatehpur,Asothar,https://igod.gov.in/index.php/district/Djg3tXQBW7DqAzx4Vrus/blocks,data/discovery/2026-09-10/archive_coverage/district_sweep/raw/746641c5c9ba4527c249_8af8f0926f10.html,8af8f0926f10641a570a8531f246a27ca70cae9d663386311a21f537fd68c83c,13,13,not_reconciled,not_established
Fatehpur,Bahua,https://igod.gov.in/index.php/district/Djg3tXQBW7DqAzx4Vrus/blocks,data/discovery/2026-09-10/archive_coverage/district_sweep/raw/746641c5c9ba4527c249_8af8f0926f10.html,8af8f0926f10641a570a8531f246a27ca70cae9d663386311a21f537fd68c83c,13,13,not_reconciled,not_established
Fatehpur,Bhitaura,https://igod.gov.in/index.php/district/Djg3tXQBW7DqAzx4Vrus/blocks,data/discovery/2026-09-10/archive_coverage/district_sweep/raw/746641c5c9ba4527c249_8af8f0926f10.html,8af8f0926f10641a570a8531f246a27ca70cae9d663386311a21f537fd68c83c,13,13,not_reconciled,not_established
Fatehpur,Devmai,https://igod.gov.in/index.php/district/Djg3tXQBW7DqAzx4Vrus/blocks,data/discovery/2026-09-10/archive_coverage/district_sweep/raw/746641c5c9ba4527c249_8af8f0926f10.html,8af8f0926f10641a570a8531f246a27ca70cae9d663386311a21f537fd68c83c,13,13,not_reconciled,not_established
Fatehpur,Dhata,https://igod.gov.in/index.php/district/Djg3tXQBW7DqAzx4Vrus/blocks,data/discovery/2026-09-10/archive_coverage/district_sweep/raw/746641c5c9ba4527c249_8af8f0926f10.html,8af8f0926f10641a570a8531f246a27ca70cae9d663386311a21f537fd68c83c,13,13,not_reconciled,not_established
Fatehpur,Haswa,https://igod.gov.in/index.php/district/Djg3tXQBW7DqAzx4Vrus/blocks,data/discovery/2026-09-10/archive_coverage/district_sweep/raw/746641c5c9ba4527c249_8af8f0926f10.html,8af8f0926f10641a570a8531f246a27ca70cae9d663386311a21f537fd68c83c,13,13,not_reconciled,not_established
Fatehpur,Hathgaon,https://igod.gov.in/index.php/district/Djg3tXQBW7DqAzx4Vrus/blocks,data/discovery/2026-09-10/archive_coverage/district_sweep/raw/746641c5c9ba4527c249_8af8f0926f10.html,8af8f0926f10641a570a8531f246a27ca70cae9d663386311a21f537fd68c83c,13,13,not_reconciled,not_established
Fatehpur,Khajuha,https://igod.gov.in/index.php/district/Djg3tXQBW7DqAzx4Vrus/blocks,data/discovery/2026-09-10/archive_coverage/district_sweep/raw/746641c5c9ba4527c249_8af8f0926f10.html,8af8f0926f10641a570a8531f246a27ca70cae9d663386311a21f537fd68c83c,13,13,not_reconciled,not_established
Fatehpur,Malwan,https://igod.gov.in/index.php/district/Djg3tXQBW7DqAzx4Vrus/blocks,data/discovery/2026-09-10/archive_coverage/district_sweep/raw/746641c5c9ba4527c249_8af8f0926f10.html,8af8f0926f10641a570a8531f246a27ca70cae9d663386311a21f537fd68c83c,13,13,not_reconciled,not_established
Fatehpur,Telyani,https://igod.gov.in/index.php/district/Djg3tXQBW7DqAzx4Vrus/blocks,data/discovery/2026-09-10/archive_coverage/district_sweep/raw/746641c5c9ba4527c249_8af8f0926f10.html,8af8f0926f10641a570a8531f246a27ca70cae9d663386311a21f537fd68c83c,13,13,not_reconciled,not_established
Fatehpur,Vijayipur,https://igod.gov.in/index.php/district/Djg3tXQBW7DqAzx4Vrus/blocks,data/discovery/2026-09-10/archive_coverage/district_sweep/raw/746641c5c9ba4527c249_8af8f0926f10.html,8af8f0926f10641a570a8531f246a27ca70cae9d663386311a21f537fd68c83c,13,13,not_reconciled,not_established
Firozabad,Araon,https://igod.gov.in/index.php/district/Dzg3tXQBW7DqAzx4Vrus/blocks,data/discovery/2026-09-10/archive_coverage/district_sweep/raw/b7a59eb486a0f31773ec_44ac00b507d6.html,44ac00b507d66b40cff272f1e2579d6ae8fdad52538aeffbae9dbe0bc93ace1f,9,9,not_reconciled,not_established
Firozabad,Eka,https://igod.gov.in/index.php/district/Dzg3tXQBW7DqAzx4Vrus/blocks,data/discovery/2026-09-10/archive_coverage/district_sweep/raw/b7a59eb486a0f31773ec_44ac00b507d6.html,44ac00b507d66b40cff272f1e2579d6ae8fdad52538aeffbae9dbe0bc93ace1f,9,9,not_reconciled,not_established
Firozabad,Firozabad,https://igod.gov.in/index.php/district/Dzg3tXQBW7DqAzx4Vrus/blocks,data/discovery/2026-09-10/archive_coverage/district_sweep/raw/b7a59eb486a0f31773ec_44ac00b507d6.html,44ac00b507d66b40cff272f1e2579d6ae8fdad52538aeffbae9dbe0bc93ace1f,9,9,not_reconciled,not_established
Firozabad,Hathwant,https://igod.gov.in/index.php/district/Dzg3tXQBW7DqAzx4Vrus/blocks,data/discovery/2026-09-10/archive_coverage/district_sweep/raw/b7a59eb486a0f31773ec_44ac00b507d6.html,44ac00b507d66b40cff272f1e2579d6ae8fdad52538aeffbae9dbe0bc93ace1f,9,9,not_reconciled,not_established
Firozabad,Jasrana,https://igod.gov.in/index.php/district/Dzg3tXQBW7DqAzx4Vrus/blocks,data/discovery/2026-09-10/archive_coverage/district_sweep/raw/b7a59eb486a0f31773ec_44ac00b507d6.html,44ac00b507d66b40cff272f1e2579d6ae8fdad52538aeffbae9dbe0bc93ace1f,9,9,not_reconciled,not_established
Firozabad,Madanpur,https://igod.gov.in/index.php/district/Dzg3tXQBW7DqAzx4Vrus/blocks,data/discovery/2026-09-10/archive_coverage/district_sweep/raw/b7a59eb486a0f31773ec_44ac00b507d6.html,44ac00b507d66b40cff272f1e2579d6ae8fdad52538aeffbae9dbe0bc93ace1f,9,9,not_reconciled,not_established
Firozabad,Narkhi,https://igod.gov.in/index.php/district/Dzg3tXQBW7DqAzx4Vrus/blocks,data/discovery/2026-09-10/archive_coverage/district_sweep/raw/b7a59eb486a0f31773ec_44ac00b507d6.html,44ac00b507d66b40cff272f1e2579d6ae8fdad52538aeffbae9dbe0bc93ace1f,9,9,not_reconciled,not_established
Firozabad,Shikohabad,https://igod.gov.in/index.php/district/Dzg3tXQBW7DqAzx4Vrus/blocks,data/discovery/2026-09-10/archive_coverage/district_sweep/raw/b7a59eb486a0f31773ec_44ac00b507d6.html,44ac00b507d66b40cff272f1e2579d6ae8fdad52538aeffbae9dbe0bc93ace1f,9,9,not_reconciled,not_established
Firozabad,Tundla,https://igod.gov.in/index.php/district/Dzg3tXQBW7DqAzx4Vrus/blocks,data/discovery/2026-09-10/archive_coverage/district_sweep/raw/b7a59eb486a0f31773ec_44ac00b507d6.html,44ac00b507d66b40cff272f1e2579d6ae8fdad52538aeffbae9dbe0bc93ace1f,9,9,not_reconciled,not_established
Gautam Buddha Nagar,Bisrakh,https://igod.gov.in/index.php/district/EDg3tXQBW7DqAzx4Vrus/blocks,data/discovery/2026-09-10/archive_coverage/district_sweep/raw/ae273e8de580d4459374_3c690604c45f.html,3c690604c45ff01fe6589ee65a7045f2d77a00328396f980c6ccf66b7145dcba,3,3,not_reconciled,not_established
Gautam Buddha Nagar,Dadri,https://igod.gov.in/index.php/district/EDg3tXQBW7DqAzx4Vrus/blocks,data/discovery/2026-09-10/archive_coverage/district_sweep/raw/ae273e8de580d4459374_3c690604c45f.html,3c690604c45ff01fe6589ee65a7045f2d77a00328396f980c6ccf66b7145dcba,3,3,not_reconciled,not_established
Gautam Buddha Nagar,Jewar,https://igod.gov.in/index.php/district/EDg3tXQBW7DqAzx4Vrus/blocks,data/discovery/2026-09-10/archive_coverage/district_sweep/raw/ae273e8de580d4459374_3c690604c45f.html,3c690604c45ff01fe6589ee65a7045f2d77a00328396f980c6ccf66b7145dcba,3,3,not_reconciled,not_established
Gorakhpur,Bansgaon,https://igod.gov.in/index.php/district/ETg3tXQBW7DqAzx4Vrus/blocks,data/discovery/2026-09-10/archive_coverage/district_sweep/raw/b5eafc20e470bd3a33e7_7b4ebdeceb44.html,7b4ebdeceb44b5eedb2f40603d7ad5a974c5cb37a3aabf71110fae1bbc97bdcd,20,20,not_reconciled,not_established
Gorakhpur,Barhalganj,https://igod.gov.in/index.php/district/ETg3tXQBW7DqAzx4Vrus/blocks,data/discovery/2026-09-10/archive_coverage/district_sweep/raw/b5eafc20e470bd3a33e7_7b4ebdeceb44.html,7b4ebdeceb44b5eedb2f40603d7ad5a974c5cb37a3aabf71110fae1bbc97bdcd,20,20,not_reconciled,not_established
Gorakhpur,Belghat,https://igod.gov.in/index.php/district/ETg3tXQBW7DqAzx4Vrus/blocks,data/discovery/2026-09-10/archive_coverage/district_sweep/raw/b5eafc20e470bd3a33e7_7b4ebdeceb44.html,7b4ebdeceb44b5eedb2f40603d7ad5a974c5cb37a3aabf71110fae1bbc97bdcd,20,20,not_reconciled,not_established
Gorakhpur,Bharohiya,https://igod.gov.in/index.php/district/ETg3tXQBW7DqAzx4Vrus/blocks,data/discovery/2026-09-10/archive_coverage/district_sweep/raw/b5eafc20e470bd3a33e7_7b4ebdeceb44.html,7b4ebdeceb44b5eedb2f40603d7ad5a974c5cb37a3aabf71110fae1bbc97bdcd,20,20,not_reconciled,not_established
Gorakhpur,Bhathat,https://igod.gov.in/index.php/district/ETg3tXQBW7DqAzx4Vrus/blocks,data/discovery/2026-09-10/archive_coverage/district_sweep/raw/b5eafc20e470bd3a33e7_7b4ebdeceb44.html,7b4ebdeceb44b5eedb2f40603d7ad5a974c5cb37a3aabf71110fae1bbc97bdcd,20,20,not_reconciled,not_established
Gorakhpur,Brahmpur,https://igod.gov.in/index.php/district/ETg3tXQBW7DqAzx4Vrus/blocks,data/discovery/2026-09-10/archive_coverage/district_sweep/raw/b5eafc20e470bd3a33e7_7b4ebdeceb44.html,7b4ebdeceb44b5eedb2f40603d7ad5a974c5cb37a3aabf71110fae1bbc97bdcd,20,20,not_reconciled,not_established
Gorakhpur,Campierganj,https://igod.gov.in/index.php/district/ETg3tXQBW7DqAzx4Vrus/blocks,data/discovery/2026-09-10/archive_coverage/district_sweep/raw/b5eafc20e470bd3a33e7_7b4ebdeceb44.html,7b4ebdeceb44b5eedb2f40603d7ad5a974c5cb37a3aabf71110fae1bbc97bdcd,20,20,not_reconciled,not_established
Gorakhpur,Chargawan,https://igod.gov.in/index.php/district/ETg3tXQBW7DqAzx4Vrus/blocks,data/discovery/2026-09-10/archive_coverage/district_sweep/raw/b5eafc20e470bd3a33e7_7b4ebdeceb44.html,7b4ebdeceb44b5eedb2f40603d7ad5a974c5cb37a3aabf71110fae1bbc97bdcd,20,20,not_reconciled,not_established
Gorakhpur,Gagaha,https://igod.gov.in/index.php/district/ETg3tXQBW7DqAzx4Vrus/blocks,data/discovery/2026-09-10/archive_coverage/district_sweep/raw/b5eafc20e470bd3a33e7_7b4ebdeceb44.html,7b4ebdeceb44b5eedb2f40603d7ad5a974c5cb37a3aabf71110fae1bbc97bdcd,20,20,not_reconciled,not_established
Gorakhpur,Gola,https://igod.gov.in/index.php/district/ETg3tXQBW7DqAzx4Vrus/blocks,data/discovery/2026-09-10/archive_coverage/district_sweep/raw/b5eafc20e470bd3a33e7_7b4ebdeceb44.html,7b4ebdeceb44b5eedb2f40603d7ad5a974c5cb37a3aabf71110fae1bbc97bdcd,20,20,not_reconciled,not_established
Gorakhpur,Jangal Kaudia,https://igod.gov.in/index.php/district/ETg3tXQBW7DqAzx4Vrus/blocks,data/discovery/2026-09-10/archive_coverage/district_sweep/raw/b5eafc20e470bd3a33e7_7b4ebdeceb44.html,7b4ebdeceb44b5eedb2f40603d7ad5a974c5cb37a3aabf71110fae1bbc97bdcd,20,20,not_reconciled,not_established
Gorakhpur,Kauri Ram,https://igod.gov.in/index.php/district/ETg3tXQBW7DqAzx4Vrus/blocks,data/discovery/2026-09-10/archive_coverage/district_sweep/raw/b5eafc20e470bd3a33e7_7b4ebdeceb44.html,7b4ebdeceb44b5eedb2f40603d7ad5a974c5cb37a3aabf71110fae1bbc97bdcd,20,20,not_reconciled,not_established
Gorakhpur,Khajni,https://igod.gov.in/index.php/district/ETg3tXQBW7DqAzx4Vrus/blocks,data/discovery/2026-09-10/archive_coverage/district_sweep/raw/b5eafc20e470bd3a33e7_7b4ebdeceb44.html,7b4ebdeceb44b5eedb2f40603d7ad5a974c5cb37a3aabf71110fae1bbc97bdcd,20,20,not_reconciled,not_established
Gorakhpur,Khorabar,https://igod.gov.in/index.php/district/ETg3tXQBW7DqAzx4Vrus/blocks,data/discovery/2026-09-10/archive_coverage/district_sweep/raw/b5eafc20e470bd3a33e7_7b4ebdeceb44.html,7b4ebdeceb44b5eedb2f40603d7ad5a974c5cb37a3aabf71110fae1bbc97bdcd,20,20,not_reconciled,not_established
Gorakhpur,Pali,https://igod.gov.in/index.php/district/ETg3tXQBW7DqAzx4Vrus/blocks,data/discovery/2026-09-10/archive_coverage/district_sweep/raw/b5eafc20e470bd3a33e7_7b4ebdeceb44.html,7b4ebdeceb44b5eedb2f40603d7ad5a974c5cb37a3aabf71110fae1bbc97bdcd,20,20,not_reconciled,not_established
Gorakhpur,Pipraich,https://igod.gov.in/index.php/district/ETg3tXQBW7DqAzx4Vrus/blocks,data/discovery/2026-09-10/archive_coverage/district_sweep/raw/b5eafc20e470bd3a33e7_7b4ebdeceb44.html,7b4ebdeceb44b5eedb2f40603d7ad5a974c5cb37a3aabf71110fae1bbc97bdcd,20,20,not_reconciled,not_established
Gorakhpur,Piprauli,https://igod.gov.in/index.php/district/ETg3tXQBW7DqAzx4Vrus/blocks,data/discovery/2026-09-10/archive_coverage/district_sweep/raw/b5eafc20e470bd3a33e7_7b4ebdeceb44.html,7b4ebdeceb44b5eedb2f40603d7ad5a974c5cb37a3aabf71110fae1bbc97bdcd,20,20,not_reconciled,not_established
Gorakhpur,Sahjanawa,https://igod.gov.in/index.php/district/ETg3tXQBW7DqAzx4Vrus/blocks,data/discovery/2026-09-10/archive_coverage/district_sweep/raw/b5eafc20e470bd3a33e7_7b4ebdeceb44.html,7b4ebdeceb44b5eedb2f40603d7ad5a974c5cb37a3aabf71110fae1bbc97bdcd,20,20,not_reconciled,not_established
Gorakhpur,Sardarnagar,https://igod.gov.in/index.php/district/ETg3tXQBW7DqAzx4Vrus/blocks,data/discovery/2026-09-10/archive_coverage/district_sweep/raw/b5eafc20e470bd3a33e7_7b4ebdeceb44.html,7b4ebdeceb44b5eedb2f40603d7ad5a974c5cb37a3aabf71110fae1bbc97bdcd,20,20,not_reconciled,not_established
Gorakhpur,Uruwa,https://igod.gov.in/index.php/district/ETg3tXQBW7DqAzx4Vrus/blocks,data/discovery/2026-09-10/archive_coverage/district_sweep/raw/b5eafc20e470bd3a33e7_7b4ebdeceb44.html,7b4ebdeceb44b5eedb2f40603d7ad5a974c5cb37a3aabf71110fae1bbc97bdcd,20,20,not_reconciled,not_established
Mahoba,Charkhari,https://igod.gov.in/index.php/district/Ezg3tXQBW7DqAzx4Vrus/blocks,data/discovery/2026-09-10/archive_coverage/district_sweep/raw/27b86342ae744399b09b_29777c3ed57b.html,29777c3ed57be3f134560893c4fb18862ca9ff90fc260a7e7ce8b2303cc4d87f,4,4,not_reconciled,not_established
Mahoba,Jaitpur,https://igod.gov.in/index.php/district/Ezg3tXQBW7DqAzx4Vrus/blocks,data/discovery/2026-09-10/archive_coverage/district_sweep/raw/27b86342ae744399b09b_29777c3ed57b.html,29777c3ed57be3f134560893c4fb18862ca9ff90fc260a7e7ce8b2303cc4d87f,4,4,not_reconciled,not_established
Mahoba,Kabrai,https://igod.gov.in/index.php/district/Ezg3tXQBW7DqAzx4Vrus/blocks,data/discovery/2026-09-10/archive_coverage/district_sweep/raw/27b86342ae744399b09b_29777c3ed57b.html,29777c3ed57be3f134560893c4fb18862ca9ff90fc260a7e7ce8b2303cc4d87f,4,4,not_reconciled,not_established
Mahoba,Panwari,https://igod.gov.in/index.php/district/Ezg3tXQBW7DqAzx4Vrus/blocks,data/discovery/2026-09-10/archive_coverage/district_sweep/raw/27b86342ae744399b09b_29777c3ed57b.html,29777c3ed57be3f134560893c4fb18862ca9ff90fc260a7e7ce8b2303cc4d87f,4,4,not_reconciled,not_established
Mau,Badraon,https://igod.gov.in/index.php/district/FTg3tXQBW7DqAzx4Vrus/blocks,data/discovery/2026-09-10/archive_coverage/district_sweep/raw/50b94a843d68f0011288_0d35b9637d5f.html,0d35b9637d5fe57ef5896762c6f77916b35b09b8fcc63dbc4ba1457f8ee66b5f,9,9,not_reconciled,not_established
Mau,Dohri Ghat,https://igod.gov.in/index.php/district/FTg3tXQBW7DqAzx4Vrus/blocks,data/discovery/2026-09-10/archive_coverage/district_sweep/raw/50b94a843d68f0011288_0d35b9637d5f.html,0d35b9637d5fe57ef5896762c6f77916b35b09b8fcc63dbc4ba1457f8ee66b5f,9,9,not_reconciled,not_established
Mau,Fatehpur Madaun,https://igod.gov.in/index.php/district/FTg3tXQBW7DqAzx4Vrus/blocks,data/discovery/2026-09-10/archive_coverage/district_sweep/raw/50b94a843d68f0011288_0d35b9637d5f.html,0d35b9637d5fe57ef5896762c6f77916b35b09b8fcc63dbc4ba1457f8ee66b5f,9,9,not_reconciled,not_established
Mau,Ghosi,https://igod.gov.in/index.php/district/FTg3tXQBW7DqAzx4Vrus/blocks,data/discovery/2026-09-10/archive_coverage/district_sweep/raw/50b94a843d68f0011288_0d35b9637d5f.html,0d35b9637d5fe57ef5896762c6f77916b35b09b8fcc63dbc4ba1457f8ee66b5f,9,9,not_reconciled,not_established
Mau,Kopaganj,https://igod.gov.in/index.php/district/FTg3tXQBW7DqAzx4Vrus/blocks,data/discovery/2026-09-10/archive_coverage/district_sweep/raw/50b94a843d68f0011288_0d35b9637d5f.html,0d35b9637d5fe57ef5896762c6f77916b35b09b8fcc63dbc4ba1457f8ee66b5f,9,9,not_reconciled,not_established
Mau,Mohammadabad Gohana,https://igod.gov.in/index.php/district/FTg3tXQBW7DqAzx4Vrus/blocks,data/discovery/2026-09-10/archive_coverage/district_sweep/raw/50b94a843d68f0011288_0d35b9637d5f.html,0d35b9637d5fe57ef5896762c6f77916b35b09b8fcc63dbc4ba1457f8ee66b5f,9,9,not_reconciled,not_established
Mau,Pardaha,https://igod.gov.in/index.php/district/FTg3tXQBW7DqAzx4Vrus/blocks,data/discovery/2026-09-10/archive_coverage/district_sweep/raw/50b94a843d68f0011288_0d35b9637d5f.html,0d35b9637d5fe57ef5896762c6f77916b35b09b8fcc63dbc4ba1457f8ee66b5f,9,9,not_reconciled,not_established
Mau,Ranipur,https://igod.gov.in/index.php/district/FTg3tXQBW7DqAzx4Vrus/blocks,data/discovery/2026-09-10/archive_coverage/district_sweep/raw/50b94a843d68f0011288_0d35b9637d5f.html,0d35b9637d5fe57ef5896762c6f77916b35b09b8fcc63dbc4ba1457f8ee66b5f,9,9,not_reconciled,not_established
Mau,Ratanpura,https://igod.gov.in/index.php/district/FTg3tXQBW7DqAzx4Vrus/blocks,data/discovery/2026-09-10/archive_coverage/district_sweep/raw/50b94a843d68f0011288_0d35b9637d5f.html,0d35b9637d5fe57ef5896762c6f77916b35b09b8fcc63dbc4ba1457f8ee66b5f,9,9,not_reconciled,not_established
Sitapur,Ailiya,https://igod.gov.in/index.php/district/Fzg3tXQBW7DqAzx4Vrus/blocks,data/discovery/2026-09-10/archive_coverage/district_sweep/raw/f220e53a56e3916683bf_03c51a0d729b.html,03c51a0d729b9e8901b052a552f3e546684b57cd0275f104a3ea28b9c3c5f90a,19,19,not_reconciled,not_established
Sitapur,Behta,https://igod.gov.in/index.php/district/Fzg3tXQBW7DqAzx4Vrus/blocks,data/discovery/2026-09-10/archive_coverage/district_sweep/raw/f220e53a56e3916683bf_03c51a0d729b.html,03c51a0d729b9e8901b052a552f3e546684b57cd0275f104a3ea28b9c3c5f90a,19,19,not_reconciled,not_established
Sitapur,Biswan,https://igod.gov.in/index.php/district/Fzg3tXQBW7DqAzx4Vrus/blocks,data/discovery/2026-09-10/archive_coverage/district_sweep/raw/f220e53a56e3916683bf_03c51a0d729b.html,03c51a0d729b9e8901b052a552f3e546684b57cd0275f104a3ea28b9c3c5f90a,19,19,not_reconciled,not_established
Sitapur,Gondlamau,https://igod.gov.in/index.php/district/Fzg3tXQBW7DqAzx4Vrus/blocks,data/discovery/2026-09-10/archive_coverage/district_sweep/raw/f220e53a56e3916683bf_03c51a0d729b.html,03c51a0d729b9e8901b052a552f3e546684b57cd0275f104a3ea28b9c3c5f90a,19,19,not_reconciled,not_established
Sitapur,Hargaon,https://igod.gov.in/index.php/district/Fzg3tXQBW7DqAzx4Vrus/blocks,data/discovery/2026-09-10/archive_coverage/district_sweep/raw/f220e53a56e3916683bf_03c51a0d729b.html,03c51a0d729b9e8901b052a552f3e546684b57cd0275f104a3ea28b9c3c5f90a,19,19,not_reconciled,not_established
Sitapur,Kasmanda,https://igod.gov.in/index.php/district/Fzg3tXQBW7DqAzx4Vrus/blocks,data/discovery/2026-09-10/archive_coverage/district_sweep/raw/f220e53a56e3916683bf_03c51a0d729b.html,03c51a0d729b9e8901b052a552f3e546684b57cd0275f104a3ea28b9c3c5f90a,19,19,not_reconciled,not_established
Sitapur,Khairabad,https://igod.gov.in/index.php/district/Fzg3tXQBW7DqAzx4Vrus/blocks,data/discovery/2026-09-10/archive_coverage/district_sweep/raw/f220e53a56e3916683bf_03c51a0d729b.html,03c51a0d729b9e8901b052a552f3e546684b57cd0275f104a3ea28b9c3c5f90a,19,19,not_reconciled,not_established
Sitapur,Laharpur,https://igod.gov.in/index.php/district/Fzg3tXQBW7DqAzx4Vrus/blocks,data/discovery/2026-09-10/archive_coverage/district_sweep/raw/f220e53a56e3916683bf_03c51a0d729b.html,03c51a0d729b9e8901b052a552f3e546684b57cd0275f104a3ea28b9c3c5f90a,19,19,not_reconciled,not_established
Sitapur,Machhrehta,https://igod.gov.in/index.php/district/Fzg3tXQBW7DqAzx4Vrus/blocks,data/discovery/2026-09-10/archive_coverage/district_sweep/raw/f220e53a56e3916683bf_03c51a0d729b.html,03c51a0d729b9e8901b052a552f3e546684b57cd0275f104a3ea28b9c3c5f90a,19,19,not_reconciled,not_established
Sitapur,Mahmudabad,https://igod.gov.in/index.php/district/Fzg3tXQBW7DqAzx4Vrus/blocks,data/discovery/2026-09-10/archive_coverage/district_sweep/raw/f220e53a56e3916683bf_03c51a0d729b.html,03c51a0d729b9e8901b052a552f3e546684b57cd0275f104a3ea28b9c3c5f90a,19,19,not_reconciled,not_established
Sitapur,Maholi,https://igod.gov.in/index.php/district/Fzg3tXQBW7DqAzx4Vrus/blocks,data/discovery/2026-09-10/archive_coverage/district_sweep/raw/f220e53a56e3916683bf_03c51a0d729b.html,03c51a0d729b9e8901b052a552f3e546684b57cd0275f104a3ea28b9c3c5f90a,19,19,not_reconciled,not_established
Sitapur,Misrikh,https://igod.gov.in/index.php/district/Fzg3tXQBW7DqAzx4Vrus/blocks,data/discovery/2026-09-10/archive_coverage/district_sweep/raw/f220e53a56e3916683bf_03c51a0d729b.html,03c51a0d729b9e8901b052a552f3e546684b57cd0275f104a3ea28b9c3c5f90a,19,19,not_reconciled,not_established
Sitapur,Pahala,https://igod.gov.in/index.php/district/Fzg3tXQBW7DqAzx4Vrus/blocks,data/discovery/2026-09-10/archive_coverage/district_sweep/raw/f220e53a56e3916683bf_03c51a0d729b.html,03c51a0d729b9e8901b052a552f3e546684b57cd0275f104a3ea28b9c3c5f90a,19,19,not_reconciled,not_established
Sitapur,Parsendi,https://igod.gov.in/index.php/district/Fzg3tXQBW7DqAzx4Vrus/blocks,data/discovery/2026-09-10/archive_coverage/district_sweep/raw/f220e53a56e3916683bf_03c51a0d729b.html,03c51a0d729b9e8901b052a552f3e546684b57cd0275f104a3ea28b9c3c5f90a,19,19,not_reconciled,not_established
Sitapur,Pisawan,https://igod.gov.in/index.php/district/Fzg3tXQBW7DqAzx4Vrus/blocks,data/discovery/2026-09-10/archive_coverage/district_sweep/raw/f220e53a56e3916683bf_03c51a0d729b.html,03c51a0d729b9e8901b052a552f3e546684b57cd0275f104a3ea28b9c3c5f90a,19,19,not_reconciled,not_established
Sitapur,Rampur Mathura,https://igod.gov.in/index.php/district/Fzg3tXQBW7DqAzx4Vrus/blocks,data/discovery/2026-09-10/archive_coverage/district_sweep/raw/f220e53a56e3916683bf_03c51a0d729b.html,03c51a0d729b9e8901b052a552f3e546684b57cd0275f104a3ea28b9c3c5f90a,19,19,not_reconciled,not_established
Sitapur,Reusa,https://igod.gov.in/index.php/district/Fzg3tXQBW7DqAzx4Vrus/blocks,data/discovery/2026-09-10/archive_coverage/district_sweep/raw/f220e53a56e3916683bf_03c51a0d729b.html,03c51a0d729b9e8901b052a552f3e546684b57cd0275f104a3ea28b9c3c5f90a,19,19,not_reconciled,not_established
Sitapur,Sakran,https://igod.gov.in/index.php/district/Fzg3tXQBW7DqAzx4Vrus/blocks,data/discovery/2026-09-10/archive_coverage/district_sweep/raw/f220e53a56e3916683bf_03c51a0d729b.html,03c51a0d729b9e8901b052a552f3e546684b57cd0275f104a3ea28b9c3c5f90a,19,19,not_reconciled,not_established
Sitapur,Sidhauli,https://igod.gov.in/index.php/district/Fzg3tXQBW7DqAzx4Vrus/blocks,data/discovery/2026-09-10/archive_coverage/district_sweep/raw/f220e53a56e3916683bf_03c51a0d729b.html,03c51a0d729b9e8901b052a552f3e546684b57cd0275f104a3ea28b9c3c5f90a,19,19,not_reconciled,not_established
Sultanpur,Akhand Nagar,https://igod.gov.in/index.php/district/GDg3tXQBW7DqAzx4Vrus/blocks,data/discovery/2026-09-10/archive_coverage/district_sweep/raw/0518ad3977faea3b66a5_5c10967b5412.html,5c10967b5412e6833f626b3b407cbc943d48fa265f4b7bbe70e855d779128cc2,14,14,not_reconciled,not_established
Sultanpur,Baldirai,https://igod.gov.in/index.php/district/GDg3tXQBW7DqAzx4Vrus/blocks,data/discovery/2026-09-10/archive_coverage/district_sweep/raw/0518ad3977faea3b66a5_5c10967b5412.html,5c10967b5412e6833f626b3b407cbc943d48fa265f4b7bbe70e855d779128cc2,14,14,not_reconciled,not_established
Sultanpur,Bhadaiya,https://igod.gov.in/index.php/district/GDg3tXQBW7DqAzx4Vrus/blocks,data/discovery/2026-09-10/archive_coverage/district_sweep/raw/0518ad3977faea3b66a5_5c10967b5412.html,5c10967b5412e6833f626b3b407cbc943d48fa265f4b7bbe70e855d779128cc2,14,14,not_reconciled,not_established
Sultanpur,Dhanpatganj,https://igod.gov.in/index.php/district/GDg3tXQBW7DqAzx4Vrus/blocks,data/discovery/2026-09-10/archive_coverage/district_sweep/raw/0518ad3977faea3b66a5_5c10967b5412.html,5c10967b5412e6833f626b3b407cbc943d48fa265f4b7bbe70e855d779128cc2,14,14,not_reconciled,not_established
Sultanpur,Dostpur,https://igod.gov.in/index.php/district/GDg3tXQBW7DqAzx4Vrus/blocks,data/discovery/2026-09-10/archive_coverage/district_sweep/raw/0518ad3977faea3b66a5_5c10967b5412.html,5c10967b5412e6833f626b3b407cbc943d48fa265f4b7bbe70e855d779128cc2,14,14,not_reconciled,not_established
Sultanpur,Dubepur,https://igod.gov.in/index.php/district/GDg3tXQBW7DqAzx4Vrus/blocks,data/discovery/2026-09-10/archive_coverage/district_sweep/raw/0518ad3977faea3b66a5_5c10967b5412.html,5c10967b5412e6833f626b3b407cbc943d48fa265f4b7bbe70e855d779128cc2,14,14,not_reconciled,not_established
Sultanpur,Jaisinghpur,https://igod.gov.in/index.php/district/GDg3tXQBW7DqAzx4Vrus/blocks,data/discovery/2026-09-10/archive_coverage/district_sweep/raw/0518ad3977faea3b66a5_5c10967b5412.html,5c10967b5412e6833f626b3b407cbc943d48fa265f4b7bbe70e855d779128cc2,14,14,not_reconciled,not_established
Sultanpur,Kadipur,https://igod.gov.in/index.php/district/GDg3tXQBW7DqAzx4Vrus/blocks,data/discovery/2026-09-10/archive_coverage/district_sweep/raw/0518ad3977faea3b66a5_5c10967b5412.html,5c10967b5412e6833f626b3b407cbc943d48fa265f4b7bbe70e855d779128cc2,14,14,not_reconciled,not_established
Sultanpur,Karaudikala,https://igod.gov.in/index.php/district/GDg3tXQBW7DqAzx4Vrus/blocks,data/discovery/2026-09-10/archive_coverage/district_sweep/raw/0518ad3977faea3b66a5_5c10967b5412.html,5c10967b5412e6833f626b3b407cbc943d48fa265f4b7bbe70e855d779128cc2,14,14,not_reconciled,not_established
Sultanpur,Kurebhar,https://igod.gov.in/index.php/district/GDg3tXQBW7DqAzx4Vrus/blocks,data/discovery/2026-09-10/archive_coverage/district_sweep/raw/0518ad3977faea3b66a5_5c10967b5412.html,5c10967b5412e6833f626b3b407cbc943d48fa265f4b7bbe70e855d779128cc2,14,14,not_reconciled,not_established
Sultanpur,Kurwar,https://igod.gov.in/index.php/district/GDg3tXQBW7DqAzx4Vrus/blocks,data/discovery/2026-09-10/archive_coverage/district_sweep/raw/0518ad3977faea3b66a5_5c10967b5412.html,5c10967b5412e6833f626b3b407cbc943d48fa265f4b7bbe70e855d779128cc2,14,14,not_reconciled,not_established
Sultanpur,Lambhua,https://igod.gov.in/index.php/district/GDg3tXQBW7DqAzx4Vrus/blocks,data/discovery/2026-09-10/archive_coverage/district_sweep/raw/0518ad3977faea3b66a5_5c10967b5412.html,5c10967b5412e6833f626b3b407cbc943d48fa265f4b7bbe70e855d779128cc2,14,14,not_reconciled,not_established
Sultanpur,Motigarpur,https://igod.gov.in/index.php/district/GDg3tXQBW7DqAzx4Vrus/blocks,data/discovery/2026-09-10/archive_coverage/district_sweep/raw/0518ad3977faea3b66a5_5c10967b5412.html,5c10967b5412e6833f626b3b407cbc943d48fa265f4b7bbe70e855d779128cc2,14,14,not_reconciled,not_established
Sultanpur,P.P.Kamaicha,https://igod.gov.in/index.php/district/GDg3tXQBW7DqAzx4Vrus/blocks,data/discovery/2026-09-10/archive_coverage/district_sweep/raw/0518ad3977faea3b66a5_5c10967b5412.html,5c10967b5412e6833f626b3b407cbc943d48fa265f4b7bbe70e855d779128cc2,14,14,not_reconciled,not_established
Bahraich,Balaha,https://igod.gov.in/index.php/district/GTg3tXQBW7DqAzx4Vrus/blocks,data/discovery/2026-09-10/archive_coverage/district_sweep/raw/6a5db8335cfd5e700741_dbd1f87b041a.html,dbd1f87b041a90d8676e53b47b5e998a5df8e61d3a399f9dbb03e6ede126f928,14,14,not_reconciled,not_established
Bahraich,Chitaura,https://igod.gov.in/index.php/district/GTg3tXQBW7DqAzx4Vrus/blocks,data/discovery/2026-09-10/archive_coverage/district_sweep/raw/6a5db8335cfd5e700741_dbd1f87b041a.html,dbd1f87b041a90d8676e53b47b5e998a5df8e61d3a399f9dbb03e6ede126f928,14,14,not_reconciled,not_established
Bahraich,Huzoorpur,https://igod.gov.in/index.php/district/GTg3tXQBW7DqAzx4Vrus/blocks,data/discovery/2026-09-10/archive_coverage/district_sweep/raw/6a5db8335cfd5e700741_dbd1f87b041a.html,dbd1f87b041a90d8676e53b47b5e998a5df8e61d3a399f9dbb03e6ede126f928,14,14,not_reconciled,not_established
Bahraich,Jarwal,https://igod.gov.in/index.php/district/GTg3tXQBW7DqAzx4Vrus/blocks,data/discovery/2026-09-10/archive_coverage/district_sweep/raw/6a5db8335cfd5e700741_dbd1f87b041a.html,dbd1f87b041a90d8676e53b47b5e998a5df8e61d3a399f9dbb03e6ede126f928,14,14,not_reconciled,not_established
Bahraich,Kaisarganj,https://igod.gov.in/index.php/district/GTg3tXQBW7DqAzx4Vrus/blocks,data/discovery/2026-09-10/archive_coverage/district_sweep/raw/6a5db8335cfd5e700741_dbd1f87b041a.html,dbd1f87b041a90d8676e53b47b5e998a5df8e61d3a399f9dbb03e6ede126f928,14,14,not_reconciled,not_established
Bahraich,Mahasi,https://igod.gov.in/index.php/district/GTg3tXQBW7DqAzx4Vrus/blocks,data/discovery/2026-09-10/archive_coverage/district_sweep/raw/6a5db8335cfd5e700741_dbd1f87b041a.html,dbd1f87b041a90d8676e53b47b5e998a5df8e61d3a399f9dbb03e6ede126f928,14,14,not_reconciled,not_established
Bahraich,Mihinpurwa,https://igod.gov.in/index.php/district/GTg3tXQBW7DqAzx4Vrus/blocks,data/discovery/2026-09-10/archive_coverage/district_sweep/raw/6a5db8335cfd5e700741_dbd1f87b041a.html,dbd1f87b041a90d8676e53b47b5e998a5df8e61d3a399f9dbb03e6ede126f928,14,14,not_reconciled,not_established
Bahraich,Nawabganj,https://igod.gov.in/index.php/district/GTg3tXQBW7DqAzx4Vrus/blocks,data/discovery/2026-09-10/archive_coverage/district_sweep/raw/6a5db8335cfd5e700741_dbd1f87b041a.html,dbd1f87b041a90d8676e53b47b5e998a5df8e61d3a399f9dbb03e6ede126f928,14,14,not_reconciled,not_established
Bahraich,Payagpur,https://igod.gov.in/index.php/district/GTg3tXQBW7DqAzx4Vrus/blocks,data/discovery/2026-09-10/archive_coverage/district_sweep/raw/6a5db8335cfd5e700741_dbd1f87b041a.html,dbd1f87b041a90d8676e53b47b5e998a5df8e61d3a399f9dbb03e6ede126f928,14,14,not_reconciled,not_established
Bahraich,Phakharpur,https://igod.gov.in/index.php/district/GTg3tXQBW7DqAzx4Vrus/blocks,data/discovery/2026-09-10/archive_coverage/district_sweep/raw/6a5db8335cfd5e700741_dbd1f87b041a.html,dbd1f87b041a90d8676e53b47b5e998a5df8e61d3a399f9dbb03e6ede126f928,14,14,not_reconciled,not_established
Bahraich,Risia,https://igod.gov.in/index.php/district/GTg3tXQBW7DqAzx4Vrus/blocks,data/discovery/2026-09-10/archive_coverage/district_sweep/raw/6a5db8335cfd5e700741_dbd1f87b041a.html,dbd1f87b041a90d8676e53b47b5e998a5df8e61d3a399f9dbb03e6ede126f928,14,14,not_reconciled,not_established
Bahraich,Shivpur,https://igod.gov.in/index.php/district/GTg3tXQBW7DqAzx4Vrus/blocks,data/discovery/2026-09-10/archive_coverage/district_sweep/raw/6a5db8335cfd5e700741_dbd1f87b041a.html,dbd1f87b041a90d8676e53b47b5e998a5df8e61d3a399f9dbb03e6ede126f928,14,14,not_reconciled,not_established
Bahraich,Tejwapur,https://igod.gov.in/index.php/district/GTg3tXQBW7DqAzx4Vrus/blocks,data/discovery/2026-09-10/archive_coverage/district_sweep/raw/6a5db8335cfd5e700741_dbd1f87b041a.html,dbd1f87b041a90d8676e53b47b5e998a5df8e61d3a399f9dbb03e6ede126f928,14,14,not_reconciled,not_established
Bahraich,Visheshwarganj,https://igod.gov.in/index.php/district/GTg3tXQBW7DqAzx4Vrus/blocks,data/discovery/2026-09-10/archive_coverage/district_sweep/raw/6a5db8335cfd5e700741_dbd1f87b041a.html,dbd1f87b041a90d8676e53b47b5e998a5df8e61d3a399f9dbb03e6ede126f928,14,14,not_reconciled,not_established
Kaushambi,Chail,https://igod.gov.in/index.php/district/Gjg3tXQBW7DqAzx4Vrus/blocks,data/discovery/2026-09-10/archive_coverage/district_sweep/raw/ebd20f5e348d3738ef00_dafad2ad959a.html,dafad2ad959a9a0ae5260da07501f6ea9e8ff56c8df213d408bf561a35a28f99,8,8,not_reconciled,not_established
Kaushambi,Kara,https://igod.gov.in/index.php/district/Gjg3tXQBW7DqAzx4Vrus/blocks,data/discovery/2026-09-10/archive_coverage/district_sweep/raw/ebd20f5e348d3738ef00_dafad2ad959a.html,dafad2ad959a9a0ae5260da07501f6ea9e8ff56c8df213d408bf561a35a28f99,8,8,not_reconciled,not_established
Kaushambi,Kaushambi,https://igod.gov.in/index.php/district/Gjg3tXQBW7DqAzx4Vrus/blocks,data/discovery/2026-09-10/archive_coverage/district_sweep/raw/ebd20f5e348d3738ef00_dafad2ad959a.html,dafad2ad959a9a0ae5260da07501f6ea9e8ff56c8df213d408bf561a35a28f99,8,8,not_reconciled,not_established
Kaushambi,Manjhanpur,https://igod.gov.in/index.php/district/Gjg3tXQBW7DqAzx4Vrus/blocks,data/discovery/2026-09-10/archive_coverage/district_sweep/raw/ebd20f5e348d3738ef00_dafad2ad959a.html,dafad2ad959a9a0ae5260da07501f6ea9e8ff56c8df213d408bf561a35a28f99,8,8,not_reconciled,not_established
Kaushambi,Mooratganj,https://igod.gov.in/index.php/district/Gjg3tXQBW7DqAzx4Vrus/blocks,data/discovery/2026-09-10/archive_coverage/district_sweep/raw/ebd20f5e348d3738ef00_dafad2ad959a.html,dafad2ad959a9a0ae5260da07501f6ea9e8ff56c8df213d408bf561a35a28f99,8,8,not_reconciled,not_established
Kaushambi,Nevada,https://igod.gov.in/index.php/district/Gjg3tXQBW7DqAzx4Vrus/blocks,data/discovery/2026-09-10/archive_coverage/district_sweep/raw/ebd20f5e348d3738ef00_dafad2ad959a.html,dafad2ad959a9a0ae5260da07501f6ea9e8ff56c8df213d408bf561a35a28f99,8,8,not_reconciled,not_established
Kaushambi,Sarsawan,https://igod.gov.in/index.php/district/Gjg3tXQBW7DqAzx4Vrus/blocks,data/discovery/2026-09-10/archive_coverage/district_sweep/raw/ebd20f5e348d3738ef00_dafad2ad959a.html,dafad2ad959a9a0ae5260da07501f6ea9e8ff56c8df213d408bf561a35a28f99,8,8,not_reconciled,not_established
Kaushambi,Sirathu,https://igod.gov.in/index.php/district/Gjg3tXQBW7DqAzx4Vrus/blocks,data/discovery/2026-09-10/archive_coverage/district_sweep/raw/ebd20f5e348d3738ef00_dafad2ad959a.html,dafad2ad959a9a0ae5260da07501f6ea9e8ff56c8df213d408bf561a35a28f99,8,8,not_reconciled,not_established
Mathura,Baldeo,https://igod.gov.in/index.php/district/Gr6-uIsBC8DLsKxJ91Ll/blocks,data/discovery/2026-09-10/archive_coverage/district_sweep/raw/78c4541c312b2739e5b5_ed380ddd19eb.html,ed380ddd19ebdd7a9db959fd37f1aa30978ecd25cf58f7fbc7231f0dbde1ec7a,10,10,not_reconciled,not_established
Mathura,Chaumuha,https://igod.gov.in/index.php/district/Gr6-uIsBC8DLsKxJ91Ll/blocks,data/discovery/2026-09-10/archive_coverage/district_sweep/raw/78c4541c312b2739e5b5_ed380ddd19eb.html,ed380ddd19ebdd7a9db959fd37f1aa30978ecd25cf58f7fbc7231f0dbde1ec7a,10,10,not_reconciled,not_established
Mathura,Chhata,https://igod.gov.in/index.php/district/Gr6-uIsBC8DLsKxJ91Ll/blocks,data/discovery/2026-09-10/archive_coverage/district_sweep/raw/78c4541c312b2739e5b5_ed380ddd19eb.html,ed380ddd19ebdd7a9db959fd37f1aa30978ecd25cf58f7fbc7231f0dbde1ec7a,10,10,not_reconciled,not_established
Mathura,Farah,https://igod.gov.in/index.php/district/Gr6-uIsBC8DLsKxJ91Ll/blocks,data/discovery/2026-09-10/archive_coverage/district_sweep/raw/78c4541c312b2739e5b5_ed380ddd19eb.html,ed380ddd19ebdd7a9db959fd37f1aa30978ecd25cf58f7fbc7231f0dbde1ec7a,10,10,not_reconciled,not_established
Mathura,Govardhan,https://igod.gov.in/index.php/district/Gr6-uIsBC8DLsKxJ91Ll/blocks,data/discovery/2026-09-10/archive_coverage/district_sweep/raw/78c4541c312b2739e5b5_ed380ddd19eb.html,ed380ddd19ebdd7a9db959fd37f1aa30978ecd25cf58f7fbc7231f0dbde1ec7a,10,10,not_reconciled,not_established
Mathura,Mat,https://igod.gov.in/index.php/district/Gr6-uIsBC8DLsKxJ91Ll/blocks,data/discovery/2026-09-10/archive_coverage/district_sweep/raw/78c4541c312b2739e5b5_ed380ddd19eb.html,ed380ddd19ebdd7a9db959fd37f1aa30978ecd25cf58f7fbc7231f0dbde1ec7a,10,10,not_reconciled,not_established
Mathura,Mathura,https://igod.gov.in/index.php/district/Gr6-uIsBC8DLsKxJ91Ll/blocks,data/discovery/2026-09-10/archive_coverage/district_sweep/raw/78c4541c312b2739e5b5_ed380ddd19eb.html,ed380ddd19ebdd7a9db959fd37f1aa30978ecd25cf58f7fbc7231f0dbde1ec7a,10,10,not_reconciled,not_established
Mathura,Nandgaon,https://igod.gov.in/index.php/district/Gr6-uIsBC8DLsKxJ91Ll/blocks,data/discovery/2026-09-10/archive_coverage/district_sweep/raw/78c4541c312b2739e5b5_ed380ddd19eb.html,ed380ddd19ebdd7a9db959fd37f1aa30978ecd25cf58f7fbc7231f0dbde1ec7a,10,10,not_reconciled,not_established
Mathura,Nohjhil,https://igod.gov.in/index.php/district/Gr6-uIsBC8DLsKxJ91Ll/blocks,data/discovery/2026-09-10/archive_coverage/district_sweep/raw/78c4541c312b2739e5b5_ed380ddd19eb.html,ed380ddd19ebdd7a9db959fd37f1aa30978ecd25cf58f7fbc7231f0dbde1ec7a,10,10,not_reconciled,not_established
Mathura,Raya,https://igod.gov.in/index.php/district/Gr6-uIsBC8DLsKxJ91Ll/blocks,data/discovery/2026-09-10/archive_coverage/district_sweep/raw/78c4541c312b2739e5b5_ed380ddd19eb.html,ed380ddd19ebdd7a9db959fd37f1aa30978ecd25cf58f7fbc7231f0dbde1ec7a,10,10,not_reconciled,not_established
Kheri,Bankeyganj,https://igod.gov.in/index.php/district/Gzg3tXQBW7DqAzx4Vrus/blocks,data/discovery/2026-09-10/archive_coverage/district_sweep/raw/10ad7d5f4e51e4c3734c_48eee06a3d14.html,48eee06a3d1408be429ff3b97b6c2f5e23a863683adef5dfc3fa39610075871f,15,15,not_reconciled,not_established
Kheri,Behjam,https://igod.gov.in/index.php/district/Gzg3tXQBW7DqAzx4Vrus/blocks,data/discovery/2026-09-10/archive_coverage/district_sweep/raw/10ad7d5f4e51e4c3734c_48eee06a3d14.html,48eee06a3d1408be429ff3b97b6c2f5e23a863683adef5dfc3fa39610075871f,15,15,not_reconciled,not_established
Kheri,Bijuwa,https://igod.gov.in/index.php/district/Gzg3tXQBW7DqAzx4Vrus/blocks,data/discovery/2026-09-10/archive_coverage/district_sweep/raw/10ad7d5f4e51e4c3734c_48eee06a3d14.html,48eee06a3d1408be429ff3b97b6c2f5e23a863683adef5dfc3fa39610075871f,15,15,not_reconciled,not_established
Kheri,Dhaurhara,https://igod.gov.in/index.php/district/Gzg3tXQBW7DqAzx4Vrus/blocks,data/discovery/2026-09-10/archive_coverage/district_sweep/raw/10ad7d5f4e51e4c3734c_48eee06a3d14.html,48eee06a3d1408be429ff3b97b6c2f5e23a863683adef5dfc3fa39610075871f,15,15,not_reconciled,not_established
Kheri,Isanagar,https://igod.gov.in/index.php/district/Gzg3tXQBW7DqAzx4Vrus/blocks,data/discovery/2026-09-10/archive_coverage/district_sweep/raw/10ad7d5f4e51e4c3734c_48eee06a3d14.html,48eee06a3d1408be429ff3b97b6c2f5e23a863683adef5dfc3fa39610075871f,15,15,not_reconciled,not_established
Kheri,Kumbhigola,https://igod.gov.in/index.php/district/Gzg3tXQBW7DqAzx4Vrus/blocks,data/discovery/2026-09-10/archive_coverage/district_sweep/raw/10ad7d5f4e51e4c3734c_48eee06a3d14.html,48eee06a3d1408be429ff3b97b6c2f5e23a863683adef5dfc3fa39610075871f,15,15,not_reconciled,not_established
Kheri,Lakhimpur,https://igod.gov.in/index.php/district/Gzg3tXQBW7DqAzx4Vrus/blocks,data/discovery/2026-09-10/archive_coverage/district_sweep/raw/10ad7d5f4e51e4c3734c_48eee06a3d14.html,48eee06a3d1408be429ff3b97b6c2f5e23a863683adef5dfc3fa39610075871f,15,15,not_reconciled,not_established
Kheri,Mitauli,https://igod.gov.in/index.php/district/Gzg3tXQBW7DqAzx4Vrus/blocks,data/discovery/2026-09-10/archive_coverage/district_sweep/raw/10ad7d5f4e51e4c3734c_48eee06a3d14.html,48eee06a3d1408be429ff3b97b6c2f5e23a863683adef5dfc3fa39610075871f,15,15,not_reconciled,not_established
Kheri,Mohammadi,https://igod.gov.in/index.php/district/Gzg3tXQBW7DqAzx4Vrus/blocks,data/discovery/2026-09-10/archive_coverage/district_sweep/raw/10ad7d5f4e51e4c3734c_48eee06a3d14.html,48eee06a3d1408be429ff3b97b6c2f5e23a863683adef5dfc3fa39610075871f,15,15,not_reconciled,not_established
Kheri,Nakaha,https://igod.gov.in/index.php/district/Gzg3tXQBW7DqAzx4Vrus/blocks,data/discovery/2026-09-10/archive_coverage/district_sweep/raw/10ad7d5f4e51e4c3734c_48eee06a3d14.html,48eee06a3d1408be429ff3b97b6c2f5e23a863683adef5dfc3fa39610075871f,15,15,not_reconciled,not_established
Kheri,Nighasan,https://igod.gov.in/index.php/district/Gzg3tXQBW7DqAzx4Vrus/blocks,data/discovery/2026-09-10/archive_coverage/district_sweep/raw/10ad7d5f4e51e4c3734c_48eee06a3d14.html,48eee06a3d1408be429ff3b97b6c2f5e23a863683adef5dfc3fa39610075871f,15,15,not_reconciled,not_established
Kheri,Palia,https://igod.gov.in/index.php/district/Gzg3tXQBW7DqAzx4Vrus/blocks,data/discovery/2026-09-10/archive_coverage/district_sweep/raw/10ad7d5f4e51e4c3734c_48eee06a3d14.html,48eee06a3d1408be429ff3b97b6c2f5e23a863683adef5dfc3fa39610075871f,15,15,not_reconciled,not_established
Kheri,Pasgawan,https://igod.gov.in/index.php/district/Gzg3tXQBW7DqAzx4Vrus/blocks,data/discovery/2026-09-10/archive_coverage/district_sweep/raw/10ad7d5f4e51e4c3734c_48eee06a3d14.html,48eee06a3d1408be429ff3b97b6c2f5e23a863683adef5dfc3fa39610075871f,15,15,not_reconciled,not_established
Kheri,Phoolbehar,https://igod.gov.in/index.php/district/Gzg3tXQBW7DqAzx4Vrus/blocks,data/discovery/2026-09-10/archive_coverage/district_sweep/raw/10ad7d5f4e51e4c3734c_48eee06a3d14.html,48eee06a3d1408be429ff3b97b6c2f5e23a863683adef5dfc3fa39610075871f,15,15,not_reconciled,not_established
Kheri,Ramia Behar,https://igod.gov.in/index.php/district/Gzg3tXQBW7DqAzx4Vrus/blocks,data/discovery/2026-09-10/archive_coverage/district_sweep/raw/10ad7d5f4e51e4c3734c_48eee06a3d14.html,48eee06a3d1408be429ff3b97b6c2f5e23a863683adef5dfc3fa39610075871f,15,15,not_reconciled,not_established
Lalitpur,Bar,https://igod.gov.in/index.php/district/HDg3tXQBW7DqAzx4Vrus/blocks,data/discovery/2026-09-10/archive_coverage/district_sweep/raw/3dc9bfb113e79a2b98c9_267078d6cc27.html,267078d6cc27270deb271abe74c22ce493d8e6cd6336fccc88b3bd586c47c4cf,6,6,not_reconciled,not_established
Lalitpur,Birdha,https://igod.gov.in/index.php/district/HDg3tXQBW7DqAzx4Vrus/blocks,data/discovery/2026-09-10/archive_coverage/district_sweep/raw/3dc9bfb113e79a2b98c9_267078d6cc27.html,267078d6cc27270deb271abe74c22ce493d8e6cd6336fccc88b3bd586c47c4cf,6,6,not_reconciled,not_established
Lalitpur,Jakhaura,https://igod.gov.in/index.php/district/HDg3tXQBW7DqAzx4Vrus/blocks,data/discovery/2026-09-10/archive_coverage/district_sweep/raw/3dc9bfb113e79a2b98c9_267078d6cc27.html,267078d6cc27270deb271abe74c22ce493d8e6cd6336fccc88b3bd586c47c4cf,6,6,not_reconciled,not_established
Lalitpur,Mandawara,https://igod.gov.in/index.php/district/HDg3tXQBW7DqAzx4Vrus/blocks,data/discovery/2026-09-10/archive_coverage/district_sweep/raw/3dc9bfb113e79a2b98c9_267078d6cc27.html,267078d6cc27270deb271abe74c22ce493d8e6cd6336fccc88b3bd586c47c4cf,6,6,not_reconciled,not_established
Lalitpur,Mehroni,https://igod.gov.in/index.php/district/HDg3tXQBW7DqAzx4Vrus/blocks,data/discovery/2026-09-10/archive_coverage/district_sweep/raw/3dc9bfb113e79a2b98c9_267078d6cc27.html,267078d6cc27270deb271abe74c22ce493d8e6cd6336fccc88b3bd586c47c4cf,6,6,not_reconciled,not_established
Lalitpur,Talbehat,https://igod.gov.in/index.php/district/HDg3tXQBW7DqAzx4Vrus/blocks,data/discovery/2026-09-10/archive_coverage/district_sweep/raw/3dc9bfb113e79a2b98c9_267078d6cc27.html,267078d6cc27270deb271abe74c22ce493d8e6cd6336fccc88b3bd586c47c4cf,6,6,not_reconciled,not_established
Lucknow,Bakshi-Ka-Talab,https://igod.gov.in/index.php/district/HTg3tXQBW7DqAzx4Vrus/blocks,data/discovery/2026-09-10/archive_coverage/district_sweep/raw/c165ea65b46811f1b79c_f08c1956c94a.html,f08c1956c94a93aa3eba98b27c1f9c58a6e7f61efdc3b36cc9deb2e269e92353,8,8,not_reconciled,not_established
Lucknow,Chinhat,https://igod.gov.in/index.php/district/HTg3tXQBW7DqAzx4Vrus/blocks,data/discovery/2026-09-10/archive_coverage/district_sweep/raw/c165ea65b46811f1b79c_f08c1956c94a.html,f08c1956c94a93aa3eba98b27c1f9c58a6e7f61efdc3b36cc9deb2e269e92353,8,8,not_reconciled,not_established
Lucknow,Gosaiganj,https://igod.gov.in/index.php/district/HTg3tXQBW7DqAzx4Vrus/blocks,data/discovery/2026-09-10/archive_coverage/district_sweep/raw/c165ea65b46811f1b79c_f08c1956c94a.html,f08c1956c94a93aa3eba98b27c1f9c58a6e7f61efdc3b36cc9deb2e269e92353,8,8,not_reconciled,not_established
Lucknow,Kakori,https://igod.gov.in/index.php/district/HTg3tXQBW7DqAzx4Vrus/blocks,data/discovery/2026-09-10/archive_coverage/district_sweep/raw/c165ea65b46811f1b79c_f08c1956c94a.html,f08c1956c94a93aa3eba98b27c1f9c58a6e7f61efdc3b36cc9deb2e269e92353,8,8,not_reconciled,not_established
Lucknow,Mal,https://igod.gov.in/index.php/district/HTg3tXQBW7DqAzx4Vrus/blocks,data/discovery/2026-09-10/archive_coverage/district_sweep/raw/c165ea65b46811f1b79c_f08c1956c94a.html,f08c1956c94a93aa3eba98b27c1f9c58a6e7f61efdc3b36cc9deb2e269e92353,8,8,not_reconciled,not_established
Lucknow,Malihabad,https://igod.gov.in/index.php/district/HTg3tXQBW7DqAzx4Vrus/blocks,data/discovery/2026-09-10/archive_coverage/district_sweep/raw/c165ea65b46811f1b79c_f08c1956c94a.html,f08c1956c94a93aa3eba98b27c1f9c58a6e7f61efdc3b36cc9deb2e269e92353,8,8,not_reconciled,not_established
Lucknow,Mohanlalganj,https://igod.gov.in/index.php/district/HTg3tXQBW7DqAzx4Vrus/blocks,data/discovery/2026-09-10/archive_coverage/district_sweep/raw/c165ea65b46811f1b79c_f08c1956c94a.html,f08c1956c94a93aa3eba98b27c1f9c58a6e7f61efdc3b36cc9deb2e269e92353,8,8,not_reconciled,not_established
Lucknow,Sarojaninagar,https://igod.gov.in/index.php/district/HTg3tXQBW7DqAzx4Vrus/blocks,data/discovery/2026-09-10/archive_coverage/district_sweep/raw/c165ea65b46811f1b79c_f08c1956c94a.html,f08c1956c94a93aa3eba98b27c1f9c58a6e7f61efdc3b36cc9deb2e269e92353,8,8,not_reconciled,not_established
Mahrajganj,Bridgemanganj,https://igod.gov.in/index.php/district/Hjg3tXQBW7DqAzx4Vrus/blocks,data/discovery/2026-09-10/archive_coverage/district_sweep/raw/6585069a079a15f14c1e_3148676a35a1.html,3148676a35a196c3e61f16cd3f25c848145beba52e18313fcad30e3f7b777686,12,12,not_reconciled,not_established
Mahrajganj,Dhani,https://igod.gov.in/index.php/district/Hjg3tXQBW7DqAzx4Vrus/blocks,data/discovery/2026-09-10/archive_coverage/district_sweep/raw/6585069a079a15f14c1e_3148676a35a1.html,3148676a35a196c3e61f16cd3f25c848145beba52e18313fcad30e3f7b777686,12,12,not_reconciled,not_established
Mahrajganj,Ghughli,https://igod.gov.in/index.php/district/Hjg3tXQBW7DqAzx4Vrus/blocks,data/discovery/2026-09-10/archive_coverage/district_sweep/raw/6585069a079a15f14c1e_3148676a35a1.html,3148676a35a196c3e61f16cd3f25c848145beba52e18313fcad30e3f7b777686,12,12,not_reconciled,not_established
Mahrajganj,Lakshmipur,https://igod.gov.in/index.php/district/Hjg3tXQBW7DqAzx4Vrus/blocks,data/discovery/2026-09-10/archive_coverage/district_sweep/raw/6585069a079a15f14c1e_3148676a35a1.html,3148676a35a196c3e61f16cd3f25c848145beba52e18313fcad30e3f7b777686,12,12,not_reconciled,not_established
Mahrajganj,Mahrajganj,https://igod.gov.in/index.php/district/Hjg3tXQBW7DqAzx4Vrus/blocks,data/discovery/2026-09-10/archive_coverage/district_sweep/raw/6585069a079a15f14c1e_3148676a35a1.html,3148676a35a196c3e61f16cd3f25c848145beba52e18313fcad30e3f7b777686,12,12,not_reconciled,not_established
Mahrajganj,Mithaura,https://igod.gov.in/index.php/district/Hjg3tXQBW7DqAzx4Vrus/blocks,data/discovery/2026-09-10/archive_coverage/district_sweep/raw/6585069a079a15f14c1e_3148676a35a1.html,3148676a35a196c3e61f16cd3f25c848145beba52e18313fcad30e3f7b777686,12,12,not_reconciled,not_established
Mahrajganj,Nautanwa,https://igod.gov.in/index.php/district/Hjg3tXQBW7DqAzx4Vrus/blocks,data/discovery/2026-09-10/archive_coverage/district_sweep/raw/6585069a079a15f14c1e_3148676a35a1.html,3148676a35a196c3e61f16cd3f25c848145beba52e18313fcad30e3f7b777686,12,12,not_reconciled,not_established
Mahrajganj,Nichlaul,https://igod.gov.in/index.php/district/Hjg3tXQBW7DqAzx4Vrus/blocks,data/discovery/2026-09-10/archive_coverage/district_sweep/raw/6585069a079a15f14c1e_3148676a35a1.html,3148676a35a196c3e61f16cd3f25c848145beba52e18313fcad30e3f7b777686,12,12,not_reconciled,not_established
Mahrajganj,Paniyara,https://igod.gov.in/index.php/district/Hjg3tXQBW7DqAzx4Vrus/blocks,data/discovery/2026-09-10/archive_coverage/district_sweep/raw/6585069a079a15f14c1e_3148676a35a1.html,3148676a35a196c3e61f16cd3f25c848145beba52e18313fcad30e3f7b777686,12,12,not_reconciled,not_established
Mahrajganj,Partawal,https://igod.gov.in/index.php/district/Hjg3tXQBW7DqAzx4Vrus/blocks,data/discovery/2026-09-10/archive_coverage/district_sweep/raw/6585069a079a15f14c1e_3148676a35a1.html,3148676a35a196c3e61f16cd3f25c848145beba52e18313fcad30e3f7b777686,12,12,not_reconciled,not_established
Mahrajganj,Pharenda,https://igod.gov.in/index.php/district/Hjg3tXQBW7DqAzx4Vrus/blocks,data/discovery/2026-09-10/archive_coverage/district_sweep/raw/6585069a079a15f14c1e_3148676a35a1.html,3148676a35a196c3e61f16cd3f25c848145beba52e18313fcad30e3f7b777686,12,12,not_reconciled,not_established
Mahrajganj,Siswa,https://igod.gov.in/index.php/district/Hjg3tXQBW7DqAzx4Vrus/blocks,data/discovery/2026-09-10/archive_coverage/district_sweep/raw/6585069a079a15f14c1e_3148676a35a1.html,3148676a35a196c3e61f16cd3f25c848145beba52e18313fcad30e3f7b777686,12,12,not_reconciled,not_established
Mainpuri,Barnahal,https://igod.gov.in/index.php/district/Hzg3tXQBW7DqAzx4Vrus/blocks,data/discovery/2026-09-10/archive_coverage/district_sweep/raw/5162bc44c81dfbb6ce1b_728b63f0ee70.html,728b63f0ee702c1994587e42c70f9b74da11d70ebad5cdf4258c2635e40f7cc0,9,9,not_reconciled,not_established
Mainpuri,Bewar,https://igod.gov.in/index.php/district/Hzg3tXQBW7DqAzx4Vrus/blocks,data/discovery/2026-09-10/archive_coverage/district_sweep/raw/5162bc44c81dfbb6ce1b_728b63f0ee70.html,728b63f0ee702c1994587e42c70f9b74da11d70ebad5cdf4258c2635e40f7cc0,9,9,not_reconciled,not_established
Mainpuri,Ghiror,https://igod.gov.in/index.php/district/Hzg3tXQBW7DqAzx4Vrus/blocks,data/discovery/2026-09-10/archive_coverage/district_sweep/raw/5162bc44c81dfbb6ce1b_728b63f0ee70.html,728b63f0ee702c1994587e42c70f9b74da11d70ebad5cdf4258c2635e40f7cc0,9,9,not_reconciled,not_established
Mainpuri,Jageer,https://igod.gov.in/index.php/district/Hzg3tXQBW7DqAzx4Vrus/blocks,data/discovery/2026-09-10/archive_coverage/district_sweep/raw/5162bc44c81dfbb6ce1b_728b63f0ee70.html,728b63f0ee702c1994587e42c70f9b74da11d70ebad5cdf4258c2635e40f7cc0,9,9,not_reconciled,not_established
Mainpuri,Karhal,https://igod.gov.in/index.php/district/Hzg3tXQBW7DqAzx4Vrus/blocks,data/discovery/2026-09-10/archive_coverage/district_sweep/raw/5162bc44c81dfbb6ce1b_728b63f0ee70.html,728b63f0ee702c1994587e42c70f9b74da11d70ebad5cdf4258c2635e40f7cc0,9,9,not_reconciled,not_established
Mainpuri,Kishni,https://igod.gov.in/index.php/district/Hzg3tXQBW7DqAzx4Vrus/blocks,data/discovery/2026-09-10/archive_coverage/district_sweep/raw/5162bc44c81dfbb6ce1b_728b63f0ee70.html,728b63f0ee702c1994587e42c70f9b74da11d70ebad5cdf4258c2635e40f7cc0,9,9,not_reconciled,not_established
Mainpuri,Kuraoli,https://igod.gov.in/index.php/district/Hzg3tXQBW7DqAzx4Vrus/blocks,data/discovery/2026-09-10/archive_coverage/district_sweep/raw/5162bc44c81dfbb6ce1b_728b63f0ee70.html,728b63f0ee702c1994587e42c70f9b74da11d70ebad5cdf4258c2635e40f7cc0,9,9,not_reconciled,not_established
Mainpuri,Mainpuri,https://igod.gov.in/index.php/district/Hzg3tXQBW7DqAzx4Vrus/blocks,data/discovery/2026-09-10/archive_coverage/district_sweep/raw/5162bc44c81dfbb6ce1b_728b63f0ee70.html,728b63f0ee702c1994587e42c70f9b74da11d70ebad5cdf4258c2635e40f7cc0,9,9,not_reconciled,not_established
Mainpuri,Sultanganj,https://igod.gov.in/index.php/district/Hzg3tXQBW7DqAzx4Vrus/blocks,data/discovery/2026-09-10/archive_coverage/district_sweep/raw/5162bc44c81dfbb6ce1b_728b63f0ee70.html,728b63f0ee702c1994587e42c70f9b74da11d70ebad5cdf4258c2635e40f7cc0,9,9,not_reconciled,not_established
Meerut,Daurala,https://igod.gov.in/index.php/district/IDg3tXQBW7DqAzx4Vrus/blocks,data/discovery/2026-09-10/archive_coverage/district_sweep/raw/d6616565bac0e4520c32_08c891c78b09.html,08c891c78b0974a46c1900de038eaa08b45ff19134f30df4382b30c81a27043e,12,12,not_reconciled,not_established
Meerut,Hastinapur,https://igod.gov.in/index.php/district/IDg3tXQBW7DqAzx4Vrus/blocks,data/discovery/2026-09-10/archive_coverage/district_sweep/raw/d6616565bac0e4520c32_08c891c78b09.html,08c891c78b0974a46c1900de038eaa08b45ff19134f30df4382b30c81a27043e,12,12,not_reconciled,not_established
Meerut,Janikhurd,https://igod.gov.in/index.php/district/IDg3tXQBW7DqAzx4Vrus/blocks,data/discovery/2026-09-10/archive_coverage/district_sweep/raw/d6616565bac0e4520c32_08c891c78b09.html,08c891c78b0974a46c1900de038eaa08b45ff19134f30df4382b30c81a27043e,12,12,not_reconciled,not_established
Meerut,Kharkhoda,https://igod.gov.in/index.php/district/IDg3tXQBW7DqAzx4Vrus/blocks,data/discovery/2026-09-10/archive_coverage/district_sweep/raw/d6616565bac0e4520c32_08c891c78b09.html,08c891c78b0974a46c1900de038eaa08b45ff19134f30df4382b30c81a27043e,12,12,not_reconciled,not_established
Meerut,Machra,https://igod.gov.in/index.php/district/IDg3tXQBW7DqAzx4Vrus/blocks,data/discovery/2026-09-10/archive_coverage/district_sweep/raw/d6616565bac0e4520c32_08c891c78b09.html,08c891c78b0974a46c1900de038eaa08b45ff19134f30df4382b30c81a27043e,12,12,not_reconciled,not_established
Meerut,Mawana Kalan,https://igod.gov.in/index.php/district/IDg3tXQBW7DqAzx4Vrus/blocks,data/discovery/2026-09-10/archive_coverage/district_sweep/raw/d6616565bac0e4520c32_08c891c78b09.html,08c891c78b0974a46c1900de038eaa08b45ff19134f30df4382b30c81a27043e,12,12,not_reconciled,not_established
Meerut,Meerut,https://igod.gov.in/index.php/district/IDg3tXQBW7DqAzx4Vrus/blocks,data/discovery/2026-09-10/archive_coverage/district_sweep/raw/d6616565bac0e4520c32_08c891c78b09.html,08c891c78b0974a46c1900de038eaa08b45ff19134f30df4382b30c81a27043e,12,12,not_reconciled,not_established
Meerut,Parikshitgarh,https://igod.gov.in/index.php/district/IDg3tXQBW7DqAzx4Vrus/blocks,data/discovery/2026-09-10/archive_coverage/district_sweep/raw/d6616565bac0e4520c32_08c891c78b09.html,08c891c78b0974a46c1900de038eaa08b45ff19134f30df4382b30c81a27043e,12,12,not_reconciled,not_established
Meerut,Rajpura,https://igod.gov.in/index.php/district/IDg3tXQBW7DqAzx4Vrus/blocks,data/discovery/2026-09-10/archive_coverage/district_sweep/raw/d6616565bac0e4520c32_08c891c78b09.html,08c891c78b0974a46c1900de038eaa08b45ff19134f30df4382b30c81a27043e,12,12,not_reconciled,not_established
Meerut,Rohta,https://igod.gov.in/index.php/district/IDg3tXQBW7DqAzx4Vrus/blocks,data/discovery/2026-09-10/archive_coverage/district_sweep/raw/d6616565bac0e4520c32_08c891c78b09.html,08c891c78b0974a46c1900de038eaa08b45ff19134f30df4382b30c81a27043e,12,12,not_reconciled,not_established
Meerut,Sardhana,https://igod.gov.in/index.php/district/IDg3tXQBW7DqAzx4Vrus/blocks,data/discovery/2026-09-10/archive_coverage/district_sweep/raw/d6616565bac0e4520c32_08c891c78b09.html,08c891c78b0974a46c1900de038eaa08b45ff19134f30df4382b30c81a27043e,12,12,not_reconciled,not_established
Meerut,Sarurpur Khurd,https://igod.gov.in/index.php/district/IDg3tXQBW7DqAzx4Vrus/blocks,data/discovery/2026-09-10/archive_coverage/district_sweep/raw/d6616565bac0e4520c32_08c891c78b09.html,08c891c78b0974a46c1900de038eaa08b45ff19134f30df4382b30c81a27043e,12,12,not_reconciled,not_established
Mirzapur,Chhanvey,https://igod.gov.in/index.php/district/ITg3tXQBW7DqAzx4Vrus/blocks,data/discovery/2026-09-10/archive_coverage/district_sweep/raw/5ec95cdbecd181a8aaa5_a6cbc99baf6c.html,a6cbc99baf6c8e7c57a3a3ace8449b12cbb5f36492a9f8b433c12dd9241e38c8,12,12,not_reconciled,not_established
Mirzapur,Hallia,https://igod.gov.in/index.php/district/ITg3tXQBW7DqAzx4Vrus/blocks,data/discovery/2026-09-10/archive_coverage/district_sweep/raw/5ec95cdbecd181a8aaa5_a6cbc99baf6c.html,a6cbc99baf6c8e7c57a3a3ace8449b12cbb5f36492a9f8b433c12dd9241e38c8,12,12,not_reconciled,not_established
Mirzapur,Jamalpur,https://igod.gov.in/index.php/district/ITg3tXQBW7DqAzx4Vrus/blocks,data/discovery/2026-09-10/archive_coverage/district_sweep/raw/5ec95cdbecd181a8aaa5_a6cbc99baf6c.html,a6cbc99baf6c8e7c57a3a3ace8449b12cbb5f36492a9f8b433c12dd9241e38c8,12,12,not_reconciled,not_established
Mirzapur,Kon,https://igod.gov.in/index.php/district/ITg3tXQBW7DqAzx4Vrus/blocks,data/discovery/2026-09-10/archive_coverage/district_sweep/raw/5ec95cdbecd181a8aaa5_a6cbc99baf6c.html,a6cbc99baf6c8e7c57a3a3ace8449b12cbb5f36492a9f8b433c12dd9241e38c8,12,12,not_reconciled,not_established
Mirzapur,Lalganj,https://igod.gov.in/index.php/district/ITg3tXQBW7DqAzx4Vrus/blocks,data/discovery/2026-09-10/archive_coverage/district_sweep/raw/5ec95cdbecd181a8aaa5_a6cbc99baf6c.html,a6cbc99baf6c8e7c57a3a3ace8449b12cbb5f36492a9f8b433c12dd9241e38c8,12,12,not_reconciled,not_established
Mirzapur,Majhawa,https://igod.gov.in/index.php/district/ITg3tXQBW7DqAzx4Vrus/blocks,data/discovery/2026-09-10/archive_coverage/district_sweep/raw/5ec95cdbecd181a8aaa5_a6cbc99baf6c.html,a6cbc99baf6c8e7c57a3a3ace8449b12cbb5f36492a9f8b433c12dd9241e38c8,12,12,not_reconciled,not_established
Mirzapur,Nagar (City),https://igod.gov.in/index.php/district/ITg3tXQBW7DqAzx4Vrus/blocks,data/discovery/2026-09-10/archive_coverage/district_sweep/raw/5ec95cdbecd181a8aaa5_a6cbc99baf6c.html,a6cbc99baf6c8e7c57a3a3ace8449b12cbb5f36492a9f8b433c12dd9241e38c8,12,12,not_reconciled,not_established
Mirzapur,Narainpur,https://igod.gov.in/index.php/district/ITg3tXQBW7DqAzx4Vrus/blocks,data/discovery/2026-09-10/archive_coverage/district_sweep/raw/5ec95cdbecd181a8aaa5_a6cbc99baf6c.html,a6cbc99baf6c8e7c57a3a3ace8449b12cbb5f36492a9f8b433c12dd9241e38c8,12,12,not_reconciled,not_established
Mirzapur,Pahari,https://igod.gov.in/index.php/district/ITg3tXQBW7DqAzx4Vrus/blocks,data/discovery/2026-09-10/archive_coverage/district_sweep/raw/5ec95cdbecd181a8aaa5_a6cbc99baf6c.html,a6cbc99baf6c8e7c57a3a3ace8449b12cbb5f36492a9f8b433c12dd9241e38c8,12,12,not_reconciled,not_established
Mirzapur,Patehra,https://igod.gov.in/index.php/district/ITg3tXQBW7DqAzx4Vrus/blocks,data/discovery/2026-09-10/archive_coverage/district_sweep/raw/5ec95cdbecd181a8aaa5_a6cbc99baf6c.html,a6cbc99baf6c8e7c57a3a3ace8449b12cbb5f36492a9f8b433c12dd9241e38c8,12,12,not_reconciled,not_established
Mirzapur,Rajgarh,https://igod.gov.in/index.php/district/ITg3tXQBW7DqAzx4Vrus/blocks,data/discovery/2026-09-10/archive_coverage/district_sweep/raw/5ec95cdbecd181a8aaa5_a6cbc99baf6c.html,a6cbc99baf6c8e7c57a3a3ace8449b12cbb5f36492a9f8b433c12dd9241e38c8,12,12,not_reconciled,not_established
Mirzapur,Shikhar,https://igod.gov.in/index.php/district/ITg3tXQBW7DqAzx4Vrus/blocks,data/discovery/2026-09-10/archive_coverage/district_sweep/raw/5ec95cdbecd181a8aaa5_a6cbc99baf6c.html,a6cbc99baf6c8e7c57a3a3ace8449b12cbb5f36492a9f8b433c12dd9241e38c8,12,12,not_reconciled,not_established
Muzaffarnagar,Baghara,https://igod.gov.in/index.php/district/Ijg3tXQBW7DqAzx4Vrus/blocks,data/discovery/2026-09-10/archive_coverage/district_sweep/raw/06ceb07ae729249befdd_67a6d8babef9.html,67a6d8babef9c2e5305d7cee2858f92da9bf6469d81a4eb7f751152050941a21,9,9,not_reconciled,not_established
Muzaffarnagar,Budhana,https://igod.gov.in/index.php/district/Ijg3tXQBW7DqAzx4Vrus/blocks,data/discovery/2026-09-10/archive_coverage/district_sweep/raw/06ceb07ae729249befdd_67a6d8babef9.html,67a6d8babef9c2e5305d7cee2858f92da9bf6469d81a4eb7f751152050941a21,9,9,not_reconciled,not_established
Muzaffarnagar,Charthawal,https://igod.gov.in/index.php/district/Ijg3tXQBW7DqAzx4Vrus/blocks,data/discovery/2026-09-10/archive_coverage/district_sweep/raw/06ceb07ae729249befdd_67a6d8babef9.html,67a6d8babef9c2e5305d7cee2858f92da9bf6469d81a4eb7f751152050941a21,9,9,not_reconciled,not_established
Muzaffarnagar,Jansath,https://igod.gov.in/index.php/district/Ijg3tXQBW7DqAzx4Vrus/blocks,data/discovery/2026-09-10/archive_coverage/district_sweep/raw/06ceb07ae729249befdd_67a6d8babef9.html,67a6d8babef9c2e5305d7cee2858f92da9bf6469d81a4eb7f751152050941a21,9,9,not_reconciled,not_established
Muzaffarnagar,Khatauli,https://igod.gov.in/index.php/district/Ijg3tXQBW7DqAzx4Vrus/blocks,data/discovery/2026-09-10/archive_coverage/district_sweep/raw/06ceb07ae729249befdd_67a6d8babef9.html,67a6d8babef9c2e5305d7cee2858f92da9bf6469d81a4eb7f751152050941a21,9,9,not_reconciled,not_established
Muzaffarnagar,Morna,https://igod.gov.in/index.php/district/Ijg3tXQBW7DqAzx4Vrus/blocks,data/discovery/2026-09-10/archive_coverage/district_sweep/raw/06ceb07ae729249befdd_67a6d8babef9.html,67a6d8babef9c2e5305d7cee2858f92da9bf6469d81a4eb7f751152050941a21,9,9,not_reconciled,not_established
Muzaffarnagar,Muzaffarnagar,https://igod.gov.in/index.php/district/Ijg3tXQBW7DqAzx4Vrus/blocks,data/discovery/2026-09-10/archive_coverage/district_sweep/raw/06ceb07ae729249befdd_67a6d8babef9.html,67a6d8babef9c2e5305d7cee2858f92da9bf6469d81a4eb7f751152050941a21,9,9,not_reconciled,not_established
Muzaffarnagar,Purkaji,https://igod.gov.in/index.php/district/Ijg3tXQBW7DqAzx4Vrus/blocks,data/discovery/2026-09-10/archive_coverage/district_sweep/raw/06ceb07ae729249befdd_67a6d8babef9.html,67a6d8babef9c2e5305d7cee2858f92da9bf6469d81a4eb7f751152050941a21,9,9,not_reconciled,not_established
Muzaffarnagar,Shahpur,https://igod.gov.in/index.php/district/Ijg3tXQBW7DqAzx4Vrus/blocks,data/discovery/2026-09-10/archive_coverage/district_sweep/raw/06ceb07ae729249befdd_67a6d8babef9.html,67a6d8babef9c2e5305d7cee2858f92da9bf6469d81a4eb7f751152050941a21,9,9,not_reconciled,not_established
Pilibhit,Amariya,https://igod.gov.in/index.php/district/Izg3tXQBW7DqAzx4Vrus/blocks,data/discovery/2026-09-10/archive_coverage/district_sweep/raw/25fb3294afce1f9dab95_37ffa2428e82.html,37ffa2428e825ee69a5af62b6732605535f498e51c5989124ae542c4a1ce7a72,7,7,not_reconciled,not_established
Pilibhit,Barkhera,https://igod.gov.in/index.php/district/Izg3tXQBW7DqAzx4Vrus/blocks,data/discovery/2026-09-10/archive_coverage/district_sweep/raw/25fb3294afce1f9dab95_37ffa2428e82.html,37ffa2428e825ee69a5af62b6732605535f498e51c5989124ae542c4a1ce7a72,7,7,not_reconciled,not_established
Pilibhit,Bilsanda,https://igod.gov.in/index.php/district/Izg3tXQBW7DqAzx4Vrus/blocks,data/discovery/2026-09-10/archive_coverage/district_sweep/raw/25fb3294afce1f9dab95_37ffa2428e82.html,37ffa2428e825ee69a5af62b6732605535f498e51c5989124ae542c4a1ce7a72,7,7,not_reconciled,not_established
Pilibhit,Bisalpur,https://igod.gov.in/index.php/district/Izg3tXQBW7DqAzx4Vrus/blocks,data/discovery/2026-09-10/archive_coverage/district_sweep/raw/25fb3294afce1f9dab95_37ffa2428e82.html,37ffa2428e825ee69a5af62b6732605535f498e51c5989124ae542c4a1ce7a72,7,7,not_reconciled,not_established
Pilibhit,Lalaurikhera,https://igod.gov.in/index.php/district/Izg3tXQBW7DqAzx4Vrus/blocks,data/discovery/2026-09-10/archive_coverage/district_sweep/raw/25fb3294afce1f9dab95_37ffa2428e82.html,37ffa2428e825ee69a5af62b6732605535f498e51c5989124ae542c4a1ce7a72,7,7,not_reconciled,not_established
Pilibhit,Marori,https://igod.gov.in/index.php/district/Izg3tXQBW7DqAzx4Vrus/blocks,data/discovery/2026-09-10/archive_coverage/district_sweep/raw/25fb3294afce1f9dab95_37ffa2428e82.html,37ffa2428e825ee69a5af62b6732605535f498e51c5989124ae542c4a1ce7a72,7,7,not_reconciled,not_established
Pilibhit,Puranpur,https://igod.gov.in/index.php/district/Izg3tXQBW7DqAzx4Vrus/blocks,data/discovery/2026-09-10/archive_coverage/district_sweep/raw/25fb3294afce1f9dab95_37ffa2428e82.html,37ffa2428e825ee69a5af62b6732605535f498e51c5989124ae542c4a1ce7a72,7,7,not_reconciled,not_established
Pratapgarh,Aspur Deosara,https://igod.gov.in/index.php/district/JDg3tXQBW7DqAzx4Vrus/blocks,data/discovery/2026-09-10/archive_coverage/district_sweep/raw/087b0720f9c0b5afd6b1_edfe1acfbaf6.html,edfe1acfbaf60647aaa37cdb9a6f05280f12f93607385cad8d2f3908e62bd731,17,17,not_reconciled,not_established
Pratapgarh,Baba Belkharnath Dham,https://igod.gov.in/index.php/district/JDg3tXQBW7DqAzx4Vrus/blocks,data/discovery/2026-09-10/archive_coverage/district_sweep/raw/087b0720f9c0b5afd6b1_edfe1acfbaf6.html,edfe1acfbaf60647aaa37cdb9a6f05280f12f93607385cad8d2f3908e62bd731,17,17,not_reconciled,not_established
Pratapgarh,Babaganj,https://igod.gov.in/index.php/district/JDg3tXQBW7DqAzx4Vrus/blocks,data/discovery/2026-09-10/archive_coverage/district_sweep/raw/087b0720f9c0b5afd6b1_edfe1acfbaf6.html,edfe1acfbaf60647aaa37cdb9a6f05280f12f93607385cad8d2f3908e62bd731,17,17,not_reconciled,not_established
Pratapgarh,Bihar,https://igod.gov.in/index.php/district/JDg3tXQBW7DqAzx4Vrus/blocks,data/discovery/2026-09-10/archive_coverage/district_sweep/raw/087b0720f9c0b5afd6b1_edfe1acfbaf6.html,edfe1acfbaf60647aaa37cdb9a6f05280f12f93607385cad8d2f3908e62bd731,17,17,not_reconciled,not_established
Pratapgarh,Gaura,https://igod.gov.in/index.php/district/JDg3tXQBW7DqAzx4Vrus/blocks,data/discovery/2026-09-10/archive_coverage/district_sweep/raw/087b0720f9c0b5afd6b1_edfe1acfbaf6.html,edfe1acfbaf60647aaa37cdb9a6f05280f12f93607385cad8d2f3908e62bd731,17,17,not_reconciled,not_established
Pratapgarh,Kalakankar,https://igod.gov.in/index.php/district/JDg3tXQBW7DqAzx4Vrus/blocks,data/discovery/2026-09-10/archive_coverage/district_sweep/raw/087b0720f9c0b5afd6b1_edfe1acfbaf6.html,edfe1acfbaf60647aaa37cdb9a6f05280f12f93607385cad8d2f3908e62bd731,17,17,not_reconciled,not_established
Pratapgarh,Kunda,https://igod.gov.in/index.php/district/JDg3tXQBW7DqAzx4Vrus/blocks,data/discovery/2026-09-10/archive_coverage/district_sweep/raw/087b0720f9c0b5afd6b1_edfe1acfbaf6.html,edfe1acfbaf60647aaa37cdb9a6f05280f12f93607385cad8d2f3908e62bd731,17,17,not_reconciled,not_established
Pratapgarh,Lakshamanpur,https://igod.gov.in/index.php/district/JDg3tXQBW7DqAzx4Vrus/blocks,data/discovery/2026-09-10/archive_coverage/district_sweep/raw/087b0720f9c0b5afd6b1_edfe1acfbaf6.html,edfe1acfbaf60647aaa37cdb9a6f05280f12f93607385cad8d2f3908e62bd731,17,17,not_reconciled,not_established
Pratapgarh,Lalganj,https://igod.gov.in/index.php/district/JDg3tXQBW7DqAzx4Vrus/blocks,data/discovery/2026-09-10/archive_coverage/district_sweep/raw/087b0720f9c0b5afd6b1_edfe1acfbaf6.html,edfe1acfbaf60647aaa37cdb9a6f05280f12f93607385cad8d2f3908e62bd731,17,17,not_reconciled,not_established
Pratapgarh,Magraura,https://igod.gov.in/index.php/district/JDg3tXQBW7DqAzx4Vrus/blocks,data/discovery/2026-09-10/archive_coverage/district_sweep/raw/087b0720f9c0b5afd6b1_edfe1acfbaf6.html,edfe1acfbaf60647aaa37cdb9a6f05280f12f93607385cad8d2f3908e62bd731,17,17,not_reconciled,not_established
Pratapgarh,Mandhata,https://igod.gov.in/index.php/district/JDg3tXQBW7DqAzx4Vrus/blocks,data/discovery/2026-09-10/archive_coverage/district_sweep/raw/087b0720f9c0b5afd6b1_edfe1acfbaf6.html,edfe1acfbaf60647aaa37cdb9a6f05280f12f93607385cad8d2f3908e62bd731,17,17,not_reconciled,not_established
Pratapgarh,Patti,https://igod.gov.in/index.php/district/JDg3tXQBW7DqAzx4Vrus/blocks,data/discovery/2026-09-10/archive_coverage/district_sweep/raw/087b0720f9c0b5afd6b1_edfe1acfbaf6.html,edfe1acfbaf60647aaa37cdb9a6f05280f12f93607385cad8d2f3908e62bd731,17,17,not_reconciled,not_established
Pratapgarh,Pratapgarh (Sadar),https://igod.gov.in/index.php/district/JDg3tXQBW7DqAzx4Vrus/blocks,data/discovery/2026-09-10/archive_coverage/district_sweep/raw/087b0720f9c0b5afd6b1_edfe1acfbaf6.html,edfe1acfbaf60647aaa37cdb9a6f05280f12f93607385cad8d2f3908e62bd731,17,17,not_reconciled,not_established
Pratapgarh,Rampur Sanramgarh,https://igod.gov.in/index.php/district/JDg3tXQBW7DqAzx4Vrus/blocks,data/discovery/2026-09-10/archive_coverage/district_sweep/raw/087b0720f9c0b5afd6b1_edfe1acfbaf6.html,edfe1acfbaf60647aaa37cdb9a6f05280f12f93607385cad8d2f3908e62bd731,17,17,not_reconciled,not_established
Pratapgarh,Sandwa Chandrika,https://igod.gov.in/index.php/district/JDg3tXQBW7DqAzx4Vrus/blocks,data/discovery/2026-09-10/archive_coverage/district_sweep/raw/087b0720f9c0b5afd6b1_edfe1acfbaf6.html,edfe1acfbaf60647aaa37cdb9a6f05280f12f93607385cad8d2f3908e62bd731,17,17,not_reconciled,not_established
Pratapgarh,Sangipur,https://igod.gov.in/index.php/district/JDg3tXQBW7DqAzx4Vrus/blocks,data/discovery/2026-09-10/archive_coverage/district_sweep/raw/087b0720f9c0b5afd6b1_edfe1acfbaf6.html,edfe1acfbaf60647aaa37cdb9a6f05280f12f93607385cad8d2f3908e62bd731,17,17,not_reconciled,not_established
Pratapgarh,Shivgarh,https://igod.gov.in/index.php/district/JDg3tXQBW7DqAzx4Vrus/blocks,data/discovery/2026-09-10/archive_coverage/district_sweep/raw/087b0720f9c0b5afd6b1_edfe1acfbaf6.html,edfe1acfbaf60647aaa37cdb9a6f05280f12f93607385cad8d2f3908e62bd731,17,17,not_reconciled,not_established
Rampur,Bilaspur,https://igod.gov.in/index.php/district/JTg3tXQBW7DqAzx4Vrus/blocks,data/discovery/2026-09-10/archive_coverage/district_sweep/raw/04ff931ff0e39a4d7d9b_a368d85adba4.html,a368d85adba4a378c29c12ee87613080b8474b38e84c69b6a965f2fe1f786f33,6,6,not_reconciled,not_established
Rampur,Chamraon,https://igod.gov.in/index.php/district/JTg3tXQBW7DqAzx4Vrus/blocks,data/discovery/2026-09-10/archive_coverage/district_sweep/raw/04ff931ff0e39a4d7d9b_a368d85adba4.html,a368d85adba4a378c29c12ee87613080b8474b38e84c69b6a965f2fe1f786f33,6,6,not_reconciled,not_established
Rampur,Milak,https://igod.gov.in/index.php/district/JTg3tXQBW7DqAzx4Vrus/blocks,data/discovery/2026-09-10/archive_coverage/district_sweep/raw/04ff931ff0e39a4d7d9b_a368d85adba4.html,a368d85adba4a378c29c12ee87613080b8474b38e84c69b6a965f2fe1f786f33,6,6,not_reconciled,not_established
Rampur,Saidnagar,https://igod.gov.in/index.php/district/JTg3tXQBW7DqAzx4Vrus/blocks,data/discovery/2026-09-10/archive_coverage/district_sweep/raw/04ff931ff0e39a4d7d9b_a368d85adba4.html,a368d85adba4a378c29c12ee87613080b8474b38e84c69b6a965f2fe1f786f33,6,6,not_reconciled,not_established
Rampur,Shahabad,https://igod.gov.in/index.php/district/JTg3tXQBW7DqAzx4Vrus/blocks,data/discovery/2026-09-10/archive_coverage/district_sweep/raw/04ff931ff0e39a4d7d9b_a368d85adba4.html,a368d85adba4a378c29c12ee87613080b8474b38e84c69b6a965f2fe1f786f33,6,6,not_reconciled,not_established
Rampur,Suar,https://igod.gov.in/index.php/district/JTg3tXQBW7DqAzx4Vrus/blocks,data/discovery/2026-09-10/archive_coverage/district_sweep/raw/04ff931ff0e39a4d7d9b_a368d85adba4.html,a368d85adba4a378c29c12ee87613080b8474b38e84c69b6a965f2fe1f786f33,6,6,not_reconciled,not_established
Sant Kabir Nagar,Baghauli,https://igod.gov.in/index.php/district/Jjg3tXQBW7DqAzx4Vrus/blocks,data/discovery/2026-09-10/archive_coverage/district_sweep/raw/9a490e485f2410f18845_eab6f73a8cfb.html,eab6f73a8cfb0872525d8679f36398a232ec62e49303435712fa5e5be6ea77e3,9,9,not_reconciled,not_established
Sant Kabir Nagar,Belhar Kala,https://igod.gov.in/index.php/district/Jjg3tXQBW7DqAzx4Vrus/blocks,data/discovery/2026-09-10/archive_coverage/district_sweep/raw/9a490e485f2410f18845_eab6f73a8cfb.html,eab6f73a8cfb0872525d8679f36398a232ec62e49303435712fa5e5be6ea77e3,9,9,not_reconciled,not_established
Sant Kabir Nagar,Hainsar Bazar,https://igod.gov.in/index.php/district/Jjg3tXQBW7DqAzx4Vrus/blocks,data/discovery/2026-09-10/archive_coverage/district_sweep/raw/9a490e485f2410f18845_eab6f73a8cfb.html,eab6f73a8cfb0872525d8679f36398a232ec62e49303435712fa5e5be6ea77e3,9,9,not_reconciled,not_established
Sant Kabir Nagar,Khalilabad,https://igod.gov.in/index.php/district/Jjg3tXQBW7DqAzx4Vrus/blocks,data/discovery/2026-09-10/archive_coverage/district_sweep/raw/9a490e485f2410f18845_eab6f73a8cfb.html,eab6f73a8cfb0872525d8679f36398a232ec62e49303435712fa5e5be6ea77e3,9,9,not_reconciled,not_established
Sant Kabir Nagar,Mehdawal,https://igod.gov.in/index.php/district/Jjg3tXQBW7DqAzx4Vrus/blocks,data/discovery/2026-09-10/archive_coverage/district_sweep/raw/9a490e485f2410f18845_eab6f73a8cfb.html,eab6f73a8cfb0872525d8679f36398a232ec62e49303435712fa5e5be6ea77e3,9,9,not_reconciled,not_established
Sant Kabir Nagar,Nath Nagar,https://igod.gov.in/index.php/district/Jjg3tXQBW7DqAzx4Vrus/blocks,data/discovery/2026-09-10/archive_coverage/district_sweep/raw/9a490e485f2410f18845_eab6f73a8cfb.html,eab6f73a8cfb0872525d8679f36398a232ec62e49303435712fa5e5be6ea77e3,9,9,not_reconciled,not_established
Sant Kabir Nagar,Pauli,https://igod.gov.in/index.php/district/Jjg3tXQBW7DqAzx4Vrus/blocks,data/discovery/2026-09-10/archive_coverage/district_sweep/raw/9a490e485f2410f18845_eab6f73a8cfb.html,eab6f73a8cfb0872525d8679f36398a232ec62e49303435712fa5e5be6ea77e3,9,9,not_reconciled,not_established
Sant Kabir Nagar,Santha,https://igod.gov.in/index.php/district/Jjg3tXQBW7DqAzx4Vrus/blocks,data/discovery/2026-09-10/archive_coverage/district_sweep/raw/9a490e485f2410f18845_eab6f73a8cfb.html,eab6f73a8cfb0872525d8679f36398a232ec62e49303435712fa5e5be6ea77e3,9,9,not_reconciled,not_established
Sant Kabir Nagar,Semariyawan,https://igod.gov.in/index.php/district/Jjg3tXQBW7DqAzx4Vrus/blocks,data/discovery/2026-09-10/archive_coverage/district_sweep/raw/9a490e485f2410f18845_eab6f73a8cfb.html,eab6f73a8cfb0872525d8679f36398a232ec62e49303435712fa5e5be6ea77e3,9,9,not_reconciled,not_established
Siddharthnagar,Bansi,https://igod.gov.in/index.php/district/Jzg3tXQBW7DqAzx4Vrus/blocks,data/discovery/2026-09-10/archive_coverage/district_sweep/raw/e64c1ca8f906ca4a5303_c45288ef288a.html,c45288ef288a039ba101abfaef6511ffdca3e2dfa68d6bd5dc379b2590784f06,14,14,not_reconciled,not_established
Siddharthnagar,Barhni,https://igod.gov.in/index.php/district/Jzg3tXQBW7DqAzx4Vrus/blocks,data/discovery/2026-09-10/archive_coverage/district_sweep/raw/e64c1ca8f906ca4a5303_c45288ef288a.html,c45288ef288a039ba101abfaef6511ffdca3e2dfa68d6bd5dc379b2590784f06,14,14,not_reconciled,not_established
Siddharthnagar,Bhanwapur,https://igod.gov.in/index.php/district/Jzg3tXQBW7DqAzx4Vrus/blocks,data/discovery/2026-09-10/archive_coverage/district_sweep/raw/e64c1ca8f906ca4a5303_c45288ef288a.html,c45288ef288a039ba101abfaef6511ffdca3e2dfa68d6bd5dc379b2590784f06,14,14,not_reconciled,not_established
Siddharthnagar,Birdpur,https://igod.gov.in/index.php/district/Jzg3tXQBW7DqAzx4Vrus/blocks,data/discovery/2026-09-10/archive_coverage/district_sweep/raw/e64c1ca8f906ca4a5303_c45288ef288a.html,c45288ef288a039ba101abfaef6511ffdca3e2dfa68d6bd5dc379b2590784f06,14,14,not_reconciled,not_established
Siddharthnagar,Domariyaganj,https://igod.gov.in/index.php/district/Jzg3tXQBW7DqAzx4Vrus/blocks,data/discovery/2026-09-10/archive_coverage/district_sweep/raw/e64c1ca8f906ca4a5303_c45288ef288a.html,c45288ef288a039ba101abfaef6511ffdca3e2dfa68d6bd5dc379b2590784f06,14,14,not_reconciled,not_established
Siddharthnagar,Itwa,https://igod.gov.in/index.php/district/Jzg3tXQBW7DqAzx4Vrus/blocks,data/discovery/2026-09-10/archive_coverage/district_sweep/raw/e64c1ca8f906ca4a5303_c45288ef288a.html,c45288ef288a039ba101abfaef6511ffdca3e2dfa68d6bd5dc379b2590784f06,14,14,not_reconciled,not_established
Siddharthnagar,Jogia,https://igod.gov.in/index.php/district/Jzg3tXQBW7DqAzx4Vrus/blocks,data/discovery/2026-09-10/archive_coverage/district_sweep/raw/e64c1ca8f906ca4a5303_c45288ef288a.html,c45288ef288a039ba101abfaef6511ffdca3e2dfa68d6bd5dc379b2590784f06,14,14,not_reconciled,not_established
Siddharthnagar,Khesraha,https://igod.gov.in/index.php/district/Jzg3tXQBW7DqAzx4Vrus/blocks,data/discovery/2026-09-10/archive_coverage/district_sweep/raw/e64c1ca8f906ca4a5303_c45288ef288a.html,c45288ef288a039ba101abfaef6511ffdca3e2dfa68d6bd5dc379b2590784f06,14,14,not_reconciled,not_established
Siddharthnagar,Khuniyaon,https://igod.gov.in/index.php/district/Jzg3tXQBW7DqAzx4Vrus/blocks,data/discovery/2026-09-10/archive_coverage/district_sweep/raw/e64c1ca8f906ca4a5303_c45288ef288a.html,c45288ef288a039ba101abfaef6511ffdca3e2dfa68d6bd5dc379b2590784f06,14,14,not_reconciled,not_established
Siddharthnagar,Lotan,https://igod.gov.in/index.php/district/Jzg3tXQBW7DqAzx4Vrus/blocks,data/discovery/2026-09-10/archive_coverage/district_sweep/raw/e64c1ca8f906ca4a5303_c45288ef288a.html,c45288ef288a039ba101abfaef6511ffdca3e2dfa68d6bd5dc379b2590784f06,14,14,not_reconciled,not_established
Siddharthnagar,Mithwal,https://igod.gov.in/index.php/district/Jzg3tXQBW7DqAzx4Vrus/blocks,data/discovery/2026-09-10/archive_coverage/district_sweep/raw/e64c1ca8f906ca4a5303_c45288ef288a.html,c45288ef288a039ba101abfaef6511ffdca3e2dfa68d6bd5dc379b2590784f06,14,14,not_reconciled,not_established
Siddharthnagar,Naugarh,https://igod.gov.in/index.php/district/Jzg3tXQBW7DqAzx4Vrus/blocks,data/discovery/2026-09-10/archive_coverage/district_sweep/raw/e64c1ca8f906ca4a5303_c45288ef288a.html,c45288ef288a039ba101abfaef6511ffdca3e2dfa68d6bd5dc379b2590784f06,14,14,not_reconciled,not_established
Siddharthnagar,Shoharatgarh,https://igod.gov.in/index.php/district/Jzg3tXQBW7DqAzx4Vrus/blocks,data/discovery/2026-09-10/archive_coverage/district_sweep/raw/e64c1ca8f906ca4a5303_c45288ef288a.html,c45288ef288a039ba101abfaef6511ffdca3e2dfa68d6bd5dc379b2590784f06,14,14,not_reconciled,not_established
Siddharthnagar,Uska Bazar,https://igod.gov.in/index.php/district/Jzg3tXQBW7DqAzx4Vrus/blocks,data/discovery/2026-09-10/archive_coverage/district_sweep/raw/e64c1ca8f906ca4a5303_c45288ef288a.html,c45288ef288a039ba101abfaef6511ffdca3e2dfa68d6bd5dc379b2590784f06,14,14,not_reconciled,not_established
Unnao,Asoha,https://igod.gov.in/index.php/district/KDg3tXQBW7DqAzx4Vrus/blocks,data/discovery/2026-09-10/archive_coverage/district_sweep/raw/1725e33a02c027c7ce5b_070ab7f63714.html,070ab7f637144c8c616d955fa27f55b3eb3b58892e13683ab34cbe822eaecefc,16,16,not_reconciled,not_established
Unnao,Auras,https://igod.gov.in/index.php/district/KDg3tXQBW7DqAzx4Vrus/blocks,data/discovery/2026-09-10/archive_coverage/district_sweep/raw/1725e33a02c027c7ce5b_070ab7f63714.html,070ab7f637144c8c616d955fa27f55b3eb3b58892e13683ab34cbe822eaecefc,16,16,not_reconciled,not_established
Unnao,Bangarmau,https://igod.gov.in/index.php/district/KDg3tXQBW7DqAzx4Vrus/blocks,data/discovery/2026-09-10/archive_coverage/district_sweep/raw/1725e33a02c027c7ce5b_070ab7f63714.html,070ab7f637144c8c616d955fa27f55b3eb3b58892e13683ab34cbe822eaecefc,16,16,not_reconciled,not_established
Unnao,Bichhiya,https://igod.gov.in/index.php/district/KDg3tXQBW7DqAzx4Vrus/blocks,data/discovery/2026-09-10/archive_coverage/district_sweep/raw/1725e33a02c027c7ce5b_070ab7f63714.html,070ab7f637144c8c616d955fa27f55b3eb3b58892e13683ab34cbe822eaecefc,16,16,not_reconciled,not_established
Unnao,Bighapur,https://igod.gov.in/index.php/district/KDg3tXQBW7DqAzx4Vrus/blocks,data/discovery/2026-09-10/archive_coverage/district_sweep/raw/1725e33a02c027c7ce5b_070ab7f63714.html,070ab7f637144c8c616d955fa27f55b3eb3b58892e13683ab34cbe822eaecefc,16,16,not_reconciled,not_established
Unnao,Fatehpur Chaurasi,https://igod.gov.in/index.php/district/KDg3tXQBW7DqAzx4Vrus/blocks,data/discovery/2026-09-10/archive_coverage/district_sweep/raw/1725e33a02c027c7ce5b_070ab7f63714.html,070ab7f637144c8c616d955fa27f55b3eb3b58892e13683ab34cbe822eaecefc,16,16,not_reconciled,not_established
Unnao,Ganj Moradabad,https://igod.gov.in/index.php/district/KDg3tXQBW7DqAzx4Vrus/blocks,data/discovery/2026-09-10/archive_coverage/district_sweep/raw/1725e33a02c027c7ce5b_070ab7f63714.html,070ab7f637144c8c616d955fa27f55b3eb3b58892e13683ab34cbe822eaecefc,16,16,not_reconciled,not_established
Unnao,Hasanganj,https://igod.gov.in/index.php/district/KDg3tXQBW7DqAzx4Vrus/blocks,data/discovery/2026-09-10/archive_coverage/district_sweep/raw/1725e33a02c027c7ce5b_070ab7f63714.html,070ab7f637144c8c616d955fa27f55b3eb3b58892e13683ab34cbe822eaecefc,16,16,not_reconciled,not_established
Unnao,Hilauli,https://igod.gov.in/index.php/district/KDg3tXQBW7DqAzx4Vrus/blocks,data/discovery/2026-09-10/archive_coverage/district_sweep/raw/1725e33a02c027c7ce5b_070ab7f63714.html,070ab7f637144c8c616d955fa27f55b3eb3b58892e13683ab34cbe822eaecefc,16,16,not_reconciled,not_established
Unnao,Mianganj,https://igod.gov.in/index.php/district/KDg3tXQBW7DqAzx4Vrus/blocks,data/discovery/2026-09-10/archive_coverage/district_sweep/raw/1725e33a02c027c7ce5b_070ab7f63714.html,070ab7f637144c8c616d955fa27f55b3eb3b58892e13683ab34cbe822eaecefc,16,16,not_reconciled,not_established
Unnao,Nawabganj,https://igod.gov.in/index.php/district/KDg3tXQBW7DqAzx4Vrus/blocks,data/discovery/2026-09-10/archive_coverage/district_sweep/raw/1725e33a02c027c7ce5b_070ab7f63714.html,070ab7f637144c8c616d955fa27f55b3eb3b58892e13683ab34cbe822eaecefc,16,16,not_reconciled,not_established
Unnao,Purwa,https://igod.gov.in/index.php/district/KDg3tXQBW7DqAzx4Vrus/blocks,data/discovery/2026-09-10/archive_coverage/district_sweep/raw/1725e33a02c027c7ce5b_070ab7f63714.html,070ab7f637144c8c616d955fa27f55b3eb3b58892e13683ab34cbe822eaecefc,16,16,not_reconciled,not_established
Unnao,Safipur,https://igod.gov.in/index.php/district/KDg3tXQBW7DqAzx4Vrus/blocks,data/discovery/2026-09-10/archive_coverage/district_sweep/raw/1725e33a02c027c7ce5b_070ab7f63714.html,070ab7f637144c8c616d955fa27f55b3eb3b58892e13683ab34cbe822eaecefc,16,16,not_reconciled,not_established
Unnao,Sikandarpur Karan,https://igod.gov.in/index.php/district/KDg3tXQBW7DqAzx4Vrus/blocks,data/discovery/2026-09-10/archive_coverage/district_sweep/raw/1725e33a02c027c7ce5b_070ab7f63714.html,070ab7f637144c8c616d955fa27f55b3eb3b58892e13683ab34cbe822eaecefc,16,16,not_reconciled,not_established
Unnao,Sikandarpur Sarausi,https://igod.gov.in/index.php/district/KDg3tXQBW7DqAzx4Vrus/blocks,data/discovery/2026-09-10/archive_coverage/district_sweep/raw/1725e33a02c027c7ce5b_070ab7f63714.html,070ab7f637144c8c616d955fa27f55b3eb3b58892e13683ab34cbe822eaecefc,16,16,not_reconciled,not_established
Unnao,Sumerpur,https://igod.gov.in/index.php/district/KDg3tXQBW7DqAzx4Vrus/blocks,data/discovery/2026-09-10/archive_coverage/district_sweep/raw/1725e33a02c027c7ce5b_070ab7f63714.html,070ab7f637144c8c616d955fa27f55b3eb3b58892e13683ab34cbe822eaecefc,16,16,not_reconciled,not_established
Ghaziabad,Bhojpur,https://igod.gov.in/index.php/district/Kjg3tXQBW7DqAzx4Vrus/blocks,data/discovery/2026-09-10/archive_coverage/district_sweep/raw/59f90a49a39390000fd5_b2548228d680.html,b2548228d680de45d23630dfc68a5cd86d2d70ff2454cc740c5341f916c3eb5c,4,4,not_reconciled,not_established
Ghaziabad,Loni,https://igod.gov.in/index.php/district/Kjg3tXQBW7DqAzx4Vrus/blocks,data/discovery/2026-09-10/archive_coverage/district_sweep/raw/59f90a49a39390000fd5_b2548228d680.html,b2548228d680de45d23630dfc68a5cd86d2d70ff2454cc740c5341f916c3eb5c,4,4,not_reconciled,not_established
Ghaziabad,Muradnagar,https://igod.gov.in/index.php/district/Kjg3tXQBW7DqAzx4Vrus/blocks,data/discovery/2026-09-10/archive_coverage/district_sweep/raw/59f90a49a39390000fd5_b2548228d680.html,b2548228d680de45d23630dfc68a5cd86d2d70ff2454cc740c5341f916c3eb5c,4,4,not_reconciled,not_established
Ghaziabad,Rajapur,https://igod.gov.in/index.php/district/Kjg3tXQBW7DqAzx4Vrus/blocks,data/discovery/2026-09-10/archive_coverage/district_sweep/raw/59f90a49a39390000fd5_b2548228d680.html,b2548228d680de45d23630dfc68a5cd86d2d70ff2454cc740c5341f916c3eb5c,4,4,not_reconciled,not_established
Ghazipur,Bhadaura,https://igod.gov.in/index.php/district/Kzg3tXQBW7DqAzx4Vrus/blocks,data/discovery/2026-09-10/archive_coverage/district_sweep/raw/1f954173afcc4e3b8abf_77c888698b79.html,77c888698b7954db88b2e14f6726e271ceb9a6faa29f9acdd83380b00f7c2755,16,16,not_reconciled,not_established
Ghazipur,Bhanwarkol,https://igod.gov.in/index.php/district/Kzg3tXQBW7DqAzx4Vrus/blocks,data/discovery/2026-09-10/archive_coverage/district_sweep/raw/1f954173afcc4e3b8abf_77c888698b79.html,77c888698b7954db88b2e14f6726e271ceb9a6faa29f9acdd83380b00f7c2755,16,16,not_reconciled,not_established
Ghazipur,Devkali,https://igod.gov.in/index.php/district/Kzg3tXQBW7DqAzx4Vrus/blocks,data/discovery/2026-09-10/archive_coverage/district_sweep/raw/1f954173afcc4e3b8abf_77c888698b79.html,77c888698b7954db88b2e14f6726e271ceb9a6faa29f9acdd83380b00f7c2755,16,16,not_reconciled,not_established
Ghazipur,Ghazipur,https://igod.gov.in/index.php/district/Kzg3tXQBW7DqAzx4Vrus/blocks,data/discovery/2026-09-10/archive_coverage/district_sweep/raw/1f954173afcc4e3b8abf_77c888698b79.html,77c888698b7954db88b2e14f6726e271ceb9a6faa29f9acdd83380b00f7c2755,16,16,not_reconciled,not_established
Ghazipur,Jakhania,https://igod.gov.in/index.php/district/Kzg3tXQBW7DqAzx4Vrus/blocks,data/discovery/2026-09-10/archive_coverage/district_sweep/raw/1f954173afcc4e3b8abf_77c888698b79.html,77c888698b7954db88b2e14f6726e271ceb9a6faa29f9acdd83380b00f7c2755,16,16,not_reconciled,not_established
Ghazipur,Karanda,https://igod.gov.in/index.php/district/Kzg3tXQBW7DqAzx4Vrus/blocks,data/discovery/2026-09-10/archive_coverage/district_sweep/raw/1f954173afcc4e3b8abf_77c888698b79.html,77c888698b7954db88b2e14f6726e271ceb9a6faa29f9acdd83380b00f7c2755,16,16,not_reconciled,not_established
Ghazipur,Kasimabad,https://igod.gov.in/index.php/district/Kzg3tXQBW7DqAzx4Vrus/blocks,data/discovery/2026-09-10/archive_coverage/district_sweep/raw/1f954173afcc4e3b8abf_77c888698b79.html,77c888698b7954db88b2e14f6726e271ceb9a6faa29f9acdd83380b00f7c2755,16,16,not_reconciled,not_established
Ghazipur,Manihari,https://igod.gov.in/index.php/district/Kzg3tXQBW7DqAzx4Vrus/blocks,data/discovery/2026-09-10/archive_coverage/district_sweep/raw/1f954173afcc4e3b8abf_77c888698b79.html,77c888698b7954db88b2e14f6726e271ceb9a6faa29f9acdd83380b00f7c2755,16,16,not_reconciled,not_established
Ghazipur,Mardah,https://igod.gov.in/index.php/district/Kzg3tXQBW7DqAzx4Vrus/blocks,data/discovery/2026-09-10/archive_coverage/district_sweep/raw/1f954173afcc4e3b8abf_77c888698b79.html,77c888698b7954db88b2e14f6726e271ceb9a6faa29f9acdd83380b00f7c2755,16,16,not_reconciled,not_established
Ghazipur,Mohammadabad,https://igod.gov.in/index.php/district/Kzg3tXQBW7DqAzx4Vrus/blocks,data/discovery/2026-09-10/archive_coverage/district_sweep/raw/1f954173afcc4e3b8abf_77c888698b79.html,77c888698b7954db88b2e14f6726e271ceb9a6faa29f9acdd83380b00f7c2755,16,16,not_reconciled,not_established
Ghazipur,Revatipur,https://igod.gov.in/index.php/district/Kzg3tXQBW7DqAzx4Vrus/blocks,data/discovery/2026-09-10/archive_coverage/district_sweep/raw/1f954173afcc4e3b8abf_77c888698b79.html,77c888698b7954db88b2e14f6726e271ceb9a6faa29f9acdd83380b00f7c2755,16,16,not_reconciled,not_established
Ghazipur,Sadat,https://igod.gov.in/index.php/district/Kzg3tXQBW7DqAzx4Vrus/blocks,data/discovery/2026-09-10/archive_coverage/district_sweep/raw/1f954173afcc4e3b8abf_77c888698b79.html,77c888698b7954db88b2e14f6726e271ceb9a6faa29f9acdd83380b00f7c2755,16,16,not_reconciled,not_established
Ghazipur,Saidpur,https://igod.gov.in/index.php/district/Kzg3tXQBW7DqAzx4Vrus/blocks,data/discovery/2026-09-10/archive_coverage/district_sweep/raw/1f954173afcc4e3b8abf_77c888698b79.html,77c888698b7954db88b2e14f6726e271ceb9a6faa29f9acdd83380b00f7c2755,16,16,not_reconciled,not_established
Ghazipur,Varachakwar,https://igod.gov.in/index.php/district/Kzg3tXQBW7DqAzx4Vrus/blocks,data/discovery/2026-09-10/archive_coverage/district_sweep/raw/1f954173afcc4e3b8abf_77c888698b79.html,77c888698b7954db88b2e14f6726e271ceb9a6faa29f9acdd83380b00f7c2755,16,16,not_reconciled,not_established
Ghazipur,Virno,https://igod.gov.in/index.php/district/Kzg3tXQBW7DqAzx4Vrus/blocks,data/discovery/2026-09-10/archive_coverage/district_sweep/raw/1f954173afcc4e3b8abf_77c888698b79.html,77c888698b7954db88b2e14f6726e271ceb9a6faa29f9acdd83380b00f7c2755,16,16,not_reconciled,not_established
Ghazipur,Zamania,https://igod.gov.in/index.php/district/Kzg3tXQBW7DqAzx4Vrus/blocks,data/discovery/2026-09-10/archive_coverage/district_sweep/raw/1f954173afcc4e3b8abf_77c888698b79.html,77c888698b7954db88b2e14f6726e271ceb9a6faa29f9acdd83380b00f7c2755,16,16,not_reconciled,not_established
Jalaun,Dakore,https://igod.gov.in/index.php/district/LDg3tXQBW7DqAzx4Vrus/blocks,data/discovery/2026-09-10/archive_coverage/district_sweep/raw/906f51ac34b9e12ad3bf_12a998122f6e.html,12a998122f6e7ce74e8d10d33889266a4f855e5117c593bbfc4e195ff3869c01,9,9,not_reconciled,not_established
Jalaun,Jalaun,https://igod.gov.in/index.php/district/LDg3tXQBW7DqAzx4Vrus/blocks,data/discovery/2026-09-10/archive_coverage/district_sweep/raw/906f51ac34b9e12ad3bf_12a998122f6e.html,12a998122f6e7ce74e8d10d33889266a4f855e5117c593bbfc4e195ff3869c01,9,9,not_reconciled,not_established
Jalaun,Kadaura,https://igod.gov.in/index.php/district/LDg3tXQBW7DqAzx4Vrus/blocks,data/discovery/2026-09-10/archive_coverage/district_sweep/raw/906f51ac34b9e12ad3bf_12a998122f6e.html,12a998122f6e7ce74e8d10d33889266a4f855e5117c593bbfc4e195ff3869c01,9,9,not_reconciled,not_established
Jalaun,Konch,https://igod.gov.in/index.php/district/LDg3tXQBW7DqAzx4Vrus/blocks,data/discovery/2026-09-10/archive_coverage/district_sweep/raw/906f51ac34b9e12ad3bf_12a998122f6e.html,12a998122f6e7ce74e8d10d33889266a4f855e5117c593bbfc4e195ff3869c01,9,9,not_reconciled,not_established
Jalaun,Kuthaund,https://igod.gov.in/index.php/district/LDg3tXQBW7DqAzx4Vrus/blocks,data/discovery/2026-09-10/archive_coverage/district_sweep/raw/906f51ac34b9e12ad3bf_12a998122f6e.html,12a998122f6e7ce74e8d10d33889266a4f855e5117c593bbfc4e195ff3869c01,9,9,not_reconciled,not_established
Jalaun,Madhogarh,https://igod.gov.in/index.php/district/LDg3tXQBW7DqAzx4Vrus/blocks,data/discovery/2026-09-10/archive_coverage/district_sweep/raw/906f51ac34b9e12ad3bf_12a998122f6e.html,12a998122f6e7ce74e8d10d33889266a4f855e5117c593bbfc4e195ff3869c01,9,9,not_reconciled,not_established
Jalaun,Maheva,https://igod.gov.in/index.php/district/LDg3tXQBW7DqAzx4Vrus/blocks,data/discovery/2026-09-10/archive_coverage/district_sweep/raw/906f51ac34b9e12ad3bf_12a998122f6e.html,12a998122f6e7ce74e8d10d33889266a4f855e5117c593bbfc4e195ff3869c01,9,9,not_reconciled,not_established
Jalaun,Nadigaon,https://igod.gov.in/index.php/district/LDg3tXQBW7DqAzx4Vrus/blocks,data/discovery/2026-09-10/archive_coverage/district_sweep/raw/906f51ac34b9e12ad3bf_12a998122f6e.html,12a998122f6e7ce74e8d10d33889266a4f855e5117c593bbfc4e195ff3869c01,9,9,not_reconciled,not_established
Jalaun,Rampura,https://igod.gov.in/index.php/district/LDg3tXQBW7DqAzx4Vrus/blocks,data/discovery/2026-09-10/archive_coverage/district_sweep/raw/906f51ac34b9e12ad3bf_12a998122f6e.html,12a998122f6e7ce74e8d10d33889266a4f855e5117c593bbfc4e195ff3869c01,9,9,not_reconciled,not_established
Moradabad,Bhagatpur Tanda,https://igod.gov.in/index.php/district/LTg3tXQBW7DqAzx4Vrus/blocks,data/discovery/2026-09-10/archive_coverage/district_sweep/raw/adbb50d2868a40aa538d_683f0819984e.html,683f0819984e4e1bed1e2cca333a650182b293e41dcd5dc948377137b7f03d96,8,8,not_reconciled,not_established
Moradabad,Bilari,https://igod.gov.in/index.php/district/LTg3tXQBW7DqAzx4Vrus/blocks,data/discovery/2026-09-10/archive_coverage/district_sweep/raw/adbb50d2868a40aa538d_683f0819984e.html,683f0819984e4e1bed1e2cca333a650182b293e41dcd5dc948377137b7f03d96,8,8,not_reconciled,not_established
Moradabad,Chhajlet,https://igod.gov.in/index.php/district/LTg3tXQBW7DqAzx4Vrus/blocks,data/discovery/2026-09-10/archive_coverage/district_sweep/raw/adbb50d2868a40aa538d_683f0819984e.html,683f0819984e4e1bed1e2cca333a650182b293e41dcd5dc948377137b7f03d96,8,8,not_reconciled,not_established
Moradabad,Dilari,https://igod.gov.in/index.php/district/LTg3tXQBW7DqAzx4Vrus/blocks,data/discovery/2026-09-10/archive_coverage/district_sweep/raw/adbb50d2868a40aa538d_683f0819984e.html,683f0819984e4e1bed1e2cca333a650182b293e41dcd5dc948377137b7f03d96,8,8,not_reconciled,not_established
Moradabad,Kundarki,https://igod.gov.in/index.php/district/LTg3tXQBW7DqAzx4Vrus/blocks,data/discovery/2026-09-10/archive_coverage/district_sweep/raw/adbb50d2868a40aa538d_683f0819984e.html,683f0819984e4e1bed1e2cca333a650182b293e41dcd5dc948377137b7f03d96,8,8,not_reconciled,not_established
Moradabad,Moradabad,https://igod.gov.in/index.php/district/LTg3tXQBW7DqAzx4Vrus/blocks,data/discovery/2026-09-10/archive_coverage/district_sweep/raw/adbb50d2868a40aa538d_683f0819984e.html,683f0819984e4e1bed1e2cca333a650182b293e41dcd5dc948377137b7f03d96,8,8,not_reconciled,not_established
Moradabad,Munda Pandey,https://igod.gov.in/index.php/district/LTg3tXQBW7DqAzx4Vrus/blocks,data/discovery/2026-09-10/archive_coverage/district_sweep/raw/adbb50d2868a40aa538d_683f0819984e.html,683f0819984e4e1bed1e2cca333a650182b293e41dcd5dc948377137b7f03d96,8,8,not_reconciled,not_established
Moradabad,Thakurdwara,https://igod.gov.in/index.php/district/LTg3tXQBW7DqAzx4Vrus/blocks,data/discovery/2026-09-10/archive_coverage/district_sweep/raw/adbb50d2868a40aa538d_683f0819984e.html,683f0819984e4e1bed1e2cca333a650182b293e41dcd5dc948377137b7f03d96,8,8,not_reconciled,not_established
Hardoi,Ahirori,https://igod.gov.in/index.php/district/Nzg3tXQBW7DqAzx4Vrus/blocks,data/discovery/2026-09-10/archive_coverage/district_sweep/raw/a34b3a663b6572c7a32a_bb46f9dacc22.html,bb46f9dacc221c0d48195ddbcaa51d1641b7a38daf8622f841cae78b719f1275,19,19,not_reconciled,not_established
Hardoi,Bawan,https://igod.gov.in/index.php/district/Nzg3tXQBW7DqAzx4Vrus/blocks,data/discovery/2026-09-10/archive_coverage/district_sweep/raw/a34b3a663b6572c7a32a_bb46f9dacc22.html,bb46f9dacc221c0d48195ddbcaa51d1641b7a38daf8622f841cae78b719f1275,19,19,not_reconciled,not_established
Hardoi,Behendar,https://igod.gov.in/index.php/district/Nzg3tXQBW7DqAzx4Vrus/blocks,data/discovery/2026-09-10/archive_coverage/district_sweep/raw/a34b3a663b6572c7a32a_bb46f9dacc22.html,bb46f9dacc221c0d48195ddbcaa51d1641b7a38daf8622f841cae78b719f1275,19,19,not_reconciled,not_established
Hardoi,Bharawan,https://igod.gov.in/index.php/district/Nzg3tXQBW7DqAzx4Vrus/blocks,data/discovery/2026-09-10/archive_coverage/district_sweep/raw/a34b3a663b6572c7a32a_bb46f9dacc22.html,bb46f9dacc221c0d48195ddbcaa51d1641b7a38daf8622f841cae78b719f1275,19,19,not_reconciled,not_established
Hardoi,Bharkhani,https://igod.gov.in/index.php/district/Nzg3tXQBW7DqAzx4Vrus/blocks,data/discovery/2026-09-10/archive_coverage/district_sweep/raw/a34b3a663b6572c7a32a_bb46f9dacc22.html,bb46f9dacc221c0d48195ddbcaa51d1641b7a38daf8622f841cae78b719f1275,19,19,not_reconciled,not_established
Hardoi,Bilgram,https://igod.gov.in/index.php/district/Nzg3tXQBW7DqAzx4Vrus/blocks,data/discovery/2026-09-10/archive_coverage/district_sweep/raw/a34b3a663b6572c7a32a_bb46f9dacc22.html,bb46f9dacc221c0d48195ddbcaa51d1641b7a38daf8622f841cae78b719f1275,19,19,not_reconciled,not_established
Hardoi,Hariyawan,https://igod.gov.in/index.php/district/Nzg3tXQBW7DqAzx4Vrus/blocks,data/discovery/2026-09-10/archive_coverage/district_sweep/raw/a34b3a663b6572c7a32a_bb46f9dacc22.html,bb46f9dacc221c0d48195ddbcaa51d1641b7a38daf8622f841cae78b719f1275,19,19,not_reconciled,not_established
Hardoi,Harpalpur,https://igod.gov.in/index.php/district/Nzg3tXQBW7DqAzx4Vrus/blocks,data/discovery/2026-09-10/archive_coverage/district_sweep/raw/a34b3a663b6572c7a32a_bb46f9dacc22.html,bb46f9dacc221c0d48195ddbcaa51d1641b7a38daf8622f841cae78b719f1275,19,19,not_reconciled,not_established
Hardoi,Kachauna,https://igod.gov.in/index.php/district/Nzg3tXQBW7DqAzx4Vrus/blocks,data/discovery/2026-09-10/archive_coverage/district_sweep/raw/a34b3a663b6572c7a32a_bb46f9dacc22.html,bb46f9dacc221c0d48195ddbcaa51d1641b7a38daf8622f841cae78b719f1275,19,19,not_reconciled,not_established
Hardoi,Kothawan,https://igod.gov.in/index.php/district/Nzg3tXQBW7DqAzx4Vrus/blocks,data/discovery/2026-09-10/archive_coverage/district_sweep/raw/a34b3a663b6572c7a32a_bb46f9dacc22.html,bb46f9dacc221c0d48195ddbcaa51d1641b7a38daf8622f841cae78b719f1275,19,19,not_reconciled,not_established
Hardoi,Madhoganj,https://igod.gov.in/index.php/district/Nzg3tXQBW7DqAzx4Vrus/blocks,data/discovery/2026-09-10/archive_coverage/district_sweep/raw/a34b3a663b6572c7a32a_bb46f9dacc22.html,bb46f9dacc221c0d48195ddbcaa51d1641b7a38daf8622f841cae78b719f1275,19,19,not_reconciled,not_established
Hardoi,Mallawan,https://igod.gov.in/index.php/district/Nzg3tXQBW7DqAzx4Vrus/blocks,data/discovery/2026-09-10/archive_coverage/district_sweep/raw/a34b3a663b6572c7a32a_bb46f9dacc22.html,bb46f9dacc221c0d48195ddbcaa51d1641b7a38daf8622f841cae78b719f1275,19,19,not_reconciled,not_established
Hardoi,Pihani,https://igod.gov.in/index.php/district/Nzg3tXQBW7DqAzx4Vrus/blocks,data/discovery/2026-09-10/archive_coverage/district_sweep/raw/a34b3a663b6572c7a32a_bb46f9dacc22.html,bb46f9dacc221c0d48195ddbcaa51d1641b7a38daf8622f841cae78b719f1275,19,19,not_reconciled,not_established
Hardoi,Sandi,https://igod.gov.in/index.php/district/Nzg3tXQBW7DqAzx4Vrus/blocks,data/discovery/2026-09-10/archive_coverage/district_sweep/raw/a34b3a663b6572c7a32a_bb46f9dacc22.html,bb46f9dacc221c0d48195ddbcaa51d1641b7a38daf8622f841cae78b719f1275,19,19,not_reconciled,not_established
Hardoi,Sandila,https://igod.gov.in/index.php/district/Nzg3tXQBW7DqAzx4Vrus/blocks,data/discovery/2026-09-10/archive_coverage/district_sweep/raw/a34b3a663b6572c7a32a_bb46f9dacc22.html,bb46f9dacc221c0d48195ddbcaa51d1641b7a38daf8622f841cae78b719f1275,19,19,not_reconciled,not_established
Hardoi,Shahabad,https://igod.gov.in/index.php/district/Nzg3tXQBW7DqAzx4Vrus/blocks,data/discovery/2026-09-10/archive_coverage/district_sweep/raw/a34b3a663b6572c7a32a_bb46f9dacc22.html,bb46f9dacc221c0d48195ddbcaa51d1641b7a38daf8622f841cae78b719f1275,19,19,not_reconciled,not_established
Hardoi,Sursa,https://igod.gov.in/index.php/district/Nzg3tXQBW7DqAzx4Vrus/blocks,data/discovery/2026-09-10/archive_coverage/district_sweep/raw/a34b3a663b6572c7a32a_bb46f9dacc22.html,bb46f9dacc221c0d48195ddbcaa51d1641b7a38daf8622f841cae78b719f1275,19,19,not_reconciled,not_established
Hardoi,Tandiyawan,https://igod.gov.in/index.php/district/Nzg3tXQBW7DqAzx4Vrus/blocks,data/discovery/2026-09-10/archive_coverage/district_sweep/raw/a34b3a663b6572c7a32a_bb46f9dacc22.html,bb46f9dacc221c0d48195ddbcaa51d1641b7a38daf8622f841cae78b719f1275,19,19,not_reconciled,not_established
Hardoi,Todarpur,https://igod.gov.in/index.php/district/Nzg3tXQBW7DqAzx4Vrus/blocks,data/discovery/2026-09-10/archive_coverage/district_sweep/raw/a34b3a663b6572c7a32a_bb46f9dacc22.html,bb46f9dacc221c0d48195ddbcaa51d1641b7a38daf8622f841cae78b719f1275,19,19,not_reconciled,not_established
Kannauj,Chhibramau,https://igod.gov.in/index.php/district/ODg3tXQBW7DqAzx4Vrus/blocks,data/discovery/2026-09-10/archive_coverage/district_sweep/raw/0b0b59912b056709080c_416859fcdae6.html,416859fcdae6d60fffaba496088a01d4c2a9b6c11ab9b8f2fe1e19a82d430574,8,8,not_reconciled,not_established
Kannauj,Gughrapur,https://igod.gov.in/index.php/district/ODg3tXQBW7DqAzx4Vrus/blocks,data/discovery/2026-09-10/archive_coverage/district_sweep/raw/0b0b59912b056709080c_416859fcdae6.html,416859fcdae6d60fffaba496088a01d4c2a9b6c11ab9b8f2fe1e19a82d430574,8,8,not_reconciled,not_established
Kannauj,Haseran,https://igod.gov.in/index.php/district/ODg3tXQBW7DqAzx4Vrus/blocks,data/discovery/2026-09-10/archive_coverage/district_sweep/raw/0b0b59912b056709080c_416859fcdae6.html,416859fcdae6d60fffaba496088a01d4c2a9b6c11ab9b8f2fe1e19a82d430574,8,8,not_reconciled,not_established
Kannauj,Jalalabad,https://igod.gov.in/index.php/district/ODg3tXQBW7DqAzx4Vrus/blocks,data/discovery/2026-09-10/archive_coverage/district_sweep/raw/0b0b59912b056709080c_416859fcdae6.html,416859fcdae6d60fffaba496088a01d4c2a9b6c11ab9b8f2fe1e19a82d430574,8,8,not_reconciled,not_established
Kannauj,Kannauj,https://igod.gov.in/index.php/district/ODg3tXQBW7DqAzx4Vrus/blocks,data/discovery/2026-09-10/archive_coverage/district_sweep/raw/0b0b59912b056709080c_416859fcdae6.html,416859fcdae6d60fffaba496088a01d4c2a9b6c11ab9b8f2fe1e19a82d430574,8,8,not_reconciled,not_established
Kannauj,Saurikh,https://igod.gov.in/index.php/district/ODg3tXQBW7DqAzx4Vrus/blocks,data/discovery/2026-09-10/archive_coverage/district_sweep/raw/0b0b59912b056709080c_416859fcdae6.html,416859fcdae6d60fffaba496088a01d4c2a9b6c11ab9b8f2fe1e19a82d430574,8,8,not_reconciled,not_established
Kannauj,Talgram,https://igod.gov.in/index.php/district/ODg3tXQBW7DqAzx4Vrus/blocks,data/discovery/2026-09-10/archive_coverage/district_sweep/raw/0b0b59912b056709080c_416859fcdae6.html,416859fcdae6d60fffaba496088a01d4c2a9b6c11ab9b8f2fe1e19a82d430574,8,8,not_reconciled,not_established
Kannauj,Umarda,https://igod.gov.in/index.php/district/ODg3tXQBW7DqAzx4Vrus/blocks,data/discovery/2026-09-10/archive_coverage/district_sweep/raw/0b0b59912b056709080c_416859fcdae6.html,416859fcdae6d60fffaba496088a01d4c2a9b6c11ab9b8f2fe1e19a82d430574,8,8,not_reconciled,not_established
Shahjahanpur,Banda,https://igod.gov.in/index.php/district/OTg3tXQBW7DqAzx4Vrus/blocks,data/discovery/2026-09-10/archive_coverage/district_sweep/raw/02d36fbcd78f7a59482d_1669ed537055.html,1669ed537055112e38bc7054f9562419aa304778fb818f7629b75912b5c6f56a,15,15,not_reconciled,not_established
Shahjahanpur,Bhawal Khera,https://igod.gov.in/index.php/district/OTg3tXQBW7DqAzx4Vrus/blocks,data/discovery/2026-09-10/archive_coverage/district_sweep/raw/02d36fbcd78f7a59482d_1669ed537055.html,1669ed537055112e38bc7054f9562419aa304778fb818f7629b75912b5c6f56a,15,15,not_reconciled,not_established
Shahjahanpur,Dadrol,https://igod.gov.in/index.php/district/OTg3tXQBW7DqAzx4Vrus/blocks,data/discovery/2026-09-10/archive_coverage/district_sweep/raw/02d36fbcd78f7a59482d_1669ed537055.html,1669ed537055112e38bc7054f9562419aa304778fb818f7629b75912b5c6f56a,15,15,not_reconciled,not_established
Shahjahanpur,Jaitipur,https://igod.gov.in/index.php/district/OTg3tXQBW7DqAzx4Vrus/blocks,data/discovery/2026-09-10/archive_coverage/district_sweep/raw/02d36fbcd78f7a59482d_1669ed537055.html,1669ed537055112e38bc7054f9562419aa304778fb818f7629b75912b5c6f56a,15,15,not_reconciled,not_established
Shahjahanpur,Jalalabad,https://igod.gov.in/index.php/district/OTg3tXQBW7DqAzx4Vrus/blocks,data/discovery/2026-09-10/archive_coverage/district_sweep/raw/02d36fbcd78f7a59482d_1669ed537055.html,1669ed537055112e38bc7054f9562419aa304778fb818f7629b75912b5c6f56a,15,15,not_reconciled,not_established
Shahjahanpur,Kalan,https://igod.gov.in/index.php/district/OTg3tXQBW7DqAzx4Vrus/blocks,data/discovery/2026-09-10/archive_coverage/district_sweep/raw/02d36fbcd78f7a59482d_1669ed537055.html,1669ed537055112e38bc7054f9562419aa304778fb818f7629b75912b5c6f56a,15,15,not_reconciled,not_established
Shahjahanpur,Kanth,https://igod.gov.in/index.php/district/OTg3tXQBW7DqAzx4Vrus/blocks,data/discovery/2026-09-10/archive_coverage/district_sweep/raw/02d36fbcd78f7a59482d_1669ed537055.html,1669ed537055112e38bc7054f9562419aa304778fb818f7629b75912b5c6f56a,15,15,not_reconciled,not_established
Shahjahanpur,Khudaganj Katra,https://igod.gov.in/index.php/district/OTg3tXQBW7DqAzx4Vrus/blocks,data/discovery/2026-09-10/archive_coverage/district_sweep/raw/02d36fbcd78f7a59482d_1669ed537055.html,1669ed537055112e38bc7054f9562419aa304778fb818f7629b75912b5c6f56a,15,15,not_reconciled,not_established
Shahjahanpur,Khutar,https://igod.gov.in/index.php/district/OTg3tXQBW7DqAzx4Vrus/blocks,data/discovery/2026-09-10/archive_coverage/district_sweep/raw/02d36fbcd78f7a59482d_1669ed537055.html,1669ed537055112e38bc7054f9562419aa304778fb818f7629b75912b5c6f56a,15,15,not_reconciled,not_established
Shahjahanpur,Madnapur,https://igod.gov.in/index.php/district/OTg3tXQBW7DqAzx4Vrus/blocks,data/discovery/2026-09-10/archive_coverage/district_sweep/raw/02d36fbcd78f7a59482d_1669ed537055.html,1669ed537055112e38bc7054f9562419aa304778fb818f7629b75912b5c6f56a,15,15,not_reconciled,not_established
Shahjahanpur,Mirzapur,https://igod.gov.in/index.php/district/OTg3tXQBW7DqAzx4Vrus/blocks,data/discovery/2026-09-10/archive_coverage/district_sweep/raw/02d36fbcd78f7a59482d_1669ed537055.html,1669ed537055112e38bc7054f9562419aa304778fb818f7629b75912b5c6f56a,15,15,not_reconciled,not_established
Shahjahanpur,Nigohi,https://igod.gov.in/index.php/district/OTg3tXQBW7DqAzx4Vrus/blocks,data/discovery/2026-09-10/archive_coverage/district_sweep/raw/02d36fbcd78f7a59482d_1669ed537055.html,1669ed537055112e38bc7054f9562419aa304778fb818f7629b75912b5c6f56a,15,15,not_reconciled,not_established
Shahjahanpur,Powayan,https://igod.gov.in/index.php/district/OTg3tXQBW7DqAzx4Vrus/blocks,data/discovery/2026-09-10/archive_coverage/district_sweep/raw/02d36fbcd78f7a59482d_1669ed537055.html,1669ed537055112e38bc7054f9562419aa304778fb818f7629b75912b5c6f56a,15,15,not_reconciled,not_established
Shahjahanpur,Sindhauli,https://igod.gov.in/index.php/district/OTg3tXQBW7DqAzx4Vrus/blocks,data/discovery/2026-09-10/archive_coverage/district_sweep/raw/02d36fbcd78f7a59482d_1669ed537055.html,1669ed537055112e38bc7054f9562419aa304778fb818f7629b75912b5c6f56a,15,15,not_reconciled,not_established
Shahjahanpur,Tilhar,https://igod.gov.in/index.php/district/OTg3tXQBW7DqAzx4Vrus/blocks,data/discovery/2026-09-10/archive_coverage/district_sweep/raw/02d36fbcd78f7a59482d_1669ed537055.html,1669ed537055112e38bc7054f9562419aa304778fb818f7629b75912b5c6f56a,15,15,not_reconciled,not_established
Sonbhadra,Babhani,https://igod.gov.in/index.php/district/PTg3tXQBW7DqAzx4Vrus/blocks,data/discovery/2026-09-10/archive_coverage/district_sweep/raw/ebca1b3051e24477ba51_0d7e0538b21c.html,0d7e0538b21c52a0a82e6a5035cb79f802d3d92ba829bcd134e731c7ac4ce64c,10,10,not_reconciled,not_established
Sonbhadra,Chatra,https://igod.gov.in/index.php/district/PTg3tXQBW7DqAzx4Vrus/blocks,data/discovery/2026-09-10/archive_coverage/district_sweep/raw/ebca1b3051e24477ba51_0d7e0538b21c.html,0d7e0538b21c52a0a82e6a5035cb79f802d3d92ba829bcd134e731c7ac4ce64c,10,10,not_reconciled,not_established
Sonbhadra,Chopan,https://igod.gov.in/index.php/district/PTg3tXQBW7DqAzx4Vrus/blocks,data/discovery/2026-09-10/archive_coverage/district_sweep/raw/ebca1b3051e24477ba51_0d7e0538b21c.html,0d7e0538b21c52a0a82e6a5035cb79f802d3d92ba829bcd134e731c7ac4ce64c,10,10,not_reconciled,not_established
Sonbhadra,Dudhi,https://igod.gov.in/index.php/district/PTg3tXQBW7DqAzx4Vrus/blocks,data/discovery/2026-09-10/archive_coverage/district_sweep/raw/ebca1b3051e24477ba51_0d7e0538b21c.html,0d7e0538b21c52a0a82e6a5035cb79f802d3d92ba829bcd134e731c7ac4ce64c,10,10,not_reconciled,not_established
Sonbhadra,Ghorawal,https://igod.gov.in/index.php/district/PTg3tXQBW7DqAzx4Vrus/blocks,data/discovery/2026-09-10/archive_coverage/district_sweep/raw/ebca1b3051e24477ba51_0d7e0538b21c.html,0d7e0538b21c52a0a82e6a5035cb79f802d3d92ba829bcd134e731c7ac4ce64c,10,10,not_reconciled,not_established
Sonbhadra,Karma,https://igod.gov.in/index.php/district/PTg3tXQBW7DqAzx4Vrus/blocks,data/discovery/2026-09-10/archive_coverage/district_sweep/raw/ebca1b3051e24477ba51_0d7e0538b21c.html,0d7e0538b21c52a0a82e6a5035cb79f802d3d92ba829bcd134e731c7ac4ce64c,10,10,not_reconciled,not_established
Sonbhadra,Kone,https://igod.gov.in/index.php/district/PTg3tXQBW7DqAzx4Vrus/blocks,data/discovery/2026-09-10/archive_coverage/district_sweep/raw/ebca1b3051e24477ba51_0d7e0538b21c.html,0d7e0538b21c52a0a82e6a5035cb79f802d3d92ba829bcd134e731c7ac4ce64c,10,10,not_reconciled,not_established
Sonbhadra,Myorpur,https://igod.gov.in/index.php/district/PTg3tXQBW7DqAzx4Vrus/blocks,data/discovery/2026-09-10/archive_coverage/district_sweep/raw/ebca1b3051e24477ba51_0d7e0538b21c.html,0d7e0538b21c52a0a82e6a5035cb79f802d3d92ba829bcd134e731c7ac4ce64c,10,10,not_reconciled,not_established
Sonbhadra,Nagwa,https://igod.gov.in/index.php/district/PTg3tXQBW7DqAzx4Vrus/blocks,data/discovery/2026-09-10/archive_coverage/district_sweep/raw/ebca1b3051e24477ba51_0d7e0538b21c.html,0d7e0538b21c52a0a82e6a5035cb79f802d3d92ba829bcd134e731c7ac4ce64c,10,10,not_reconciled,not_established
Sonbhadra,Robertsganj,https://igod.gov.in/index.php/district/PTg3tXQBW7DqAzx4Vrus/blocks,data/discovery/2026-09-10/archive_coverage/district_sweep/raw/ebca1b3051e24477ba51_0d7e0538b21c.html,0d7e0538b21c52a0a82e6a5035cb79f802d3d92ba829bcd134e731c7ac4ce64c,10,10,not_reconciled,not_established
Chitrakoot,Karwi,https://igod.gov.in/index.php/district/Qzg3tXQBW7DqAzx4Vrus/blocks,data/discovery/2026-09-10/archive_coverage/district_sweep/raw/4230ff1bcec23a4745ca_297156cbf4c3.html,297156cbf4c3e592020bd4e0b700b3daeffce2d1eb467b48685b6d4a36f9070b,5,5,not_reconciled,not_established
Chitrakoot,Manikpur,https://igod.gov.in/index.php/district/Qzg3tXQBW7DqAzx4Vrus/blocks,data/discovery/2026-09-10/archive_coverage/district_sweep/raw/4230ff1bcec23a4745ca_297156cbf4c3.html,297156cbf4c3e592020bd4e0b700b3daeffce2d1eb467b48685b6d4a36f9070b,5,5,not_reconciled,not_established
Chitrakoot,Mau,https://igod.gov.in/index.php/district/Qzg3tXQBW7DqAzx4Vrus/blocks,data/discovery/2026-09-10/archive_coverage/district_sweep/raw/4230ff1bcec23a4745ca_297156cbf4c3.html,297156cbf4c3e592020bd4e0b700b3daeffce2d1eb467b48685b6d4a36f9070b,5,5,not_reconciled,not_established
Chitrakoot,Pahari,https://igod.gov.in/index.php/district/Qzg3tXQBW7DqAzx4Vrus/blocks,data/discovery/2026-09-10/archive_coverage/district_sweep/raw/4230ff1bcec23a4745ca_297156cbf4c3.html,297156cbf4c3e592020bd4e0b700b3daeffce2d1eb467b48685b6d4a36f9070b,5,5,not_reconciled,not_established
Chitrakoot,Ramnagar,https://igod.gov.in/index.php/district/Qzg3tXQBW7DqAzx4Vrus/blocks,data/discovery/2026-09-10/archive_coverage/district_sweep/raw/4230ff1bcec23a4745ca_297156cbf4c3.html,297156cbf4c3e592020bd4e0b700b3daeffce2d1eb467b48685b6d4a36f9070b,5,5,not_reconciled,not_established
Kasganj,Amanpur,https://igod.gov.in/index.php/district/Vjg3tXQBW7DqAzx4Vrus/blocks,data/discovery/2026-09-10/archive_coverage/district_sweep/raw/42e3bbaebac0bd9b266e_4ef929526fc1.html,4ef929526fc1137c97e1fd8ee953c0f92e8cf69ed838baa3a6a075da41058739,7,7,not_reconciled,not_established
Kasganj,Ganj Dundwara,https://igod.gov.in/index.php/district/Vjg3tXQBW7DqAzx4Vrus/blocks,data/discovery/2026-09-10/archive_coverage/district_sweep/raw/42e3bbaebac0bd9b266e_4ef929526fc1.html,4ef929526fc1137c97e1fd8ee953c0f92e8cf69ed838baa3a6a075da41058739,7,7,not_reconciled,not_established
Kasganj,Kasganj,https://igod.gov.in/index.php/district/Vjg3tXQBW7DqAzx4Vrus/blocks,data/discovery/2026-09-10/archive_coverage/district_sweep/raw/42e3bbaebac0bd9b266e_4ef929526fc1.html,4ef929526fc1137c97e1fd8ee953c0f92e8cf69ed838baa3a6a075da41058739,7,7,not_reconciled,not_established
Kasganj,Patiyali,https://igod.gov.in/index.php/district/Vjg3tXQBW7DqAzx4Vrus/blocks,data/discovery/2026-09-10/archive_coverage/district_sweep/raw/42e3bbaebac0bd9b266e_4ef929526fc1.html,4ef929526fc1137c97e1fd8ee953c0f92e8cf69ed838baa3a6a075da41058739,7,7,not_reconciled,not_established
Kasganj,Sahawar,https://igod.gov.in/index.php/district/Vjg3tXQBW7DqAzx4Vrus/blocks,data/discovery/2026-09-10/archive_coverage/district_sweep/raw/42e3bbaebac0bd9b266e_4ef929526fc1.html,4ef929526fc1137c97e1fd8ee953c0f92e8cf69ed838baa3a6a075da41058739,7,7,not_reconciled,not_established
Kasganj,Sidhpura,https://igod.gov.in/index.php/district/Vjg3tXQBW7DqAzx4Vrus/blocks,data/discovery/2026-09-10/archive_coverage/district_sweep/raw/42e3bbaebac0bd9b266e_4ef929526fc1.html,4ef929526fc1137c97e1fd8ee953c0f92e8cf69ed838baa3a6a075da41058739,7,7,not_reconciled,not_established
Kasganj,Soron,https://igod.gov.in/index.php/district/Vjg3tXQBW7DqAzx4Vrus/blocks,data/discovery/2026-09-10/archive_coverage/district_sweep/raw/42e3bbaebac0bd9b266e_4ef929526fc1.html,4ef929526fc1137c97e1fd8ee953c0f92e8cf69ed838baa3a6a075da41058739,7,7,not_reconciled,not_established
Ballia,Bairia,https://igod.gov.in/index.php/district/YTg3tXQBW7DqAzx4Vr2t/blocks,data/discovery/2026-09-10/archive_coverage/district_sweep/raw/3930a3ca4adfa1179d9c_bea373968087.html,bea373968087d3872d5aee3b81c5f31ed0fbdd7b64df8c0a20bfff168f04b7a4,17,17,not_reconciled,not_established
Ballia,Bansdih,https://igod.gov.in/index.php/district/YTg3tXQBW7DqAzx4Vr2t/blocks,data/discovery/2026-09-10/archive_coverage/district_sweep/raw/3930a3ca4adfa1179d9c_bea373968087.html,bea373968087d3872d5aee3b81c5f31ed0fbdd7b64df8c0a20bfff168f04b7a4,17,17,not_reconciled,not_established
Ballia,Belhari,https://igod.gov.in/index.php/district/YTg3tXQBW7DqAzx4Vr2t/blocks,data/discovery/2026-09-10/archive_coverage/district_sweep/raw/3930a3ca4adfa1179d9c_bea373968087.html,bea373968087d3872d5aee3b81c5f31ed0fbdd7b64df8c0a20bfff168f04b7a4,17,17,not_reconciled,not_established
Ballia,Beruarbari,https://igod.gov.in/index.php/district/YTg3tXQBW7DqAzx4Vr2t/blocks,data/discovery/2026-09-10/archive_coverage/district_sweep/raw/3930a3ca4adfa1179d9c_bea373968087.html,bea373968087d3872d5aee3b81c5f31ed0fbdd7b64df8c0a20bfff168f04b7a4,17,17,not_reconciled,not_established
Ballia,Chilkahar,https://igod.gov.in/index.php/district/YTg3tXQBW7DqAzx4Vr2t/blocks,data/discovery/2026-09-10/archive_coverage/district_sweep/raw/3930a3ca4adfa1179d9c_bea373968087.html,bea373968087d3872d5aee3b81c5f31ed0fbdd7b64df8c0a20bfff168f04b7a4,17,17,not_reconciled,not_established
Ballia,Dubhar,https://igod.gov.in/index.php/district/YTg3tXQBW7DqAzx4Vr2t/blocks,data/discovery/2026-09-10/archive_coverage/district_sweep/raw/3930a3ca4adfa1179d9c_bea373968087.html,bea373968087d3872d5aee3b81c5f31ed0fbdd7b64df8c0a20bfff168f04b7a4,17,17,not_reconciled,not_established
Ballia,Garwar,https://igod.gov.in/index.php/district/YTg3tXQBW7DqAzx4Vr2t/blocks,data/discovery/2026-09-10/archive_coverage/district_sweep/raw/3930a3ca4adfa1179d9c_bea373968087.html,bea373968087d3872d5aee3b81c5f31ed0fbdd7b64df8c0a20bfff168f04b7a4,17,17,not_reconciled,not_established
Ballia,Hanumanganj,https://igod.gov.in/index.php/district/YTg3tXQBW7DqAzx4Vr2t/blocks,data/discovery/2026-09-10/archive_coverage/district_sweep/raw/3930a3ca4adfa1179d9c_bea373968087.html,bea373968087d3872d5aee3b81c5f31ed0fbdd7b64df8c0a20bfff168f04b7a4,17,17,not_reconciled,not_established
Ballia,Maniar,https://igod.gov.in/index.php/district/YTg3tXQBW7DqAzx4Vr2t/blocks,data/discovery/2026-09-10/archive_coverage/district_sweep/raw/3930a3ca4adfa1179d9c_bea373968087.html,bea373968087d3872d5aee3b81c5f31ed0fbdd7b64df8c0a20bfff168f04b7a4,17,17,not_reconciled,not_established
Ballia,Murlichhapra,https://igod.gov.in/index.php/district/YTg3tXQBW7DqAzx4Vr2t/blocks,data/discovery/2026-09-10/archive_coverage/district_sweep/raw/3930a3ca4adfa1179d9c_bea373968087.html,bea373968087d3872d5aee3b81c5f31ed0fbdd7b64df8c0a20bfff168f04b7a4,17,17,not_reconciled,not_established
Ballia,Nagra,https://igod.gov.in/index.php/district/YTg3tXQBW7DqAzx4Vr2t/blocks,data/discovery/2026-09-10/archive_coverage/district_sweep/raw/3930a3ca4adfa1179d9c_bea373968087.html,bea373968087d3872d5aee3b81c5f31ed0fbdd7b64df8c0a20bfff168f04b7a4,17,17,not_reconciled,not_established
Ballia,Navanagar,https://igod.gov.in/index.php/district/YTg3tXQBW7DqAzx4Vr2t/blocks,data/discovery/2026-09-10/archive_coverage/district_sweep/raw/3930a3ca4adfa1179d9c_bea373968087.html,bea373968087d3872d5aee3b81c5f31ed0fbdd7b64df8c0a20bfff168f04b7a4,17,17,not_reconciled,not_established
Ballia,Pandah,https://igod.gov.in/index.php/district/YTg3tXQBW7DqAzx4Vr2t/blocks,data/discovery/2026-09-10/archive_coverage/district_sweep/raw/3930a3ca4adfa1179d9c_bea373968087.html,bea373968087d3872d5aee3b81c5f31ed0fbdd7b64df8c0a20bfff168f04b7a4,17,17,not_reconciled,not_established
Ballia,Rasra,https://igod.gov.in/index.php/district/YTg3tXQBW7DqAzx4Vr2t/blocks,data/discovery/2026-09-10/archive_coverage/district_sweep/raw/3930a3ca4adfa1179d9c_bea373968087.html,bea373968087d3872d5aee3b81c5f31ed0fbdd7b64df8c0a20bfff168f04b7a4,17,17,not_reconciled,not_established
Ballia,Reoti,https://igod.gov.in/index.php/district/YTg3tXQBW7DqAzx4Vr2t/blocks,data/discovery/2026-09-10/archive_coverage/district_sweep/raw/3930a3ca4adfa1179d9c_bea373968087.html,bea373968087d3872d5aee3b81c5f31ed0fbdd7b64df8c0a20bfff168f04b7a4,17,17,not_reconciled,not_established
Ballia,Siar,https://igod.gov.in/index.php/district/YTg3tXQBW7DqAzx4Vr2t/blocks,data/discovery/2026-09-10/archive_coverage/district_sweep/raw/3930a3ca4adfa1179d9c_bea373968087.html,bea373968087d3872d5aee3b81c5f31ed0fbdd7b64df8c0a20bfff168f04b7a4,17,17,not_reconciled,not_established
Ballia,Sohanv,https://igod.gov.in/index.php/district/YTg3tXQBW7DqAzx4Vr2t/blocks,data/discovery/2026-09-10/archive_coverage/district_sweep/raw/3930a3ca4adfa1179d9c_bea373968087.html,bea373968087d3872d5aee3b81c5f31ed0fbdd7b64df8c0a20bfff168f04b7a4,17,17,not_reconciled,not_established
Ambedkar Nagar,Akbarpur,https://igod.gov.in/index.php/district/YTg3tXQBW7DqAzx4Vrus/blocks,data/discovery/2026-09-10/archive_coverage/district_sweep/raw/a1a579c78325059a4e83_fdac8c5ba879.html,fdac8c5ba8794db8e04b41325714e65936c6fd19d8ceb9ea01e455bfd9bdc90a,9,9,not_reconciled,not_established
Ambedkar Nagar,Baskhari,https://igod.gov.in/index.php/district/YTg3tXQBW7DqAzx4Vrus/blocks,data/discovery/2026-09-10/archive_coverage/district_sweep/raw/a1a579c78325059a4e83_fdac8c5ba879.html,fdac8c5ba8794db8e04b41325714e65936c6fd19d8ceb9ea01e455bfd9bdc90a,9,9,not_reconciled,not_established
Ambedkar Nagar,Bhiti,https://igod.gov.in/index.php/district/YTg3tXQBW7DqAzx4Vrus/blocks,data/discovery/2026-09-10/archive_coverage/district_sweep/raw/a1a579c78325059a4e83_fdac8c5ba879.html,fdac8c5ba8794db8e04b41325714e65936c6fd19d8ceb9ea01e455bfd9bdc90a,9,9,not_reconciled,not_established
Ambedkar Nagar,Bhiyawan,https://igod.gov.in/index.php/district/YTg3tXQBW7DqAzx4Vrus/blocks,data/discovery/2026-09-10/archive_coverage/district_sweep/raw/a1a579c78325059a4e83_fdac8c5ba879.html,fdac8c5ba8794db8e04b41325714e65936c6fd19d8ceb9ea01e455bfd9bdc90a,9,9,not_reconciled,not_established
Ambedkar Nagar,Jahangir Ganj,https://igod.gov.in/index.php/district/YTg3tXQBW7DqAzx4Vrus/blocks,data/discovery/2026-09-10/archive_coverage/district_sweep/raw/a1a579c78325059a4e83_fdac8c5ba879.html,fdac8c5ba8794db8e04b41325714e65936c6fd19d8ceb9ea01e455bfd9bdc90a,9,9,not_reconciled,not_established
Ambedkar Nagar,Jalal Pur,https://igod.gov.in/index.php/district/YTg3tXQBW7DqAzx4Vrus/blocks,data/discovery/2026-09-10/archive_coverage/district_sweep/raw/a1a579c78325059a4e83_fdac8c5ba879.html,fdac8c5ba8794db8e04b41325714e65936c6fd19d8ceb9ea01e455bfd9bdc90a,9,9,not_reconciled,not_established
Ambedkar Nagar,Katehari,https://igod.gov.in/index.php/district/YTg3tXQBW7DqAzx4Vrus/blocks,data/discovery/2026-09-10/archive_coverage/district_sweep/raw/a1a579c78325059a4e83_fdac8c5ba879.html,fdac8c5ba8794db8e04b41325714e65936c6fd19d8ceb9ea01e455bfd9bdc90a,9,9,not_reconciled,not_established
Ambedkar Nagar,Ram Nagar,https://igod.gov.in/index.php/district/YTg3tXQBW7DqAzx4Vrus/blocks,data/discovery/2026-09-10/archive_coverage/district_sweep/raw/a1a579c78325059a4e83_fdac8c5ba879.html,fdac8c5ba8794db8e04b41325714e65936c6fd19d8ceb9ea01e455bfd9bdc90a,9,9,not_reconciled,not_established
Ambedkar Nagar,Tanda,https://igod.gov.in/index.php/district/YTg3tXQBW7DqAzx4Vrus/blocks,data/discovery/2026-09-10/archive_coverage/district_sweep/raw/a1a579c78325059a4e83_fdac8c5ba879.html,fdac8c5ba8794db8e04b41325714e65936c6fd19d8ceb9ea01e455bfd9bdc90a,9,9,not_reconciled,not_established
Saharanpur,Ballia Kheri,https://igod.gov.in/index.php/district/Yjg3tXQBW7DqAzx4Vr2t/blocks,data/discovery/2026-09-10/archive_coverage/district_sweep/raw/62cf39f33879a2b90fcf_825979cec297.html,825979cec2971f0059939fb08133d4dd7a25c3c957cd703f87dc83597aea9b73,11,11,not_reconciled,not_established
Saharanpur,Deoband,https://igod.gov.in/index.php/district/Yjg3tXQBW7DqAzx4Vr2t/blocks,data/discovery/2026-09-10/archive_coverage/district_sweep/raw/62cf39f33879a2b90fcf_825979cec297.html,825979cec2971f0059939fb08133d4dd7a25c3c957cd703f87dc83597aea9b73,11,11,not_reconciled,not_established
Saharanpur,Gangoh,https://igod.gov.in/index.php/district/Yjg3tXQBW7DqAzx4Vr2t/blocks,data/discovery/2026-09-10/archive_coverage/district_sweep/raw/62cf39f33879a2b90fcf_825979cec297.html,825979cec2971f0059939fb08133d4dd7a25c3c957cd703f87dc83597aea9b73,11,11,not_reconciled,not_established
Saharanpur,Muzaffarabad,https://igod.gov.in/index.php/district/Yjg3tXQBW7DqAzx4Vr2t/blocks,data/discovery/2026-09-10/archive_coverage/district_sweep/raw/62cf39f33879a2b90fcf_825979cec297.html,825979cec2971f0059939fb08133d4dd7a25c3c957cd703f87dc83597aea9b73,11,11,not_reconciled,not_established
Saharanpur,Nagal,https://igod.gov.in/index.php/district/Yjg3tXQBW7DqAzx4Vr2t/blocks,data/discovery/2026-09-10/archive_coverage/district_sweep/raw/62cf39f33879a2b90fcf_825979cec297.html,825979cec2971f0059939fb08133d4dd7a25c3c957cd703f87dc83597aea9b73,11,11,not_reconciled,not_established
Saharanpur,Nakur,https://igod.gov.in/index.php/district/Yjg3tXQBW7DqAzx4Vr2t/blocks,data/discovery/2026-09-10/archive_coverage/district_sweep/raw/62cf39f33879a2b90fcf_825979cec297.html,825979cec2971f0059939fb08133d4dd7a25c3c957cd703f87dc83597aea9b73,11,11,not_reconciled,not_established
Saharanpur,Nanauta,https://igod.gov.in/index.php/district/Yjg3tXQBW7DqAzx4Vr2t/blocks,data/discovery/2026-09-10/archive_coverage/district_sweep/raw/62cf39f33879a2b90fcf_825979cec297.html,825979cec2971f0059939fb08133d4dd7a25c3c957cd703f87dc83597aea9b73,11,11,not_reconciled,not_established
Saharanpur,Puwarka,https://igod.gov.in/index.php/district/Yjg3tXQBW7DqAzx4Vr2t/blocks,data/discovery/2026-09-10/archive_coverage/district_sweep/raw/62cf39f33879a2b90fcf_825979cec297.html,825979cec2971f0059939fb08133d4dd7a25c3c957cd703f87dc83597aea9b73,11,11,not_reconciled,not_established
Saharanpur,Rampur Maniharan,https://igod.gov.in/index.php/district/Yjg3tXQBW7DqAzx4Vr2t/blocks,data/discovery/2026-09-10/archive_coverage/district_sweep/raw/62cf39f33879a2b90fcf_825979cec297.html,825979cec2971f0059939fb08133d4dd7a25c3c957cd703f87dc83597aea9b73,11,11,not_reconciled,not_established
Saharanpur,Sadauli Qadeem,https://igod.gov.in/index.php/district/Yjg3tXQBW7DqAzx4Vr2t/blocks,data/discovery/2026-09-10/archive_coverage/district_sweep/raw/62cf39f33879a2b90fcf_825979cec297.html,825979cec2971f0059939fb08133d4dd7a25c3c957cd703f87dc83597aea9b73,11,11,not_reconciled,not_established
Saharanpur,Sarsawan,https://igod.gov.in/index.php/district/Yjg3tXQBW7DqAzx4Vr2t/blocks,data/discovery/2026-09-10/archive_coverage/district_sweep/raw/62cf39f33879a2b90fcf_825979cec297.html,825979cec2971f0059939fb08133d4dd7a25c3c957cd703f87dc83597aea9b73,11,11,not_reconciled,not_established
Balrampur,Balrampur,https://igod.gov.in/index.php/district/Zzg3tXQBW7DqAzx4Vrus/blocks,data/discovery/2026-09-10/archive_coverage/district_sweep/raw/aff31b4295a3f2f7d77e_a5e9b52cb3fa.html,a5e9b52cb3fa870bdd4a798e9d055cef33a59edfe09f696710939a95ee41df4f,9,9,not_reconciled,not_established
Balrampur,Gaindas Bujurg,https://igod.gov.in/index.php/district/Zzg3tXQBW7DqAzx4Vrus/blocks,data/discovery/2026-09-10/archive_coverage/district_sweep/raw/aff31b4295a3f2f7d77e_a5e9b52cb3fa.html,a5e9b52cb3fa870bdd4a798e9d055cef33a59edfe09f696710939a95ee41df4f,9,9,not_reconciled,not_established
Balrampur,Gaisri,https://igod.gov.in/index.php/district/Zzg3tXQBW7DqAzx4Vrus/blocks,data/discovery/2026-09-10/archive_coverage/district_sweep/raw/aff31b4295a3f2f7d77e_a5e9b52cb3fa.html,a5e9b52cb3fa870bdd4a798e9d055cef33a59edfe09f696710939a95ee41df4f,9,9,not_reconciled,not_established
Balrampur,Harriya Satgharwa,https://igod.gov.in/index.php/district/Zzg3tXQBW7DqAzx4Vrus/blocks,data/discovery/2026-09-10/archive_coverage/district_sweep/raw/aff31b4295a3f2f7d77e_a5e9b52cb3fa.html,a5e9b52cb3fa870bdd4a798e9d055cef33a59edfe09f696710939a95ee41df4f,9,9,not_reconciled,not_established
Balrampur,Pachpedwa,https://igod.gov.in/index.php/district/Zzg3tXQBW7DqAzx4Vrus/blocks,data/discovery/2026-09-10/archive_coverage/district_sweep/raw/aff31b4295a3f2f7d77e_a5e9b52cb3fa.html,a5e9b52cb3fa870bdd4a798e9d055cef33a59edfe09f696710939a95ee41df4f,9,9,not_reconciled,not_established
Balrampur,Rehera Bazaar,https://igod.gov.in/index.php/district/Zzg3tXQBW7DqAzx4Vrus/blocks,data/discovery/2026-09-10/archive_coverage/district_sweep/raw/aff31b4295a3f2f7d77e_a5e9b52cb3fa.html,a5e9b52cb3fa870bdd4a798e9d055cef33a59edfe09f696710939a95ee41df4f,9,9,not_reconciled,not_established
Balrampur,Shriduttganj,https://igod.gov.in/index.php/district/Zzg3tXQBW7DqAzx4Vrus/blocks,data/discovery/2026-09-10/archive_coverage/district_sweep/raw/aff31b4295a3f2f7d77e_a5e9b52cb3fa.html,a5e9b52cb3fa870bdd4a798e9d055cef33a59edfe09f696710939a95ee41df4f,9,9,not_reconciled,not_established
Balrampur,Tulsipur,https://igod.gov.in/index.php/district/Zzg3tXQBW7DqAzx4Vrus/blocks,data/discovery/2026-09-10/archive_coverage/district_sweep/raw/aff31b4295a3f2f7d77e_a5e9b52cb3fa.html,a5e9b52cb3fa870bdd4a798e9d055cef33a59edfe09f696710939a95ee41df4f,9,9,not_reconciled,not_established
Balrampur,Utraula,https://igod.gov.in/index.php/district/Zzg3tXQBW7DqAzx4Vrus/blocks,data/discovery/2026-09-10/archive_coverage/district_sweep/raw/aff31b4295a3f2f7d77e_a5e9b52cb3fa.html,a5e9b52cb3fa870bdd4a798e9d055cef33a59edfe09f696710939a95ee41df4f,9,9,not_reconciled,not_established
Azamgarh,Ahiraula,https://igod.gov.in/index.php/district/_Dg3tXQBW7DqAzx4Vrqs/blocks,data/discovery/2026-09-10/archive_coverage/district_sweep/raw/593c69b3e0176f0e0a76_2438f83d05af.html,2438f83d05af67ed4320a5c68b5cd4597dc164d6d29ef381906f9ce09c63615c,22,22,not_reconciled,not_established
Azamgarh,Atraulia,https://igod.gov.in/index.php/district/_Dg3tXQBW7DqAzx4Vrqs/blocks,data/discovery/2026-09-10/archive_coverage/district_sweep/raw/593c69b3e0176f0e0a76_2438f83d05af.html,2438f83d05af67ed4320a5c68b5cd4597dc164d6d29ef381906f9ce09c63615c,22,22,not_reconciled,not_established
Azamgarh,Azmatgarh,https://igod.gov.in/index.php/district/_Dg3tXQBW7DqAzx4Vrqs/blocks,data/discovery/2026-09-10/archive_coverage/district_sweep/raw/593c69b3e0176f0e0a76_2438f83d05af.html,2438f83d05af67ed4320a5c68b5cd4597dc164d6d29ef381906f9ce09c63615c,22,22,not_reconciled,not_established
Azamgarh,Bilariyaganj,https://igod.gov.in/index.php/district/_Dg3tXQBW7DqAzx4Vrqs/blocks,data/discovery/2026-09-10/archive_coverage/district_sweep/raw/593c69b3e0176f0e0a76_2438f83d05af.html,2438f83d05af67ed4320a5c68b5cd4597dc164d6d29ef381906f9ce09c63615c,22,22,not_reconciled,not_established
Azamgarh,Haraiya,https://igod.gov.in/index.php/district/_Dg3tXQBW7DqAzx4Vrqs/blocks,data/discovery/2026-09-10/archive_coverage/district_sweep/raw/593c69b3e0176f0e0a76_2438f83d05af.html,2438f83d05af67ed4320a5c68b5cd4597dc164d6d29ef381906f9ce09c63615c,22,22,not_reconciled,not_established
Azamgarh,Jahanaganj,https://igod.gov.in/index.php/district/_Dg3tXQBW7DqAzx4Vrqs/blocks,data/discovery/2026-09-10/archive_coverage/district_sweep/raw/593c69b3e0176f0e0a76_2438f83d05af.html,2438f83d05af67ed4320a5c68b5cd4597dc164d6d29ef381906f9ce09c63615c,22,22,not_reconciled,not_established
Azamgarh,Koilsa,https://igod.gov.in/index.php/district/_Dg3tXQBW7DqAzx4Vrqs/blocks,data/discovery/2026-09-10/archive_coverage/district_sweep/raw/593c69b3e0176f0e0a76_2438f83d05af.html,2438f83d05af67ed4320a5c68b5cd4597dc164d6d29ef381906f9ce09c63615c,22,22,not_reconciled,not_established
Azamgarh,Lalganj,https://igod.gov.in/index.php/district/_Dg3tXQBW7DqAzx4Vrqs/blocks,data/discovery/2026-09-10/archive_coverage/district_sweep/raw/593c69b3e0176f0e0a76_2438f83d05af.html,2438f83d05af67ed4320a5c68b5cd4597dc164d6d29ef381906f9ce09c63615c,22,22,not_reconciled,not_established
Azamgarh,Mahrajganj,https://igod.gov.in/index.php/district/_Dg3tXQBW7DqAzx4Vrqs/blocks,data/discovery/2026-09-10/archive_coverage/district_sweep/raw/593c69b3e0176f0e0a76_2438f83d05af.html,2438f83d05af67ed4320a5c68b5cd4597dc164d6d29ef381906f9ce09c63615c,22,22,not_reconciled,not_established
Azamgarh,Martinganj,https://igod.gov.in/index.php/district/_Dg3tXQBW7DqAzx4Vrqs/blocks,data/discovery/2026-09-10/archive_coverage/district_sweep/raw/593c69b3e0176f0e0a76_2438f83d05af.html,2438f83d05af67ed4320a5c68b5cd4597dc164d6d29ef381906f9ce09c63615c,22,22,not_reconciled,not_established
Azamgarh,Mehnagar,https://igod.gov.in/index.php/district/_Dg3tXQBW7DqAzx4Vrqs/blocks,data/discovery/2026-09-10/archive_coverage/district_sweep/raw/593c69b3e0176f0e0a76_2438f83d05af.html,2438f83d05af67ed4320a5c68b5cd4597dc164d6d29ef381906f9ce09c63615c,22,22,not_reconciled,not_established
Azamgarh,Mirzapur,https://igod.gov.in/index.php/district/_Dg3tXQBW7DqAzx4Vrqs/blocks,data/discovery/2026-09-10/archive_coverage/district_sweep/raw/593c69b3e0176f0e0a76_2438f83d05af.html,2438f83d05af67ed4320a5c68b5cd4597dc164d6d29ef381906f9ce09c63615c,22,22,not_reconciled,not_established
Azamgarh,Mohammadpur,https://igod.gov.in/index.php/district/_Dg3tXQBW7DqAzx4Vrqs/blocks,data/discovery/2026-09-10/archive_coverage/district_sweep/raw/593c69b3e0176f0e0a76_2438f83d05af.html,2438f83d05af67ed4320a5c68b5cd4597dc164d6d29ef381906f9ce09c63615c,22,22,not_reconciled,not_established
Azamgarh,Palhana,https://igod.gov.in/index.php/district/_Dg3tXQBW7DqAzx4Vrqs/blocks,data/discovery/2026-09-10/archive_coverage/district_sweep/raw/593c69b3e0176f0e0a76_2438f83d05af.html,2438f83d05af67ed4320a5c68b5cd4597dc164d6d29ef381906f9ce09c63615c,22,22,not_reconciled,not_established
Azamgarh,Palhani,https://igod.gov.in/index.php/district/_Dg3tXQBW7DqAzx4Vrqs/blocks,data/discovery/2026-09-10/archive_coverage/district_sweep/raw/593c69b3e0176f0e0a76_2438f83d05af.html,2438f83d05af67ed4320a5c68b5cd4597dc164d6d29ef381906f9ce09c63615c,22,22,not_reconciled,not_established
Azamgarh,Pawai,https://igod.gov.in/index.php/district/_Dg3tXQBW7DqAzx4Vrqs/blocks,data/discovery/2026-09-10/archive_coverage/district_sweep/raw/593c69b3e0176f0e0a76_2438f83d05af.html,2438f83d05af67ed4320a5c68b5cd4597dc164d6d29ef381906f9ce09c63615c,22,22,not_reconciled,not_established
Azamgarh,Phulpur,https://igod.gov.in/index.php/district/_Dg3tXQBW7DqAzx4Vrqs/blocks,data/discovery/2026-09-10/archive_coverage/district_sweep/raw/593c69b3e0176f0e0a76_2438f83d05af.html,2438f83d05af67ed4320a5c68b5cd4597dc164d6d29ef381906f9ce09c63615c,22,22,not_reconciled,not_established
Azamgarh,Rani Ki Sarai,https://igod.gov.in/index.php/district/_Dg3tXQBW7DqAzx4Vrqs/blocks,data/discovery/2026-09-10/archive_coverage/district_sweep/raw/593c69b3e0176f0e0a76_2438f83d05af.html,2438f83d05af67ed4320a5c68b5cd4597dc164d6d29ef381906f9ce09c63615c,22,22,not_reconciled,not_established
Azamgarh,Sathiyaon,https://igod.gov.in/index.php/district/_Dg3tXQBW7DqAzx4Vrqs/blocks,data/discovery/2026-09-10/archive_coverage/district_sweep/raw/593c69b3e0176f0e0a76_2438f83d05af.html,2438f83d05af67ed4320a5c68b5cd4597dc164d6d29ef381906f9ce09c63615c,22,22,not_reconciled,not_established
Azamgarh,Tahbarpur,https://igod.gov.in/index.php/district/_Dg3tXQBW7DqAzx4Vrqs/blocks,data/discovery/2026-09-10/archive_coverage/district_sweep/raw/593c69b3e0176f0e0a76_2438f83d05af.html,2438f83d05af67ed4320a5c68b5cd4597dc164d6d29ef381906f9ce09c63615c,22,22,not_reconciled,not_established
Azamgarh,Tarwa,https://igod.gov.in/index.php/district/_Dg3tXQBW7DqAzx4Vrqs/blocks,data/discovery/2026-09-10/archive_coverage/district_sweep/raw/593c69b3e0176f0e0a76_2438f83d05af.html,2438f83d05af67ed4320a5c68b5cd4597dc164d6d29ef381906f9ce09c63615c,22,22,not_reconciled,not_established
Azamgarh,Thekma,https://igod.gov.in/index.php/district/_Dg3tXQBW7DqAzx4Vrqs/blocks,data/discovery/2026-09-10/archive_coverage/district_sweep/raw/593c69b3e0176f0e0a76_2438f83d05af.html,2438f83d05af67ed4320a5c68b5cd4597dc164d6d29ef381906f9ce09c63615c,22,22,not_reconciled,not_established
Budaun,Ambiapur,https://igod.gov.in/index.php/district/_Tg3tXQBW7DqAzx4Vrqs/blocks,data/discovery/2026-09-10/archive_coverage/district_sweep/raw/014f7edc005e73940e1e_4aac278dd7a7.html,4aac278dd7a78e262a4a9811a2bfb83b98b973a8d6cf5e41d31daf4299dc0f93,15,15,not_reconciled,not_established
Budaun,Asafpur,https://igod.gov.in/index.php/district/_Tg3tXQBW7DqAzx4Vrqs/blocks,data/discovery/2026-09-10/archive_coverage/district_sweep/raw/014f7edc005e73940e1e_4aac278dd7a7.html,4aac278dd7a78e262a4a9811a2bfb83b98b973a8d6cf5e41d31daf4299dc0f93,15,15,not_reconciled,not_established
Budaun,Bisauli,https://igod.gov.in/index.php/district/_Tg3tXQBW7DqAzx4Vrqs/blocks,data/discovery/2026-09-10/archive_coverage/district_sweep/raw/014f7edc005e73940e1e_4aac278dd7a7.html,4aac278dd7a78e262a4a9811a2bfb83b98b973a8d6cf5e41d31daf4299dc0f93,15,15,not_reconciled,not_established
Budaun,Dahgavan,https://igod.gov.in/index.php/district/_Tg3tXQBW7DqAzx4Vrqs/blocks,data/discovery/2026-09-10/archive_coverage/district_sweep/raw/014f7edc005e73940e1e_4aac278dd7a7.html,4aac278dd7a78e262a4a9811a2bfb83b98b973a8d6cf5e41d31daf4299dc0f93,15,15,not_reconciled,not_established
Budaun,Dataganj,https://igod.gov.in/index.php/district/_Tg3tXQBW7DqAzx4Vrqs/blocks,data/discovery/2026-09-10/archive_coverage/district_sweep/raw/014f7edc005e73940e1e_4aac278dd7a7.html,4aac278dd7a78e262a4a9811a2bfb83b98b973a8d6cf5e41d31daf4299dc0f93,15,15,not_reconciled,not_established
Budaun,Islamnagar,https://igod.gov.in/index.php/district/_Tg3tXQBW7DqAzx4Vrqs/blocks,data/discovery/2026-09-10/archive_coverage/district_sweep/raw/014f7edc005e73940e1e_4aac278dd7a7.html,4aac278dd7a78e262a4a9811a2bfb83b98b973a8d6cf5e41d31daf4299dc0f93,15,15,not_reconciled,not_established
Budaun,Jagat,https://igod.gov.in/index.php/district/_Tg3tXQBW7DqAzx4Vrqs/blocks,data/discovery/2026-09-10/archive_coverage/district_sweep/raw/014f7edc005e73940e1e_4aac278dd7a7.html,4aac278dd7a78e262a4a9811a2bfb83b98b973a8d6cf5e41d31daf4299dc0f93,15,15,not_reconciled,not_established
Budaun,Mion,https://igod.gov.in/index.php/district/_Tg3tXQBW7DqAzx4Vrqs/blocks,data/discovery/2026-09-10/archive_coverage/district_sweep/raw/014f7edc005e73940e1e_4aac278dd7a7.html,4aac278dd7a78e262a4a9811a2bfb83b98b973a8d6cf5e41d31daf4299dc0f93,15,15,not_reconciled,not_established
Budaun,Qadar Chowk,https://igod.gov.in/index.php/district/_Tg3tXQBW7DqAzx4Vrqs/blocks,data/discovery/2026-09-10/archive_coverage/district_sweep/raw/014f7edc005e73940e1e_4aac278dd7a7.html,4aac278dd7a78e262a4a9811a2bfb83b98b973a8d6cf5e41d31daf4299dc0f93,15,15,not_reconciled,not_established
Budaun,Sahaswan,https://igod.gov.in/index.php/district/_Tg3tXQBW7DqAzx4Vrqs/blocks,data/discovery/2026-09-10/archive_coverage/district_sweep/raw/014f7edc005e73940e1e_4aac278dd7a7.html,4aac278dd7a78e262a4a9811a2bfb83b98b973a8d6cf5e41d31daf4299dc0f93,15,15,not_reconciled,not_established
Budaun,Salarpur,https://igod.gov.in/index.php/district/_Tg3tXQBW7DqAzx4Vrqs/blocks,data/discovery/2026-09-10/archive_coverage/district_sweep/raw/014f7edc005e73940e1e_4aac278dd7a7.html,4aac278dd7a78e262a4a9811a2bfb83b98b973a8d6cf5e41d31daf4299dc0f93,15,15,not_reconciled,not_established
Budaun,Samrer,https://igod.gov.in/index.php/district/_Tg3tXQBW7DqAzx4Vrqs/blocks,data/discovery/2026-09-10/archive_coverage/district_sweep/raw/014f7edc005e73940e1e_4aac278dd7a7.html,4aac278dd7a78e262a4a9811a2bfb83b98b973a8d6cf5e41d31daf4299dc0f93,15,15,not_reconciled,not_established
Budaun,Ujhani,https://igod.gov.in/index.php/district/_Tg3tXQBW7DqAzx4Vrqs/blocks,data/discovery/2026-09-10/archive_coverage/district_sweep/raw/014f7edc005e73940e1e_4aac278dd7a7.html,4aac278dd7a78e262a4a9811a2bfb83b98b973a8d6cf5e41d31daf4299dc0f93,15,15,not_reconciled,not_established
Budaun,Usawan,https://igod.gov.in/index.php/district/_Tg3tXQBW7DqAzx4Vrqs/blocks,data/discovery/2026-09-10/archive_coverage/district_sweep/raw/014f7edc005e73940e1e_4aac278dd7a7.html,4aac278dd7a78e262a4a9811a2bfb83b98b973a8d6cf5e41d31daf4299dc0f93,15,15,not_reconciled,not_established
Budaun,Wazirganj,https://igod.gov.in/index.php/district/_Tg3tXQBW7DqAzx4Vrqs/blocks,data/discovery/2026-09-10/archive_coverage/district_sweep/raw/014f7edc005e73940e1e_4aac278dd7a7.html,4aac278dd7a78e262a4a9811a2bfb83b98b973a8d6cf5e41d31daf4299dc0f93,15,15,not_reconciled,not_established
Banda,Baberu,https://igod.gov.in/index.php/district/_jg3tXQBW7DqAzx4Vrqs/blocks,data/discovery/2026-09-10/archive_coverage/district_sweep/raw/e84a1e96af6c4d663b58_81895c513d4c.html,81895c513d4c7bfe27b0f09859ad044fd22ddc2f85c03df0089c715584e9a4e8,8,8,not_reconciled,not_established
Banda,Badokhar Khurd,https://igod.gov.in/index.php/district/_jg3tXQBW7DqAzx4Vrqs/blocks,data/discovery/2026-09-10/archive_coverage/district_sweep/raw/e84a1e96af6c4d663b58_81895c513d4c.html,81895c513d4c7bfe27b0f09859ad044fd22ddc2f85c03df0089c715584e9a4e8,8,8,not_reconciled,not_established
Banda,Bisanda,https://igod.gov.in/index.php/district/_jg3tXQBW7DqAzx4Vrqs/blocks,data/discovery/2026-09-10/archive_coverage/district_sweep/raw/e84a1e96af6c4d663b58_81895c513d4c.html,81895c513d4c7bfe27b0f09859ad044fd22ddc2f85c03df0089c715584e9a4e8,8,8,not_reconciled,not_established
Banda,Jaspura,https://igod.gov.in/index.php/district/_jg3tXQBW7DqAzx4Vrqs/blocks,data/discovery/2026-09-10/archive_coverage/district_sweep/raw/e84a1e96af6c4d663b58_81895c513d4c.html,81895c513d4c7bfe27b0f09859ad044fd22ddc2f85c03df0089c715584e9a4e8,8,8,not_reconciled,not_established
Banda,Kamasin,https://igod.gov.in/index.php/district/_jg3tXQBW7DqAzx4Vrqs/blocks,data/discovery/2026-09-10/archive_coverage/district_sweep/raw/e84a1e96af6c4d663b58_81895c513d4c.html,81895c513d4c7bfe27b0f09859ad044fd22ddc2f85c03df0089c715584e9a4e8,8,8,not_reconciled,not_established
Banda,Mahuva,https://igod.gov.in/index.php/district/_jg3tXQBW7DqAzx4Vrqs/blocks,data/discovery/2026-09-10/archive_coverage/district_sweep/raw/e84a1e96af6c4d663b58_81895c513d4c.html,81895c513d4c7bfe27b0f09859ad044fd22ddc2f85c03df0089c715584e9a4e8,8,8,not_reconciled,not_established
Banda,Naraini,https://igod.gov.in/index.php/district/_jg3tXQBW7DqAzx4Vrqs/blocks,data/discovery/2026-09-10/archive_coverage/district_sweep/raw/e84a1e96af6c4d663b58_81895c513d4c.html,81895c513d4c7bfe27b0f09859ad044fd22ddc2f85c03df0089c715584e9a4e8,8,8,not_reconciled,not_established
Banda,Tindwari,https://igod.gov.in/index.php/district/_jg3tXQBW7DqAzx4Vrqs/blocks,data/discovery/2026-09-10/archive_coverage/district_sweep/raw/e84a1e96af6c4d663b58_81895c513d4c.html,81895c513d4c7bfe27b0f09859ad044fd22ddc2f85c03df0089c715584e9a4e8,8,8,not_reconciled,not_established
Basti,Bahadurpur,https://igod.gov.in/index.php/district/_zg3tXQBW7DqAzx4Vrqs/blocks,data/discovery/2026-09-10/archive_coverage/district_sweep/raw/2649e88da5e3b297ae33_2a55aae624d3.html,2a55aae624d334219caa127c6a55ee00c678d06b006d6a8593b1edeb2445858e,14,14,not_reconciled,not_established
Basti,Bankati,https://igod.gov.in/index.php/district/_zg3tXQBW7DqAzx4Vrqs/blocks,data/discovery/2026-09-10/archive_coverage/district_sweep/raw/2649e88da5e3b297ae33_2a55aae624d3.html,2a55aae624d334219caa127c6a55ee00c678d06b006d6a8593b1edeb2445858e,14,14,not_reconciled,not_established
Basti,Basti,https://igod.gov.in/index.php/district/_zg3tXQBW7DqAzx4Vrqs/blocks,data/discovery/2026-09-10/archive_coverage/district_sweep/raw/2649e88da5e3b297ae33_2a55aae624d3.html,2a55aae624d334219caa127c6a55ee00c678d06b006d6a8593b1edeb2445858e,14,14,not_reconciled,not_established
Basti,Dubauliya,https://igod.gov.in/index.php/district/_zg3tXQBW7DqAzx4Vrqs/blocks,data/discovery/2026-09-10/archive_coverage/district_sweep/raw/2649e88da5e3b297ae33_2a55aae624d3.html,2a55aae624d334219caa127c6a55ee00c678d06b006d6a8593b1edeb2445858e,14,14,not_reconciled,not_established
Basti,Gaur,https://igod.gov.in/index.php/district/_zg3tXQBW7DqAzx4Vrqs/blocks,data/discovery/2026-09-10/archive_coverage/district_sweep/raw/2649e88da5e3b297ae33_2a55aae624d3.html,2a55aae624d334219caa127c6a55ee00c678d06b006d6a8593b1edeb2445858e,14,14,not_reconciled,not_established
Basti,Harraiya,https://igod.gov.in/index.php/district/_zg3tXQBW7DqAzx4Vrqs/blocks,data/discovery/2026-09-10/archive_coverage/district_sweep/raw/2649e88da5e3b297ae33_2a55aae624d3.html,2a55aae624d334219caa127c6a55ee00c678d06b006d6a8593b1edeb2445858e,14,14,not_reconciled,not_established
Basti,Kaptanganj,https://igod.gov.in/index.php/district/_zg3tXQBW7DqAzx4Vrqs/blocks,data/discovery/2026-09-10/archive_coverage/district_sweep/raw/2649e88da5e3b297ae33_2a55aae624d3.html,2a55aae624d334219caa127c6a55ee00c678d06b006d6a8593b1edeb2445858e,14,14,not_reconciled,not_established
Basti,Kudaraha,https://igod.gov.in/index.php/district/_zg3tXQBW7DqAzx4Vrqs/blocks,data/discovery/2026-09-10/archive_coverage/district_sweep/raw/2649e88da5e3b297ae33_2a55aae624d3.html,2a55aae624d334219caa127c6a55ee00c678d06b006d6a8593b1edeb2445858e,14,14,not_reconciled,not_established
Basti,Paras Rampur,https://igod.gov.in/index.php/district/_zg3tXQBW7DqAzx4Vrqs/blocks,data/discovery/2026-09-10/archive_coverage/district_sweep/raw/2649e88da5e3b297ae33_2a55aae624d3.html,2a55aae624d334219caa127c6a55ee00c678d06b006d6a8593b1edeb2445858e,14,14,not_reconciled,not_established
Basti,Ramnagar,https://igod.gov.in/index.php/district/_zg3tXQBW7DqAzx4Vrqs/blocks,data/discovery/2026-09-10/archive_coverage/district_sweep/raw/2649e88da5e3b297ae33_2a55aae624d3.html,2a55aae624d334219caa127c6a55ee00c678d06b006d6a8593b1edeb2445858e,14,14,not_reconciled,not_established
Basti,Rudauli,https://igod.gov.in/index.php/district/_zg3tXQBW7DqAzx4Vrqs/blocks,data/discovery/2026-09-10/archive_coverage/district_sweep/raw/2649e88da5e3b297ae33_2a55aae624d3.html,2a55aae624d334219caa127c6a55ee00c678d06b006d6a8593b1edeb2445858e,14,14,not_reconciled,not_established
Basti,Saltaua Gopal Pur,https://igod.gov.in/index.php/district/_zg3tXQBW7DqAzx4Vrqs/blocks,data/discovery/2026-09-10/archive_coverage/district_sweep/raw/2649e88da5e3b297ae33_2a55aae624d3.html,2a55aae624d334219caa127c6a55ee00c678d06b006d6a8593b1edeb2445858e,14,14,not_reconciled,not_established
Basti,Sau Ghat,https://igod.gov.in/index.php/district/_zg3tXQBW7DqAzx4Vrqs/blocks,data/discovery/2026-09-10/archive_coverage/district_sweep/raw/2649e88da5e3b297ae33_2a55aae624d3.html,2a55aae624d334219caa127c6a55ee00c678d06b006d6a8593b1edeb2445858e,14,14,not_reconciled,not_established
Basti,Vikram Jot,https://igod.gov.in/index.php/district/_zg3tXQBW7DqAzx4Vrqs/blocks,data/discovery/2026-09-10/archive_coverage/district_sweep/raw/2649e88da5e3b297ae33_2a55aae624d3.html,2a55aae624d334219caa127c6a55ee00c678d06b006d6a8593b1edeb2445858e,14,14,not_reconciled,not_established
Bhadohi,Abhauli,https://igod.gov.in/index.php/district/aDg3tXQBW7DqAzx4Vrus/blocks,data/discovery/2026-09-10/archive_coverage/district_sweep/raw/2b7c1cf89ffba6d5f63e_34c04e3bd4b4.html,34c04e3bd4b4eb9efab6bbb8b78fb57aa9bf598c863c4827f2c6dcc76bc7b8d2,6,6,not_reconciled,not_established
Bhadohi,Aurai,https://igod.gov.in/index.php/district/aDg3tXQBW7DqAzx4Vrus/blocks,data/discovery/2026-09-10/archive_coverage/district_sweep/raw/2b7c1cf89ffba6d5f63e_34c04e3bd4b4.html,34c04e3bd4b4eb9efab6bbb8b78fb57aa9bf598c863c4827f2c6dcc76bc7b8d2,6,6,not_reconciled,not_established
Bhadohi,Bhadohi,https://igod.gov.in/index.php/district/aDg3tXQBW7DqAzx4Vrus/blocks,data/discovery/2026-09-10/archive_coverage/district_sweep/raw/2b7c1cf89ffba6d5f63e_34c04e3bd4b4.html,34c04e3bd4b4eb9efab6bbb8b78fb57aa9bf598c863c4827f2c6dcc76bc7b8d2,6,6,not_reconciled,not_established
Bhadohi,Deegh,https://igod.gov.in/index.php/district/aDg3tXQBW7DqAzx4Vrus/blocks,data/discovery/2026-09-10/archive_coverage/district_sweep/raw/2b7c1cf89ffba6d5f63e_34c04e3bd4b4.html,34c04e3bd4b4eb9efab6bbb8b78fb57aa9bf598c863c4827f2c6dcc76bc7b8d2,6,6,not_reconciled,not_established
Bhadohi,Gyanpur,https://igod.gov.in/index.php/district/aDg3tXQBW7DqAzx4Vrus/blocks,data/discovery/2026-09-10/archive_coverage/district_sweep/raw/2b7c1cf89ffba6d5f63e_34c04e3bd4b4.html,34c04e3bd4b4eb9efab6bbb8b78fb57aa9bf598c863c4827f2c6dcc76bc7b8d2,6,6,not_reconciled,not_established
Bhadohi,Suriyavan,https://igod.gov.in/index.php/district/aDg3tXQBW7DqAzx4Vrus/blocks,data/discovery/2026-09-10/archive_coverage/district_sweep/raw/2b7c1cf89ffba6d5f63e_34c04e3bd4b4.html,34c04e3bd4b4eb9efab6bbb8b78fb57aa9bf598c863c4827f2c6dcc76bc7b8d2,6,6,not_reconciled,not_established
Shrawasti,Ekona,https://igod.gov.in/index.php/district/aTg3tXQBW7DqAzx4Vrus/blocks,data/discovery/2026-09-10/archive_coverage/district_sweep/raw/58b5aad542d512ddcced_f09ca5921aa2.html,f09ca5921aa2e5084372b1fe34a7b62dd0a44942031bb7faa19ac6812485d039,5,5,not_reconciled,not_established
Shrawasti,Gilaula,https://igod.gov.in/index.php/district/aTg3tXQBW7DqAzx4Vrus/blocks,data/discovery/2026-09-10/archive_coverage/district_sweep/raw/58b5aad542d512ddcced_f09ca5921aa2.html,f09ca5921aa2e5084372b1fe34a7b62dd0a44942031bb7faa19ac6812485d039,5,5,not_reconciled,not_established
Shrawasti,Hariharpur Rani,https://igod.gov.in/index.php/district/aTg3tXQBW7DqAzx4Vrus/blocks,data/discovery/2026-09-10/archive_coverage/district_sweep/raw/58b5aad542d512ddcced_f09ca5921aa2.html,f09ca5921aa2e5084372b1fe34a7b62dd0a44942031bb7faa19ac6812485d039,5,5,not_reconciled,not_established
Shrawasti,Jamunaha,https://igod.gov.in/index.php/district/aTg3tXQBW7DqAzx4Vrus/blocks,data/discovery/2026-09-10/archive_coverage/district_sweep/raw/58b5aad542d512ddcced_f09ca5921aa2.html,f09ca5921aa2e5084372b1fe34a7b62dd0a44942031bb7faa19ac6812485d039,5,5,not_reconciled,not_established
Shrawasti,Sirsiya,https://igod.gov.in/index.php/district/aTg3tXQBW7DqAzx4Vrus/blocks,data/discovery/2026-09-10/archive_coverage/district_sweep/raw/58b5aad542d512ddcced_f09ca5921aa2.html,f09ca5921aa2e5084372b1fe34a7b62dd0a44942031bb7faa19ac6812485d039,5,5,not_reconciled,not_established
Amroha,Amroha,https://igod.gov.in/index.php/district/ajg3tXQBW7DqAzx4Vr2t/blocks,data/discovery/2026-09-10/archive_coverage/district_sweep/raw/72a9e84424b5eef6a86a_338d08c299ce.html,338d08c299cea3044de3c44af182cc9d00883015628a9e7d44f26bd475446761,6,6,not_reconciled,not_established
Amroha,Dhanaura,https://igod.gov.in/index.php/district/ajg3tXQBW7DqAzx4Vr2t/blocks,data/discovery/2026-09-10/archive_coverage/district_sweep/raw/72a9e84424b5eef6a86a_338d08c299ce.html,338d08c299cea3044de3c44af182cc9d00883015628a9e7d44f26bd475446761,6,6,not_reconciled,not_established
Amroha,Gajraula,https://igod.gov.in/index.php/district/ajg3tXQBW7DqAzx4Vr2t/blocks,data/discovery/2026-09-10/archive_coverage/district_sweep/raw/72a9e84424b5eef6a86a_338d08c299ce.html,338d08c299cea3044de3c44af182cc9d00883015628a9e7d44f26bd475446761,6,6,not_reconciled,not_established
Amroha,Gangeshwari,https://igod.gov.in/index.php/district/ajg3tXQBW7DqAzx4Vr2t/blocks,data/discovery/2026-09-10/archive_coverage/district_sweep/raw/72a9e84424b5eef6a86a_338d08c299ce.html,338d08c299cea3044de3c44af182cc9d00883015628a9e7d44f26bd475446761,6,6,not_reconciled,not_established
Amroha,Hasanpur,https://igod.gov.in/index.php/district/ajg3tXQBW7DqAzx4Vr2t/blocks,data/discovery/2026-09-10/archive_coverage/district_sweep/raw/72a9e84424b5eef6a86a_338d08c299ce.html,338d08c299cea3044de3c44af182cc9d00883015628a9e7d44f26bd475446761,6,6,not_reconciled,not_established
Amroha,Joya,https://igod.gov.in/index.php/district/ajg3tXQBW7DqAzx4Vr2t/blocks,data/discovery/2026-09-10/archive_coverage/district_sweep/raw/72a9e84424b5eef6a86a_338d08c299ce.html,338d08c299cea3044de3c44af182cc9d00883015628a9e7d44f26bd475446761,6,6,not_reconciled,not_established
Ayodhya,Amaniganj,https://igod.gov.in/index.php/district/dr6-uIsBC8DLsKxJelG2/blocks,data/discovery/2026-09-10/archive_coverage/district_sweep/raw/09352a9c26fcb4bc862b_a90b2c934895.html,a90b2c934895096003af534ab8cc8649c0a421cb415befa8c2da06a9aea7645d,11,11,not_reconciled,not_established
Ayodhya,Bikapur,https://igod.gov.in/index.php/district/dr6-uIsBC8DLsKxJelG2/blocks,data/discovery/2026-09-10/archive_coverage/district_sweep/raw/09352a9c26fcb4bc862b_a90b2c934895.html,a90b2c934895096003af534ab8cc8649c0a421cb415befa8c2da06a9aea7645d,11,11,not_reconciled,not_established
Ayodhya,Hariyangatanganj,https://igod.gov.in/index.php/district/dr6-uIsBC8DLsKxJelG2/blocks,data/discovery/2026-09-10/archive_coverage/district_sweep/raw/09352a9c26fcb4bc862b_a90b2c934895.html,a90b2c934895096003af534ab8cc8649c0a421cb415befa8c2da06a9aea7645d,11,11,not_reconciled,not_established
Ayodhya,Masodha,https://igod.gov.in/index.php/district/dr6-uIsBC8DLsKxJelG2/blocks,data/discovery/2026-09-10/archive_coverage/district_sweep/raw/09352a9c26fcb4bc862b_a90b2c934895.html,a90b2c934895096003af534ab8cc8649c0a421cb415befa8c2da06a9aea7645d,11,11,not_reconciled,not_established
Ayodhya,Mawai,https://igod.gov.in/index.php/district/dr6-uIsBC8DLsKxJelG2/blocks,data/discovery/2026-09-10/archive_coverage/district_sweep/raw/09352a9c26fcb4bc862b_a90b2c934895.html,a90b2c934895096003af534ab8cc8649c0a421cb415befa8c2da06a9aea7645d,11,11,not_reconciled,not_established
Ayodhya,Maya Bazar,https://igod.gov.in/index.php/district/dr6-uIsBC8DLsKxJelG2/blocks,data/discovery/2026-09-10/archive_coverage/district_sweep/raw/09352a9c26fcb4bc862b_a90b2c934895.html,a90b2c934895096003af534ab8cc8649c0a421cb415befa8c2da06a9aea7645d,11,11,not_reconciled,not_established
Ayodhya,Milkipur,https://igod.gov.in/index.php/district/dr6-uIsBC8DLsKxJelG2/blocks,data/discovery/2026-09-10/archive_coverage/district_sweep/raw/09352a9c26fcb4bc862b_a90b2c934895.html,a90b2c934895096003af534ab8cc8649c0a421cb415befa8c2da06a9aea7645d,11,11,not_reconciled,not_established
Ayodhya,Pura Bazar,https://igod.gov.in/index.php/district/dr6-uIsBC8DLsKxJelG2/blocks,data/discovery/2026-09-10/archive_coverage/district_sweep/raw/09352a9c26fcb4bc862b_a90b2c934895.html,a90b2c934895096003af534ab8cc8649c0a421cb415befa8c2da06a9aea7645d,11,11,not_reconciled,not_established
Ayodhya,Rudauli,https://igod.gov.in/index.php/district/dr6-uIsBC8DLsKxJelG2/blocks,data/discovery/2026-09-10/archive_coverage/district_sweep/raw/09352a9c26fcb4bc862b_a90b2c934895.html,a90b2c934895096003af534ab8cc8649c0a421cb415befa8c2da06a9aea7645d,11,11,not_reconciled,not_established
Ayodhya,Sohawal,https://igod.gov.in/index.php/district/dr6-uIsBC8DLsKxJelG2/blocks,data/discovery/2026-09-10/archive_coverage/district_sweep/raw/09352a9c26fcb4bc862b_a90b2c934895.html,a90b2c934895096003af534ab8cc8649c0a421cb415befa8c2da06a9aea7645d,11,11,not_reconciled,not_established
Ayodhya,Tarun,https://igod.gov.in/index.php/district/dr6-uIsBC8DLsKxJelG2/blocks,data/discovery/2026-09-10/archive_coverage/district_sweep/raw/09352a9c26fcb4bc862b_a90b2c934895.html,a90b2c934895096003af534ab8cc8649c0a421cb415befa8c2da06a9aea7645d,11,11,not_reconciled,not_established
Varanasi,Arajiline,https://igod.gov.in/index.php/district/jr6_uIsBC8DLsKxJUVLd/blocks,data/discovery/2026-09-10/archive_coverage/district_sweep/raw/7968fa1ba70e9bbf9c82_ea378146a65e.html,ea378146a65e4e33b5fee0af09b520ba702abc4645d1ec973c030c915583efbc,8,8,not_reconciled,not_established
Varanasi,Baragaon,https://igod.gov.in/index.php/district/jr6_uIsBC8DLsKxJUVLd/blocks,data/discovery/2026-09-10/archive_coverage/district_sweep/raw/7968fa1ba70e9bbf9c82_ea378146a65e.html,ea378146a65e4e33b5fee0af09b520ba702abc4645d1ec973c030c915583efbc,8,8,not_reconciled,not_established
Varanasi,Chiraigaon,https://igod.gov.in/index.php/district/jr6_uIsBC8DLsKxJUVLd/blocks,data/discovery/2026-09-10/archive_coverage/district_sweep/raw/7968fa1ba70e9bbf9c82_ea378146a65e.html,ea378146a65e4e33b5fee0af09b520ba702abc4645d1ec973c030c915583efbc,8,8,not_reconciled,not_established
Varanasi,Cholapur,https://igod.gov.in/index.php/district/jr6_uIsBC8DLsKxJUVLd/blocks,data/discovery/2026-09-10/archive_coverage/district_sweep/raw/7968fa1ba70e9bbf9c82_ea378146a65e.html,ea378146a65e4e33b5fee0af09b520ba702abc4645d1ec973c030c915583efbc,8,8,not_reconciled,not_established
Varanasi,Harahua,https://igod.gov.in/index.php/district/jr6_uIsBC8DLsKxJUVLd/blocks,data/discovery/2026-09-10/archive_coverage/district_sweep/raw/7968fa1ba70e9bbf9c82_ea378146a65e.html,ea378146a65e4e33b5fee0af09b520ba702abc4645d1ec973c030c915583efbc,8,8,not_reconciled,not_established
Varanasi,Kashi Vidyapeeth,https://igod.gov.in/index.php/district/jr6_uIsBC8DLsKxJUVLd/blocks,data/discovery/2026-09-10/archive_coverage/district_sweep/raw/7968fa1ba70e9bbf9c82_ea378146a65e.html,ea378146a65e4e33b5fee0af09b520ba702abc4645d1ec973c030c915583efbc,8,8,not_reconciled,not_established
Varanasi,Pindra,https://igod.gov.in/index.php/district/jr6_uIsBC8DLsKxJUVLd/blocks,data/discovery/2026-09-10/archive_coverage/district_sweep/raw/7968fa1ba70e9bbf9c82_ea378146a65e.html,ea378146a65e4e33b5fee0af09b520ba702abc4645d1ec973c030c915583efbc,8,8,not_reconciled,not_established
Varanasi,Sevapuri,https://igod.gov.in/index.php/district/jr6_uIsBC8DLsKxJUVLd/blocks,data/discovery/2026-09-10/archive_coverage/district_sweep/raw/7968fa1ba70e9bbf9c82_ea378146a65e.html,ea378146a65e4e33b5fee0af09b520ba702abc4645d1ec973c030c915583efbc,8,8,not_reconciled,not_established
Etah,Aliganj,https://igod.gov.in/index.php/district/pTg3tXQBW7DqAzx4Vrqs/blocks,data/discovery/2026-09-10/archive_coverage/district_sweep/raw/c473d35cc9aba780506a_634aa831d189.html,634aa831d18924e756aaf0d1d363941022e5aed1dff52a579e720c82c11d2389,8,8,not_reconciled,not_established
Etah,Awagarh,https://igod.gov.in/index.php/district/pTg3tXQBW7DqAzx4Vrqs/blocks,data/discovery/2026-09-10/archive_coverage/district_sweep/raw/c473d35cc9aba780506a_634aa831d189.html,634aa831d18924e756aaf0d1d363941022e5aed1dff52a579e720c82c11d2389,8,8,not_reconciled,not_established
Etah,Jaithara,https://igod.gov.in/index.php/district/pTg3tXQBW7DqAzx4Vrqs/blocks,data/discovery/2026-09-10/archive_coverage/district_sweep/raw/c473d35cc9aba780506a_634aa831d189.html,634aa831d18924e756aaf0d1d363941022e5aed1dff52a579e720c82c11d2389,8,8,not_reconciled,not_established
Etah,Jalesar,https://igod.gov.in/index.php/district/pTg3tXQBW7DqAzx4Vrqs/blocks,data/discovery/2026-09-10/archive_coverage/district_sweep/raw/c473d35cc9aba780506a_634aa831d189.html,634aa831d18924e756aaf0d1d363941022e5aed1dff52a579e720c82c11d2389,8,8,not_reconciled,not_established
Etah,Marehra,https://igod.gov.in/index.php/district/pTg3tXQBW7DqAzx4Vrqs/blocks,data/discovery/2026-09-10/archive_coverage/district_sweep/raw/c473d35cc9aba780506a_634aa831d189.html,634aa831d18924e756aaf0d1d363941022e5aed1dff52a579e720c82c11d2389,8,8,not_reconciled,not_established
Etah,Nidhauli Kalan,https://igod.gov.in/index.php/district/pTg3tXQBW7DqAzx4Vrqs/blocks,data/discovery/2026-09-10/archive_coverage/district_sweep/raw/c473d35cc9aba780506a_634aa831d189.html,634aa831d18924e756aaf0d1d363941022e5aed1dff52a579e720c82c11d2389,8,8,not_reconciled,not_established
Etah,Sakit,https://igod.gov.in/index.php/district/pTg3tXQBW7DqAzx4Vrqs/blocks,data/discovery/2026-09-10/archive_coverage/district_sweep/raw/c473d35cc9aba780506a_634aa831d189.html,634aa831d18924e756aaf0d1d363941022e5aed1dff52a579e720c82c11d2389,8,8,not_reconciled,not_established
Etah,Shitalpur,https://igod.gov.in/index.php/district/pTg3tXQBW7DqAzx4Vrqs/blocks,data/discovery/2026-09-10/archive_coverage/district_sweep/raw/c473d35cc9aba780506a_634aa831d189.html,634aa831d18924e756aaf0d1d363941022e5aed1dff52a579e720c82c11d2389,8,8,not_reconciled,not_established
Hapur,Dhaulana,https://igod.gov.in/index.php/district/pzg3tXQBW7DqAzx4Vrqs/blocks,data/discovery/2026-09-10/archive_coverage/district_sweep/raw/3307e8c7648a697c8503_ea0e53a08193.html,ea0e53a081935573b1a1db483de0584a64329da7d5c53017be31f4813fceb81d,4,4,not_reconciled,not_established
Hapur,Garh Mukteshwar,https://igod.gov.in/index.php/district/pzg3tXQBW7DqAzx4Vrqs/blocks,data/discovery/2026-09-10/archive_coverage/district_sweep/raw/3307e8c7648a697c8503_ea0e53a08193.html,ea0e53a081935573b1a1db483de0584a64329da7d5c53017be31f4813fceb81d,4,4,not_reconciled,not_established
Hapur,Hapur,https://igod.gov.in/index.php/district/pzg3tXQBW7DqAzx4Vrqs/blocks,data/discovery/2026-09-10/archive_coverage/district_sweep/raw/3307e8c7648a697c8503_ea0e53a08193.html,ea0e53a081935573b1a1db483de0584a64329da7d5c53017be31f4813fceb81d,4,4,not_reconciled,not_established
Hapur,Simbhawali,https://igod.gov.in/index.php/district/pzg3tXQBW7DqAzx4Vrqs/blocks,data/discovery/2026-09-10/archive_coverage/district_sweep/raw/3307e8c7648a697c8503_ea0e53a08193.html,ea0e53a081935573b1a1db483de0584a64329da7d5c53017be31f4813fceb81d,4,4,not_reconciled,not_established
Amethi,Amethi,https://igod.gov.in/index.php/district/tDg3tXQBW7DqAzx4Vrqs/blocks,data/discovery/2026-09-10/archive_coverage/district_sweep/raw/bd7a5b708a2f90f60566_81ff942effc2.html,81ff942effc29ad5d7f5d058e80ddb56839fb0c355e934ab63a184700115b343,13,13,not_reconciled,not_established
Amethi,Bahadurpur,https://igod.gov.in/index.php/district/tDg3tXQBW7DqAzx4Vrqs/blocks,data/discovery/2026-09-10/archive_coverage/district_sweep/raw/bd7a5b708a2f90f60566_81ff942effc2.html,81ff942effc29ad5d7f5d058e80ddb56839fb0c355e934ab63a184700115b343,13,13,not_reconciled,not_established
Amethi,Bhadar,https://igod.gov.in/index.php/district/tDg3tXQBW7DqAzx4Vrqs/blocks,data/discovery/2026-09-10/archive_coverage/district_sweep/raw/bd7a5b708a2f90f60566_81ff942effc2.html,81ff942effc29ad5d7f5d058e80ddb56839fb0c355e934ab63a184700115b343,13,13,not_reconciled,not_established
Amethi,Bhetua,https://igod.gov.in/index.php/district/tDg3tXQBW7DqAzx4Vrqs/blocks,data/discovery/2026-09-10/archive_coverage/district_sweep/raw/bd7a5b708a2f90f60566_81ff942effc2.html,81ff942effc29ad5d7f5d058e80ddb56839fb0c355e934ab63a184700115b343,13,13,not_reconciled,not_established
Amethi,Gauriganj,https://igod.gov.in/index.php/district/tDg3tXQBW7DqAzx4Vrqs/blocks,data/discovery/2026-09-10/archive_coverage/district_sweep/raw/bd7a5b708a2f90f60566_81ff942effc2.html,81ff942effc29ad5d7f5d058e80ddb56839fb0c355e934ab63a184700115b343,13,13,not_reconciled,not_established
Amethi,Jagdishpur,https://igod.gov.in/index.php/district/tDg3tXQBW7DqAzx4Vrqs/blocks,data/discovery/2026-09-10/archive_coverage/district_sweep/raw/bd7a5b708a2f90f60566_81ff942effc2.html,81ff942effc29ad5d7f5d058e80ddb56839fb0c355e934ab63a184700115b343,13,13,not_reconciled,not_established
Amethi,Jamo,https://igod.gov.in/index.php/district/tDg3tXQBW7DqAzx4Vrqs/blocks,data/discovery/2026-09-10/archive_coverage/district_sweep/raw/bd7a5b708a2f90f60566_81ff942effc2.html,81ff942effc29ad5d7f5d058e80ddb56839fb0c355e934ab63a184700115b343,13,13,not_reconciled,not_established
Amethi,Musafir Khana,https://igod.gov.in/index.php/district/tDg3tXQBW7DqAzx4Vrqs/blocks,data/discovery/2026-09-10/archive_coverage/district_sweep/raw/bd7a5b708a2f90f60566_81ff942effc2.html,81ff942effc29ad5d7f5d058e80ddb56839fb0c355e934ab63a184700115b343,13,13,not_reconciled,not_established
Amethi,Sangrampur,https://igod.gov.in/index.php/district/tDg3tXQBW7DqAzx4Vrqs/blocks,data/discovery/2026-09-10/archive_coverage/district_sweep/raw/bd7a5b708a2f90f60566_81ff942effc2.html,81ff942effc29ad5d7f5d058e80ddb56839fb0c355e934ab63a184700115b343,13,13,not_reconciled,not_established
Amethi,Shahgarh,https://igod.gov.in/index.php/district/tDg3tXQBW7DqAzx4Vrqs/blocks,data/discovery/2026-09-10/archive_coverage/district_sweep/raw/bd7a5b708a2f90f60566_81ff942effc2.html,81ff942effc29ad5d7f5d058e80ddb56839fb0c355e934ab63a184700115b343,13,13,not_reconciled,not_established
Amethi,Shukul Bazar,https://igod.gov.in/index.php/district/tDg3tXQBW7DqAzx4Vrqs/blocks,data/discovery/2026-09-10/archive_coverage/district_sweep/raw/bd7a5b708a2f90f60566_81ff942effc2.html,81ff942effc29ad5d7f5d058e80ddb56839fb0c355e934ab63a184700115b343,13,13,not_reconciled,not_established
Amethi,Singhpur,https://igod.gov.in/index.php/district/tDg3tXQBW7DqAzx4Vrqs/blocks,data/discovery/2026-09-10/archive_coverage/district_sweep/raw/bd7a5b708a2f90f60566_81ff942effc2.html,81ff942effc29ad5d7f5d058e80ddb56839fb0c355e934ab63a184700115b343,13,13,not_reconciled,not_established
Amethi,Tiloi,https://igod.gov.in/index.php/district/tDg3tXQBW7DqAzx4Vrqs/blocks,data/discovery/2026-09-10/archive_coverage/district_sweep/raw/bd7a5b708a2f90f60566_81ff942effc2.html,81ff942effc29ad5d7f5d058e80ddb56839fb0c355e934ab63a184700115b343,13,13,not_reconciled,not_established
Shamli,Kairana,https://igod.gov.in/index.php/district/vDg3tXQBW7DqAzx4Vrut/blocks,data/discovery/2026-09-10/archive_coverage/district_sweep/raw/b696ba7074c001d0558b_f4c14f61143d.html,f4c14f61143dd6360ebe79191fda0657e11b2f191f6ecd6f2e99102218612b0a,5,5,not_reconciled,not_established
Shamli,Kandhla,https://igod.gov.in/index.php/district/vDg3tXQBW7DqAzx4Vrut/blocks,data/discovery/2026-09-10/archive_coverage/district_sweep/raw/b696ba7074c001d0558b_f4c14f61143d.html,f4c14f61143dd6360ebe79191fda0657e11b2f191f6ecd6f2e99102218612b0a,5,5,not_reconciled,not_established
Shamli,Shamli,https://igod.gov.in/index.php/district/vDg3tXQBW7DqAzx4Vrut/blocks,data/discovery/2026-09-10/archive_coverage/district_sweep/raw/b696ba7074c001d0558b_f4c14f61143d.html,f4c14f61143dd6360ebe79191fda0657e11b2f191f6ecd6f2e99102218612b0a,5,5,not_reconciled,not_established
Shamli,Thana Bhawan,https://igod.gov.in/index.php/district/vDg3tXQBW7DqAzx4Vrut/blocks,data/discovery/2026-09-10/archive_coverage/district_sweep/raw/b696ba7074c001d0558b_f4c14f61143d.html,f4c14f61143dd6360ebe79191fda0657e11b2f191f6ecd6f2e99102218612b0a,5,5,not_reconciled,not_established
Shamli,Un,https://igod.gov.in/index.php/district/vDg3tXQBW7DqAzx4Vrut/blocks,data/discovery/2026-09-10/archive_coverage/district_sweep/raw/b696ba7074c001d0558b_f4c14f61143d.html,f4c14f61143dd6360ebe79191fda0657e11b2f191f6ecd6f2e99102218612b0a,5,5,not_reconciled,not_established
Kanpur Nagar,Bhitargaon,https://igod.gov.in/index.php/district/yzg3tXQBW7DqAzx4Vrqs/blocks,data/discovery/2026-09-10/archive_coverage/district_sweep/raw/f0d003a2226d08382525_47cfc7bceacd.html,47cfc7bceacd4479b7108f2ff157d93f94cf5ce6afd981eacae201281b492076,10,10,not_reconciled,not_established
Kanpur Nagar,Bilhaur,https://igod.gov.in/index.php/district/yzg3tXQBW7DqAzx4Vrqs/blocks,data/discovery/2026-09-10/archive_coverage/district_sweep/raw/f0d003a2226d08382525_47cfc7bceacd.html,47cfc7bceacd4479b7108f2ff157d93f94cf5ce6afd981eacae201281b492076,10,10,not_reconciled,not_established
Kanpur Nagar,Chaubeypur,https://igod.gov.in/index.php/district/yzg3tXQBW7DqAzx4Vrqs/blocks,data/discovery/2026-09-10/archive_coverage/district_sweep/raw/f0d003a2226d08382525_47cfc7bceacd.html,47cfc7bceacd4479b7108f2ff157d93f94cf5ce6afd981eacae201281b492076,10,10,not_reconciled,not_established
Kanpur Nagar,Ghatampur,https://igod.gov.in/index.php/district/yzg3tXQBW7DqAzx4Vrqs/blocks,data/discovery/2026-09-10/archive_coverage/district_sweep/raw/f0d003a2226d08382525_47cfc7bceacd.html,47cfc7bceacd4479b7108f2ff157d93f94cf5ce6afd981eacae201281b492076,10,10,not_reconciled,not_established
Kanpur Nagar,Kakwan,https://igod.gov.in/index.php/district/yzg3tXQBW7DqAzx4Vrqs/blocks,data/discovery/2026-09-10/archive_coverage/district_sweep/raw/f0d003a2226d08382525_47cfc7bceacd.html,47cfc7bceacd4479b7108f2ff157d93f94cf5ce6afd981eacae201281b492076,10,10,not_reconciled,not_established
Kanpur Nagar,Kalyanpur,https://igod.gov.in/index.php/district/yzg3tXQBW7DqAzx4Vrqs/blocks,data/discovery/2026-09-10/archive_coverage/district_sweep/raw/f0d003a2226d08382525_47cfc7bceacd.html,47cfc7bceacd4479b7108f2ff157d93f94cf5ce6afd981eacae201281b492076,10,10,not_reconciled,not_established
Kanpur Nagar,Patara,https://igod.gov.in/index.php/district/yzg3tXQBW7DqAzx4Vrqs/blocks,data/discovery/2026-09-10/archive_coverage/district_sweep/raw/f0d003a2226d08382525_47cfc7bceacd.html,47cfc7bceacd4479b7108f2ff157d93f94cf5ce6afd981eacae201281b492076,10,10,not_reconciled,not_established
Kanpur Nagar,Sarsol,https://igod.gov.in/index.php/district/yzg3tXQBW7DqAzx4Vrqs/blocks,data/discovery/2026-09-10/archive_coverage/district_sweep/raw/f0d003a2226d08382525_47cfc7bceacd.html,47cfc7bceacd4479b7108f2ff157d93f94cf5ce6afd981eacae201281b492076,10,10,not_reconciled,not_established
Kanpur Nagar,Shivrajpur,https://igod.gov.in/index.php/district/yzg3tXQBW7DqAzx4Vrqs/blocks,data/discovery/2026-09-10/archive_coverage/district_sweep/raw/f0d003a2226d08382525_47cfc7bceacd.html,47cfc7bceacd4479b7108f2ff157d93f94cf5ce6afd981eacae201281b492076,10,10,not_reconciled,not_established
Kanpur Nagar,Vidhunu,https://igod.gov.in/index.php/district/yzg3tXQBW7DqAzx4Vrqs/blocks,data/discovery/2026-09-10/archive_coverage/district_sweep/raw/f0d003a2226d08382525_47cfc7bceacd.html,47cfc7bceacd4479b7108f2ff157d93f94cf5ce6afd981eacae201281b492076,10,10,not_reconciled,not_established
Agra,Achhnera,https://igod.gov.in/index.php/district/-Tg3tXQBW7DqAzx4Vrqs/blocks,data/discovery/2026-09-10/archive_coverage/directory_pages/raw/e75bf68ab019aab355e6_bde0334cfa4b.html,bde0334cfa4b2516dde613ed230470f50e5ddff3b52e64925623c8d3ab0b54d5,15,15,not_reconciled,not_established
Agra,Akola,https://igod.gov.in/index.php/district/-Tg3tXQBW7DqAzx4Vrqs/blocks,data/discovery/2026-09-10/archive_coverage/directory_pages/raw/e75bf68ab019aab355e6_bde0334cfa4b.html,bde0334cfa4b2516dde613ed230470f50e5ddff3b52e64925623c8d3ab0b54d5,15,15,not_reconciled,not_established
Agra,Bah,https://igod.gov.in/index.php/district/-Tg3tXQBW7DqAzx4Vrqs/blocks,data/discovery/2026-09-10/archive_coverage/directory_pages/raw/e75bf68ab019aab355e6_bde0334cfa4b.html,bde0334cfa4b2516dde613ed230470f50e5ddff3b52e64925623c8d3ab0b54d5,15,15,not_reconciled,not_established
Agra,Barauli Ahir,https://igod.gov.in/index.php/district/-Tg3tXQBW7DqAzx4Vrqs/blocks,data/discovery/2026-09-10/archive_coverage/directory_pages/raw/e75bf68ab019aab355e6_bde0334cfa4b.html,bde0334cfa4b2516dde613ed230470f50e5ddff3b52e64925623c8d3ab0b54d5,15,15,not_reconciled,not_established
Agra,Bichpuri,https://igod.gov.in/index.php/district/-Tg3tXQBW7DqAzx4Vrqs/blocks,data/discovery/2026-09-10/archive_coverage/directory_pages/raw/e75bf68ab019aab355e6_bde0334cfa4b.html,bde0334cfa4b2516dde613ed230470f50e5ddff3b52e64925623c8d3ab0b54d5,15,15,not_reconciled,not_established
Agra,Etmadpur,https://igod.gov.in/index.php/district/-Tg3tXQBW7DqAzx4Vrqs/blocks,data/discovery/2026-09-10/archive_coverage/directory_pages/raw/e75bf68ab019aab355e6_bde0334cfa4b.html,bde0334cfa4b2516dde613ed230470f50e5ddff3b52e64925623c8d3ab0b54d5,15,15,not_reconciled,not_established
Agra,Fatehabad,https://igod.gov.in/index.php/district/-Tg3tXQBW7DqAzx4Vrqs/blocks,data/discovery/2026-09-10/archive_coverage/directory_pages/raw/e75bf68ab019aab355e6_bde0334cfa4b.html,bde0334cfa4b2516dde613ed230470f50e5ddff3b52e64925623c8d3ab0b54d5,15,15,not_reconciled,not_established
Agra,Fatehpur Sikri,https://igod.gov.in/index.php/district/-Tg3tXQBW7DqAzx4Vrqs/blocks,data/discovery/2026-09-10/archive_coverage/directory_pages/raw/e75bf68ab019aab355e6_bde0334cfa4b.html,bde0334cfa4b2516dde613ed230470f50e5ddff3b52e64925623c8d3ab0b54d5,15,15,not_reconciled,not_established
Agra,Jagner,https://igod.gov.in/index.php/district/-Tg3tXQBW7DqAzx4Vrqs/blocks,data/discovery/2026-09-10/archive_coverage/directory_pages/raw/e75bf68ab019aab355e6_bde0334cfa4b.html,bde0334cfa4b2516dde613ed230470f50e5ddff3b52e64925623c8d3ab0b54d5,15,15,not_reconciled,not_established
Agra,Jaitpur Kalan,https://igod.gov.in/index.php/district/-Tg3tXQBW7DqAzx4Vrqs/blocks,data/discovery/2026-09-10/archive_coverage/directory_pages/raw/e75bf68ab019aab355e6_bde0334cfa4b.html,bde0334cfa4b2516dde613ed230470f50e5ddff3b52e64925623c8d3ab0b54d5,15,15,not_reconciled,not_established
Agra,Khandauli,https://igod.gov.in/index.php/district/-Tg3tXQBW7DqAzx4Vrqs/blocks,data/discovery/2026-09-10/archive_coverage/directory_pages/raw/e75bf68ab019aab355e6_bde0334cfa4b.html,bde0334cfa4b2516dde613ed230470f50e5ddff3b52e64925623c8d3ab0b54d5,15,15,not_reconciled,not_established
Agra,Kheragarh,https://igod.gov.in/index.php/district/-Tg3tXQBW7DqAzx4Vrqs/blocks,data/discovery/2026-09-10/archive_coverage/directory_pages/raw/e75bf68ab019aab355e6_bde0334cfa4b.html,bde0334cfa4b2516dde613ed230470f50e5ddff3b52e64925623c8d3ab0b54d5,15,15,not_reconciled,not_established
Agra,Pinahat,https://igod.gov.in/index.php/district/-Tg3tXQBW7DqAzx4Vrqs/blocks,data/discovery/2026-09-10/archive_coverage/directory_pages/raw/e75bf68ab019aab355e6_bde0334cfa4b.html,bde0334cfa4b2516dde613ed230470f50e5ddff3b52e64925623c8d3ab0b54d5,15,15,not_reconciled,not_established
Agra,Saiyan,https://igod.gov.in/index.php/district/-Tg3tXQBW7DqAzx4Vrqs/blocks,data/discovery/2026-09-10/archive_coverage/directory_pages/raw/e75bf68ab019aab355e6_bde0334cfa4b.html,bde0334cfa4b2516dde613ed230470f50e5ddff3b52e64925623c8d3ab0b54d5,15,15,not_reconciled,not_established
Agra,Shamsabad,https://igod.gov.in/index.php/district/-Tg3tXQBW7DqAzx4Vrqs/blocks,data/discovery/2026-09-10/archive_coverage/directory_pages/raw/e75bf68ab019aab355e6_bde0334cfa4b.html,bde0334cfa4b2516dde613ed230470f50e5ddff3b52e64925623c8d3ab0b54d5,15,15,not_reconciled,not_established
