district,url,reason
Aligarh,http://aligarh.nic.in/BTC2009/BTC%202004%20SPE%20RESERVATION%20LIST.pdf,"URL suggests recruitment, education, or another non-election reservation context; not a document verdict"
Aligarh,http://aligarh.nic.in:80/DIET_2015/2_btc_list/Second%20jaanch%20suchi%20list/SECOND%20JANCH%20SUCHI%20Special%20Reservation%20Male%20%2015-9-15.pdf,"URL suggests recruitment, education, or another non-election reservation context; not a document verdict"
Aligarh,http://aligarh.nic.in:80/DIET_2015/3_btc_list/THIRD%20JANCH%20SUCHI/FEMALE%20SPECIAL%20RESERVATION%20THIRD%20JANCH%20SUCHI.pdf,"URL suggests recruitment, education, or another non-election reservation context; not a document verdict"
Aligarh,http://aligarh.nic.in:80/DIET_2015/3_btc_list/THIRD%20JANCH%20SUCHI/MALE%20SPECIAL%20RESERVATION%20THIRD%20JANCH%20SUCHI.pdf,"URL suggests recruitment, education, or another non-election reservation context; not a document verdict"
Aligarh,"http://aligarh.nic.in:80/DIET_2015/4_btc_list/FOURTH%20JANCH%20SUCHI/FOURTH%20JANCH%20SUCHI%20FEMAL%20SPL.%20RESERVATION%20PH-7,%208%202.pdf","URL suggests recruitment, education, or another non-election reservation context; not a document verdict"
Aligarh,http://aligarh.nic.in:80/DIET_2015/BTC2015_dirtiya_tirtiya_soochi/FEMALE%20SPECIAL%20RESERVATION%203RD%20JANCH%20SUCHI.pdf,"URL suggests recruitment, education, or another non-election reservation context; not a document verdict"
Aligarh,http://aligarh.nic.in:80/DIET_2015/BTC2015_dirtiya_tirtiya_soochi/FEMALE-SCIENCE-UNRESERVED%203RD%20JANCH%20SUCHI.pdf,"URL suggests recruitment, education, or another non-election reservation context; not a document verdict"
Aligarh,http://aligarh.nic.in:80/DIET_2015/BTC2015_dirtiya_tirtiya_soochi/FEMALE_ART-UNRESERVED%203%20RD%20JANCH%20SUCHI.pdf,"URL suggests recruitment, education, or another non-election reservation context; not a document verdict"
Aligarh,http://aligarh.nic.in:80/DIET_2015/BTC2015_dirtiya_tirtiya_soochi/MALE%20-ARTS-UNRESERVED%203RD%20JANCH%20SUCHI.pdf,"URL suggests recruitment, education, or another non-election reservation context; not a document verdict"
Aligarh,http://aligarh.nic.in:80/DIET_2015/BTC2015_dirtiya_tirtiya_soochi/MALE%20-SCIENCE-UNRESERVED%203RD%20JANCH%20SUCHI.pdf,"URL suggests recruitment, education, or another non-election reservation context; not a document verdict"
Aligarh,http://aligarh.nic.in:80/DIET_2015/BTC2015_dirtiya_tirtiya_soochi/MALE%20SPECIAL%20RESERVATION%203RD%20JANCH%20SUCHI.pdf,"URL suggests recruitment, education, or another non-election reservation context; not a document verdict"
Farrukhabad,http://farrukhabad.nic.in/TraineeTeachers/farrukhabad_Special_Reservation_Suchi.pdf,"URL suggests recruitment, education, or another non-election reservation context; not a document verdict"
Farrukhabad,http://farrukhabad.nic.in:80/btc/SBTC%202008/MALE%20UNRESERVED%20SM.pdf,"URL suggests recruitment, education, or another non-election reservation context; not a document verdict"
Farrukhabad,http://farrukhabad.nic.in:80/btc/btc2004/FEMALE%20UNRESERVED%20ART.pdf,"URL suggests recruitment, education, or another non-election reservation context; not a document verdict"
Farrukhabad,http://farrukhabad.nic.in:80/btc/btc2004/FEMALE%20UNRESERVED%20SCIENCE.pdf,"URL suggests recruitment, education, or another non-election reservation context; not a document verdict"
Farrukhabad,http://farrukhabad.nic.in:80/btc/btc2004/MALE%20UNRESERVED%20ART.pdf,"URL suggests recruitment, education, or another non-election reservation context; not a document verdict"
Farrukhabad,http://farrukhabad.nic.in:80/btc/btc2004/MALE%20UNRESERVED%20SCIENCE.pdf,"URL suggests recruitment, education, or another non-election reservation context; not a document verdict"
Farrukhabad,http://farrukhabad.nic.in:80/btc/btc2008generalselection/FEMALE%20UNRESERVED%20S.M.pdf,"URL suggests recruitment, education, or another non-election reservation context; not a document verdict"
Farrukhabad,http://farrukhabad.nic.in:80/btc/btc2008generalselection/FEMALE%20UNRESERVED%20SCIENCE.pdf,"URL suggests recruitment, education, or another non-election reservation context; not a document verdict"
Farrukhabad,http://farrukhabad.nic.in:80/btc/btc2008generalselection/FEMALE%20UNRESERVEDART.pdf,"URL suggests recruitment, education, or another non-election reservation context; not a document verdict"
Farrukhabad,http://farrukhabad.nic.in:80/btc/btc2008generalselection/MALE%20UNRESERVED%20ART.pdf,"URL suggests recruitment, education, or another non-election reservation context; not a document verdict"
Farrukhabad,http://farrukhabad.nic.in:80/btc/btc2008generalselection/MALE%20UNRESERVED%20S.M.pdf,"URL suggests recruitment, education, or another non-election reservation context; not a document verdict"
Farrukhabad,http://farrukhabad.nic.in:80/btc/btc2008generalselection/MALE%20UNRESERVED%20SCIENCE.pdf,"URL suggests recruitment, education, or another non-election reservation context; not a document verdict"
Farrukhabad,"http://farrukhabad.nic.in:80/btc/sbtc/MALE%20PDF%20NIC/MALE,UNRESERVED%20S.M.pdf","URL suggests recruitment, education, or another non-election reservation context; not a document verdict"
Farrukhabad,"http://farrukhabad.nic.in:80/btc/sbtc/MALE%20PDF%20NIC/MALE,UNRESERVED,ART.pdf","URL suggests recruitment, education, or another non-election reservation context; not a document verdict"
Farrukhabad,"http://farrukhabad.nic.in:80/btc/sbtc/MALE%20PDF%20NIC/MALE,UNRESERVED,SCIENCE.pdf","URL suggests recruitment, education, or another non-election reservation context; not a document verdict"
Fatehpur,http://fatehpur.nic.in/Spl%20BTC-%202007/BTC%202004/PDF_RESERVATION/EXMAN_FEMALE%202004.pdf,"URL suggests recruitment, education, or another non-election reservation context; not a document verdict"
Fatehpur,http://fatehpur.nic.in/Spl%20BTC-%202007/BTC%202004/PDF_RESERVATION/EXMAN_MALE%202004.pdf,"URL suggests recruitment, education, or another non-election reservation context; not a document verdict"
Fatehpur,http://fatehpur.nic.in/Spl%20BTC-%202007/BTC%202004/PDF_RESERVATION/FEMALE_FREEDOM%20FIGHTER.pdf,"URL suggests recruitment, education, or another non-election reservation context; not a document verdict"
Fatehpur,http://fatehpur.nic.in/Spl%20BTC-%202007/BTC%202004/PDF_RESERVATION/FEMALE_NCC.pdf,"URL suggests recruitment, education, or another non-election reservation context; not a document verdict"
Fatehpur,http://fatehpur.nic.in/Spl%20BTC-%202007/BTC%202004/PDF_RESERVATION/FEMALE_PHYSICAL%20HANDICAP.pdf,"URL suggests recruitment, education, or another non-election reservation context; not a document verdict"
Fatehpur,http://fatehpur.nic.in/Spl%20BTC-%202007/BTC%202004/PDF_RESERVATION/FEMALE_SPORTS.pdf,"URL suggests recruitment, education, or another non-election reservation context; not a document verdict"
Fatehpur,http://fatehpur.nic.in/Spl%20BTC-%202007/BTC%202004/PDF_RESERVATION/MALE_FREEDOM%20FIGHTER.pdf,"URL suggests recruitment, education, or another non-election reservation context; not a document verdict"
Fatehpur,http://fatehpur.nic.in/Spl%20BTC-%202007/BTC%202004/PDF_RESERVATION/MALE_NCC.pdf,"URL suggests recruitment, education, or another non-election reservation context; not a document verdict"
Fatehpur,http://fatehpur.nic.in/Spl%20BTC-%202007/BTC%202004/PDF_RESERVATION/MALE_PHYSICAL%20HANDICAP.pdf,"URL suggests recruitment, education, or another non-election reservation context; not a document verdict"
Fatehpur,http://fatehpur.nic.in/Spl%20BTC-%202007/Spl%20BTC%202008/Spl%20BTC%202008%20General%20Selection/RESERVATION/FEMALE%20DFF-8(Ist%20JANCH%20SUCHI)%202008%20GS.pdf,"URL suggests recruitment, education, or another non-election reservation context; not a document verdict"
Fatehpur,http://fatehpur.nic.in/Spl%20BTC-%202007/Spl%20BTC%202008/Spl%20BTC%202008%20General%20Selection/RESERVATION/FEMALE%20Ex_MAN-9(Ist%20JANCH%20SUCHI)%202008%20GS.pdf,"URL suggests recruitment, education, or another non-election reservation context; not a document verdict"
Fatehpur,http://fatehpur.nic.in/Spl%20BTC-%202007/Spl%20BTC%202008/Spl%20BTC%202008%20General%20Selection/RESERVATION/FEMALE%20PH-5(Ist%20JANCH%20SUCHI)%202008%20GS.pdf,"URL suggests recruitment, education, or another non-election reservation context; not a document verdict"
Fatehpur,http://fatehpur.nic.in/Spl%20BTC-%202007/Spl%20BTC%202008/Spl%20BTC%202008%20General%20Selection/RESERVATION/FEMALE%20PH-6(Ist%20JANCH%20SUCHI)%202008%20GS.pdf,"URL suggests recruitment, education, or another non-election reservation context; not a document verdict"
Fatehpur,http://fatehpur.nic.in/Spl%20BTC-%202007/Spl%20BTC%202008/Spl%20BTC%202008%20General%20Selection/RESERVATION/FEMALE%20PH-7(Ist%20JANCH%20SUCHI)%202008%20GS.pdf,"URL suggests recruitment, education, or another non-election reservation context; not a document verdict"
Fatehpur,http://fatehpur.nic.in/Spl%20BTC-%202007/Spl%20BTC%202008/Spl%20BTC%202008%20General%20Selection/RESERVATION/MALE%20DFF-8(Ist%20JANCH%20SUCHI)%202008%20GS.pdf,"URL suggests recruitment, education, or another non-election reservation context; not a document verdict"
Fatehpur,http://fatehpur.nic.in/Spl%20BTC-%202007/Spl%20BTC%202008/Spl%20BTC%202008%20General%20Selection/RESERVATION/MALE%20Ex_MAN-9(Ist%20JANCH%20SUCHI)%202008%20GS.pdf,"URL suggests recruitment, education, or another non-election reservation context; not a document verdict"
Fatehpur,http://fatehpur.nic.in/Spl%20BTC-%202007/Spl%20BTC%202008/Spl%20BTC%202008%20General%20Selection/RESERVATION/MALE%20PH-5(Ist%20JANCH%20SUCHI)%202008%20GS.pdf,"URL suggests recruitment, education, or another non-election reservation context; not a document verdict"
Fatehpur,http://fatehpur.nic.in/Spl%20BTC-%202007/Spl%20BTC%202008/Spl%20BTC%202008%20General%20Selection/RESERVATION/MALE%20PH-6(Ist%20JANCH%20SUCHI)%202008%20GS.pdf,"URL suggests recruitment, education, or another non-election reservation context; not a document verdict"
Fatehpur,http://fatehpur.nic.in/Spl%20BTC-%202007/Spl%20BTC%202008/Spl%20BTC%202008%20General%20Selection/RESERVATION/MALE%20PH-7(Ist%20JANCH%20SUCHI)%202008%20GS.pdf,"URL suggests recruitment, education, or another non-election reservation context; not a document verdict"
Gorakhpur,http://gorakhpur.nic.in/BTC-result/5TH%20INTERIM%204TH%20REST/OTHER%20THAN%20SIKSHA%20MITRA/MALE/MALE%20RESERVATION/OTHER%20THAN%20S.M%20(MALE)%20SPL=7.pdf,"URL suggests recruitment, education, or another non-election reservation context; not a document verdict"
Gorakhpur,http://gorakhpur.nic.in/BTC-result/5TH%20INTERIM%205TH%20REST/OTHER%20THAN%20SIKSHA%20MITRA/MALE/MALE%20RESERVATION/OTHER%20THAN%20S.M%20(MALE)%20SPL=7.pdf,"URL suggests recruitment, education, or another non-election reservation context; not a document verdict"
Gorakhpur,"http://gorakhpur.nic.in:80/BTC-result/1st%20interim%20LIST%20(SBTC-2008,%20DIET%20GKP)/OTHER%20THAN%20SIKSHA%20MITRA/FELAME/FEMALE%20SPL%20RESERVATION/FELAME%20SPL=9.pdf","URL suggests recruitment, education, or another non-election reservation context; not a document verdict"
Gorakhpur,"http://gorakhpur.nic.in:80/BTC-result/1st%20interim%20LIST%20(SBTC-2008,%20DIET%20GKP)/OTHER%20THAN%20SIKSHA%20MITRA/FELAME/FEMALE%20SPL%20RESERVATION/FEMALE%20SPL=5.pdf","URL suggests recruitment, education, or another non-election reservation context; not a document verdict"
Gorakhpur,"http://gorakhpur.nic.in:80/BTC-result/1st%20interim%20LIST%20(SBTC-2008,%20DIET%20GKP)/OTHER%20THAN%20SIKSHA%20MITRA/FELAME/FEMALE%20SPL%20RESERVATION/FEMALE%20SPL=6.pdf","URL suggests recruitment, education, or another non-election reservation context; not a document verdict"
Gorakhpur,"http://gorakhpur.nic.in:80/BTC-result/1st%20interim%20LIST%20(SBTC-2008,%20DIET%20GKP)/OTHER%20THAN%20SIKSHA%20MITRA/FELAME/FEMALE%20SPL%20RESERVATION/FEMALE%20SPL=7.pdf","URL suggests recruitment, education, or another non-election reservation context; not a document verdict"
Gorakhpur,"http://gorakhpur.nic.in:80/BTC-result/1st%20interim%20LIST%20(SBTC-2008,%20DIET%20GKP)/OTHER%20THAN%20SIKSHA%20MITRA/FELAME/FEMALE%20SPL%20RESERVATION/FEMALE%20SPL=8.pdf","URL suggests recruitment, education, or another non-election reservation context; not a document verdict"
Gorakhpur,"http://gorakhpur.nic.in:80/BTC-result/1st%20interim%20LIST%20(SBTC-2008,%20DIET%20GKP)/OTHER%20THAN%20SIKSHA%20MITRA/MALE/MALE%20SPL%20RESERVATION/M.%20SPL=5.pdf","URL suggests recruitment, education, or another non-election reservation context; not a document verdict"
Gorakhpur,"http://gorakhpur.nic.in:80/BTC-result/1st%20interim%20LIST%20(SBTC-2008,%20DIET%20GKP)/OTHER%20THAN%20SIKSHA%20MITRA/MALE/MALE%20SPL%20RESERVATION/M.%20SPL=6.pdf","URL suggests recruitment, education, or another non-election reservation context; not a document verdict"
Gorakhpur,"http://gorakhpur.nic.in:80/BTC-result/1st%20interim%20LIST%20(SBTC-2008,%20DIET%20GKP)/OTHER%20THAN%20SIKSHA%20MITRA/MALE/MALE%20SPL%20RESERVATION/M.%20SPL=7.pdf","URL suggests recruitment, education, or another non-election reservation context; not a document verdict"
Gorakhpur,"http://gorakhpur.nic.in:80/BTC-result/1st%20interim%20LIST%20(SBTC-2008,%20DIET%20GKP)/OTHER%20THAN%20SIKSHA%20MITRA/MALE/MALE%20SPL%20RESERVATION/M.%20SPL=8.pdf","URL suggests recruitment, education, or another non-election reservation context; not a document verdict"
Gorakhpur,"http://gorakhpur.nic.in:80/BTC-result/1st%20interim%20LIST%20(SBTC-2008,%20DIET%20GKP)/OTHER%20THAN%20SIKSHA%20MITRA/MALE/MALE%20SPL%20RESERVATION/M.%20SPL=9.pdf","URL suggests recruitment, education, or another non-election reservation context; not a document verdict"
Gorakhpur,"http://gorakhpur.nic.in:80/BTC-result/1st%20interim%20LIST%20(SBTC-2008,%20DIET%20GKP)/SIKSHA%20MITRA/FEMALE%20(SM)/SM%20FEMALE%20SPL%20RESERVATION/SM.F.SPL=5.pdf","URL suggests recruitment, education, or another non-election reservation context; not a document verdict"
Gorakhpur,"http://gorakhpur.nic.in:80/BTC-result/1st%20interim%20LIST%20(SBTC-2008,%20DIET%20GKP)/SIKSHA%20MITRA/FEMALE%20(SM)/SM%20FEMALE%20SPL%20RESERVATION/SM.F.SPL=6.pdf","URL suggests recruitment, education, or another non-election reservation context; not a document verdict"
Gorakhpur,"http://gorakhpur.nic.in:80/BTC-result/1st%20interim%20LIST%20(SBTC-2008,%20DIET%20GKP)/SIKSHA%20MITRA/FEMALE%20(SM)/SM%20FEMALE%20SPL%20RESERVATION/SM.F.SPL=7.pdf","URL suggests recruitment, education, or another non-election reservation context; not a document verdict"
Gorakhpur,"http://gorakhpur.nic.in:80/BTC-result/1st%20interim%20LIST%20(SBTC-2008,%20DIET%20GKP)/SIKSHA%20MITRA/FEMALE%20(SM)/SM%20FEMALE%20SPL%20RESERVATION/SM.F.SPL=8.pdf","URL suggests recruitment, education, or another non-election reservation context; not a document verdict"
Gorakhpur,"http://gorakhpur.nic.in:80/BTC-result/1st%20interim%20LIST%20(SBTC-2008,%20DIET%20GKP)/SIKSHA%20MITRA/FEMALE%20(SM)/SM%20FEMALE%20SPL%20RESERVATION/SM.F.SPL=9.pdf","URL suggests recruitment, education, or another non-election reservation context; not a document verdict"
Gorakhpur,"http://gorakhpur.nic.in:80/BTC-result/1st%20interim%20LIST%20(SBTC-2008,%20DIET%20GKP)/SIKSHA%20MITRA/MALE%20(SM)/SM%20MALE%20SPL%20RESERVATION/SM.M.%20SPL=5.pdf","URL suggests recruitment, education, or another non-election reservation context; not a document verdict"
Gorakhpur,"http://gorakhpur.nic.in:80/BTC-result/1st%20interim%20LIST%20(SBTC-2008,%20DIET%20GKP)/SIKSHA%20MITRA/MALE%20(SM)/SM%20MALE%20SPL%20RESERVATION/SM.M.%20SPL=6.pdf","URL suggests recruitment, education, or another non-election reservation context; not a document verdict"
Gorakhpur,"http://gorakhpur.nic.in:80/BTC-result/1st%20interim%20LIST%20(SBTC-2008,%20DIET%20GKP)/SIKSHA%20MITRA/MALE%20(SM)/SM%20MALE%20SPL%20RESERVATION/SM.M.%20SPL=7.pdf","URL suggests recruitment, education, or another non-election reservation context; not a document verdict"
Gorakhpur,"http://gorakhpur.nic.in:80/BTC-result/1st%20interim%20LIST%20(SBTC-2008,%20DIET%20GKP)/SIKSHA%20MITRA/MALE%20(SM)/SM%20MALE%20SPL%20RESERVATION/SM.M.%20SPL=8.pdf","URL suggests recruitment, education, or another non-election reservation context; not a document verdict"
Gorakhpur,"http://gorakhpur.nic.in:80/BTC-result/1st%20interim%20LIST%20(SBTC-2008,%20DIET%20GKP)/SIKSHA%20MITRA/MALE%20(SM)/SM%20MALE%20SPL%20RESERVATION/SM.M.SPL=9.pdf","URL suggests recruitment, education, or another non-election reservation context; not a document verdict"
Gorakhpur,http://gorakhpur.nic.in:80/BTC-result/2ND%20INTERIM%20LIST%20(SBTC-2008)/OTHER%20THAN%20SIKSHA%20MITRA/MALE/MALE%20SPL%20RESERVATION/MALE%20SPL=9.pdf,"URL suggests recruitment, education, or another non-election reservation context; not a document verdict"
Gorakhpur,http://gorakhpur.nic.in:80/BTC-result/5TH%20INTERIM%204TH%20REST/OTHER%20THAN%20SIKSHA%20MITRA/MALE/OTHER%20THAN%20S.M%20(MALE)%20ARTS/OTHER%20THAN%20S.M%20(MALE)%20UNRESERVED%20ARTS.pdf,"URL suggests recruitment, education, or another non-election reservation context; not a document verdict"
Gorakhpur,http://gorakhpur.nic.in:80/BTC-result/5TH%20INTERIM%204TH%20REST/OTHER%20THAN%20SIKSHA%20MITRA/MALE/OTHER%20THAN%20S.M%20(MALE)%20SCIENCE/OTHER%20THAN%20S.M%20(MALE)%20UNRESERVED%20SCIENCE1.pdf,"URL suggests recruitment, education, or another non-election reservation context; not a document verdict"
Gorakhpur,http://gorakhpur.nic.in:80/BTC-result/5TH%20INTERIM%204TH%20REST/SIKSHA%20MITRA/FEMALE%20SIKSHA%20MITRA/SIKSHA%20MITRA%20(FEMALE)%20UNRESERVED..pdf,"URL suggests recruitment, education, or another non-election reservation context; not a document verdict"
Gorakhpur,http://gorakhpur.nic.in:80/BTC-result/5TH%20INTERIM%204TH%20REST/SIKSHA%20MITRA/MALE%20SIKSHA%20MITRA/SIKSHA%20MITRA%20(MALE)%20%20UNRESERVED.pdf,"URL suggests recruitment, education, or another non-election reservation context; not a document verdict"
Gorakhpur,http://gorakhpur.nic.in:80/BTC-result/5th%20INTERIM%20SELECT%20LIST%20SPL%20BTC%202007%20DIET%20GORAKHPUR/other%20then%20sikha%20mitra/female/other%20then%20sm%20fimale%20arts/OTHER%20THAN%20S.M%20(FEMALE)%20UNRESERVED%20ARTS.pdf,"URL suggests recruitment, education, or another non-election reservation context; not a document verdict"
Gorakhpur,http://gorakhpur.nic.in:80/BTC-result/dec241209/2ND%20JANCH%20%20SUCHI%20SBTC%202008/OTHER%20THAN%20SIKSHA%20MITRA/FEMALE/OTHER%20THAN%20S.M%20(FEMALE)%20ARTS/OTHER%20THAN%20S.M%20(FEMALE)%20UNRESERVED%20ARTS.pdf,"URL suggests recruitment, education, or another non-election reservation context; not a document verdict"
Gorakhpur,http://gorakhpur.nic.in:80/BTC-result/final%20pdf%20file%204TH%20INTERIN%20LIST%20(DIET%20GKP)/SIKSHA%20MITRA/MALE%20SIKSHA%20MITRA/SIKSHA%20MITRA%20(MALE)%20%20UNRESERVED.pdf,"URL suggests recruitment, education, or another non-election reservation context; not a document verdict"
Gorakhpur,http://www.gorakhpur.nic.in/BTC-result/New%20Folder/OTHER%20THAN%20SIKSHA%20MITRA/OTHER%20THAN%20S.M%20(%20FEMALE)%20SCIENCE/OTHER%20THAN%20S.M%20(FEMALE)%20UNRESERVED%20SCIENCE.pdf,"URL suggests recruitment, education, or another non-election reservation context; not a document verdict"
Gorakhpur,http://www.gorakhpur.nic.in/BTC-result/New%20Folder/OTHER%20THAN%20SIKSHA%20MITRA/OTHER%20THAN%20S.M%20(FEMALE)%20ARTS/OTHER%20THAN%20S.M%20(FEMALE)%20UNRESERVED%20ARTS.pdf,"URL suggests recruitment, education, or another non-election reservation context; not a document verdict"
Gorakhpur,http://www.gorakhpur.nic.in/BTC-result/New%20Folder/OTHER%20THAN%20SIKSHA%20MITRA/OTHER%20THAN%20S.M%20(FEMALE)%20RESERVATION/OTHER%20THAN%20S.M%20(FEMALE)%20DFF=8.pdf,"URL suggests recruitment, education, or another non-election reservation context; not a document verdict"
Gorakhpur,http://www.gorakhpur.nic.in/BTC-result/New%20Folder/OTHER%20THAN%20SIKSHA%20MITRA/OTHER%20THAN%20S.M%20(FEMALE)%20RESERVATION/OTHER%20THAN%20S.M%20(FEMALE)%20HPH=6.pdf,"URL suggests recruitment, education, or another non-election reservation context; not a document verdict"
Gorakhpur,http://www.gorakhpur.nic.in/BTC-result/New%20Folder/OTHER%20THAN%20SIKSHA%20MITRA/OTHER%20THAN%20S.M%20(FEMALE)%20RESERVATION/OTHER%20THAN%20S.M%20(FEMALE)%20LPH=7.pdf,"URL suggests recruitment, education, or another non-election reservation context; not a document verdict"
Gorakhpur,http://www.gorakhpur.nic.in/BTC-result/New%20Folder/OTHER%20THAN%20SIKSHA%20MITRA/OTHER%20THAN%20S.M%20(FEMALE)%20RESERVATION/OTHER%20THAN%20S.M%20(FEMALE)%20VPH=5.pdf,"URL suggests recruitment, education, or another non-election reservation context; not a document verdict"
Gorakhpur,http://www.gorakhpur.nic.in/BTC-result/New%20Folder/OTHER%20THAN%20SIKSHA%20MITRA/OTHER%20THAN%20S.M%20(MALE)%20ARTS/OTHER%20THAN%20S.M%20(MALE)%20UNRESERVED%20ARTS.pdf,"URL suggests recruitment, education, or another non-election reservation context; not a document verdict"
Gorakhpur,http://www.gorakhpur.nic.in/BTC-result/New%20Folder/OTHER%20THAN%20SIKSHA%20MITRA/OTHER%20THAN%20S.M%20(MALE)%20RESERVATION/OTHER%20THAN%20S.M%20(MALE)%20DFF=8.pdf,"URL suggests recruitment, education, or another non-election reservation context; not a document verdict"
Gorakhpur,http://www.gorakhpur.nic.in/BTC-result/New%20Folder/OTHER%20THAN%20SIKSHA%20MITRA/OTHER%20THAN%20S.M%20(MALE)%20RESERVATION/OTHER%20THAN%20S.M%20(MALE)%20EX-SER=9.pdf,"URL suggests recruitment, education, or another non-election reservation context; not a document verdict"
Gorakhpur,http://www.gorakhpur.nic.in/BTC-result/New%20Folder/OTHER%20THAN%20SIKSHA%20MITRA/OTHER%20THAN%20S.M%20(MALE)%20RESERVATION/OTHER%20THAN%20S.M%20(MALE)%20HPH=6.pdf,"URL suggests recruitment, education, or another non-election reservation context; not a document verdict"
Gorakhpur,http://www.gorakhpur.nic.in/BTC-result/New%20Folder/OTHER%20THAN%20SIKSHA%20MITRA/OTHER%20THAN%20S.M%20(MALE)%20RESERVATION/OTHER%20THAN%20S.M%20(MALE)%20LPH=7.pdf,"URL suggests recruitment, education, or another non-election reservation context; not a document verdict"
Gorakhpur,http://www.gorakhpur.nic.in/BTC-result/New%20Folder/OTHER%20THAN%20SIKSHA%20MITRA/OTHER%20THAN%20S.M%20(MALE)%20RESERVATION/OTHER%20THAN%20S.M%20(MALE)%20VPH=5.pdf,"URL suggests recruitment, education, or another non-election reservation context; not a document verdict"
Gorakhpur,http://www.gorakhpur.nic.in/BTC-result/New%20Folder/OTHER%20THAN%20SIKSHA%20MITRA/OTHER%20THAN%20S.M%20(MALE)%20SCIENCE/OTHER%20THAN%20S.M%20(MALE)%20UNRESERVED%20SCIENCE.pdf,"URL suggests recruitment, education, or another non-election reservation context; not a document verdict"
Gorakhpur,http://www.gorakhpur.nic.in/BTC-result/New%20Folder/SIKSHA%20MITRA/FEMALE%20SIKSHA%20MITRA/SIKSHA%20MITRA%20(FEMALE)%20UNRESERVED.pdf,"URL suggests recruitment, education, or another non-election reservation context; not a document verdict"
Gorakhpur,http://www.gorakhpur.nic.in/BTC-result/New%20Folder/SIKSHA%20MITRA/MALE%20SIKSHA%20MITRA/SIKSHA%20MITRA%20(MALE)%20UNRESERVED.pdf,"URL suggests recruitment, education, or another non-election reservation context; not a document verdict"
Hardoi,http://hardoi.nic.in:80/BTC-SecondList/Female_UnReserved_Science.pdf,"URL suggests recruitment, education, or another non-election reservation context; not a document verdict"
Kheri,http://kheri.nic.in/btc/sbtc07-5th-3rd-intrim/NON-SM-MALE-UNRESERVED-ARTS.pdf,"URL suggests recruitment, education, or another non-election reservation context; not a document verdict"
Kheri,http://kheri.nic.in/btc/sbtc07-5th-3rd-intrim/NON-SM-MALE-UNRESERVED-SCIENCE.pdf,"URL suggests recruitment, education, or another non-election reservation context; not a document verdict"
Lucknow,http://lucknow.nic.in/bsa/BTC2014%20Second%20List/Male%20Special%20Reservation/Male%20SplReservation%20Second%20Merit%20PH8.pdf,"URL suggests recruitment, education, or another non-election reservation context; not a document verdict"
Lucknow,http://lucknow.nic.in:80/bsa/DIET%20Lko%20BTC%202014/Female%20SplReservation%20Merit.pdf,"URL suggests recruitment, education, or another non-election reservation context; not a document verdict"
Lucknow,http://lucknow.nic.in:80/bsa/DIET%20Lko%20BTC%202014/Male%20SplReservation%20Merit.pdf,"URL suggests recruitment, education, or another non-election reservation context; not a document verdict"
Shahjahanpur,http://shahjahanpur.nic.in/pdf/BTC%202014%20STATWISE%20PDF%20MERIT/01%20FEMALE%20UNRESERVED%20ART.pdf,"URL suggests recruitment, education, or another non-election reservation context; not a document verdict"
Shahjahanpur,http://shahjahanpur.nic.in/pdf/BTC%202014%20STATWISE%20PDF%20MERIT/14%20MALE%20UNRESERVED%20ART.pdf,"URL suggests recruitment, education, or another non-election reservation context; not a document verdict"
Shahjahanpur,http://shahjahanpur.nic.in/pdf/BTC%202014%20STATWISE%20PDF%20MERIT/18%20MALE%20UNRESERVED%20SCIENCE.pdf,"URL suggests recruitment, education, or another non-election reservation context; not a document verdict"
Shahjahanpur,http://shahjahanpur.nic.in/pdf/BTC%202014%20STATWISE%20PDF%20MERIT/5%20FEMALE%20UNRESERVED%20SCIENCE.pdf,"URL suggests recruitment, education, or another non-election reservation context; not a document verdict"
Shahjahanpur,http://shahjahanpur.nic.in/pdf/BTC/7th-Merit/01FEMALE%20UNRESERVED%20ART.pdf,"URL suggests recruitment, education, or another non-election reservation context; not a document verdict"
Shahjahanpur,http://shahjahanpur.nic.in/pdf/BTC/7th-Merit/04FEMALE%20UNRESERVED%20SCIENCE.pdf,"URL suggests recruitment, education, or another non-election reservation context; not a document verdict"
Shahjahanpur,http://shahjahanpur.nic.in/pdf/BTC/7th-Merit/10MALE%20UNRESERVED%20SCIENCE.pdf,"URL suggests recruitment, education, or another non-election reservation context; not a document verdict"
Shahjahanpur,http://shahjahanpur.nic.in/pdf/BTC/9th%20merit%20pdf/FEMALE%20UNRESERVED%20SCIENCE.pdf,"URL suggests recruitment, education, or another non-election reservation context; not a document verdict"
Shahjahanpur,http://shahjahanpur.nic.in/pdf/BTC/Prashikshu%20Shikshak%20Chyan%202011%208th%20merit%20pdf/FEMALE%20UNRESERVED%20ART.pdf,"URL suggests recruitment, education, or another non-election reservation context; not a document verdict"
Shahjahanpur,http://shahjahanpur.nic.in/pdf/BTC/Prashikshu%20Shikshak%20Chyan%202011%208th%20merit%20pdf/FEMALE%20UNRESERVED%20SCIENCE.pdf,"URL suggests recruitment, education, or another non-election reservation context; not a document verdict"
Shahjahanpur,http://shahjahanpur.nic.in/pdf/BTC/Prashikshu%20Shikshak%20Chyan%202011%208th%20merit%20pdf/MALE%20UNRESERVED%20ART.pdf,"URL suggests recruitment, education, or another non-election reservation context; not a document verdict"
Shahjahanpur,http://shahjahanpur.nic.in/pdf/BTC/Prashikshu%20Shikshak%20Chyan%202011%208th%20merit%20pdf/MALE%20UNRESERVED%20SCINECE.pdf,"URL suggests recruitment, education, or another non-election reservation context; not a document verdict"
Shahjahanpur,http://shahjahanpur.nic.in/pdf/BTC/pdf%206th%20merit/01%20FEMALE%20UNRESERVED%20ART.pdf,"URL suggests recruitment, education, or another non-election reservation context; not a document verdict"
Shahjahanpur,http://shahjahanpur.nic.in/pdf/BTC/pdf%206th%20merit/04%20FEMALE%20UNRESERVED%20SCIENCE.pdf,"URL suggests recruitment, education, or another non-election reservation context; not a document verdict"
Shahjahanpur,http://shahjahanpur.nic.in/pdf/BTC/pdf%206th%20merit/07%20MALE%20UNRESERVED%20ART.pdf,"URL suggests recruitment, education, or another non-election reservation context; not a document verdict"
Shahjahanpur,http://shahjahanpur.nic.in/pdf/BTC/pdf%206th%20merit/10%20MALE%20UNRESERVED%20SCIENCE.pdf,"URL suggests recruitment, education, or another non-election reservation context; not a document verdict"
Shahjahanpur,http://shahjahanpur.nic.in:80/pdf/BTC/9th%20merit%20pdf/MALE%20UNRESERVED%20ART.pdf,"URL suggests recruitment, education, or another non-election reservation context; not a document verdict"
Shahjahanpur,http://shahjahanpur.nic.in:80/pdf/BTC/9th%20merit%20pdf/MALE%20UNRESERVED%20SCIENCE.pdf,"URL suggests recruitment, education, or another non-election reservation context; not a document verdict"
Sitapur,http://sitapur.nic.in:80/btc/NIC_BTC_2011/MALE_ARTS_UNRESERVED_BTC%202011_jANCH.pdf,"URL suggests recruitment, education, or another non-election reservation context; not a document verdict"
Sitapur,http://sitapur.nic.in:80/btc/btc11_interim_nic/Interim_Diet/Male_Arts_Unreserved.pdf,"URL suggests recruitment, education, or another non-election reservation context; not a document verdict"
Sitapur,http://sitapur.nic.in:80/btc/btc11_interim_nic/Interim_Diet/Male_Shikshamitra_Unreserved.pdf,"URL suggests recruitment, education, or another non-election reservation context; not a document verdict"
Sitapur,http://sitapur.nic.in:80/btc/btc11_interim_nic/Interim_KPS/Female_Arts_Unreserved.pdf,"URL suggests recruitment, education, or another non-election reservation context; not a document verdict"
Sitapur,http://www.sitapur.nic.in:80/btc/btc11_interim_nic/Interim_Diet/Female_Arts_Unreserved.pdf,"URL suggests recruitment, education, or another non-election reservation context; not a document verdict"
Sitapur,http://www.sitapur.nic.in:80/btc/btc11_interim_nic/Interim_Diet/Female_Science_Unreserved.pdf,"URL suggests recruitment, education, or another non-election reservation context; not a document verdict"
Sitapur,http://www.sitapur.nic.in:80/btc/btc11_interim_nic/Interim_Diet/Female_Shikshamitra_Unreserved.pdf,"URL suggests recruitment, education, or another non-election reservation context; not a document verdict"
Sitapur,http://www.sitapur.nic.in:80/btc/btc11_interim_nic/Interim_Diet/Male_Science_Unreserved.pdf,"URL suggests recruitment, education, or another non-election reservation context; not a document verdict"
Sitapur,http://www.sitapur.nic.in:80/btc/btc11_interim_nic/Interim_KPS/Female_Science_Unreserved.pdf,"URL suggests recruitment, education, or another non-election reservation context; not a document verdict"
Sitapur,http://www.sitapur.nic.in:80/btc/btc11_interim_nic/Interim_KPS/Female_Shikshamitra_Unreserved.pdf,"URL suggests recruitment, education, or another non-election reservation context; not a document verdict"
Sitapur,http://www.sitapur.nic.in:80/btc/btc11_interim_nic/Interim_KPS/Male_Arts_Unreserved.pdf,"URL suggests recruitment, education, or another non-election reservation context; not a document verdict"
Sitapur,http://www.sitapur.nic.in:80/btc/btc11_interim_nic/Interim_KPS/Male_Science_Unreserved.pdf,"URL suggests recruitment, education, or another non-election reservation context; not a document verdict"
Sitapur,http://www.sitapur.nic.in:80/btc/btc11_interim_nic/Interim_KPS/Male_Shikshamitra_Unreserved.pdf,"URL suggests recruitment, education, or another non-election reservation context; not a document verdict"
Etah,http://etah.nic.in:80/BTC%202014/Female_SplReservation.xlsx,"URL suggests recruitment, education, or another non-election reservation context; not a document verdict"
Etah,http://etah.nic.in:80/BTC%202014/Male_SplReservation.xlsx,"URL suggests recruitment, education, or another non-election reservation context; not a document verdict"
Fatehpur,http://fatehpur.nic.in/Spl%20BTC-2007/1st%20Interim%20Select%20List/SPECIAL%20RESERVATION%20(Horizontal%20Shifting).htm,"URL suggests recruitment, education, or another non-election reservation context; not a document verdict"
Fatehpur,http://fatehpur.nic.in/Spl%20BTC-2007/2nd%20Checklist/SPECIAL%20RESERVATION%20IInd%20List.htm,"URL suggests recruitment, education, or another non-election reservation context; not a document verdict"
Fatehpur,http://fatehpur.nic.in/Spl%20BTC-2007/3rd%20cut-off%20Merit/SPECIAL%20RESERVATION%20III%20List.htm,"URL suggests recruitment, education, or another non-election reservation context; not a document verdict"
Fatehpur,http://fatehpur.nic.in/Spl%20BTC-2007/4th%20Cut-off%20Merit/SPECIAL%20RESERVATION-4th.htm,"URL suggests recruitment, education, or another non-election reservation context; not a document verdict"
Fatehpur,http://fatehpur.nic.in/Spl%20BTC-2007/6th%20Cut-off%20Merit/SPECIAL%20RESERVATION.htm,"URL suggests recruitment, education, or another non-election reservation context; not a document verdict"
Fatehpur,http://fatehpur.nic.in/Spl%20BTC-2007/Fifth%20Interim%20(Additional)%20Select%20List-2/SPECIAL%20RESERVATION.htm,"URL suggests recruitment, education, or another non-election reservation context; not a document verdict"
Fatehpur,http://fatehpur.nic.in/Spl%20BTC-2007/Fifth%20Interim%20(Additional)%20Select%20List/SPECIAL%20RESERVATION.htm,"URL suggests recruitment, education, or another non-election reservation context; not a document verdict"
Fatehpur,http://fatehpur.nic.in/Spl%20BTC-2007/Fourth%20Interim%20Select%20List/SPECIAL%20RESERVATION.htm,"URL suggests recruitment, education, or another non-election reservation context; not a document verdict"
Fatehpur,http://fatehpur.nic.in:80/Spl%20BTC-2007/5th%20Cut-off%20Merit/SPECIAL%20RESERVATION-V.htm,"URL suggests recruitment, education, or another non-election reservation context; not a document verdict"
Fatehpur,http://fatehpur.nic.in:80/Spl%20BTC-2007/7th%20Cut%20off%20merit/SPECIAL%20RESERVATION.htm,"URL suggests recruitment, education, or another non-election reservation context; not a document verdict"
Fatehpur,http://fatehpur.nic.in:80/Spl%20BTC-2007/Fifth%20Interim%20Select%20List/SPECIAL%20RESERVATION.htm,"URL suggests recruitment, education, or another non-election reservation context; not a document verdict"
Fatehpur,http://fatehpur.nic.in:80/Spl%20BTC-2007/Third%20interim%20Select%20List%20Cut-off%20merit/SPECIAL%20RESERVATION.htm,"URL suggests recruitment, education, or another non-election reservation context; not a document verdict"
Aligarh,http://aligarh.nic.in:80/Notice_board/vacancy/Lekhpal_result.pdf,"URL suggests recruitment, education, or another non-election reservation context; not a document verdict"
Amethi,http://amethi.nic.in/recruitment/Result.pdf,"URL suggests recruitment, education, or another non-election reservation context; not a document verdict"
Ballia,http://ballia.nic.in/downloads/BTC%202014%20first%20selected%20cut%20off%20meerit%20list%20(1).pdf,"URL suggests recruitment, education, or another non-election reservation context; not a document verdict"
Bareilly,http://bareilly.nic.in:80/btc/not%20selected.PDF,"URL suggests recruitment, education, or another non-election reservation context; not a document verdict"
Bareilly,http://bareilly.nic.in:80/btc/selected.PDF,"URL suggests recruitment, education, or another non-election reservation context; not a document verdict"
Bareilly,http://www.bareilly.nic.in/other/btc/bareillyresult.pdf,"URL suggests recruitment, education, or another non-election reservation context; not a document verdict"
Basti,http://basti.nic.in/exam%20result/Appointed%20Trainee%20Teacher%20distt%20basti.pdf,"URL suggests recruitment, education, or another non-election reservation context; not a document verdict"
Basti,http://basti.nic.in/exam%20result/Basti%20cutt%20of%20list%20for%20btc%20traing2012female.pdf,"URL suggests recruitment, education, or another non-election reservation context; not a document verdict"
Basti,http://basti.nic.in/exam%20result/Basti%20cutt%20of%20list%20for%20btc%20traing2012men.pdf,"URL suggests recruitment, education, or another non-election reservation context; not a document verdict"
Basti,http://basti.nic.in/exam%20result/Selected%20Trainee%20teacher%20Distt%20Basti.pdf,"URL suggests recruitment, education, or another non-election reservation context; not a document verdict"
Basti,http://basti.nic.in/exam%20result/kgbv%20ptt%20Game%20Teacher.pdf,"URL suggests recruitment, education, or another non-election reservation context; not a document verdict"
Basti,http://basti.nic.in:80/exam%20result/vacancy%2029334.pdf,"URL suggests recruitment, education, or another non-election reservation context; not a document verdict"
Bhadohi,http://bhadohi.nic.in/recruitment/uptet2011/secondlisttet2011/All_Male_Selected_2nd_Phase.pdf,"URL suggests recruitment, education, or another non-election reservation context; not a document verdict"
Gorakhpur,http://gorakhpur.nic.in/BTC-result//BTC-4th-cut.pdf,"URL suggests recruitment, education, or another non-election reservation context; not a document verdict"
Gorakhpur,http://gorakhpur.nic.in/BTC-result//vigyapati3.pdf,"URL suggests recruitment, education, or another non-election reservation context; not a document verdict"
Gorakhpur,http://gorakhpur.nic.in/BTC-result//vigyapti5.pdf,"URL suggests recruitment, education, or another non-election reservation context; not a document verdict"
Gorakhpur,http://gorakhpur.nic.in/BTC-result/5TH%20INTERIM%204TH%20REST/OTHER%20THAN%20SIKSHA%20MITRA/FEMALE/OTHER%20THAN%20S.M%20(FEMALE)%20ARTS/OTHER%20THAN%20S.M%20(FEMALE)%20SC%20ARTS2.pdf,"URL suggests recruitment, education, or another non-election reservation context; not a document verdict"
Gorakhpur,http://gorakhpur.nic.in/BTC-result/5TH%20INTERIM%205TH%20REST/OTHER%20THAN%20SIKSHA%20MITRA/FEMALE/OTHER%20THAN%20S.M%20(FEMALE)%20ARTS/1OTHER%20THAN%20S.M%20(FEMALE)%20SC%20ARTS2.pdf,"URL suggests recruitment, education, or another non-election reservation context; not a document verdict"
Gorakhpur,http://gorakhpur.nic.in/BTC-result/5TH%20INTERIM%205TH%20REST/OTHER%20THAN%20SIKSHA%20MITRA/MALE/OTHER%20THAN%20S.M%20(MALE)%20ARTS/OTHER%20THAN%20S.M%20(MALE)%20OBC%20ARTS2.pdf,"URL suggests recruitment, education, or another non-election reservation context; not a document verdict"
Gorakhpur,http://gorakhpur.nic.in/BTC-result/5th%20final%20list/OTHER%20THAN%20SIKSHA%20MITRA/MALE/OTHER%20THAN%20S.M%20(MALE)%20ARTS/OTHER%20THAN%20S.M%20(MALE)%20OBC%20ARTS2.pdf,"URL suggests recruitment, education, or another non-election reservation context; not a document verdict"
Gorakhpur,http://gorakhpur.nic.in/BTC-result/FIRST%20INTREIM%20SELECT%20LIST%20S.B.T.C.2008%20(S.S.)/AFTER%20COUNSELLING%20REJECT%20LIST.pdf,"URL suggests recruitment, education, or another non-election reservation context; not a document verdict"
Gorakhpur,http://gorakhpur.nic.in/BTC-result/FIRST%20INTREIM%20SELECT%20LIST%20S.B.T.C.2008%20(S.S.)/NOTARY&%20%20vigayapti/NOTARY.pdf,"URL suggests recruitment, education, or another non-election reservation context; not a document verdict"
Gorakhpur,http://gorakhpur.nic.in/BTC-result/FIRST%20INTREIM%20SELECT%20LIST%20S.B.T.C.2008%20(S.S.)/OBC%20F%20ART.pdf,"URL suggests recruitment, education, or another non-election reservation context; not a document verdict"
Gorakhpur,http://gorakhpur.nic.in/BTC-result/FIRST%20INTREIM%20SELECT%20LIST%20S.B.T.C.2008%20(S.S.)/OBC%20F%20SCIENCE.pdf,"URL suggests recruitment, education, or another non-election reservation context; not a document verdict"
Gorakhpur,http://gorakhpur.nic.in/BTC-result/FIRST%20INTREIM%20SELECT%20LIST%20S.B.T.C.2008%20(S.S.)/OBC%20F%20SHIKSHA%20MITRA.pdf,"URL suggests recruitment, education, or another non-election reservation context; not a document verdict"
Gorakhpur,http://gorakhpur.nic.in/BTC-result/FIRST%20INTREIM%20SELECT%20LIST%20S.B.T.C.2008%20(S.S.)/OBC%20M%20ART.pdf,"URL suggests recruitment, education, or another non-election reservation context; not a document verdict"
Gorakhpur,http://gorakhpur.nic.in/BTC-result/FIRST%20INTREIM%20SELECT%20LIST%20S.B.T.C.2008%20(S.S.)/OBC%20M%20SCIENCE.pdf,"URL suggests recruitment, education, or another non-election reservation context; not a document verdict"
Gorakhpur,http://gorakhpur.nic.in/BTC-result/FIRST%20INTREIM%20SELECT%20LIST%20S.B.T.C.2008%20(S.S.)/OBC%20M%20SHIKSHA%20MITRA.pdf,"URL suggests recruitment, education, or another non-election reservation context; not a document verdict"
Gorakhpur,http://gorakhpur.nic.in/BTC-result/FIRST%20INTREIM%20SELECT%20LIST%20S.B.T.C.2008%20(S.S.)/SC%20F%20ART.pdf,"URL suggests recruitment, education, or another non-election reservation context; not a document verdict"
Gorakhpur,http://gorakhpur.nic.in/BTC-result/FIRST%20INTREIM%20SELECT%20LIST%20S.B.T.C.2008%20(S.S.)/SC%20F%20SCIENCE.pdf,"URL suggests recruitment, education, or another non-election reservation context; not a document verdict"
Gorakhpur,http://gorakhpur.nic.in/BTC-result/FIRST%20INTREIM%20SELECT%20LIST%20S.B.T.C.2008%20(S.S.)/SC%20F%20SHIKSHA%20MITRA.pdf,"URL suggests recruitment, education, or another non-election reservation context; not a document verdict"
Gorakhpur,http://gorakhpur.nic.in/BTC-result/FIRST%20INTREIM%20SELECT%20LIST%20S.B.T.C.2008%20(S.S.)/SC%20M%20ART.pdf,"URL suggests recruitment, education, or another non-election reservation context; not a document verdict"
Gorakhpur,http://gorakhpur.nic.in/BTC-result/FIRST%20INTREIM%20SELECT%20LIST%20S.B.T.C.2008%20(S.S.)/SC%20M%20SCIENCE.pdf,"URL suggests recruitment, education, or another non-election reservation context; not a document verdict"
Gorakhpur,http://gorakhpur.nic.in/BTC-result/FIRST%20INTREIM%20SELECT%20LIST%20S.B.T.C.2008%20(S.S.)/SC%20M%20SHIKSHA%20MITRA.pdf,"URL suggests recruitment, education, or another non-election reservation context; not a document verdict"
Gorakhpur,http://gorakhpur.nic.in/BTC-result/FIRST%20INTREIM%20SELECT%20LIST%20S.B.T.C.2008%20(S.S.)/ST%20F%20ART.pdf,"URL suggests recruitment, education, or another non-election reservation context; not a document verdict"
Gorakhpur,http://gorakhpur.nic.in/BTC-result/FIRST%20INTREIM%20SELECT%20LIST%20S.B.T.C.2008%20(S.S.)/ST%20F%20SCIENCE.pdf,"URL suggests recruitment, education, or another non-election reservation context; not a document verdict"
Gorakhpur,http://gorakhpur.nic.in/BTC-result/FIRST%20INTREIM%20SELECT%20LIST%20S.B.T.C.2008%20(S.S.)/ST%20M%20ART.pdf,"URL suggests recruitment, education, or another non-election reservation context; not a document verdict"
Gorakhpur,http://gorakhpur.nic.in/BTC-result/FIRST%20INTREIM%20SELECT%20LIST%20S.B.T.C.2008%20(S.S.)/ST%20M%20SCIENCE.pdf,"URL suggests recruitment, education, or another non-election reservation context; not a document verdict"
Gorakhpur,http://gorakhpur.nic.in/BTC-result/OBC%20SPECIAL%20BTC%202008/OBC%20M%20ART.pdf,"URL suggests recruitment, education, or another non-election reservation context; not a document verdict"
Gorakhpur,http://gorakhpur.nic.in:80/BSA/BTC/BTC2015_SELECTEDLIST.pdf,"URL suggests recruitment, education, or another non-election reservation context; not a document verdict"
Gorakhpur,"http://gorakhpur.nic.in:80/BTC-result/1st%20interim%20LIST%20(SBTC-2008,%20DIET%20GKP)/OTHER%20THAN%20SIKSHA%20MITRA/FELAME/FEMALE%20ART/F.%20OBC.%20ART.pdf","URL suggests recruitment, education, or another non-election reservation context; not a document verdict"
Gorakhpur,"http://gorakhpur.nic.in:80/BTC-result/1st%20interim%20LIST%20(SBTC-2008,%20DIET%20GKP)/OTHER%20THAN%20SIKSHA%20MITRA/FELAME/FEMALE%20ART/F.%20SC.%20ART.pdf","URL suggests recruitment, education, or another non-election reservation context; not a document verdict"
Gorakhpur,"http://gorakhpur.nic.in:80/BTC-result/1st%20interim%20LIST%20(SBTC-2008,%20DIET%20GKP)/OTHER%20THAN%20SIKSHA%20MITRA/FELAME/FEMALE%20ART/F.%20ST.%20ART.pdf","URL suggests recruitment, education, or another non-election reservation context; not a document verdict"
Gorakhpur,"http://gorakhpur.nic.in:80/BTC-result/1st%20interim%20LIST%20(SBTC-2008,%20DIET%20GKP)/OTHER%20THAN%20SIKSHA%20MITRA/FELAME/FEMALE%20ART/F.%20UN.%20ART.pdf","URL suggests recruitment, education, or another non-election reservation context; not a document verdict"
Gorakhpur,"http://gorakhpur.nic.in:80/BTC-result/1st%20interim%20LIST%20(SBTC-2008,%20DIET%20GKP)/OTHER%20THAN%20SIKSHA%20MITRA/FELAME/FEMALE%20SCIENCE/F.%20OBC%20SCIENCE.pdf","URL suggests recruitment, education, or another non-election reservation context; not a document verdict"
Gorakhpur,"http://gorakhpur.nic.in:80/BTC-result/1st%20interim%20LIST%20(SBTC-2008,%20DIET%20GKP)/OTHER%20THAN%20SIKSHA%20MITRA/FELAME/FEMALE%20SCIENCE/F.%20SC.%20SCIENCE.pdf","URL suggests recruitment, education, or another non-election reservation context; not a document verdict"
Gorakhpur,"http://gorakhpur.nic.in:80/BTC-result/1st%20interim%20LIST%20(SBTC-2008,%20DIET%20GKP)/OTHER%20THAN%20SIKSHA%20MITRA/FELAME/FEMALE%20SCIENCE/F.%20ST.%20SCIENCE.pdf","URL suggests recruitment, education, or another non-election reservation context; not a document verdict"
Gorakhpur,"http://gorakhpur.nic.in:80/BTC-result/1st%20interim%20LIST%20(SBTC-2008,%20DIET%20GKP)/OTHER%20THAN%20SIKSHA%20MITRA/FELAME/FEMALE%20SCIENCE/F.%20UN.%20SCIENCE.pdf","URL suggests recruitment, education, or another non-election reservation context; not a document verdict"
Gorakhpur,"http://gorakhpur.nic.in:80/BTC-result/1st%20interim%20LIST%20(SBTC-2008,%20DIET%20GKP)/OTHER%20THAN%20SIKSHA%20MITRA/MALE/MALE%20ART/M.%20OBC.%20ART.pdf","URL suggests recruitment, education, or another non-election reservation context; not a document verdict"
Gorakhpur,"http://gorakhpur.nic.in:80/BTC-result/1st%20interim%20LIST%20(SBTC-2008,%20DIET%20GKP)/OTHER%20THAN%20SIKSHA%20MITRA/MALE/MALE%20ART/M.%20ST.%20ART.pdf","URL suggests recruitment, education, or another non-election reservation context; not a document verdict"
Gorakhpur,"http://gorakhpur.nic.in:80/BTC-result/1st%20interim%20LIST%20(SBTC-2008,%20DIET%20GKP)/OTHER%20THAN%20SIKSHA%20MITRA/MALE/MALE%20ART/M.%20UN.%20ART.pdf","URL suggests recruitment, education, or another non-election reservation context; not a document verdict"
Gorakhpur,"http://gorakhpur.nic.in:80/BTC-result/1st%20interim%20LIST%20(SBTC-2008,%20DIET%20GKP)/OTHER%20THAN%20SIKSHA%20MITRA/MALE/MALE%20ART/M.SC.ART.pdf","URL suggests recruitment, education, or another non-election reservation context; not a document verdict"
Gorakhpur,"http://gorakhpur.nic.in:80/BTC-result/1st%20interim%20LIST%20(SBTC-2008,%20DIET%20GKP)/OTHER%20THAN%20SIKSHA%20MITRA/MALE/MALE%20SCIENCE/M.%20OBC.%20SCIENCE.pdf","URL suggests recruitment, education, or another non-election reservation context; not a document verdict"
Gorakhpur,"http://gorakhpur.nic.in:80/BTC-result/1st%20interim%20LIST%20(SBTC-2008,%20DIET%20GKP)/OTHER%20THAN%20SIKSHA%20MITRA/MALE/MALE%20SCIENCE/M.%20SC.%20SCIENCE.pdf","URL suggests recruitment, education, or another non-election reservation context; not a document verdict"
Gorakhpur,"http://gorakhpur.nic.in:80/BTC-result/1st%20interim%20LIST%20(SBTC-2008,%20DIET%20GKP)/OTHER%20THAN%20SIKSHA%20MITRA/MALE/MALE%20SCIENCE/M.%20ST.%20SCIENCE.pdf","URL suggests recruitment, education, or another non-election reservation context; not a document verdict"
Gorakhpur,"http://gorakhpur.nic.in:80/BTC-result/1st%20interim%20LIST%20(SBTC-2008,%20DIET%20GKP)/OTHER%20THAN%20SIKSHA%20MITRA/MALE/MALE%20SCIENCE/M.%20UN.%20SCIENCE.pdf","URL suggests recruitment, education, or another non-election reservation context; not a document verdict"
Gorakhpur,"http://gorakhpur.nic.in:80/BTC-result/1st%20interim%20LIST%20(SBTC-2008,%20DIET%20GKP)/SIKSHA%20MITRA/MALE%20(SM)/SM.%20MALE%20OBC.pdf","URL suggests recruitment, education, or another non-election reservation context; not a document verdict"
Gorakhpur,"http://gorakhpur.nic.in:80/BTC-result/1st%20interim%20LIST%20(SBTC-2008,%20DIET%20GKP)/SIKSHA%20MITRA/MALE%20(SM)/SM.%20MALE%20SC.pdf","URL suggests recruitment, education, or another non-election reservation context; not a document verdict"
Gorakhpur,"http://gorakhpur.nic.in:80/BTC-result/1st%20interim%20LIST%20(SBTC-2008,%20DIET%20GKP)/SIKSHA%20MITRA/MALE%20(SM)/SM.%20MALE%20ST.pdf","URL suggests recruitment, education, or another non-election reservation context; not a document verdict"
Gorakhpur,"http://gorakhpur.nic.in:80/BTC-result/1st%20interim%20LIST%20(SBTC-2008,%20DIET%20GKP)/SIKSHA%20MITRA/MALE%20(SM)/SM.%20MALE%20UN.pdf","URL suggests recruitment, education, or another non-election reservation context; not a document verdict"
Gorakhpur,http://gorakhpur.nic.in:80/BTC-result/5TH%20INTERIM%204TH%20REST/OTHER%20THAN%20SIKSHA%20MITRA/MALE/OTHER%20THAN%20S.M%20(MALE)%20ARTS/OTHER%20THAN%20S.M%20(MALE)%20OBC%20ARTS2.pdf,"URL suggests recruitment, education, or another non-election reservation context; not a document verdict"
Gorakhpur,http://gorakhpur.nic.in:80/BTC-result/5TH%20INTERIM%204TH%20REST/OTHER%20THAN%20SIKSHA%20MITRA/MALE/OTHER%20THAN%20S.M%20(MALE)%20ARTS/OTHER%20THAN%20S.M%20(MALE)%20SC%20ARTS1.pdf,"URL suggests recruitment, education, or another non-election reservation context; not a document verdict"
Gorakhpur,http://gorakhpur.nic.in:80/BTC-result/5TH%20INTERIM%204TH%20REST/OTHER%20THAN%20SIKSHA%20MITRA/MALE/OTHER%20THAN%20S.M%20(MALE)%20SCIENCE/OTHER%20THAN%20S.M%20(MALE)%20OBC%20SCIENCE.pdf,"URL suggests recruitment, education, or another non-election reservation context; not a document verdict"
Gorakhpur,http://gorakhpur.nic.in:80/BTC-result/5TH%20INTERIM%204TH%20REST/OTHER%20THAN%20SIKSHA%20MITRA/MALE/OTHER%20THAN%20S.M%20(MALE)%20SCIENCE/OTHER%20THAN%20S.M%20(MALE)%20SC%20SCIENCE.pdf,"URL suggests recruitment, education, or another non-election reservation context; not a document verdict"
Gorakhpur,http://gorakhpur.nic.in:80/BTC-result/5TH%20INTERIM%204TH%20REST/SIKSHA%20MITRA/FEMALE%20SIKSHA%20MITRA/SIKSHA%20MITRA%20(FEMALE)%20OBC.pdf,"URL suggests recruitment, education, or another non-election reservation context; not a document verdict"
Gorakhpur,http://gorakhpur.nic.in:80/BTC-result/5TH%20INTERIM%204TH%20REST/SIKSHA%20MITRA/FEMALE%20SIKSHA%20MITRA/SIKSHA%20MITRA%20(FEMALE)%20SC.pdf,"URL suggests recruitment, education, or another non-election reservation context; not a document verdict"
Gorakhpur,http://gorakhpur.nic.in:80/BTC-result/5TH%20INTERIM%204TH%20REST/SIKSHA%20MITRA/FEMALE%20SIKSHA%20MITRA/SIKSHA%20MITRA%20(FEMALE)%20ST.pdf,"URL suggests recruitment, education, or another non-election reservation context; not a document verdict"
Gorakhpur,http://gorakhpur.nic.in:80/BTC-result/5TH%20INTERIM%204TH%20REST/SIKSHA%20MITRA/MALE%20SIKSHA%20MITRA/SIKSHA%20MITRA%20(MALE)%20OBC.pdf,"URL suggests recruitment, education, or another non-election reservation context; not a document verdict"
Gorakhpur,http://gorakhpur.nic.in:80/BTC-result/5TH%20INTERIM%204TH%20REST/SIKSHA%20MITRA/MALE%20SIKSHA%20MITRA/SIKSHA%20MITRA%20(MALE)%20ST.pdf,"URL suggests recruitment, education, or another non-election reservation context; not a document verdict"
Gorakhpur,http://gorakhpur.nic.in:80/BTC-result/5TH%20INTERIM%204TH%20REST/SIKSHA%20MITRA/MALE%20SIKSHA%20MITRA/SIKSHA%20MITRA%20(MALE)-SC.pdf,"URL suggests recruitment, education, or another non-election reservation context; not a document verdict"
Gorakhpur,http://gorakhpur.nic.in:80/BTC-result/5th%20INTERIM%20SELECT%20LIST%20SPL%20BTC%202007%20DIET%20GORAKHPUR/other%20then%20sikha%20mitra/female/other%20than%20sm%20fimale%20science/OTHER%20THAN%20S.M%20(FEMALE)%20SC%20SCIENCE.pdf,"URL suggests recruitment, education, or another non-election reservation context; not a document verdict"
Gorakhpur,http://gorakhpur.nic.in:80/BTC-result/BTC%202010%20DATA-280610/FEMALE=OBC=ART.pdf,"URL suggests recruitment, education, or another non-election reservation context; not a document verdict"
Gorakhpur,http://gorakhpur.nic.in:80/BTC-result/BTC%202010%20DATA-280610/FEMALE=UN=ART.pdf,"URL suggests recruitment, education, or another non-election reservation context; not a document verdict"
Gorakhpur,http://gorakhpur.nic.in:80/BTC-result/BTC%202010%20DATA-280610/MALE=OBC=ART.pdf,"URL suggests recruitment, education, or another non-election reservation context; not a document verdict"
Gorakhpur,http://gorakhpur.nic.in:80/BTC-result/BTC%202010%20DATA-280610/MALE=UN=ART.pdf,"URL suggests recruitment, education, or another non-election reservation context; not a document verdict"
Gorakhpur,http://gorakhpur.nic.in:80/BTC-result/BTC%202010%20DATA-280610/MALE=UN=SCIENCE.pdf,"URL suggests recruitment, education, or another non-election reservation context; not a document verdict"
Gorakhpur,http://gorakhpur.nic.in:80/BTC-result/BTC_LIST_2010.pdf,"URL suggests recruitment, education, or another non-election reservation context; not a document verdict"
Gorakhpur,http://gorakhpur.nic.in:80/BTC-result/SPECIAL%20B.T.C.%202008%20(SPECIAL%20SELECTION)/SC%20F%20SHIKSHA%20MITRA.pdf,"URL suggests recruitment, education, or another non-election reservation context; not a document verdict"
Gorakhpur,http://gorakhpur.nic.in:80/BTC-result/SPECIAL%20B.T.C.%202008%20(SPECIAL%20SELECTION)/SC%20FEMALE%20ART.pdf,"URL suggests recruitment, education, or another non-election reservation context; not a document verdict"
Gorakhpur,http://gorakhpur.nic.in:80/BTC-result/SPECIAL%20B.T.C.%202008%20(SPECIAL%20SELECTION)/SC%20FEMALE%20SCIENCE.pdf,"URL suggests recruitment, education, or another non-election reservation context; not a document verdict"
Gorakhpur,http://gorakhpur.nic.in:80/BTC-result/SPECIAL%20B.T.C.%202008%20(SPECIAL%20SELECTION)/SC%20M%20SHIKSHA%20MITRA.pdf,"URL suggests recruitment, education, or another non-election reservation context; not a document verdict"
Gorakhpur,http://gorakhpur.nic.in:80/BTC-result/SPECIAL%20B.T.C.%202008%20(SPECIAL%20SELECTION)/SC%20MALE%20ART.pdf,"URL suggests recruitment, education, or another non-election reservation context; not a document verdict"
Gorakhpur,http://gorakhpur.nic.in:80/BTC-result/SPECIAL%20B.T.C.%202008%20(SPECIAL%20SELECTION)/SC%20MALE%20SCIENCE.pdf,"URL suggests recruitment, education, or another non-election reservation context; not a document verdict"
Gorakhpur,http://gorakhpur.nic.in:80/BTC-result/SPECIAL%20B.T.C.%202008%20(SPECIAL%20SELECTION)/SC%20REJECT.pdf,"URL suggests recruitment, education, or another non-election reservation context; not a document verdict"
Gorakhpur,http://gorakhpur.nic.in:80/BTC-result/SPECIAL%20B.T.C.%202008%20(SPECIAL%20SELECTION)/ST%20FEMALE%20ART.pdf,"URL suggests recruitment, education, or another non-election reservation context; not a document verdict"
Gorakhpur,http://gorakhpur.nic.in:80/BTC-result/SPECIAL%20B.T.C.%202008%20(SPECIAL%20SELECTION)/ST%20FEMALE%20SCIENCE.pdf,"URL suggests recruitment, education, or another non-election reservation context; not a document verdict"
Gorakhpur,http://gorakhpur.nic.in:80/BTC-result/SPECIAL%20B.T.C.%202008%20(SPECIAL%20SELECTION)/ST%20MALE%20ART.pdf,"URL suggests recruitment, education, or another non-election reservation context; not a document verdict"
Gorakhpur,http://gorakhpur.nic.in:80/BTC-result/SPECIAL%20B.T.C.%202008%20(SPECIAL%20SELECTION)/ST%20MALE%20SCIENCE.pdf,"URL suggests recruitment, education, or another non-election reservation context; not a document verdict"
Gorakhpur,http://gorakhpur.nic.in:80/BTC-result/SPECIAL%20B.T.C.%202008%20(SPECIAL%20SELECTION)/ST%20REJECT.pdf,"URL suggests recruitment, education, or another non-election reservation context; not a document verdict"
Gorakhpur,http://gorakhpur.nic.in:80/BTC-result/SPECIAL%20B.T.C.%202008%20(SPECIAL%20SELECTION)/vigyapti08.pdf,"URL suggests recruitment, education, or another non-election reservation context; not a document verdict"
Gorakhpur,http://gorakhpur.nic.in:80/BTC-result/diet%20gkp%20ist%20j%20suchi%20&%20rej%20sbtc%202008/SIKSHA%20MITRA/FEMALE_%20(SM)/SM.%20F.%20OBC.pdf,"URL suggests recruitment, education, or another non-election reservation context; not a document verdict"
Gorakhpur,http://gorakhpur.nic.in:80/BTC-result/diet%20gkp%20ist%20j%20suchi%20&%20rej%20sbtc%202008/SIKSHA%20MITRA/FEMALE_%20(SM)/SM.%20F.%20ST.pdf,"URL suggests recruitment, education, or another non-election reservation context; not a document verdict"
Gorakhpur,http://gorakhpur.nic.in:80/BTC-result/diet%20gkp%20ist%20j%20suchi%20&%20rej%20sbtc%202008/SIKSHA%20MITRA/FEMALE_%20(SM)/SM.%20F.%20UN.pdf,"URL suggests recruitment, education, or another non-election reservation context; not a document verdict"
Gorakhpur,http://gorakhpur.nic.in:80/BTC-result/diet130809/FOURTH%20INTERIM%20LIST/SC-M-SCIENCE.pdf,"URL suggests recruitment, education, or another non-election reservation context; not a document verdict"
Gorakhpur,http://gorakhpur.nic.in:80/BTC-result/diet130809/second%20janch%20suchi/OBC-M-SCIENCE.pdf,"URL suggests recruitment, education, or another non-election reservation context; not a document verdict"
Gorakhpur,http://gorakhpur.nic.in:80/BTC-result/diet130809/second%20janch%20suchi/SC-M-SCIENCES.pdf,"URL suggests recruitment, education, or another non-election reservation context; not a document verdict"
Gorakhpur,http://gorakhpur.nic.in:80/BTC-result/june2010/3rd%20janch%20suchi%20(SBTC%202008%20DIET%20GKP)/F=OBC=ARTx.pdf,"URL suggests recruitment, education, or another non-election reservation context; not a document verdict"
Gorakhpur,http://gorakhpur.nic.in:80/BTC-result/june2010/3rd%20janch%20suchi%20(SBTC%202008%20DIET%20GKP)/F=SC=ARTx.pdf,"URL suggests recruitment, education, or another non-election reservation context; not a document verdict"
Gorakhpur,http://gorakhpur.nic.in:80/BTC-result/june2010/3rd%20janch%20suchi%20(SBTC%202008%20DIET%20GKP)/F=UN=ARTx.pdf,"URL suggests recruitment, education, or another non-election reservation context; not a document verdict"
Gorakhpur,http://gorakhpur.nic.in:80/BTC-result/june2010/4th%20interim%20list%20(SBTC%202008%20DIET%20GKP)/F=SC=ARTx.pdf,"URL suggests recruitment, education, or another non-election reservation context; not a document verdict"
Gorakhpur,http://gorakhpur.nic.in:80/BTC-result/june2010/4th%20interim%20list%20(SBTC%202008%20DIET%20GKP)/F=ST=Ax.pdf,"URL suggests recruitment, education, or another non-election reservation context; not a document verdict"
Gorakhpur,http://gorakhpur.nic.in:80/BTC-result/june2010/4th%20interim%20list%20(SBTC%202008%20DIET%20GKP)/M=OBC=SCIx.pdf,"URL suggests recruitment, education, or another non-election reservation context; not a document verdict"
Gorakhpur,http://gorakhpur.nic.in:80/BTC-result/june2010/4th%20interim%20list%20(SBTC%202008%20DIET%20GKP)/M=SC=ARTx.pdf,"URL suggests recruitment, education, or another non-election reservation context; not a document verdict"
Gorakhpur,http://gorakhpur.nic.in:80/BTC-result/june2010/4th%20interim%20list%20(SBTC%202008%20DIET%20GKP)/M=UN=ARTx.pdf,"URL suggests recruitment, education, or another non-election reservation context; not a document verdict"
Gorakhpur,http://gorakhpur.nic.in:80/BTC-result/june2010/vigayapti.pdf,"URL suggests recruitment, education, or another non-election reservation context; not a document verdict"
Gorakhpur,http://gorakhpur.nic.in:80/BTC-result/sbtc-2008%20visesh%20chayan%2027-05-2009/obc%20male%20art.pdf,"URL suggests recruitment, education, or another non-election reservation context; not a document verdict"
Gorakhpur,http://gorakhpur.nic.in:80/BTC-result/sbtc-2008%20visesh%20chayan%2027-05-2009/sc%20mail%20science.pdf,"URL suggests recruitment, education, or another non-election reservation context; not a document verdict"
Gorakhpur,http://gorakhpur.nic.in:80/BTC-result/vigyapti_08.pdf,"URL suggests recruitment, education, or another non-election reservation context; not a document verdict"
Gorakhpur,http://gorakhpur.nic.in:80/BTC-result/vigyapti_july09.pdf,"URL suggests recruitment, education, or another non-election reservation context; not a document verdict"
Gorakhpur,http://gorakhpur.nic.in:80/BTC-result/viyapati.pdf,"URL suggests recruitment, education, or another non-election reservation context; not a document verdict"
Gorakhpur,http://www.gorakhpur.nic.in/BTC-result//BTC-07.pdf,"URL suggests recruitment, education, or another non-election reservation context; not a document verdict"
Gorakhpur,http://www.gorakhpur.nic.in/BTC-result/New%20Folder/OTHER%20THAN%20SIKSHA%20MITRA/OTHER%20THAN%20S.M%20(%20FEMALE)%20SCIENCE/OTHER%20THAN%20S.M%20(FEMALE)%20OBC%20SCIENCE.pdf,"URL suggests recruitment, education, or another non-election reservation context; not a document verdict"
Gorakhpur,http://www.gorakhpur.nic.in/BTC-result/New%20Folder/OTHER%20THAN%20SIKSHA%20MITRA/OTHER%20THAN%20S.M%20(%20FEMALE)%20SCIENCE/OTHER%20THAN%20S.M%20(FEMALE)%20SC%20SCIENCE.pdf,"URL suggests recruitment, education, or another non-election reservation context; not a document verdict"
Gorakhpur,http://www.gorakhpur.nic.in/BTC-result/New%20Folder/OTHER%20THAN%20SIKSHA%20MITRA/OTHER%20THAN%20S.M%20(%20FEMALE)%20SCIENCE/OTHER%20THAN%20S.M%20(FEMALE)%20ST%20SCIENCE.pdf,"URL suggests recruitment, education, or another non-election reservation context; not a document verdict"
Gorakhpur,http://www.gorakhpur.nic.in/BTC-result/New%20Folder/OTHER%20THAN%20SIKSHA%20MITRA/OTHER%20THAN%20S.M%20(FEMALE)%20ARTS/OTHER%20THAN%20S.M%20(FEMALE)%20OBC%20ARTS.pdf,"URL suggests recruitment, education, or another non-election reservation context; not a document verdict"
Gorakhpur,http://www.gorakhpur.nic.in/BTC-result/New%20Folder/OTHER%20THAN%20SIKSHA%20MITRA/OTHER%20THAN%20S.M%20(FEMALE)%20ARTS/OTHER%20THAN%20S.M%20(FEMALE)%20SC%20ARTS.pdf,"URL suggests recruitment, education, or another non-election reservation context; not a document verdict"
Gorakhpur,http://www.gorakhpur.nic.in/BTC-result/New%20Folder/OTHER%20THAN%20SIKSHA%20MITRA/OTHER%20THAN%20S.M%20(FEMALE)%20ARTS/OTHER%20THAN%20S.M%20(FEMALE)%20ST%20ARTS.pdf,"URL suggests recruitment, education, or another non-election reservation context; not a document verdict"
Gorakhpur,http://www.gorakhpur.nic.in/BTC-result/New%20Folder/OTHER%20THAN%20SIKSHA%20MITRA/OTHER%20THAN%20S.M%20(MALE)%20ARTS/OTHER%20THAN%20S.M%20(MALE)%20OBC%20ARTS.pdf,"URL suggests recruitment, education, or another non-election reservation context; not a document verdict"
Gorakhpur,http://www.gorakhpur.nic.in/BTC-result/New%20Folder/OTHER%20THAN%20SIKSHA%20MITRA/OTHER%20THAN%20S.M%20(MALE)%20ARTS/OTHER%20THAN%20S.M%20(MALE)%20SC%20ARTS.pdf,"URL suggests recruitment, education, or another non-election reservation context; not a document verdict"
Gorakhpur,http://www.gorakhpur.nic.in/BTC-result/New%20Folder/OTHER%20THAN%20SIKSHA%20MITRA/OTHER%20THAN%20S.M%20(MALE)%20ARTS/OTHER%20THAN%20S.M%20(MALE)%20ST%20ARTS.pdf,"URL suggests recruitment, education, or another non-election reservation context; not a document verdict"
Gorakhpur,http://www.gorakhpur.nic.in/BTC-result/New%20Folder/OTHER%20THAN%20SIKSHA%20MITRA/OTHER%20THAN%20S.M%20(MALE)%20SCIENCE/OTHER%20THAN%20S.M%20(MALE)%20OBC%20SCIENCE.pdf,"URL suggests recruitment, education, or another non-election reservation context; not a document verdict"
Gorakhpur,http://www.gorakhpur.nic.in/BTC-result/New%20Folder/OTHER%20THAN%20SIKSHA%20MITRA/OTHER%20THAN%20S.M%20(MALE)%20SCIENCE/OTHER%20THAN%20S.M%20(MALE)%20SC%20SCIENCE.pdf,"URL suggests recruitment, education, or another non-election reservation context; not a document verdict"
Gorakhpur,http://www.gorakhpur.nic.in/BTC-result/New%20Folder/OTHER%20THAN%20SIKSHA%20MITRA/OTHER%20THAN%20S.M%20(MALE)%20SCIENCE/OTHER%20THAN%20S.M%20(MALE)%20ST%20SCIENCE.pdf,"URL suggests recruitment, education, or another non-election reservation context; not a document verdict"
Gorakhpur,http://www.gorakhpur.nic.in/BTC-result/New%20Folder/SIKSHA%20MITRA/FEMALE%20SIKSHA%20MITRA/SIKSHA%20MITRA%20(FEMALE)%20LPH=7.pdf,"URL suggests recruitment, education, or another non-election reservation context; not a document verdict"
Gorakhpur,http://www.gorakhpur.nic.in/BTC-result/New%20Folder/SIKSHA%20MITRA/FEMALE%20SIKSHA%20MITRA/SIKSHA%20MITRA%20(FEMALE)%20OBC.pdf,"URL suggests recruitment, education, or another non-election reservation context; not a document verdict"
Gorakhpur,http://www.gorakhpur.nic.in/BTC-result/New%20Folder/SIKSHA%20MITRA/FEMALE%20SIKSHA%20MITRA/SIKSHA%20MITRA%20(FEMALE)%20SC.pdf,"URL suggests recruitment, education, or another non-election reservation context; not a document verdict"
Gorakhpur,http://www.gorakhpur.nic.in/BTC-result/New%20Folder/SIKSHA%20MITRA/MALE%20SIKSHA%20MITRA/SIKSHA%20MITRA%20(MALE)%20DFF=8.pdf,"URL suggests recruitment, education, or another non-election reservation context; not a document verdict"
Gorakhpur,http://www.gorakhpur.nic.in/BTC-result/New%20Folder/SIKSHA%20MITRA/MALE%20SIKSHA%20MITRA/SIKSHA%20MITRA%20(MALE)%20HPH=6.pdf,"URL suggests recruitment, education, or another non-election reservation context; not a document verdict"
Gorakhpur,http://www.gorakhpur.nic.in/BTC-result/New%20Folder/SIKSHA%20MITRA/MALE%20SIKSHA%20MITRA/SIKSHA%20MITRA%20(MALE)%20LPH=7.pdf,"URL suggests recruitment, education, or another non-election reservation context; not a document verdict"
Gorakhpur,http://www.gorakhpur.nic.in/BTC-result/New%20Folder/SIKSHA%20MITRA/MALE%20SIKSHA%20MITRA/SIKSHA%20MITRA%20(MALE)%20OBC.pdf,"URL suggests recruitment, education, or another non-election reservation context; not a document verdict"
Gorakhpur,http://www.gorakhpur.nic.in/BTC-result/New%20Folder/SIKSHA%20MITRA/MALE%20SIKSHA%20MITRA/SIKSHA%20MITRA%20(MALE)%20SC.pdf,"URL suggests recruitment, education, or another non-election reservation context; not a document verdict"
Gorakhpur,http://www.gorakhpur.nic.in:80/BTC-result/dec241209/2ND%20JANCH%20%20SUCHI%20SBTC%202008/OTHER%20THAN%20SIKSHA%20MITRA/MALE/OTHER%20THAN%20S.M%20(MALE)%20ARTS/OTHER%20THAN%20S.M%20(MALE)%20OBC%20ARTS.pdf,"URL suggests recruitment, education, or another non-election reservation context; not a document verdict"
Jaunpur,http://jaunpur.nic.in/Medical/RNTCP_Selected/Counsellor_badlapur.pdf,"URL suggests recruitment, education, or another non-election reservation context; not a document verdict"
Jaunpur,http://jaunpur.nic.in/Medical/RNTCP_Selected/Counsellor_kerakat.pdf,"URL suggests recruitment, education, or another non-election reservation context; not a document verdict"
Jaunpur,http://jaunpur.nic.in/Medical/RNTCP_Selected/DEO.pdf,"URL suggests recruitment, education, or another non-election reservation context; not a document verdict"
Jaunpur,http://jaunpur.nic.in/Medical/RNTCP_Selected/DPC.pdf,"URL suggests recruitment, education, or another non-election reservation context; not a document verdict"
Jaunpur,http://jaunpur.nic.in/Medical/RNTCP_Selected/DPS.pdf,"URL suggests recruitment, education, or another non-election reservation context; not a document verdict"
Jaunpur,http://jaunpur.nic.in/Medical/RNTCP_Selected/LT_SM.pdf,"URL suggests recruitment, education, or another non-election reservation context; not a document verdict"
Jaunpur,http://jaunpur.nic.in/Medical/RNTCP_Selected/LT_badlapur.pdf,"URL suggests recruitment, education, or another non-election reservation context; not a document verdict"
Jaunpur,http://jaunpur.nic.in/Medical/RNTCP_Selected/LT_kerakat.pdf,"URL suggests recruitment, education, or another non-election reservation context; not a document verdict"
Jaunpur,http://jaunpur.nic.in/Medical/RNTCP_Selected/PPM.pdf,"URL suggests recruitment, education, or another non-election reservation context; not a document verdict"
Jaunpur,http://jaunpur.nic.in/Medical/RNTCP_Selected/STS.pdf,"URL suggests recruitment, education, or another non-election reservation context; not a document verdict"
Jaunpur,http://jaunpur.nic.in/Medical/RNTCP_Selected/TVHV.pdf,"URL suggests recruitment, education, or another non-election reservation context; not a document verdict"
Jaunpur,http://jaunpur.nic.in/Medical/RNTCP_Selected/accountant.pdf,"URL suggests recruitment, education, or another non-election reservation context; not a document verdict"
Jaunpur,http://jaunpur.nic.in:80/Lekhpal_recruitment_2015/Lekhpal_result0001.pdf,"URL suggests recruitment, education, or another non-election reservation context; not a document verdict"
Kasganj,http://kasganj.nic.in/docs/selected_candidate_science_maths_teachers.pdf,"URL suggests recruitment, education, or another non-election reservation context; not a document verdict"
Kheri,http://kheri.nic.in:80/Download/selected%20list%2015000%20btc.pdf,"URL suggests recruitment, education, or another non-election reservation context; not a document verdict"
Kheri,http://kheri.nic.in:80/vacancy/Combine%20Result%201%20Copy.pdf,"URL suggests recruitment, education, or another non-election reservation context; not a document verdict"
Lalitpur,http://lalitpur.nic.in/teacher/LIST%20TO%20NIC(SCIENCE%20SELECTED).pdf,"URL suggests recruitment, education, or another non-election reservation context; not a document verdict"
Lucknow,http://lucknow.nic.in:80/btc-2010-selected-list/Councelling%20List.pdf,"URL suggests recruitment, education, or another non-election reservation context; not a document verdict"
Lucknow,http://lucknow.nic.in:80/btc-2010-selected-list/Revised%20Sel%20List%20(FREE).pdf,"URL suggests recruitment, education, or another non-election reservation context; not a document verdict"
Mahoba,http://www.mahoba.nic.in/btc/bsa2015/selected2011a.pdf,"URL suggests recruitment, education, or another non-election reservation context; not a document verdict"
Mahoba,http://www.mahoba.nic.in/btc/bsa2015/selected2011b.pdf,"URL suggests recruitment, education, or another non-election reservation context; not a document verdict"
Mathura,http://mathura.nic.in:80/BTC/BTC_2014_SELECTED/BTC-2014%20FIRST%20PROVISIONAL%20SELECTION%20LIST.pdf,"URL suggests recruitment, education, or another non-election reservation context; not a document verdict"
Mathura,http://mathura.nic.in:80/BTC/Final%20Selected%20Cut%20Off%20merrite.pdf,"URL suggests recruitment, education, or another non-election reservation context; not a document verdict"
Mau,http://mau.nic.in:80/btcresult2007/Diet06Nov11.pdf,"URL suggests recruitment, education, or another non-election reservation context; not a document verdict"
Mau,http://mau.nic.in:80/btcresult2007/Diet13Sep10.pdf,"URL suggests recruitment, education, or another non-election reservation context; not a document verdict"
Mau,http://mau.nic.in:80/btcresult2007/Diet18Dec09.pdf,"URL suggests recruitment, education, or another non-election reservation context; not a document verdict"
Mau,http://mau.nic.in:80/btcresult2007/pratyavedanbtc2010.pdf,"URL suggests recruitment, education, or another non-election reservation context; not a document verdict"
Meerut,http://meerut.nic.in/vacancy/LokvaniInterviewResult_141114.pdf,"URL suggests recruitment, education, or another non-election reservation context; not a document verdict"
Meerut,http://meerut.nic.in/vacancy/cmo_result100715.pdf,"URL suggests recruitment, education, or another non-election reservation context; not a document verdict"
Meerut,http://meerut.nic.in/vacancy/cmo_result190815.pdf,"URL suggests recruitment, education, or another non-election reservation context; not a document verdict"
Meerut,http://meerut.nic.in/vacancy/cmo_resultpunarvas.pdf,"URL suggests recruitment, education, or another non-election reservation context; not a document verdict"
Meerut,http://meerut.nic.in/vacancy/dtbo_result_310816.pdf,"URL suggests recruitment, education, or another non-election reservation context; not a document verdict"
Meerut,http://meerut.nic.in/vacancy/lokvani_result_041114.pdf,"URL suggests recruitment, education, or another non-election reservation context; not a document verdict"
Meerut,http://meerut.nic.in/vacancy/ncdresult.pdf,"URL suggests recruitment, education, or another non-election reservation context; not a document verdict"
Meerut,http://meerut.nic.in/vacancy/resultdrugware.pdf,"URL suggests recruitment, education, or another non-election reservation context; not a document verdict"
Meerut,http://meerut.nic.in:80/vacancy/ncd_result.pdf,"URL suggests recruitment, education, or another non-election reservation context; not a document verdict"
Meerut,http://meerut.nic.in:80/vacancy/nohp_result.pdf,"URL suggests recruitment, education, or another non-election reservation context; not a document verdict"
Meerut,http://meerut.nic.in:80/vacancy/nppcd_result.pdf,"URL suggests recruitment, education, or another non-election reservation context; not a document verdict"
Meerut,http://meerut.nic.in:80/vacancy/result_061016.pdf,"URL suggests recruitment, education, or another non-election reservation context; not a document verdict"
Meerut,http://meerut.nic.in:80/vacancy/sncu_result.pdf,"URL suggests recruitment, education, or another non-election reservation context; not a document verdict"
Pilibhit,http://pilibhit.nic.in/Special%20BTC%20RESULT/SpecialBTC2008/FeArtSC.pdf,"URL suggests recruitment, education, or another non-election reservation context; not a document verdict"
Pilibhit,http://pilibhit.nic.in/Special%20BTC%20RESULT/SpecialBTC2008/FeArtST.pdf,"URL suggests recruitment, education, or another non-election reservation context; not a document verdict"
Pilibhit,http://pilibhit.nic.in/Special%20BTC%20RESULT/SpecialBTC2008/FeHandiearSC.pdf,"URL suggests recruitment, education, or another non-election reservation context; not a document verdict"
Pilibhit,http://pilibhit.nic.in/Special%20BTC%20RESULT/SpecialBTC2008/FeHandifeetSC.pdf,"URL suggests recruitment, education, or another non-election reservation context; not a document verdict"
Pilibhit,http://pilibhit.nic.in/Special%20BTC%20RESULT/SpecialBTC2008/FeScienceSC.pdf,"URL suggests recruitment, education, or another non-election reservation context; not a document verdict"
Pilibhit,http://pilibhit.nic.in/Special%20BTC%20RESULT/SpecialBTC2008/FeShikshamitraSC.pdf,"URL suggests recruitment, education, or another non-election reservation context; not a document verdict"
Pilibhit,http://pilibhit.nic.in/Special%20BTC%20RESULT/SpecialBTC2008/MArtSC.pdf,"URL suggests recruitment, education, or another non-election reservation context; not a document verdict"
Pilibhit,http://pilibhit.nic.in/Special%20BTC%20RESULT/SpecialBTC2008/MArtST.pdf,"URL suggests recruitment, education, or another non-election reservation context; not a document verdict"
Pilibhit,http://pilibhit.nic.in/Special%20BTC%20RESULT/SpecialBTC2008/MHandiearSC.pdf,"URL suggests recruitment, education, or another non-election reservation context; not a document verdict"
Pilibhit,http://pilibhit.nic.in/Special%20BTC%20RESULT/SpecialBTC2008/MHandieyeSC.pdf,"URL suggests recruitment, education, or another non-election reservation context; not a document verdict"
Pilibhit,http://pilibhit.nic.in/Special%20BTC%20RESULT/SpecialBTC2008/MHandifeetSC.pdf,"URL suggests recruitment, education, or another non-election reservation context; not a document verdict"
Pilibhit,http://pilibhit.nic.in/Special%20BTC%20RESULT/SpecialBTC2008/MHandiffSC.pdf,"URL suggests recruitment, education, or another non-election reservation context; not a document verdict"
Pilibhit,http://pilibhit.nic.in/Special%20BTC%20RESULT/SpecialBTC2008/MScienceSC.pdf,"URL suggests recruitment, education, or another non-election reservation context; not a document verdict"
Pilibhit,http://pilibhit.nic.in/Special%20BTC%20RESULT/SpecialBTC2008/MScienceST.pdf,"URL suggests recruitment, education, or another non-election reservation context; not a document verdict"
Pilibhit,http://pilibhit.nic.in/Special%20BTC%20RESULT/SpecialBTC2008/MShikshamitraSC.pdf,"URL suggests recruitment, education, or another non-election reservation context; not a document verdict"
Pilibhit,http://pilibhit.nic.in/Special%20BTC%20RESULT/SpecialBTC2008/OBC.pdf,"URL suggests recruitment, education, or another non-election reservation context; not a document verdict"
Pilibhit,http://pilibhit.nic.in/Special%20BTC%20RESULT/niyukti.pdf,"URL suggests recruitment, education, or another non-election reservation context; not a document verdict"
Pilibhit,http://pilibhit.nic.in:80/Special%20BTC%20RESULT/First%20jach%20suchi%202010(b.t.c.).pdf,"URL suggests recruitment, education, or another non-election reservation context; not a document verdict"
Pilibhit,http://pilibhit.nic.in:80/Special%20BTC%20RESULT/SEVENTH_JANCH_SUCHI.pdf,"URL suggests recruitment, education, or another non-election reservation context; not a document verdict"
Pilibhit,http://pilibhit.nic.in:80/Special%20BTC%20RESULT/Sp.%20BTC%20FIRST%20SELECTE%20LIST%202008.pdf,"URL suggests recruitment, education, or another non-election reservation context; not a document verdict"
Pilibhit,http://pilibhit.nic.in:80/Special%20BTC%20RESULT/extra%20list.pdf,"URL suggests recruitment, education, or another non-election reservation context; not a document verdict"
Pilibhit,http://pilibhit.nic.in:80/Special%20BTC%20RESULT/second%20select%20list%202010.pdf,"URL suggests recruitment, education, or another non-election reservation context; not a document verdict"
Pilibhit,http://pilibhit.nic.in:80/Special%20BTC%20RESULT/sp%20recruitment.pdf,"URL suggests recruitment, education, or another non-election reservation context; not a document verdict"
Pilibhit,http://www.pilibhit.nic.in:80/Special%20BTC%20RESULT/first%20selection%20list%202010.pdf,"URL suggests recruitment, education, or another non-election reservation context; not a document verdict"
Saharanpur,http://saharanpur.nic.in/btc/SELECTED%202012.PDF,"URL suggests recruitment, education, or another non-election reservation context; not a document verdict"
Unnao,http://unnao.nic.in:80/Folder_file/Recruitment/Lekhpal%202015result8.03.2016.pdf,"URL suggests recruitment, education, or another non-election reservation context; not a document verdict"
Aligarh,http://aligarh.nic.in/DIET_2015/BTCResults2009.htm,"URL suggests recruitment, education, or another non-election reservation context; not a document verdict"
Aligarh,https://aligarh.nic.in/hi/%E0%A4%B6%E0%A4%BF%E0%A4%95%E0%A5%8D%E0%A4%B7%E0%A4%95-%E0%A4%A8%E0%A4%BF%E0%A4%B0%E0%A5%8D%E0%A4%B5%E0%A4%BE%E0%A4%9A%E0%A4%A8-%E0%A4%95%E0%A5%8D%E0%A4%B7%E0%A5%87%E0%A4%A4%E0%A5%8D%E0%A4%B0/,"URL suggests recruitment, education, or another non-election reservation context; not a document verdict"
Aligarh,https://aligarh.nic.in/link-of-admission-selection-result-in-state-private-industrial-training-institutes/,"URL suggests recruitment, education, or another non-election reservation context; not a document verdict"
Aligarh,https://aligarh.nic.in/notice/for-the-recruitment-of-mbbs-contract-doctors-walk-in-interview-cmo-office-aligarh-result/,"URL suggests recruitment, education, or another non-election reservation context; not a document verdict"
Aligarh,https://aligarh.nic.in/notice/interview-result-notice-list-of-successful-candidates-chief-medical-office-aligarh/,"URL suggests recruitment, education, or another non-election reservation context; not a document verdict"
Aligarh,https://aligarh.nic.in/notice/walk-in-interview-result-notice-chief-medical-office-aligarh-2/,"URL suggests recruitment, education, or another non-election reservation context; not a document verdict"
Aligarh,https://aligarh.nic.in/notice/walk-in-interview-result-notice-chief-medical-office-aligarh/,"URL suggests recruitment, education, or another non-election reservation context; not a document verdict"
Aligarh,https://aligarh.nic.in/notice/walk-in-interview-result-notice-for-selection-of-contractual-medical-officer-mbbs-chief-medical-office-aligarh/,"URL suggests recruitment, education, or another non-election reservation context; not a document verdict"
Aligarh,https://aligarh.nic.in/notice/walk-in-interview-result-notice-for-selection-of-contractual-medical-officermbbs-2025-26/,"URL suggests recruitment, education, or another non-election reservation context; not a document verdict"
Aligarh,https://aligarh.nic.in/notice/walk-in-interview-results-information-chief-medical-officecmo-aligarh/,"URL suggests recruitment, education, or another non-election reservation context; not a document verdict"
Amethi,https://amethi.nic.in/notice/sanik-school-final-recruitment-results/,"URL suggests recruitment, education, or another non-election reservation context; not a document verdict"
Amroha,https://amroha.nic.in/document/result-bds-dental-surgeon-mbbs-medical-officer-interview-held-dated-03-04-2025-dhs-amroha/,"URL suggests recruitment, education, or another non-election reservation context; not a document verdict"
Amroha,https://amroha.nic.in/document/walk-in-interview-result-of-dental-surgeon-bds-medical-officer-mbbs/,"URL suggests recruitment, education, or another non-election reservation context; not a document verdict"
Amroha,https://amroha.nic.in/hi/%e0%a4%96%e0%a4%a3%e0%a5%8d%e0%a4%a1-%e0%a4%b6%e0%a4%bf%e0%a4%95%e0%a5%8d%e0%a4%b7%e0%a4%95-%e0%a4%a8%e0%a4%bf%e0%a4%b0%e0%a5%8d%e0%a4%b5%e0%a4%be%e0%a4%9a%e0%a4%a8/,"URL suggests recruitment, education, or another non-election reservation context; not a document verdict"
Auraiya,https://auraiya.nic.in/notice/mbbs-on-contract-basis-recruitment-results-in-chief-medical-officer-office-auriaya/,"URL suggests recruitment, education, or another non-election reservation context; not a document verdict"
Auraiya,https://auraiya.nic.in/notice/recruitment-on-contract-basis-in-chief-medical-officer-office-auraiya-ayush-doctor-result/,"URL suggests recruitment, education, or another non-election reservation context; not a document verdict"
Auraiya,https://auraiya.nic.in/notice/recruitment-on-contract-basis-in-chief-medical-officer-office-auraiya-m-b-b-s-result/,"URL suggests recruitment, education, or another non-election reservation context; not a document verdict"
Ayodhya,https://ayodhya.nic.in/document/list-of-new-medical-officers-selected-through-district-walk-in-interview/,"URL suggests recruitment, education, or another non-election reservation context; not a document verdict"
Ayodhya,https://ayodhya.nic.in/document/list-of-new-medical-officers-selected-through-walk-in-interview/,"URL suggests recruitment, education, or another non-election reservation context; not a document verdict"
Ayodhya,https://ayodhya.nic.in/notice/list-of-new-medical-officers-selected-through-district-walk-in-interview/,"URL suggests recruitment, education, or another non-election reservation context; not a document verdict"
Ayodhya,https://ayodhya.nic.in/notice/list-of-selected-medical-officers-through-walk-in-interview-for-district-ayodhya/,"URL suggests recruitment, education, or another non-election reservation context; not a document verdict"
Ayodhya,https://ayodhya.nic.in/notice/paramedical-staff-result-for-dhdwh/,"URL suggests recruitment, education, or another non-election reservation context; not a document verdict"
Ayodhya,https://ayodhya.nic.in/notice/paramedical-staff-results-uphssp-programme-dist-ayodhya/,"URL suggests recruitment, education, or another non-election reservation context; not a document verdict"
Azamgarh,https://azamgarh.nic.in/notice/list-of-candidates-selected-for-the-post-of-assistant-teacher-in-non-government-aided-junior-high-schools/,"URL suggests recruitment, education, or another non-election reservation context; not a document verdict"
Baghpat,https://bagpat.nic.in/notice/information-regarding-the-result-of-interview-walk-in-interview-by-the-office-of-chief-medical-officer-baghpat-dated-10-october-2024/,"URL suggests recruitment, education, or another non-election reservation context; not a document verdict"
Baghpat,https://bagpat.nic.in/notice/result-of-temporarily-selected-teachers-on-honorarium-in-shri-mahanand-sanskrit-secondary-school-lakshgraha-barnawa-baghpat-dated-22-nov-2021/,"URL suggests recruitment, education, or another non-election reservation context; not a document verdict"
Bahraich,https://bahraich.nic.in/notice/district-basic-education-officer-regarding-the-release-of-results-after-the-selection-process-for-vacant-posts-of-teachers-and-non-teaching-staff-in-kgbv-29102025/,"URL suggests recruitment, education, or another non-election reservation context; not a document verdict"
Bahraich,https://bahraich.nic.in/notice/iti-admission-exam-result-2020/,"URL suggests recruitment, education, or another non-election reservation context; not a document verdict"
Bahraich,https://bahraich.nic.in/notice/kgbv-recruitment-selected-candidate-list-23-11-2021/,"URL suggests recruitment, education, or another non-election reservation context; not a document verdict"
Bahraich,https://bahraich.nic.in/notice/medical-college-bahraich-selected-candidate-and-rejected-list/,"URL suggests recruitment, education, or another non-election reservation context; not a document verdict"
Ballia,https://ballia.nic.in/event/state-private-industrial-training-institutes-results-for-the-first-phase-of-selection-in-admission-2020/,"URL suggests recruitment, education, or another non-election reservation context; not a document verdict"
Ballia,https://ballia.nic.in/notice/result-contract-medical-officer-ost-center-and-contract-data-manager-art-center/,"URL suggests recruitment, education, or another non-election reservation context; not a document verdict"
Ballia,https://ballia.nic.in/notice/result-of-art-medical-health-walk-in-interview-held-on-21-08-2024-date-28-08-2024/,"URL suggests recruitment, education, or another non-election reservation context; not a document verdict"
Ballia,https://ballia.nic.in/notice/result-of-ncd-dhs-medical-health-walk-in-interview-held-on-18-09-2024-date-07-10-2024/,"URL suggests recruitment, education, or another non-election reservation context; not a document verdict"
Ballia,https://ballia.nic.in/notice/result-of-ost-art-medical-health-walk-in-interview-conducted-on-05-07-2024/,"URL suggests recruitment, education, or another non-election reservation context; not a document verdict"
Ballia,https://ballia.nic.in/notice/verification-of-educational-documents-for-candidates-selected-for-junior-high-school-principal-assistant-teacher-recruitment-2021-in-district-ballia/,"URL suggests recruitment, education, or another non-election reservation context; not a document verdict"
Balrampur,https://balrampur.nic.in/notice/sanskrit-vidyalaya-vacancy-result-2021-22-2022-23/,"URL suggests recruitment, education, or another non-election reservation context; not a document verdict"
Balrampur,https://balrampur.nic.in/notice/the-result-of-the-vacancies-for-the-post-of-anganwadi-worker-under-the-child-development-and-nutrition-department/,"URL suggests recruitment, education, or another non-election reservation context; not a document verdict"
Banda,https://banda.nic.in/notice/first-phase-of-the-results-of-the-first-session-of-the-admission-session-2020-in-the-state-private-industrial-training-institutes-itis-run-by-the-state-vocational-training-council-uttar-pradesh/,"URL suggests recruitment, education, or another non-election reservation context; not a document verdict"
Banda,https://banda.nic.in/notice/medical-officer-ayush-interview-result-dated-23rd-and-24th-december-2024/,"URL suggests recruitment, education, or another non-election reservation context; not a document verdict"
Banda,https://banda.nic.in/notice/second-phase-admission-list-and-upgrading-2020-in-government-private-industrial-training-institutes-iti-is-available-on-the-following-website-to-see-the-results-of-admission/,"URL suggests recruitment, education, or another non-election reservation context; not a document verdict"
Banda,https://banda.nic.in/notice/third-phase-admission-list-and-upgrading-2020-in-government-private-industrial-training-institutes-iti-is-available-on-the-following-website-to-see-the-results-of-admission-departmental-websites/,"URL suggests recruitment, education, or another non-election reservation context; not a document verdict"
Bareilly,https://bareilly.nic.in/notice/iti-admission-2nd-round-result/,"URL suggests recruitment, education, or another non-election reservation context; not a document verdict"
Basti,http://basti.nic.in/exam%20result/diet%20basti/BTC-2015%20FEMALE%20BASTI.xlsx,"URL suggests recruitment, education, or another non-election reservation context; not a document verdict"
Basti,https://basti.nic.in/notice/interview-of-selected-candidate-for-computer-teacher-guest-faculty-in-atal-residential-school/,"URL suggests recruitment, education, or another non-election reservation context; not a document verdict"
Bhadohi,"http://bhadohi.nic.in/recruitment/Health/MBBS,BDS,ANM&OnCall%20Doctors%20%20Result%2025-03-2013.doc","URL suggests recruitment, education, or another non-election reservation context; not a document verdict"
Bhadohi,https://bhadohi.nic.in/notice/interview-result-of-mbbs-doctors-under-the-office-of-chief-medical-officer-bhadohi-2/,"URL suggests recruitment, education, or another non-election reservation context; not a document verdict"
Bhadohi,https://bhadohi.nic.in/notice/result-of-interview-of-ayush-doctor-held-on-11-07-2025-office-of-chief-medical-officer-bhadohi/,"URL suggests recruitment, education, or another non-election reservation context; not a document verdict"
Bhadohi,https://bhadohi.nic.in/notice/result-of-selection-of-medical-officer-post-under-national-health-mission-program/,"URL suggests recruitment, education, or another non-election reservation context; not a document verdict"
Bijnor,http://bijnor.nic.in:80/diet/new_list/Selected_BTC_2008.htm,"URL suggests recruitment, education, or another non-election reservation context; not a document verdict"
Budaun,https://budaun.nic.in/document/anganwadi-vacancy-result-2025-2nd-list/,"URL suggests recruitment, education, or another non-election reservation context; not a document verdict"
Budaun,https://budaun.nic.in/document/anganwadi-vacancy-result-2025/,"URL suggests recruitment, education, or another non-election reservation context; not a document verdict"
Bulandshahr,https://bulandshahar.nic.in/notice/all-selected-and-rejectedabsent-candidate-list-for-68500-vacancy/,"URL suggests recruitment, education, or another non-election reservation context; not a document verdict"
Chandauli,https://chandauli.nic.in/12460-assistant-teachers-provisional-selected-list/,"URL suggests recruitment, education, or another non-election reservation context; not a document verdict"
Chandauli,https://chandauli.nic.in/notice/list-of-selected-yoga-instructors-district-homeopathic-medical-officer-chandauli/,"URL suggests recruitment, education, or another non-election reservation context; not a document verdict"
Chitrakoot,http://chitrakoot.nic.in:80/DIET%20RESULT.HTM,"URL suggests recruitment, education, or another non-election reservation context; not a document verdict"
Chitrakoot,http://chitrakoot.nic.in:80/DIETRESULT.HTM,"URL suggests recruitment, education, or another non-election reservation context; not a document verdict"
Deoria,https://deoria.nic.in/iti-admission-2020-results/,"URL suggests recruitment, education, or another non-election reservation context; not a document verdict"
Etah,https://etah.nic.in/document/result-medicalofficer/,"URL suggests recruitment, education, or another non-election reservation context; not a document verdict"
Etah,https://etah.nic.in/document/selected-list-12460-assist-teacher/,"URL suggests recruitment, education, or another non-election reservation context; not a document verdict"
Fatehpur,http://fatehpur.nic.in/Spl%20BTC-2007/SELECTED%20LIST%20OF%20FATEHUR%20DISTRICT.htm,"URL suggests recruitment, education, or another non-election reservation context; not a document verdict"
Fatehpur,http://fatehpur.nic.in:80/Spl%20BTC-2007/Selected%20list%20of%20Candidates.htm,"URL suggests recruitment, education, or another non-election reservation context; not a document verdict"
Fatehpur,http://www.fatehpur.nic.in:80/BTC%20SELECTED%20LIST.HTM,"URL suggests recruitment, education, or another non-election reservation context; not a document verdict"
Ghaziabad,https://ghaziabad.nic.in/en/notice/national-rural-livelihood-mission-vacancy-result/,"URL suggests recruitment, education, or another non-election reservation context; not a document verdict"
Ghazipur,https://ghazipur.nic.in/not-selected-candidates-list-for-anganwadi-recruitment/,"URL suggests recruitment, education, or another non-election reservation context; not a document verdict"
Gonda,https://gonda.nic.in/document/number-of-selected-vacant-posts-of-assistant-teachers-of-science-mathematics-of-upper-primary-school/,"URL suggests recruitment, education, or another non-election reservation context; not a document verdict"
Gonda,https://gonda.nic.in/notice/result-of-n-h-m-vacancies-for-medical-officer-on-contract-under-national-health-mission/,"URL suggests recruitment, education, or another non-election reservation context; not a document verdict"
Gorakhpur,http://gorakhpur.nic.in/BTC-result/vigayapti16.jpg,"URL suggests recruitment, education, or another non-election reservation context; not a document verdict"
Gorakhpur,https://gorakhpur.nic.in/document/list-of-candidates-selected-in-the-walk-in-interview-of-medical-officers-contract/,"URL suggests recruitment, education, or another non-election reservation context; not a document verdict"
Gorakhpur,https://gorakhpur.nic.in/document/list-of-medical-officers-selected-under-national-health-mission-3/,"URL suggests recruitment, education, or another non-election reservation context; not a document verdict"
Gorakhpur,https://gorakhpur.nic.in/document/list-of-medical-officers-selected-under-national-health-mission/,"URL suggests recruitment, education, or another non-election reservation context; not a document verdict"
Gorakhpur,https://gorakhpur.nic.in/document/list-of-medical-officers-selected-under-nhm-through-walk-in-interview-held-on-24-06-2025/,"URL suggests recruitment, education, or another non-election reservation context; not a document verdict"
Gorakhpur,https://gorakhpur.nic.in/document/status-of-vacant-selected-asst-teachers-in-junior-schools-basic-shisksha/,"URL suggests recruitment, education, or another non-election reservation context; not a document verdict"
Jaunpur,https://jaunpur.nic.in/notice/contract-base-various-post-recruitment-result/,"URL suggests recruitment, education, or another non-election reservation context; not a document verdict"
Jaunpur,https://jaunpur.nic.in/notice/iti-admission-exam-result-2020/,"URL suggests recruitment, education, or another non-election reservation context; not a document verdict"
Jaunpur,https://jaunpur.nic.in/notice/selected-medical-officer-of-medical-officer-contingent-medical-officer-for-vacant-contractual-posts-under-various-programs-run-in-national-health-mission-uttar-pradesh-in-jaunpur-district-through-wal/,"URL suggests recruitment, education, or another non-election reservation context; not a document verdict"
Kanpur Dehat,https://kanpurdehat.nic.in/bsa-office-list-of-teachers-selected-in-kasturba-gandhi-residential-girls-school/,"URL suggests recruitment, education, or another non-election reservation context; not a document verdict"
Kanpur Dehat,https://kanpurdehat.nic.in/kasturba-gandhi-awashiya-balika-vidyalay-amraudha-list-of-selected-teacher-and-non-teacher/,"URL suggests recruitment, education, or another non-election reservation context; not a document verdict"
Kanpur Dehat,https://kanpurdehat.nic.in/notice/first-phase-result-for-admission-to-govt-pvt-i-t-i/,"URL suggests recruitment, education, or another non-election reservation context; not a document verdict"
Kanpur Dehat,https://kanpurdehat.nic.in/office-of-chief-medical-officer-list-of-selected-mbbs-doctors/,"URL suggests recruitment, education, or another non-election reservation context; not a document verdict"
Kanpur Dehat,https://kanpurdehat.nic.in/office-of-chief-medical-officer-selected-candidate-for-the-post-of-dental-surgeon-b-d-s/,"URL suggests recruitment, education, or another non-election reservation context; not a document verdict"
Kanpur Dehat,https://kanpurdehat.nic.in/office-of-the-chief-medical-officer-list-of-selected-waiting-candidates-under-national-health-mission/,"URL suggests recruitment, education, or another non-election reservation context; not a document verdict"
Kanpur Dehat,https://kanpurdehat.nic.in/office-of-the-chief-medical-officer-list-of-selected-waiting-mbbs-doctors/,"URL suggests recruitment, education, or another non-election reservation context; not a document verdict"
Kanpur Dehat,https://kanpurdehat.nic.in/selected-lekhpal-55-candidates-list-for-medical/,"URL suggests recruitment, education, or another non-election reservation context; not a document verdict"
Kanpur Nagar,http://kanpurnagar.nic.in:80/btc2010/SpecialReservation.xls,"URL suggests recruitment, education, or another non-election reservation context; not a document verdict"
Kasganj,https://kasganj.nic.in/document/admission-result-2020-first-phase-in-govt-itis/,"URL suggests recruitment, education, or another non-election reservation context; not a document verdict"
Kasganj,https://kasganj.nic.in/document/medical-officer-mbbs-result-25-09-2023/,"URL suggests recruitment, education, or another non-election reservation context; not a document verdict"
Lalitpur,https://lalitpur.nic.in/en/event/first-round-exam-result-of-iti-admissions-2020-21/,"URL suggests recruitment, education, or another non-election reservation context; not a document verdict"
Lucknow,http://lucknow.nic.in:80/btc-2010-selected-list/btc-selected.html,"URL suggests recruitment, education, or another non-election reservation context; not a document verdict"
Lucknow,https://lucknow.nic.in/document/medical-staff-walk-in-result/,"URL suggests recruitment, education, or another non-election reservation context; not a document verdict"
Lucknow,https://lucknow.nic.in/hi/document/%E0%A4%B6%E0%A4%BF%E0%A4%95%E0%A5%8D%E0%A4%B7%E0%A4%95-%E0%A4%A8%E0%A4%BF%E0%A4%B0%E0%A5%8D%E0%A4%B5%E0%A4%BE%E0%A4%9A%E0%A4%A8-%E0%A4%95%E0%A5%8D%E0%A4%B7%E0%A5%87%E0%A4%A4%E0%A5%8D%E0%A4%B0/,"URL suggests recruitment, education, or another non-election reservation context; not a document verdict"
Mahrajganj,http://maharajganj.nic.in:80/Btc_2010_net/SELECTED%20LIST%20OF%20BTC%202010.htm,"URL suggests recruitment, education, or another non-election reservation context; not a document verdict"
Mahrajganj,http://maharajganj.nic.in:80/sbtc07/BTC_RESULT.htm,"URL suggests recruitment, education, or another non-election reservation context; not a document verdict"
Mau,https://mau.nic.in/en/event/state-private-industrial-training-institutes-results-for-the-first-phase-of-selection-in-admission-2020/,"URL suggests recruitment, education, or another non-election reservation context; not a document verdict"
Mau,https://mau.nic.in/en/notice/result-after-walk-in-interview-of-medical-officerm-b-b-s-for-contractual-posts/,"URL suggests recruitment, education, or another non-election reservation context; not a document verdict"
Mau,https://mau.nic.in/event/state-private-industrial-training-institutes-results-for-the-first-phase-of-selection-in-admission-2020/,"URL suggests recruitment, education, or another non-election reservation context; not a document verdict"
Mau,https://mau.nic.in/notice/interview-result-notice-medical-officer-and-data-manager/,"URL suggests recruitment, education, or another non-election reservation context; not a document verdict"
Meerut,https://meerut.nic.in/hi/notice/result-of-post-medical-officer-ayush-walk-in-interview-dated-29-07-2020-under-national-health-mission-programme-covid-19-meerut/,"URL suggests recruitment, education, or another non-election reservation context; not a document verdict"
Meerut,https://meerut.nic.in/notice/councilor-vacancy-by-district-tb-officer-interview-result/,"URL suggests recruitment, education, or another non-election reservation context; not a document verdict"
Meerut,https://meerut.nic.in/notice/result-of-interview-for-contratual-staff-under-sncu-yojana-at-medical-college/,"URL suggests recruitment, education, or another non-election reservation context; not a document verdict"
Meerut,https://meerut.nic.in/notice/result-of-walk-in-interview-of-medical-officer-nrhm/,"URL suggests recruitment, education, or another non-election reservation context; not a document verdict"
Meerut,https://meerut.nic.in/notice/results-of-post-medical-officer-ayush-walk-in-interview-under-national-health-mission-program-29-07-2020-covid-19-meerut/,"URL suggests recruitment, education, or another non-election reservation context; not a document verdict"
Meerut,https://meerut.nic.in/result-of-walk-in-interview-of-medical-officer-under-nhm/,"URL suggests recruitment, education, or another non-election reservation context; not a document verdict"
Moradabad,https://moradabad.nic.in/notice/reg-tehsil-wise-allocation-for-appointment-posting-of-lekhpal-selected-in-lekhpal-recruitment-examination/,"URL suggests recruitment, education, or another non-election reservation context; not a document verdict"
Moradabad,https://moradabad.nic.in/notice/the-list-of-selected-contract-medical-officers-mbbs-through-walk-in-interview-on-15-09-2025-cmo-office/,"URL suggests recruitment, education, or another non-election reservation context; not a document verdict"
Pilibhit,http://pilibhit.nic.in/Special%20BTC%20RESULT/advt.jpg,"URL suggests recruitment, education, or another non-election reservation context; not a document verdict"
Pilibhit,http://pilibhit.nic.in/Special%20BTC%20RESULT/appl.jpg,"URL suggests recruitment, education, or another non-election reservation context; not a document verdict"
Pilibhit,http://pilibhit.nic.in/Special%20BTC%20RESULT/photo2.jpg,"URL suggests recruitment, education, or another non-election reservation context; not a document verdict"
Pilibhit,http://pilibhit.nic.in/Special%20BTC%20RESULT/photo4.jpg,"URL suggests recruitment, education, or another non-election reservation context; not a document verdict"
Pilibhit,http://pilibhit.nic.in/download/diet/BTC14/New%20Female%20Selected%20List.xlsx,"URL suggests recruitment, education, or another non-election reservation context; not a document verdict"
Pilibhit,http://pilibhit.nic.in/download/diet/BTC14/New%20Male%20Selected%20List.xlsx,"URL suggests recruitment, education, or another non-election reservation context; not a document verdict"
Pilibhit,http://pilibhit.nic.in:80/Special%20BTC%20RESULT/2008bishisht%20btc.xls,"URL suggests recruitment, education, or another non-election reservation context; not a document verdict"
Pilibhit,http://pilibhit.nic.in:80/Special%20BTC%20RESULT/3rd%20check%20list.xls,"URL suggests recruitment, education, or another non-election reservation context; not a document verdict"
Pilibhit,http://pilibhit.nic.in:80/Special%20BTC%20RESULT/CUT%20OF%20MARRIT.doc,"URL suggests recruitment, education, or another non-election reservation context; not a document verdict"
Pilibhit,http://pilibhit.nic.in:80/Special%20BTC%20RESULT/SECOND%20SELECTE%20LIST.xls,"URL suggests recruitment, education, or another non-election reservation context; not a document verdict"
Pilibhit,http://pilibhit.nic.in:80/Special%20BTC%20RESULT/SpecialBTC2008/ALL%20SHIKSHA%20MITRA/ALL_PH_SM.xls,"URL suggests recruitment, education, or another non-election reservation context; not a document verdict"
Pilibhit,http://pilibhit.nic.in:80/Special%20BTC%20RESULT/SpecialBTC2008/ALL%20SHIKSHA%20MITRA/FAME_GEN_SM.xls,"URL suggests recruitment, education, or another non-election reservation context; not a document verdict"
Pilibhit,http://pilibhit.nic.in:80/Special%20BTC%20RESULT/SpecialBTC2008/ALL%20SHIKSHA%20MITRA/FEMALE_SC_ART.xls,"URL suggests recruitment, education, or another non-election reservation context; not a document verdict"
Pilibhit,http://pilibhit.nic.in:80/Special%20BTC%20RESULT/SpecialBTC2008/ALL%20SHIKSHA%20MITRA/MALE_GEN_SM.xls,"URL suggests recruitment, education, or another non-election reservation context; not a document verdict"
Pilibhit,http://pilibhit.nic.in:80/Special%20BTC%20RESULT/SpecialBTC2008/ALL%20SHIKSHA%20MITRA/MALE_OBC_SM.xls,"URL suggests recruitment, education, or another non-election reservation context; not a document verdict"
Pilibhit,http://pilibhit.nic.in:80/Special%20BTC%20RESULT/SpecialBTC2008/ALL%20SHIKSHA%20MITRA/MALE_SC_SM.xls,"URL suggests recruitment, education, or another non-election reservation context; not a document verdict"
Pilibhit,http://pilibhit.nic.in:80/Special%20BTC%20RESULT/SpecialBTC2008/FEMALE%20ALL/FEMALE_ALL_FF.xls,"URL suggests recruitment, education, or another non-election reservation context; not a document verdict"
Pilibhit,http://pilibhit.nic.in:80/Special%20BTC%20RESULT/SpecialBTC2008/FEMALE%20ALL/FEMALE_ALL_PH_5.xls,"URL suggests recruitment, education, or another non-election reservation context; not a document verdict"
Pilibhit,http://pilibhit.nic.in:80/Special%20BTC%20RESULT/SpecialBTC2008/FEMALE%20ALL/FEMALE_ALL_PH_6.xls,"URL suggests recruitment, education, or another non-election reservation context; not a document verdict"
Pilibhit,http://pilibhit.nic.in:80/Special%20BTC%20RESULT/SpecialBTC2008/FEMALE%20ALL/FEMALE_ALL_PH_7.xls,"URL suggests recruitment, education, or another non-election reservation context; not a document verdict"
Pilibhit,http://pilibhit.nic.in:80/Special%20BTC%20RESULT/SpecialBTC2008/FEMALE%20ALL/FEMALE_GEN_ART.xls,"URL suggests recruitment, education, or another non-election reservation context; not a document verdict"
Pilibhit,http://pilibhit.nic.in:80/Special%20BTC%20RESULT/SpecialBTC2008/FEMALE%20ALL/FEMALE_GEN_SCIENCE.xls,"URL suggests recruitment, education, or another non-election reservation context; not a document verdict"
Pilibhit,http://pilibhit.nic.in:80/Special%20BTC%20RESULT/SpecialBTC2008/FEMALE%20ALL/FEMALE_OBC_ART.xls,"URL suggests recruitment, education, or another non-election reservation context; not a document verdict"
Pilibhit,http://pilibhit.nic.in:80/Special%20BTC%20RESULT/SpecialBTC2008/FEMALE%20ALL/FEMALE_OBC_SCIENCE.xls,"URL suggests recruitment, education, or another non-election reservation context; not a document verdict"
Pilibhit,http://pilibhit.nic.in:80/Special%20BTC%20RESULT/SpecialBTC2008/FEMALE%20ALL/FEMALE_SC_ART.xls,"URL suggests recruitment, education, or another non-election reservation context; not a document verdict"
Pilibhit,http://pilibhit.nic.in:80/Special%20BTC%20RESULT/SpecialBTC2008/FEMALE%20ALL/FEMALE_SC_SCIENCE.xls,"URL suggests recruitment, education, or another non-election reservation context; not a document verdict"
Pilibhit,http://pilibhit.nic.in:80/Special%20BTC%20RESULT/SpecialBTC2008/FEMALE%20ALL/FEMALE_ST_ART.xls,"URL suggests recruitment, education, or another non-election reservation context; not a document verdict"
Pilibhit,http://pilibhit.nic.in:80/Special%20BTC%20RESULT/SpecialBTC2008/MALE_ALL/MALE_ALL_EXSER.xls,"URL suggests recruitment, education, or another non-election reservation context; not a document verdict"
Pilibhit,http://pilibhit.nic.in:80/Special%20BTC%20RESULT/SpecialBTC2008/MALE_ALL/MALE_ALL_FF.xls,"URL suggests recruitment, education, or another non-election reservation context; not a document verdict"
Pilibhit,http://pilibhit.nic.in:80/Special%20BTC%20RESULT/SpecialBTC2008/MALE_ALL/MALE_ALL_PH_5.xls,"URL suggests recruitment, education, or another non-election reservation context; not a document verdict"
Pilibhit,http://pilibhit.nic.in:80/Special%20BTC%20RESULT/SpecialBTC2008/MALE_ALL/MALE_ALL_PH_6.xls,"URL suggests recruitment, education, or another non-election reservation context; not a document verdict"
Pilibhit,http://pilibhit.nic.in:80/Special%20BTC%20RESULT/SpecialBTC2008/MALE_ALL/MALE_ALL_PH_7.xls,"URL suggests recruitment, education, or another non-election reservation context; not a document verdict"
Pilibhit,http://pilibhit.nic.in:80/Special%20BTC%20RESULT/SpecialBTC2008/MALE_ALL/MALE_GEN_ART.xls,"URL suggests recruitment, education, or another non-election reservation context; not a document verdict"
Pilibhit,http://pilibhit.nic.in:80/Special%20BTC%20RESULT/SpecialBTC2008/MALE_ALL/MALE_GEN_SCIENCE.xls,"URL suggests recruitment, education, or another non-election reservation context; not a document verdict"
Pilibhit,http://pilibhit.nic.in:80/Special%20BTC%20RESULT/SpecialBTC2008/MALE_ALL/MALE_OBC_ART.xls,"URL suggests recruitment, education, or another non-election reservation context; not a document verdict"
Pilibhit,http://pilibhit.nic.in:80/Special%20BTC%20RESULT/SpecialBTC2008/MALE_ALL/MALE_OBC_SCIENCE.xls,"URL suggests recruitment, education, or another non-election reservation context; not a document verdict"
Pilibhit,http://pilibhit.nic.in:80/Special%20BTC%20RESULT/SpecialBTC2008/MALE_ALL/MALE_SC_ART.xls,"URL suggests recruitment, education, or another non-election reservation context; not a document verdict"
Pilibhit,http://pilibhit.nic.in:80/Special%20BTC%20RESULT/SpecialBTC2008/MALE_ALL/MALE_SC_SCIENCE.xls,"URL suggests recruitment, education, or another non-election reservation context; not a document verdict"
Pilibhit,http://pilibhit.nic.in:80/Special%20BTC%20RESULT/SpecialBTC2008/MALE_ALL/MALE_ST_ART.xls,"URL suggests recruitment, education, or another non-election reservation context; not a document verdict"
Pilibhit,http://pilibhit.nic.in:80/Special%20BTC%20RESULT/SpecialBTC2008/MALE_ALL/MALE_ST_SCIENCE.xls,"URL suggests recruitment, education, or another non-election reservation context; not a document verdict"
Pilibhit,http://pilibhit.nic.in:80/Special%20BTC%20RESULT/SpecialBTC2008/dietpbt.xls,"URL suggests recruitment, education, or another non-election reservation context; not a document verdict"
Pilibhit,http://pilibhit.nic.in:80/download/diet/BTC14/II/New%20Female%20Selected%20List.xlsx,"URL suggests recruitment, education, or another non-election reservation context; not a document verdict"
Pilibhit,http://pilibhit.nic.in:80/download/diet/BTC14/six/New%20Female%20Selected%20List.xlsx,"URL suggests recruitment, education, or another non-election reservation context; not a document verdict"
Pilibhit,http://pilibhit.nic.in:80/download/diet/BTC14/six/New%20Male%20Selected%20List.xlsx,"URL suggests recruitment, education, or another non-election reservation context; not a document verdict"
Prayagraj,https://prayagraj.nic.in/document/allotment-result-of-second-round-and-upgradation-after-first-phase-in-government-private-training-institutes-for-admission-session-2020/,"URL suggests recruitment, education, or another non-election reservation context; not a document verdict"
Rae Bareli,https://raebareli.nic.in/notice/information-result-of-interview-for-yoga-teacher-recruitment-in-ayushman-arogya-mandir/,"URL suggests recruitment, education, or another non-election reservation context; not a document verdict"
Rae Bareli,https://raebareli.nic.in/notice/list-of-selected-candidates-for-opting-school-in-kgbv-recruitment/,"URL suggests recruitment, education, or another non-election reservation context; not a document verdict"
Rae Bareli,https://raebareli.nic.in/notice/list-of-selected-temporary-teachers-for-sanskrit-secondary-school/,"URL suggests recruitment, education, or another non-election reservation context; not a document verdict"
Rae Bareli,https://raebareli.nic.in/notice/result-yoga-teacher/,"URL suggests recruitment, education, or another non-election reservation context; not a document verdict"
Rampur,https://rampur.nic.in/hi/document/%E0%A4%B6%E0%A4%BF%E0%A4%95%E0%A5%8D%E0%A4%B7%E0%A4%95-%E0%A4%A8%E0%A4%BF%E0%A4%B0%E0%A5%8D%E0%A4%B5%E0%A4%BE%E0%A4%9A%E0%A4%A8-%E0%A4%A8%E0%A4%BE%E0%A4%AE%E0%A4%BE%E0%A4%B5%E0%A4%B2%E0%A5%80/,"URL suggests recruitment, education, or another non-election reservation context; not a document verdict"
Saharanpur,https://saharanpur.nic.in/notice/result-of-recruitment-of-disaster-expert/,"URL suggests recruitment, education, or another non-election reservation context; not a document verdict"
Shahjahanpur,http://shahjahanpur.nic.in/Excel/List%20BTC%202010%20(All%20Selected%20Suchi).xls,"URL suggests recruitment, education, or another non-election reservation context; not a document verdict"
Shamli,https://shamli.nic.in/notice/result-of-admission-test-for-class-06-and-class-09-session-2024-25-in-atal-residential-school/,"URL suggests recruitment, education, or another non-election reservation context; not a document verdict"
Shamli,https://shamli.nic.in/notice/result-of-direct-recruitment-of-anganwadi-worker/,"URL suggests recruitment, education, or another non-election reservation context; not a document verdict"
Sitapur,https://sitapur.nic.in/service/results-for-first-phase-selection-of-admission-2020-in-government-private-industrial-training-institutes/,"URL suggests recruitment, education, or another non-election reservation context; not a document verdict"
Sultanpur,https://sultanpur.nic.in/notice/result-of-candidates-selected-mbbs-medical-officer-samvida-under-national-health-mission-walk-in-interview/,"URL suggests recruitment, education, or another non-election reservation context; not a document verdict"
Sultanpur,https://sultanpur.nic.in/notice/result-of-recruitment-under-national-health-mission/,"URL suggests recruitment, education, or another non-election reservation context; not a document verdict"
Unnao,https://unnao.nic.in/document/kgbv-new-recruitment-2021-22selected-list-and-waiting-list/,"URL suggests recruitment, education, or another non-election reservation context; not a document verdict"
Varanasi,https://varanasi.nic.in/notice/state-council-of-vocational-training-admission-session-2020-first-phase-result/,"URL suggests recruitment, education, or another non-election reservation context; not a document verdict"
Ambedkar Nagar,http://ambedkarnagar.nic.in/SBTC/5th%20btc%20result/5%20th%20JANCH%20SUCHI.pdf,"URL suggests recruitment, education, or another non-election reservation context; not a document verdict"
Ambedkar Nagar,http://ambedkarnagar.nic.in/SBTC/5th%20btc%20result/CUT-%20OFF%20MERIT%20CHART.pdf,"URL suggests recruitment, education, or another non-election reservation context; not a document verdict"
Ambedkar Nagar,http://ambedkarnagar.nic.in/SBTC/5th%20btc%20result/FORMAT%20-%202%20%20%20%20ADVERTISMENT.pdf,"URL suggests recruitment, education, or another non-election reservation context; not a document verdict"
Basti,http://basti.nic.in/exam%20result/BTC-2014%20MERIT%20LIST%202nd%20COUNSLLING%20BASTI%20&%20SANTKABEER%20NAGAR/img113.pdf,"URL suggests recruitment, education, or another non-election reservation context; not a document verdict"
Basti,http://basti.nic.in/exam%20result/SantKabir%20Nagar%20cutt%20of%20list%20btc%20trng%202012female.pdf,"URL suggests recruitment, education, or another non-election reservation context; not a document verdict"
Basti,http://basti.nic.in/exam%20result/SantKabir%20Nagar%20cutt%20of%20list%20btc%20trng%202012men.pdf,"URL suggests recruitment, education, or another non-election reservation context; not a document verdict"
Basti,http://basti.nic.in:80/exam%20result/BTC-2014%20MERIT%20LIST%20BASTI%20&%20SANTKABEER%20NAGAR/img127.pdf,"URL suggests recruitment, education, or another non-election reservation context; not a document verdict"
Basti,http://basti.nic.in:80/exam%20result/BTC-2014%20MERIT%20LIST%20BASTI%20&%20SANTKABEER%20NAGAR/img128.pdf,"URL suggests recruitment, education, or another non-election reservation context; not a document verdict"
Gautam Buddha Nagar,http://gbnagar.nic.in/BTC%20results/SPECIAL%20BTC%20RESULTS%202007.PDF,"URL suggests recruitment, education, or another non-election reservation context; not a document verdict"
Gautam Buddha Nagar,http://gbnagar.nic.in/BTC%20results/second%20janch%20suchi.PDF,"URL suggests recruitment, education, or another non-election reservation context; not a document verdict"
Gautam Buddha Nagar,http://www.gbnagar.nic.in:80/BTC%20results/third%20janch%20suchi.PDF,"URL suggests recruitment, education, or another non-election reservation context; not a document verdict"
Kanpur Nagar,http://kanpurnagar.nic.in/Lekhpal_Recruitment_Result2015.pdf,"URL suggests recruitment, education, or another non-election reservation context; not a document verdict"
Muzaffarnagar,http://muzaffarnagar.nic.in:80/DEIT/btc-2011-result.pdf,"URL suggests recruitment, education, or another non-election reservation context; not a document verdict"
Basti,http://basti.nic.in/exam%20result/BTC-2014%20MERIT%20LIST%202nd%20COUNSLLING%20BASTI%20&%20SANTKABEER%20NAGAR/BTC-2014%20FEMALE%20BASTI.xlsx,"URL suggests recruitment, education, or another non-election reservation context; not a document verdict"
Basti,http://basti.nic.in/exam%20result/BTC-2014%20MERIT%20LIST%202nd%20COUNSLLING%20BASTI%20&%20SANTKABEER%20NAGAR/BTC-2014%20FEMALE%20SANTKABEER%20NAGAR.xlsx,"URL suggests recruitment, education, or another non-election reservation context; not a document verdict"
Basti,http://basti.nic.in/exam%20result/BTC-2014%20MERIT%20LIST%202nd%20COUNSLLING%20BASTI%20&%20SANTKABEER%20NAGAR/BTC-2014%20MALE%20BASTI.xlsx,"URL suggests recruitment, education, or another non-election reservation context; not a document verdict"
Basti,http://basti.nic.in/exam%20result/BTC-2014%20MERIT%20LIST%202nd%20COUNSLLING%20BASTI%20&%20SANTKABEER%20NAGAR/BTC-2014%20MALE%20SANTKABEER%20NAGAR.xlsx,"URL suggests recruitment, education, or another non-election reservation context; not a document verdict"
Basti,http://basti.nic.in/exam%20result/BTC-2014%20MERIT%20LIST%20BASTI%20&%20SANTKABEER%20NAGAR/BTC-2014%20FEMALE%20BASTI.xlsx,"URL suggests recruitment, education, or another non-election reservation context; not a document verdict"
Basti,http://basti.nic.in/exam%20result/BTC-2014%20MERIT%20LIST%20BASTI%20&%20SANTKABEER%20NAGAR/BTC-2014%20FEMALE%20SANTKABEER%20NAGAR.xlsx,"URL suggests recruitment, education, or another non-election reservation context; not a document verdict"
Basti,http://basti.nic.in/exam%20result/BTC-2014%20MERIT%20LIST%20BASTI%20&%20SANTKABEER%20NAGAR/BTC-2014%20MALE%20BASTI.xlsx,"URL suggests recruitment, education, or another non-election reservation context; not a document verdict"
Basti,http://basti.nic.in/exam%20result/BTC-2014%20MERIT%20LIST%20BASTI%20&%20SANTKABEER%20NAGAR/BTC-2014%20MALE%20SANTKABEER%20NAGAR.xlsx,"URL suggests recruitment, education, or another non-election reservation context; not a document verdict"
Basti,http://basti.nic.in/exam%20result/diet%20basti/BTC-2015%20FEMALE%20SANTKABEER%20NAGAR.xlsx,"URL suggests recruitment, education, or another non-election reservation context; not a document verdict"
Basti,http://basti.nic.in/exam%20result/diet%20basti/BTC-2015%20MALE%20SANTKABEER%20NAGAR.xlsx,"URL suggests recruitment, education, or another non-election reservation context; not a document verdict"
Basti,http://basti.nic.in/exam%20result/diet%20basti/FEMALE-SANT%20KABEER%20%20NAGAR%2027-03-15.xlsx,"URL suggests recruitment, education, or another non-election reservation context; not a document verdict"
Farrukhabad,https://farrukhabad.nic.in/notice/acedemic-year-2023-24-selected-student-list-of-admission-in-atal-awasiya-vidyalaya-bilhaur-kanpur-nagar/,"URL suggests recruitment, education, or another non-election reservation context; not a document verdict"
Gautam Buddha Nagar,http://gbnagar.nic.in:80/BTC%20results/btc.htm,"URL suggests recruitment, education, or another non-election reservation context; not a document verdict"
Gautam Buddha Nagar,https://gbnagar.nic.in/hi/%E0%A4%B8%E0%A5%8D%E0%A4%A8%E0%A4%BE%E0%A4%A4%E0%A4%95-%E0%A4%B6%E0%A4%BF%E0%A4%95%E0%A5%8D%E0%A4%B7%E0%A4%95-%E0%A4%A8%E0%A4%BF%E0%A4%B0%E0%A5%8D%E0%A4%B5%E0%A4%BE%E0%A4%9A%E0%A4%A8-%E0%A4%A8/,"URL suggests recruitment, education, or another non-election reservation context; not a document verdict"
Kanpur Nagar,https://kanpurnagar.nic.in/notice/result-of-atal-awasiya-vidyalay-tgt-pgt-teacher-recruitment-of-contractual-basis/,"URL suggests recruitment, education, or another non-election reservation context; not a document verdict"
Kushinagar,https://kushinagar.nic.in/notice/office-of-district-homeopathic-medical-officer-selected-candidate-list/,"URL suggests recruitment, education, or another non-election reservation context; not a document verdict"
Kushinagar,https://kushinagar.nic.in/notice/office-of-district-homeopathic-medical-officer-selected-candidate-notice/,"URL suggests recruitment, education, or another non-election reservation context; not a document verdict"
Kushinagar,https://kushinagar.nic.in/notice/provisional-approved-selected-list-of-12460-assistant-teacher-recruitment-after-counseling-on-05-01-2024-accordance-to-the-special-appeal-number-613-2018-ordered-by-honorable-high-court/,"URL suggests recruitment, education, or another non-election reservation context; not a document verdict"
Kushinagar,https://kushinagar.nic.in/provisional-selected-list-of-12460-assistant-teacher-recruitment-accordance-to-the-special-appeal-number-613-2018-ordered-by-honorable-high-court/,"URL suggests recruitment, education, or another non-election reservation context; not a document verdict"
Muzaffarnagar,https://muzaffarnagar.nic.in/hi/%E0%A4%A8%E0%A4%BF%E0%A4%B0%E0%A5%8D%E0%A4%B5%E0%A4%BE%E0%A4%9A%E0%A4%A8-2/%E0%A4%B6%E0%A4%BF%E0%A4%95%E0%A5%8D%E0%A4%B7%E0%A4%95-%E0%A4%95%E0%A5%8D%E0%A4%B7%E0%A5%87%E0%A4%A4%E0%A5%8D%E0%A4%B0-%E0%A4%AE%E0%A4%A4%E0%A4%A6%E0%A4%BE%E0%A4%A4%E0%A4%BE-%E0%A4%B8%E0%A5%82/,"URL suggests recruitment, education, or another non-election reservation context; not a document verdict"
Sant Kabir Nagar,https://sknagar.nic.in/notice/final-selected-candidate-list-of-medical-officer-in-cmo-sant-kabir-nagar/,"URL suggests recruitment, education, or another non-election reservation context; not a document verdict"
Sant Kabir Nagar,https://sknagar.nic.in/notice/list-of-final-selected-candidates-in-the-walk-in-interview-for-the-post-of-medical-officer-contract-under-nhm-sant-kabir-nagar/,"URL suggests recruitment, education, or another non-election reservation context; not a document verdict"
Sant Kabir Nagar,https://sknagar.nic.in/notice/results-of-the-admission-session-2020-in-government-private-industrial-training-institutes-itis/,"URL suggests recruitment, education, or another non-election reservation context; not a document verdict"
Siddharthnagar,https://siddharthnagar.nic.in/notice/government-private-iti-admission-2020-first-round-allotment-result/,"URL suggests recruitment, education, or another non-election reservation context; not a document verdict"
